symbol,name,timestamp,trade_date,trade_time,open,high,low,close,volume,amount
BIL.US,道富SPDR彭博1-3个月美国国债ETF,1180497600000,2007-05-30,2007-05-30 00:00:00,45.79,45.8,45.75,45.8,1550,0.0
BIL.US,道富SPDR彭博1-3个月美国国债ETF,1180584000000,2007-05-31,2007-05-31 00:00:00,45.79,45.8,45.79,45.8,11200,0.0
BIL.US,道富SPDR彭博1-3个月美国国债ETF,1180670400000,2007-06-01,2007-06-01 00:00:00,45.81,45.81,45.81,45.81,1450,0.0
BIL.US,道富SPDR彭博1-3个月美国国债ETF,1180929600000,2007-06-04,2007-06-04 00:00:00,45.82,45.82,45.82,45.82,1050,0.0
BIL.US,道富SPDR彭博1-3个月美国国债ETF,1181016000000,2007-06-05,2007-06-05 00:00:00,45.83,45.84,45.82,45.82,3750,0.0
BIL.US,道富SPDR彭博1-3个月美国国债ETF,1181102400000,2007-06-06,2007-06-06 00:00:00,45.82,45.84,45.82,45.84,9750,0.0
BIL.US,道富SPDR彭博1-3个月美国国债ETF,1181188800000,2007-06-07,2007-06-07 00:00:00,45.82,45.83,45.82,45.83,12150,0.0
BIL.US,道富SPDR彭博1-3个月美国国债ETF,1181275200000,2007-06-08,2007-06-08 00:00:00,45.84,45.84,45.81,45.84,7850,0.0
BIL.US,道富SPDR彭博1-3个月美国国债ETF,1181534400000,2007-06-11,2007-06-11 00:00:00,45.84,45.86,45.84,45.86,2400,0.0
BIL.US,道富SPDR彭博1-3个月美国国债ETF,1181620800000,2007-06-12,2007-06-12 00:00:00,45.86,45.86,45.82,45.82,3900,0.0
BIL.US,道富SPDR彭博1-3个月美国国债ETF,1181707200000,2007-06-13,2007-06-13 00:00:00,45.82,45.86,45.82,45.86,3750,0.0
BIL.US,道富SPDR彭博1-3个月美国国债ETF,1181793600000,2007-06-14,2007-06-14 00:00:00,45.88,45.88,45.88,45.88,13400,0.0
BIL.US,道富SPDR彭博1-3个月美国国债ETF,1181880000000,2007-06-15,2007-06-15 00:00:00,45.9,45.92,45.87,45.92,1050,0.0
BIL.US,道富SPDR彭博1-3个月美国国债ETF,1182139200000,2007-06-18,2007-06-18 00:00:00,45.91,45.94,45.9,45.93,28000,0.0
BIL.US,道富SPDR彭博1-3个月美国国债ETF,1182225600000,2007-06-19,2007-06-19 00:00:00,45.93,45.93,45.93,45.93,850,0.0
BIL.US,道富SPDR彭博1-3个月美国国债ETF,1182312000000,2007-06-20,2007-06-20 00:00:00,45.92,45.95,45.92,45.94,3100,0.0
BIL.US,道富SPDR彭博1-3个月美国国债ETF,1182398400000,2007-06-21,2007-06-21 00:00:00,45.93,45.95,45.93,45.94,850,0.0
BIL.US,道富SPDR彭博1-3个月美国国债ETF,1182484800000,2007-06-22,2007-06-22 00:00:00,45.95,45.98,45.95,45.98,2200,0.0
BIL.US,道富SPDR彭博1-3个月美国国债ETF,1182744000000,2007-06-25,2007-06-25 00:00:00,45.95,45.96,45.95,45.96,29700,0.0
BIL.US,道富SPDR彭博1-3个月美国国债ETF,1182830400000,2007-06-26,2007-06-26 00:00:00,45.96,45.97,45.95,45.97,5100,0.0
BIL.US,道富SPDR彭博1-3个月美国国债ETF,1182916800000,2007-06-27,2007-06-27 00:00:00,45.98,45.98,45.96,45.96,8200,0.0
BIL.US,道富SPDR彭博1-3个月美国国债ETF,1183003200000,2007-06-28,2007-06-28 00:00:00,45.98,45.98,45.98,45.98,900,0.0
BIL.US,道富SPDR彭博1-3个月美国国债ETF,1183089600000,2007-06-29,2007-06-29 00:00:00,45.98,46.0,45.97,46.0,5650,0.0
BIL.US,道富SPDR彭博1-3个月美国国债ETF,1183348800000,2007-07-02,2007-07-02 00:00:00,46.013138576739,46.053315951615,46.00309423301999,46.013138576739,13050,0.0
BIL.US,道富SPDR彭博1-3个月美国国债ETF,1183435200000,2007-07-03,2007-07-03 00:00:00,45.983005545581996,46.013138576739,45.983005545581996,46.013138576739,3000,0.0
BIL.US,道富SPDR彭博1-3个月美国国债ETF,1183608000000,2007-07-05,2007-07-05 00:00:00,46.00309423301999,46.013138576739,45.972961201863,46.013138576739,5450,0.0
BIL.US,道富SPDR彭博1-3个月美国国债ETF,1183694400000,2007-07-06,2007-07-06 00:00:00,46.023182920458,46.03322726417699,46.023182920458,46.03322726417699,3800,0.0
BIL.US,道富SPDR彭博1-3个月美国国债ETF,1183953600000,2007-07-09,2007-07-09 00:00:00,46.00309423301999,46.043271607896,46.00309423301999,46.043271607896,3950,0.0
BIL.US,道富SPDR彭博1-3个月美国国债ETF,1184040000000,2007-07-10,2007-07-10 00:00:00,46.03322726417699,46.053315951615,46.03322726417699,46.053315951615,5250,0.0
BIL.US,道富SPDR彭博1-3个月美国国债ETF,1184126400000,2007-07-11,2007-07-11 00:00:00,46.053315951615,46.053315951615,46.013138576739,46.053315951615,9100,0.0
BIL.US,道富SPDR彭博1-3个月美国国债ETF,1184212800000,2007-07-12,2007-07-12 00:00:00,46.063360295334,46.063360295334,46.043271607896,46.063360295334,14700,0.0
BIL.US,道富SPDR彭博1-3个月美国国债ETF,1184299200000,2007-07-13,2007-07-13 00:00:00,46.063360295334,46.073404639052995,46.053315951615,46.073404639052995,13050,0.0
BIL.US,道富SPDR彭博1-3个月美国国债ETF,1184558400000,2007-07-16,2007-07-16 00:00:00,46.093493326491,46.093493326491,46.063360295334,46.083448982772,16150,0.0
BIL.US,道富SPDR彭博1-3个月美国国债ETF,1184644800000,2007-07-17,2007-07-17 00:00:00,46.103537670209995,46.103537670209995,46.063360295334,46.103537670209995,46500,0.0
BIL.US,道富SPDR彭博1-3个月美国国债ETF,1184731200000,2007-07-18,2007-07-18 00:00:00,46.083448982772,46.093493326491,46.053315951615,46.093493326491,5450,0.0
BIL.US,道富SPDR彭博1-3个月美国国债ETF,1184817600000,2007-07-19,2007-07-19 00:00:00,46.103537670209995,46.113582013929,46.073404639052995,46.103537670209995,13900,0.0
BIL.US,道富SPDR彭博1-3个月美国国债ETF,1184904000000,2007-07-20,2007-07-20 00:00:00,46.133670701366995,46.133670701366995,46.123626357648,46.123626357648,8000,0.0
BIL.US,道富SPDR彭博1-3个月美国国债ETF,1185163200000,2007-07-23,2007-07-23 00:00:00,46.123626357648,46.133670701366995,46.113582013929,46.123626357648,6950,0.0
BIL.US,道富SPDR彭博1-3个月美国国债ETF,1185249600000,2007-07-24,2007-07-24 00:00:00,46.123626357648,46.133670701366995,46.113582013929,46.123626357648,9350,0.0
BIL.US,道富SPDR彭博1-3个月美国国债ETF,1185336000000,2007-07-25,2007-07-25 00:00:00,46.133670701366995,46.143715045086,46.133670701366995,46.133670701366995,9800,0.0
BIL.US,道富SPDR彭博1-3个月美国国债ETF,1185422400000,2007-07-26,2007-07-26 00:00:00,46.133670701366995,46.153759388805,46.103537670209995,46.143715045086,41050,0.0
BIL.US,道富SPDR彭博1-3个月美国国债ETF,1185508800000,2007-07-27,2007-07-27 00:00:00,46.133670701366995,46.2039811074,46.013138576739,46.163803732524,153800,0.0
BIL.US,道富SPDR彭博1-3个月美国国债ETF,1185768000000,2007-07-30,2007-07-30 00:00:00,46.153759388805,46.173848076243,46.123626357648,46.123626357648,10300,0.0
BIL.US,道富SPDR彭博1-3个月美国国债ETF,1185854400000,2007-07-31,2007-07-31 00:00:00,46.18389241996199,46.18389241996199,46.163803732524,46.18389241996199,54000,0.0
BIL.US,道富SPDR彭博1-3个月美国国债ETF,1185940800000,2007-08-01,2007-08-01 00:00:00,46.17926224014403,46.18934725046072,46.138922198877246,46.16917722982733,18650,0.0
BIL.US,道富SPDR彭博1-3个月美国国债ETF,1186027200000,2007-08-02,2007-08-02 00:00:00,46.138922198877246,46.17926224014403,46.12883718856055,46.17926224014403,49750,0.0
BIL.US,道富SPDR彭博1-3个月美国国债ETF,1186113600000,2007-08-03,2007-08-03 00:00:00,46.199432260777414,46.20951727109411,46.15909221951064,46.15909221951064,26200,0.0
BIL.US,道富SPDR彭博1-3个月美国国债ETF,1186372800000,2007-08-06,2007-08-06 00:00:00,46.20951727109411,46.2196022814108,46.18934725046072,46.20951727109411,22300,0.0
BIL.US,道富SPDR彭博1-3个月美国国债ETF,1186459200000,2007-08-07,2007-08-07 00:00:00,46.2196022814108,46.2296872917275,46.17926224014403,46.2196022814108,13950,0.0
BIL.US,道富SPDR彭博1-3个月美国国债ETF,1186545600000,2007-08-08,2007-08-08 00:00:00,46.2196022814108,46.2296872917275,46.18934725046072,46.199432260777414,19750,0.0
BIL.US,道富SPDR彭博1-3个月美国国债ETF,1186632000000,2007-08-09,2007-08-09 00:00:00,46.2296872917275,46.25994232267758,46.2196022814108,46.239772302044194,103150,0.0
BIL.US,道富SPDR彭博1-3个月美国国债ETF,1186718400000,2007-08-10,2007-08-10 00:00:00,46.27002733299428,46.28011234331097,46.25994232267758,46.27002733299428,112100,0.0
BIL.US,道富SPDR彭博1-3个月美国国债ETF,1186977600000,2007-08-13,2007-08-13 00:00:00,46.27002733299428,46.29019735362766,46.25994232267758,46.28011234331097,71800,0.0
BIL.US,道富SPDR彭博1-3个月美国国债ETF,1187064000000,2007-08-14,2007-08-14 00:00:00,46.27002733299428,46.29019735362766,46.25994232267758,46.27002733299428,130650,0.0
BIL.US,道富SPDR彭博1-3个月美国国债ETF,1187150400000,2007-08-15,2007-08-15 00:00:00,46.29019735362766,46.310367374261055,46.27002733299428,46.28011234331097,40400,0.0
BIL.US,道富SPDR彭博1-3个月美国国债ETF,1187236800000,2007-08-16,2007-08-16 00:00:00,46.28011234331097,46.39104745679461,46.28011234331097,46.34062240521114,122850,0.0
BIL.US,道富SPDR彭博1-3个月美国国债ETF,1187323200000,2007-08-17,2007-08-17 00:00:00,46.239772302044194,46.380962446477916,46.2296872917275,46.370877436161216,84750,0.0
BIL.US,道富SPDR彭博1-3个月美国国债ETF,1187582400000,2007-08-20,2007-08-20 00:00:00,46.350707415527836,46.44147250837808,46.350707415527836,46.411217477428,19750,0.0
BIL.US,道富SPDR彭博1-3个月美国国债ETF,1187668800000,2007-08-21,2007-08-21 00:00:00,46.4213024877447,46.4213024877447,46.34062240521114,46.4011324671113,157700,0.0
BIL.US,道富SPDR彭博1-3个月美国国债ETF,1187755200000,2007-08-22,2007-08-22 00:00:00,46.4011324671113,46.4011324671113,46.33053739489444,46.4011324671113,30000,0.0
BIL.US,道富SPDR彭博1-3个月美国国债ETF,1187841600000,2007-08-23,2007-08-23 00:00:00,46.380962446477916,46.380962446477916,46.33053739489444,46.370877436161216,40250,0.0
BIL.US,道富SPDR彭博1-3个月美国国债ETF,1187928000000,2007-08-24,2007-08-24 00:00:00,46.310367374261055,46.36079242584452,46.29019735362766,46.36079242584452,14050,0.0
BIL.US,道富SPDR彭博1-3个月美国国债ETF,1188187200000,2007-08-27,2007-08-27 00:00:00,46.33053739489444,46.36079242584452,46.300282363944355,46.300282363944355,36050,0.0
BIL.US,道富SPDR彭博1-3个月美国国债ETF,1188273600000,2007-08-28,2007-08-28 00:00:00,46.310367374261055,46.350707415527836,46.310367374261055,46.350707415527836,29250,0.0
BIL.US,道富SPDR彭博1-3个月美国国债ETF,1188360000000,2007-08-29,2007-08-29 00:00:00,46.370877436161216,46.380962446477916,46.34062240521114,46.380962446477916,10550,0.0
BIL.US,道富SPDR彭博1-3个月美国国债ETF,1188446400000,2007-08-30,2007-08-30 00:00:00,46.411217477428,46.411217477428,46.350707415527836,46.39104745679461,31650,0.0
BIL.US,道富SPDR彭博1-3个月美国国债ETF,1188532800000,2007-08-31,2007-08-31 00:00:00,46.33053739489444,46.380962446477916,46.32045238457775,46.380962446477916,9650,0.0
BIL.US,道富SPDR彭博1-3个月美国国债ETF,1188878400000,2007-09-04,2007-09-04 00:00:00,46.37891846881317,46.399166850593915,46.33842170525166,46.38904265970354,10900,0.0
BIL.US,道富SPDR彭博1-3个月美国国债ETF,1188964800000,2007-09-05,2007-09-05 00:00:00,46.399166850593915,46.409291041484295,46.36879427792279,46.399166850593915,21400,0.0
BIL.US,道富SPDR彭博1-3个月美国国债ETF,1189051200000,2007-09-06,2007-09-06 00:00:00,46.409291041484295,46.409291041484295,46.36879427792279,46.399166850593915,14500,0.0
BIL.US,道富SPDR彭博1-3个月美国国债ETF,1189137600000,2007-09-07,2007-09-07 00:00:00,46.42953942326504,46.43966361415542,46.38904265970354,46.42953942326504,16150,0.0
BIL.US,道富SPDR彭博1-3个月美国国债ETF,1189396800000,2007-09-10,2007-09-10 00:00:00,46.41941523237467,46.43966361415542,46.37891846881317,46.43966361415542,35100,0.0
BIL.US,道富SPDR彭博1-3个月美国国债ETF,1189483200000,2007-09-11,2007-09-11 00:00:00,46.38904265970354,46.43966361415542,46.37891846881317,46.38904265970354,10300,0.0
BIL.US,道富SPDR彭博1-3个月美国国债ETF,1189569600000,2007-09-12,2007-09-12 00:00:00,46.409291041484295,46.459911995936174,46.399166850593915,46.459911995936174,3450,0.0
BIL.US,道富SPDR彭博1-3个月美国国债ETF,1189656000000,2007-09-13,2007-09-13 00:00:00,46.38904265970354,46.4497878050458,46.38904265970354,46.4497878050458,25300,0.0
BIL.US,道富SPDR彭博1-3个月美国国债ETF,1189742400000,2007-09-14,2007-09-14 00:00:00,46.43966361415542,46.4902845686073,46.43966361415542,46.48016037771692,32650,0.0
BIL.US,道富SPDR彭博1-3个月美国国债ETF,1190001600000,2007-09-17,2007-09-17 00:00:00,46.48016037771692,46.50040875949768,46.409291041484295,46.50040875949768,17350,0.0
BIL.US,道富SPDR彭博1-3个月美国国债ETF,1190088000000,2007-09-18,2007-09-18 00:00:00,46.48016037771692,46.520657141278434,46.41941523237467,46.47003618682655,232950,0.0
BIL.US,道富SPDR彭博1-3个月美国国债ETF,1190174400000,2007-09-19,2007-09-19 00:00:00,46.50040875949768,46.50040875949768,46.43966361415542,46.4902845686073,66750,0.0
BIL.US,道富SPDR彭博1-3个月美国国债ETF,1190260800000,2007-09-20,2007-09-20 00:00:00,46.510532950388054,46.510532950388054,46.459911995936174,46.459911995936174,22250,0.0
BIL.US,道富SPDR彭博1-3个月美国国债ETF,1190347200000,2007-09-21,2007-09-21 00:00:00,46.47003618682655,46.510532950388054,46.459911995936174,46.48016037771692,23450,0.0
BIL.US,道富SPDR彭博1-3个月美国国债ETF,1190606400000,2007-09-24,2007-09-24 00:00:00,46.53078133216881,46.54090552305918,46.47003618682655,46.520657141278434,57850,0.0
BIL.US,道富SPDR彭博1-3个月美国国债ETF,1190692800000,2007-09-25,2007-09-25 00:00:00,46.47003618682655,46.53078133216881,46.47003618682655,46.53078133216881,59000,0.0
BIL.US,道富SPDR彭博1-3个月美国国债ETF,1190779200000,2007-09-26,2007-09-26 00:00:00,46.520657141278434,46.53078133216881,46.48016037771692,46.48016037771692,21250,0.0
BIL.US,道富SPDR彭博1-3个月美国国债ETF,1190865600000,2007-09-27,2007-09-27 00:00:00,46.53078133216881,46.54090552305918,46.48016037771692,46.4902845686073,30100,0.0
BIL.US,道富SPDR彭博1-3个月美国国债ETF,1190952000000,2007-09-28,2007-09-28 00:00:00,46.47003618682655,46.520657141278434,46.47003618682655,46.47003618682655,122600,0.0
BIL.US,道富SPDR彭博1-3个月美国国债ETF,1191211200000,2007-10-01,2007-10-01 00:00:00,46.490863116548645,46.53150198290926,46.48070339995849,46.52134226631911,21900,0.0
BIL.US,道富SPDR彭博1-3个月美国国债ETF,1191297600000,2007-10-02,2007-10-02 00:00:00,46.501022833138805,46.54166169949942,46.490863116548645,46.490863116548645,78200,0.0
BIL.US,道富SPDR彭博1-3个月美国国债ETF,1191384000000,2007-10-03,2007-10-03 00:00:00,46.51118254972896,46.551821416089574,46.490863116548645,46.501022833138805,131200,0.0
BIL.US,道富SPDR彭博1-3个月美国国债ETF,1191470400000,2007-10-04,2007-10-04 00:00:00,46.54166169949942,46.551821416089574,46.53150198290926,46.551821416089574,4700,0.0
BIL.US,道富SPDR彭博1-3个月美国国债ETF,1191556800000,2007-10-05,2007-10-05 00:00:00,46.52134226631911,46.58230056586004,46.501022833138805,46.501022833138805,22200,0.0
BIL.US,道富SPDR彭博1-3个月美国国债ETF,1191816000000,2007-10-08,2007-10-08 00:00:00,46.52134226631911,46.58230056586004,46.51118254972896,46.572140849269886,8300,0.0
BIL.US,道富SPDR彭博1-3个月美国国债ETF,1191902400000,2007-10-09,2007-10-09 00:00:00,46.561981132679726,46.58230056586004,46.54166169949942,46.54166169949942,364450,0.0
BIL.US,道富SPDR彭博1-3个月美国国债ETF,1191988800000,2007-10-10,2007-10-10 00:00:00,46.551821416089574,46.59246028245019,46.551821416089574,46.58230056586004,21400,0.0
BIL.US,道富SPDR彭博1-3个月美国国债ETF,1192075200000,2007-10-11,2007-10-11 00:00:00,46.59246028245019,46.59246028245019,46.561981132679726,46.572140849269886,10200,0.0
BIL.US,道富SPDR彭博1-3个月美国国债ETF,1192161600000,2007-10-12,2007-10-12 00:00:00,46.60261999904035,46.60261999904035,46.561981132679726,46.58230056586004,14250,0.0
BIL.US,道富SPDR彭博1-3个月美国国债ETF,1192420800000,2007-10-15,2007-10-15 00:00:00,46.58230056586004,46.59246028245019,46.561981132679726,46.561981132679726,32450,0.0
BIL.US,道富SPDR彭博1-3个月美国国债ETF,1192507200000,2007-10-16,2007-10-16 00:00:00,46.58230056586004,46.60261999904035,46.572140849269886,46.59246028245019,14350,0.0
BIL.US,道富SPDR彭博1-3个月美国国债ETF,1192593600000,2007-10-17,2007-10-17 00:00:00,46.59246028245019,46.61277971563051,46.572140849269886,46.61277971563051,59350,0.0
BIL.US,道富SPDR彭博1-3个月美国国债ETF,1192680000000,2007-10-18,2007-10-18 00:00:00,46.643258865400966,46.653418581991126,46.61277971563051,46.61277971563051,12400,0.0
BIL.US,道富SPDR彭博1-3个月美国国债ETF,1192766400000,2007-10-19,2007-10-19 00:00:00,46.643258865400966,46.653418581991126,46.60261999904035,46.653418581991126,100550,0.0
BIL.US,道富SPDR彭博1-3个月美国国债ETF,1193025600000,2007-10-22,2007-10-22 00:00:00,46.62293943222066,46.643258865400966,46.59246028245019,46.633099148810814,185050,0.0
BIL.US,道富SPDR彭博1-3个月美国国债ETF,1193112000000,2007-10-23,2007-10-23 00:00:00,46.643258865400966,46.653418581991126,46.61277971563051,46.633099148810814,12800,0.0
BIL.US,道富SPDR彭博1-3个月美国国债ETF,1193198400000,2007-10-24,2007-10-24 00:00:00,46.653418581991126,46.653418581991126,46.61277971563051,46.653418581991126,27500,0.0
BIL.US,道富SPDR彭博1-3个月美国国债ETF,1193284800000,2007-10-25,2007-10-25 00:00:00,46.653418581991126,46.653418581991126,46.62293943222066,46.643258865400966,12100,0.0
BIL.US,道富SPDR彭博1-3个月美国国债ETF,1193371200000,2007-10-26,2007-10-26 00:00:00,46.643258865400966,46.66357829858128,46.62293943222066,46.62293943222066,15900,0.0
BIL.US,道富SPDR彭博1-3个月美国国债ETF,1193630400000,2007-10-29,2007-10-29 00:00:00,46.643258865400966,46.66357829858128,46.62293943222066,46.66357829858128,7600,0.0
BIL.US,道富SPDR彭博1-3个月美国国债ETF,1193716800000,2007-10-30,2007-10-30 00:00:00,46.67373801517143,46.67373801517143,46.643258865400966,46.643258865400966,5250,0.0
BIL.US,道富SPDR彭博1-3个月美国国债ETF,1193803200000,2007-10-31,2007-10-31 00:00:00,46.66357829858128,46.67373801517143,46.643258865400966,46.653418581991126,13200,0.0
BIL.US,道富SPDR彭博1-3个月美国国债ETF,1193889600000,2007-11-01,2007-11-01 00:00:00,46.66443337998491,46.69501295624965,46.65424018789667,46.6848197641614,32750,0.0
BIL.US,道富SPDR彭博1-3个月美国国债ETF,1193976000000,2007-11-02,2007-11-02 00:00:00,46.6848197641614,46.71539934042613,46.66443337998491,46.71539934042613,8750,0.0
BIL.US,道富SPDR彭博1-3个月美国国债ETF,1194238800000,2007-11-05,2007-11-05 00:00:00,46.71539934042613,46.72559253251438,46.6848197641614,46.71539934042613,16800,0.0
BIL.US,道富SPDR彭博1-3个月美国国债ETF,1194325200000,2007-11-06,2007-11-06 00:00:00,46.71539934042613,46.71539934042613,46.67462657207315,46.71539934042613,16800,0.0
BIL.US,道富SPDR彭博1-3个月美国国债ETF,1194411600000,2007-11-07,2007-11-07 00:00:00,46.6848197641614,46.786751685043846,46.6848197641614,46.745978916690866,218850,0.0
BIL.US,道富SPDR彭博1-3个月美国国债ETF,1194498000000,2007-11-08,2007-11-08 00:00:00,46.72559253251438,46.75617210877911,46.705206148337886,46.71539934042613,147400,0.0
BIL.US,道富SPDR彭博1-3个月美国国债ETF,1194584400000,2007-11-09,2007-11-09 00:00:00,46.7765584929556,46.786751685043846,46.73578572460262,46.75617210877911,9400,0.0
BIL.US,道富SPDR彭博1-3个月美国国债ETF,1194843600000,2007-11-12,2007-11-12 00:00:00,46.75617210877911,46.7765584929556,46.745978916690866,46.7765584929556,72400,0.0
BIL.US,道富SPDR彭博1-3个月美国国债ETF,1194930000000,2007-11-13,2007-11-13 00:00:00,46.766365300867356,46.786751685043846,46.745978916690866,46.766365300867356,31400,0.0
BIL.US,道富SPDR彭博1-3个月美国国债ETF,1195016400000,2007-11-14,2007-11-14 00:00:00,46.745978916690866,46.7765584929556,46.72559253251438,46.745978916690866,100950,0.0
BIL.US,道富SPDR彭博1-3个月美国国债ETF,1195102800000,2007-11-15,2007-11-15 00:00:00,46.75617210877911,46.79694487713209,46.72559253251438,46.7765584929556,230900,0.0
BIL.US,道富SPDR彭博1-3个月美国国债ETF,1195189200000,2007-11-16,2007-11-16 00:00:00,46.786751685043846,46.786751685043846,46.75617210877911,46.7765584929556,24450,0.0
BIL.US,道富SPDR彭博1-3个月美国国债ETF,1195448400000,2007-11-19,2007-11-19 00:00:00,46.7765584929556,46.79694487713209,46.73578572460262,46.79694487713209,59150,0.0
BIL.US,道富SPDR彭博1-3个月美国国债ETF,1195534800000,2007-11-20,2007-11-20 00:00:00,46.766365300867356,46.807138069220336,46.745978916690866,46.807138069220336,40950,0.0
BIL.US,道富SPDR彭博1-3个月美国国债ETF,1195621200000,2007-11-21,2007-11-21 00:00:00,46.807138069220336,46.827524453396826,46.7765584929556,46.827524453396826,33550,0.0
BIL.US,道富SPDR彭博1-3个月美国国债ETF,1195794000000,2007-11-23,2007-11-23 00:00:00,46.79694487713209,46.83771764548507,46.79694487713209,46.83771764548507,7650,0.0
BIL.US,道富SPDR彭博1-3个月美国国债ETF,1196053200000,2007-11-26,2007-11-26 00:00:00,46.8682972217498,46.8682972217498,46.7765584929556,46.807138069220336,24350,0.0
BIL.US,道富SPDR彭博1-3个月美国国债ETF,1196139600000,2007-11-27,2007-11-27 00:00:00,46.79694487713209,46.847910837573316,46.79694487713209,46.847910837573316,21100,0.0
BIL.US,道富SPDR彭博1-3个月美国国债ETF,1196226000000,2007-11-28,2007-11-28 00:00:00,46.847910837573316,46.8682972217498,46.807138069220336,46.85810402966156,52700,0.0
BIL.US,道富SPDR彭博1-3个月美国国债ETF,1196312400000,2007-11-29,2007-11-29 00:00:00,46.81733126130858,46.8682972217498,46.81733126130858,46.827524453396826,36550,0.0
BIL.US,道富SPDR彭博1-3个月美国国债ETF,1196398800000,2007-11-30,2007-11-30 00:00:00,46.87849041383805,54.125849988580136,46.807138069220336,46.83771764548507,274300,0.0
BIL.US,道富SPDR彭博1-3个月美国国债ETF,1196658000000,2007-12-03,2007-12-03 00:00:00,46.90781649085579,46.9180405136306,46.82602430865725,46.82602430865725,120050,0.0
BIL.US,道富SPDR彭博1-3个月美国国债ETF,1196744400000,2007-12-04,2007-12-04 00:00:00,46.836248331432074,46.87714442253134,46.82602430865725,46.836248331432074,90750,0.0
BIL.US,道富SPDR彭博1-3个月美国国债ETF,1196830800000,2007-12-05,2007-12-05 00:00:00,46.836248331432074,46.86692039975652,46.82602430865725,46.836248331432074,27900,0.0
BIL.US,道富SPDR彭博1-3个月美国国债ETF,1196917200000,2007-12-06,2007-12-06 00:00:00,46.84647235420689,46.87714442253134,46.79535224033281,46.84647235420689,288200,0.0
BIL.US,道富SPDR彭博1-3个月美国国债ETF,1197003600000,2007-12-07,2007-12-07 00:00:00,46.82602430865725,46.88736844530615,46.82602430865725,46.88736844530615,43900,0.0
BIL.US,道富SPDR彭博1-3个月美国国债ETF,1197262800000,2007-12-10,2007-12-10 00:00:00,46.88736844530615,48.17559531493296,46.8566963769817,46.8566963769817,206050,0.0
BIL.US,道富SPDR彭博1-3个月美国国债ETF,1197349200000,2007-12-11,2007-12-11 00:00:00,46.88736844530615,46.9180405136306,46.82602430865725,46.9180405136306,41800,0.0
BIL.US,道富SPDR彭博1-3个月美国国债ETF,1197435600000,2007-12-12,2007-12-12 00:00:00,46.90781649085579,46.928264536405415,46.86692039975652,46.90781649085579,24700,0.0
BIL.US,道富SPDR彭博1-3个月美国国债ETF,1197522000000,2007-12-13,2007-12-13 00:00:00,46.68288798980983,46.93848855918023,46.68288798980983,46.928264536405415,27300,0.0
BIL.US,道富SPDR彭博1-3个月美国国债ETF,1197608400000,2007-12-14,2007-12-14 00:00:00,46.928264536405415,46.93848855918023,46.88736844530615,46.897592468080965,33000,0.0
BIL.US,道富SPDR彭博1-3个月美国国债ETF,1197867600000,2007-12-17,2007-12-17 00:00:00,46.897592468080965,46.94871258195505,46.88736844530615,46.9180405136306,44750,0.0
BIL.US,道富SPDR彭博1-3个月美国国债ETF,1197954000000,2007-12-18,2007-12-18 00:00:00,46.86692039975652,46.9180405136306,46.8566963769817,46.9180405136306,26500,0.0
BIL.US,道富SPDR彭博1-3个月美国国债ETF,1198040400000,2007-12-19,2007-12-19 00:00:00,46.93848855918023,46.94871258195505,46.86692039975652,46.93848855918023,25800,0.0
BIL.US,道富SPDR彭博1-3个月美国国债ETF,1198126800000,2007-12-20,2007-12-20 00:00:00,46.90781649085579,46.96916062750468,46.90781649085579,46.958936604729864,14700,0.0
BIL.US,道富SPDR彭博1-3个月美国国债ETF,1198213200000,2007-12-21,2007-12-21 00:00:00,46.96916062750468,46.9793846502795,46.93848855918023,46.958936604729864,64050,0.0
BIL.US,道富SPDR彭博1-3个月美国国债ETF,1198472400000,2007-12-24,2007-12-24 00:00:00,46.96916062750468,46.96916062750468,46.928264536405415,46.958936604729864,2900,0.0
BIL.US,道富SPDR彭博1-3个月美国国债ETF,1198645200000,2007-12-26,2007-12-26 00:00:00,46.928264536405415,46.96916062750468,46.928264536405415,46.93848855918023,17750,0.0
BIL.US,道富SPDR彭博1-3个月美国国债ETF,1198731600000,2007-12-27,2007-12-27 00:00:00,46.9793846502795,46.9793846502795,46.928264536405415,46.958936604729864,7150,0.0
BIL.US,道富SPDR彭博1-3个月美国国债ETF,1198818000000,2007-12-28,2007-12-28 00:00:00,46.9783911443273,46.98864395775906,46.95788551746377,46.95788551746377,59700,0.0
BIL.US,道富SPDR彭博1-3个月美国国债ETF,1199077200000,2007-12-31,2007-12-31 00:00:00,46.98864395775906,46.98864395775906,46.94763270403202,46.94763270403202,31700,0.0
BIL.US,道富SPDR彭博1-3个月美国国债ETF,1199250000000,2008-01-02,2008-01-02 00:00:00,46.9783911443273,46.98864395775906,46.94763270403202,46.98864395775906,29450,0.0
BIL.US,道富SPDR彭博1-3个月美国国债ETF,1199336400000,2008-01-03,2008-01-03 00:00:00,46.98864395775906,46.98864395775906,46.95788551746377,46.95788551746377,30500,0.0
BIL.US,道富SPDR彭博1-3个月美国国债ETF,1199422800000,2008-01-04,2008-01-04 00:00:00,47.009149584622584,47.009149584622584,46.9271270771685,46.94763270403202,173200,0.0
BIL.US,道富SPDR彭博1-3个月美国国债ETF,1199682000000,2008-01-07,2008-01-07 00:00:00,46.95788551746377,46.98864395775906,46.94763270403202,46.98864395775906,30300,0.0
BIL.US,道富SPDR彭博1-3个月美国国债ETF,1199768400000,2008-01-08,2008-01-08 00:00:00,46.9783911443273,46.99889677119082,46.937379890600255,46.95788551746377,18350,0.0
BIL.US,道富SPDR彭博1-3个月美国国债ETF,1199854800000,2008-01-09,2008-01-09 00:00:00,46.99889677119082,46.99889677119082,46.9271270771685,46.9271270771685,168500,0.0
BIL.US,道富SPDR彭博1-3个月美国国债ETF,1199941200000,2008-01-10,2008-01-10 00:00:00,46.96813833089554,46.9783911443273,46.9271270771685,46.94763270403202,12200,0.0
BIL.US,道富SPDR彭博1-3个月美国国债ETF,1200027600000,2008-01-11,2008-01-11 00:00:00,46.9783911443273,47.009149584622584,46.95788551746377,46.96813833089554,41650,0.0
BIL.US,道富SPDR彭博1-3个月美国国债ETF,1200286800000,2008-01-14,2008-01-14 00:00:00,46.98864395775906,47.01940239805434,46.96813833089554,47.009149584622584,51900,0.0
BIL.US,道富SPDR彭博1-3个月美国国债ETF,1200373200000,2008-01-15,2008-01-15 00:00:00,47.01940239805434,47.01940239805434,46.96813833089554,46.99889677119082,26800,0.0
BIL.US,道富SPDR彭博1-3个月美国国债ETF,1200459600000,2008-01-16,2008-01-16 00:00:00,47.009149584622584,47.01940239805434,46.9271270771685,46.99889677119082,254500,0.0
BIL.US,道富SPDR彭博1-3个月美国国债ETF,1200546000000,2008-01-17,2008-01-17 00:00:00,46.98864395775906,47.01940239805434,46.96813833089554,46.9783911443273,380400,0.0
BIL.US,道富SPDR彭博1-3个月美国国债ETF,1200632400000,2008-01-18,2008-01-18 00:00:00,46.98864395775906,47.0296552114861,46.9783911443273,47.009149584622584,71450,0.0
BIL.US,道富SPDR彭博1-3个月美国国债ETF,1200978000000,2008-01-22,2008-01-22 00:00:00,47.039908024917864,47.070666465213144,46.98864395775906,47.0296552114861,116400,0.0
BIL.US,道富SPDR彭博1-3个月美国国债ETF,1201064400000,2008-01-23,2008-01-23 00:00:00,47.06041365178138,47.09117209207667,47.0296552114861,47.080919278644906,89150,0.0
BIL.US,道富SPDR彭博1-3个月美国国债ETF,1201150800000,2008-01-24,2008-01-24 00:00:00,47.039908024917864,47.10142490550842,47.0296552114861,47.10142490550842,47750,0.0
BIL.US,道富SPDR彭博1-3个月美国国债ETF,1201237200000,2008-01-25,2008-01-25 00:00:00,47.06041365178138,47.12193053237195,47.050160838349626,47.050160838349626,32700,0.0
BIL.US,道富SPDR彭博1-3个月美国国债ETF,1201496400000,2008-01-28,2008-01-28 00:00:00,47.13218334580371,47.13218334580371,47.070666465213144,47.070666465213144,26100,0.0
BIL.US,道富SPDR彭博1-3个月美国国债ETF,1201582800000,2008-01-29,2008-01-29 00:00:00,47.070666465213144,47.12193053237195,47.050160838349626,47.11167771894019,66650,0.0
BIL.US,道富SPDR彭博1-3个月美国国债ETF,1201669200000,2008-01-30,2008-01-30 00:00:00,47.070666465213144,47.152688972667235,47.06041365178138,47.13218334580371,60100,0.0
BIL.US,道富SPDR彭博1-3个月美国国债ETF,1201755600000,2008-01-31,2008-01-31 00:00:00,47.080919278644906,47.152688972667235,47.080919278644906,47.13218334580371,26150,0.0
BIL.US,道富SPDR彭博1-3个月美国国债ETF,1201842000000,2008-02-01,2008-02-01 00:00:00,47.43567968302797,47.43567968302797,47.075929132885825,47.12732206862042,35500,0.0
BIL.US,道富SPDR彭博1-3个月美国国债ETF,1202101200000,2008-02-04,2008-02-04 00:00:00,47.086207720032746,47.137600655767336,47.086207720032746,47.137600655767336,50300,0.0
BIL.US,道富SPDR彭博1-3个月美国国债ETF,1202187600000,2008-02-05,2008-02-05 00:00:00,47.137600655767336,47.14787924291426,47.06565054573891,47.10676489432658,38750,0.0
BIL.US,道富SPDR彭博1-3个月美国国债ETF,1202274000000,2008-02-06,2008-02-06 00:00:00,47.12732206862042,47.14787924291426,47.10676489432658,47.14787924291426,18100,0.0
BIL.US,道富SPDR彭博1-3个月美国国债ETF,1202360400000,2008-02-07,2008-02-07 00:00:00,47.10676489432658,47.15815783006118,47.09648630717967,47.137600655767336,30350,0.0
BIL.US,道富SPDR彭博1-3个月美国国债ETF,1202446800000,2008-02-08,2008-02-08 00:00:00,47.137600655767336,47.137600655767336,47.086207720032746,47.137600655767336,14250,0.0
BIL.US,道富SPDR彭博1-3个月美国国债ETF,1202706000000,2008-02-11,2008-02-11 00:00:00,47.10676489432658,47.14787924291426,47.10676489432658,47.14787924291426,26350,0.0
BIL.US,道富SPDR彭博1-3个月美国国债ETF,1202792400000,2008-02-12,2008-02-12 00:00:00,47.10676489432658,47.137600655767336,47.10676489432658,47.137600655767336,13550,0.0
BIL.US,道富SPDR彭博1-3个月美国国债ETF,1202878800000,2008-02-13,2008-02-13 00:00:00,47.137600655767336,47.14787924291426,47.11704348147351,47.14787924291426,46700,0.0
BIL.US,道富SPDR彭博1-3个月美国国债ETF,1202965200000,2008-02-14,2008-02-14 00:00:00,47.137600655767336,47.15815783006118,47.11704348147351,47.15815783006118,51200,0.0
BIL.US,道富SPDR彭博1-3个月美国国债ETF,1203051600000,2008-02-15,2008-02-15 00:00:00,47.14787924291426,47.16843641720809,47.14787924291426,47.15815783006118,23300,0.0
BIL.US,道富SPDR彭博1-3个月美国国债ETF,1203397200000,2008-02-19,2008-02-19 00:00:00,47.14787924291426,47.16843641720809,47.12732206862042,47.15815783006118,17800,0.0
BIL.US,道富SPDR彭博1-3个月美国国债ETF,1203483600000,2008-02-20,2008-02-20 00:00:00,47.137600655767336,47.17871500435501,47.137600655767336,47.137600655767336,17450,0.0
BIL.US,道富SPDR彭博1-3个月美国国债ETF,1203570000000,2008-02-21,2008-02-21 00:00:00,47.15815783006118,47.17871500435501,47.137600655767336,47.17871500435501,39200,0.0
BIL.US,道富SPDR彭博1-3个月美国国债ETF,1203656400000,2008-02-22,2008-02-22 00:00:00,47.137600655767336,47.19927217864885,47.137600655767336,47.17871500435501,90750,0.0
BIL.US,道富SPDR彭博1-3个月美国国债ETF,1203915600000,2008-02-25,2008-02-25 00:00:00,47.14787924291426,47.17871500435501,47.14787924291426,47.15815783006118,14850,0.0
BIL.US,道富SPDR彭博1-3个月美国国债ETF,1204002000000,2008-02-26,2008-02-26 00:00:00,47.17871500435501,47.18899359150193,47.12732206862042,47.18899359150193,42400,0.0
BIL.US,道富SPDR彭博1-3个月美国国债ETF,1204088400000,2008-02-27,2008-02-27 00:00:00,47.137600655767336,47.19927217864885,47.137600655767336,47.19927217864885,84550,0.0
BIL.US,道富SPDR彭博1-3个月美国国债ETF,1204174800000,2008-02-28,2008-02-28 00:00:00,47.19927217864885,47.20955076579577,47.16843641720809,47.19927217864885,20700,0.0
BIL.US,道富SPDR彭博1-3个月美国国债ETF,1204261200000,2008-02-29,2008-02-29 00:00:00,47.19927217864885,47.21982935294268,47.16843641720809,47.20955076579577,17300,0.0
BIL.US,道富SPDR彭博1-3个月美国国债ETF,1204520400000,2008-03-03,2008-03-03 00:00:00,47.206231936177744,47.22682802340993,47.18563584894555,47.22682802340993,31550,0.0
BIL.US,道富SPDR彭博1-3个月美国国债ETF,1204606800000,2008-03-04,2008-03-04 00:00:00,47.19593389256165,47.22682802340993,47.18563584894555,47.22682802340993,73450,0.0
BIL.US,道富SPDR彭博1-3个月美国国债ETF,1204693200000,2008-03-05,2008-03-05 00:00:00,47.22682802340993,47.237126067026026,47.17533780532946,47.21652997979384,253850,0.0
BIL.US,道富SPDR彭博1-3个月美国国债ETF,1204779600000,2008-03-06,2008-03-06 00:00:00,47.237126067026026,47.25772215425822,47.21652997979384,47.237126067026026,41600,0.0
BIL.US,道富SPDR彭博1-3个月美国国债ETF,1204866000000,2008-03-07,2008-03-07 00:00:00,47.24742411064212,47.24742411064212,47.21652997979384,47.237126067026026,50300,0.0
BIL.US,道富SPDR彭博1-3个月美国国债ETF,1205121600000,2008-03-10,2008-03-10 00:00:00,47.237126067026026,47.26802019787431,47.206231936177744,47.237126067026026,22300,0.0
BIL.US,道富SPDR彭博1-3个月美国国债ETF,1205208000000,2008-03-11,2008-03-11 00:00:00,47.237126067026026,47.24742411064212,47.206231936177744,47.237126067026026,42200,0.0
BIL.US,道富SPDR彭博1-3个月美国国债ETF,1205294400000,2008-03-12,2008-03-12 00:00:00,47.237126067026026,47.24742411064212,47.22682802340993,47.24742411064212,13350,0.0
BIL.US,道富SPDR彭博1-3个月美国国债ETF,1205380800000,2008-03-13,2008-03-13 00:00:00,47.24742411064212,47.24742411064212,47.21652997979384,47.237126067026026,41300,0.0
BIL.US,道富SPDR彭博1-3个月美国国债ETF,1205467200000,2008-03-14,2008-03-14 00:00:00,47.237126067026026,47.309212372338685,47.21652997979384,47.298914328722596,82350,0.0
BIL.US,道富SPDR彭博1-3个月美国国债ETF,1205726400000,2008-03-17,2008-03-17 00:00:00,47.2783182414904,47.34010650318697,47.237126067026026,47.2886162851065,136100,0.0
BIL.US,道富SPDR彭博1-3个月美国国债ETF,1205812800000,2008-03-18,2008-03-18 00:00:00,47.865306727607795,47.865306727607795,47.2783182414904,47.34010650318697,47400,0.0
BIL.US,道富SPDR彭博1-3个月美国国债ETF,1205899200000,2008-03-19,2008-03-19 00:00:00,47.35040454680306,47.35040454680306,47.309212372338685,47.35040454680306,31850,0.0
BIL.US,道富SPDR彭博1-3个月美国国债ETF,1205985600000,2008-03-20,2008-03-20 00:00:00,47.35040454680306,47.35040454680306,47.309212372338685,47.34010650318697,46750,0.0
BIL.US,道富SPDR彭博1-3个月美国国债ETF,1206331200000,2008-03-24,2008-03-24 00:00:00,47.35040454680306,47.35040454680306,47.298914328722596,47.298914328722596,38750,0.0
BIL.US,道富SPDR彭博1-3个月美国国债ETF,1206417600000,2008-03-25,2008-03-25 00:00:00,47.2886162851065,47.32980845957088,47.26802019787431,47.26802019787431,39200,0.0
BIL.US,道富SPDR彭博1-3个月美国国债ETF,1206504000000,2008-03-26,2008-03-26 00:00:00,47.26802019787431,47.309212372338685,47.26802019787431,47.298914328722596,9800,0.0
BIL.US,道富SPDR彭博1-3个月美国国债ETF,1206590400000,2008-03-27,2008-03-27 00:00:00,47.298914328722596,47.309212372338685,47.26802019787431,47.309212372338685,8300,0.0
BIL.US,道富SPDR彭博1-3个月美国国债ETF,1206676800000,2008-03-28,2008-03-28 00:00:00,47.31951041595479,47.31951041595479,47.26802019787431,47.26802019787431,33900,0.0
BIL.US,道富SPDR彭博1-3个月美国国债ETF,1206936000000,2008-03-31,2008-03-31 00:00:00,47.309212372338685,47.34010650318697,47.2783182414904,47.31951041595479,64950,0.0
BIL.US,道富SPDR彭博1-3个月美国国债ETF,1207022400000,2008-04-01,2008-04-01 00:00:00,47.31990470196195,47.31990470196195,47.258021653092776,47.288963177527364,83350,0.0
BIL.US,道富SPDR彭博1-3个月美国国债ETF,1207108800000,2008-04-02,2008-04-02 00:00:00,47.288963177527364,47.30959086048375,47.288963177527364,47.288963177527364,65900,0.0
BIL.US,道富SPDR彭博1-3个月美国国债ETF,1207195200000,2008-04-03,2008-04-03 00:00:00,47.288963177527364,47.30959086048375,47.27864933604917,47.288963177527364,23600,0.0
BIL.US,道富SPDR彭博1-3个月美国国债ETF,1207281600000,2008-04-04,2008-04-04 00:00:00,47.30959086048375,47.31990470196195,47.29927701900556,47.30959086048375,44300,0.0
BIL.US,道富SPDR彭博1-3个月美国国债ETF,1207540800000,2008-04-07,2008-04-07 00:00:00,47.30959086048375,47.31990470196195,47.27864933604917,47.288963177527364,46450,0.0
BIL.US,道富SPDR彭博1-3个月美国国债ETF,1207627200000,2008-04-08,2008-04-08 00:00:00,47.31990470196195,47.31990470196195,47.288963177527364,47.31990470196195,24500,0.0
BIL.US,道富SPDR彭博1-3个月美国国债ETF,1207713600000,2008-04-09,2008-04-09 00:00:00,47.288963177527364,47.33021854344015,47.288963177527364,47.31990470196195,33900,0.0
BIL.US,道富SPDR彭博1-3个月美国国债ETF,1207800000000,2008-04-10,2008-04-10 00:00:00,47.33021854344015,47.33021854344015,47.31990470196195,47.31990470196195,18750,0.0
BIL.US,道富SPDR彭博1-3个月美国国债ETF,1207886400000,2008-04-11,2008-04-11 00:00:00,47.31990470196195,47.350846226396534,47.31990470196195,47.31990470196195,39350,0.0
BIL.US,道富SPDR彭博1-3个月美国国债ETF,1208145600000,2008-04-14,2008-04-14 00:00:00,47.350846226396534,47.361160067874735,47.31990470196195,47.34053238491834,16050,0.0
BIL.US,道富SPDR彭博1-3个月美国国债ETF,1208232000000,2008-04-15,2008-04-15 00:00:00,47.361160067874735,47.361160067874735,47.31990470196195,47.34053238491834,60700,0.0
BIL.US,道富SPDR彭博1-3个月美国国债ETF,1208318400000,2008-04-16,2008-04-16 00:00:00,47.34053238491834,47.34053238491834,47.29927701900556,47.30959086048375,19550,0.0
BIL.US,道富SPDR彭博1-3个月美国国债ETF,1208404800000,2008-04-17,2008-04-17 00:00:00,47.30959086048375,47.34053238491834,47.288963177527364,47.30959086048375,31800,0.0
BIL.US,道富SPDR彭博1-3个月美国国债ETF,1208491200000,2008-04-18,2008-04-18 00:00:00,47.33021854344015,47.33021854344015,47.26833549457097,47.27864933604917,31800,0.0
BIL.US,道富SPDR彭博1-3个月美国国债ETF,1208750400000,2008-04-21,2008-04-21 00:00:00,47.31990470196195,47.33021854344015,47.27864933604917,47.29927701900556,26050,0.0
BIL.US,道富SPDR彭博1-3个月美国国债ETF,1208836800000,2008-04-22,2008-04-22 00:00:00,47.29927701900556,47.33021854344015,47.288963177527364,47.30959086048375,35850,0.0
BIL.US,道富SPDR彭博1-3个月美国国债ETF,1208923200000,2008-04-23,2008-04-23 00:00:00,47.33021854344015,47.33021854344015,47.288963177527364,47.30959086048375,23800,0.0
BIL.US,道富SPDR彭博1-3个月美国国债ETF,1209009600000,2008-04-24,2008-04-24 00:00:00,47.31990470196195,47.33021854344015,47.29927701900556,47.31990470196195,9800,0.0
BIL.US,道富SPDR彭博1-3个月美国国债ETF,1209096000000,2008-04-25,2008-04-25 00:00:00,47.29927701900556,47.31990470196195,47.288963177527364,47.31990470196195,39700,0.0
BIL.US,道富SPDR彭博1-3个月美国国债ETF,1209355200000,2008-04-28,2008-04-28 00:00:00,47.31990470196195,47.34053238491834,47.27864933604917,47.288963177527364,35900,0.0
BIL.US,道富SPDR彭博1-3个月美国国债ETF,1209441600000,2008-04-29,2008-04-29 00:00:00,47.34053238491834,47.34053238491834,47.27864933604917,47.34053238491834,21300,0.0
BIL.US,道富SPDR彭博1-3个月美国国债ETF,1209528000000,2008-04-30,2008-04-30 00:00:00,47.27864933604917,47.34053238491834,47.27864933604917,47.288963177527364,27000,0.0
BIL.US,道富SPDR彭博1-3个月美国国债ETF,1209614400000,2008-05-01,2008-05-01 00:00:00,47.3550212224618,47.3550212224618,47.30339123857338,47.324043232128744,20250,0.0
BIL.US,道富SPDR彭博1-3个月美国国债ETF,1209700800000,2008-05-02,2008-05-02 00:00:00,47.293065241795695,47.34469522568412,47.28273924501801,47.293065241795695,29150,0.0
BIL.US,道富SPDR彭博1-3个月美国国债ETF,1209960000000,2008-05-05,2008-05-05 00:00:00,47.31371723535106,47.33436922890644,47.30339123857338,47.30339123857338,15500,0.0
BIL.US,道富SPDR彭博1-3个月美国国债ETF,1210046400000,2008-05-06,2008-05-06 00:00:00,47.33436922890644,47.33436922890644,47.28273924501801,47.28273924501801,104000,0.0
BIL.US,道富SPDR彭博1-3个月美国国债ETF,1210132800000,2008-05-07,2008-05-07 00:00:00,47.31371723535106,47.31371723535106,47.28273924501801,47.31371723535106,26400,0.0
BIL.US,道富SPDR彭博1-3个月美国国债ETF,1210219200000,2008-05-08,2008-05-08 00:00:00,47.31371723535106,47.31371723535106,47.272413248240326,47.293065241795695,78950,0.0
BIL.US,道富SPDR彭博1-3个月美国国债ETF,1210305600000,2008-05-09,2008-05-09 00:00:00,47.28273924501801,47.324043232128744,47.28273924501801,47.31371723535106,38050,0.0
BIL.US,道富SPDR彭博1-3个月美国国债ETF,1210564800000,2008-05-12,2008-05-12 00:00:00,47.30339123857338,47.324043232128744,47.293065241795695,47.31371723535106,25350,0.0
BIL.US,道富SPDR彭博1-3个月美国国债ETF,1210651200000,2008-05-13,2008-05-13 00:00:00,47.31371723535106,47.31371723535106,47.293065241795695,47.293065241795695,21300,0.0
BIL.US,道富SPDR彭博1-3个月美国国债ETF,1210737600000,2008-05-14,2008-05-14 00:00:00,47.31371723535106,47.324043232128744,47.293065241795695,47.293065241795695,64200,0.0
BIL.US,道富SPDR彭博1-3个月美国国债ETF,1210824000000,2008-05-15,2008-05-15 00:00:00,47.31371723535106,47.324043232128744,47.293065241795695,47.293065241795695,18350,0.0
BIL.US,道富SPDR彭博1-3个月美国国债ETF,1210910400000,2008-05-16,2008-05-16 00:00:00,47.31371723535106,47.33436922890644,47.28273924501801,47.30339123857338,40400,0.0
BIL.US,道富SPDR彭博1-3个月美国国债ETF,1211169600000,2008-05-19,2008-05-19 00:00:00,47.293065241795695,47.33436922890644,47.28273924501801,47.30339123857338,22950,0.0
BIL.US,道富SPDR彭博1-3个月美国国债ETF,1211256000000,2008-05-20,2008-05-20 00:00:00,47.28273924501801,47.31371723535106,47.28273924501801,47.28273924501801,11750,0.0
BIL.US,道富SPDR彭博1-3个月美国国债ETF,1211342400000,2008-05-21,2008-05-21 00:00:00,47.324043232128744,47.33436922890644,47.28273924501801,47.28273924501801,48400,0.0
BIL.US,道富SPDR彭博1-3个月美国国债ETF,1211428800000,2008-05-22,2008-05-22 00:00:00,47.28273924501801,47.34469522568412,47.28273924501801,47.31371723535106,13200,0.0
BIL.US,道富SPDR彭博1-3个月美国国债ETF,1211515200000,2008-05-23,2008-05-23 00:00:00,47.31371723535106,47.324043232128744,47.30339123857338,47.31371723535106,16600,0.0
BIL.US,道富SPDR彭博1-3个月美国国债ETF,1211860800000,2008-05-27,2008-05-27 00:00:00,47.30339123857338,47.34469522568412,47.30339123857338,47.31371723535106,27250,0.0
BIL.US,道富SPDR彭博1-3个月美国国债ETF,1211947200000,2008-05-28,2008-05-28 00:00:00,47.30339123857338,47.34469522568412,47.30339123857338,47.33436922890644,39200,0.0
BIL.US,道富SPDR彭博1-3个月美国国债ETF,1212033600000,2008-05-29,2008-05-29 00:00:00,47.34469522568412,47.34469522568412,47.30339123857338,47.31371723535106,53500,0.0
BIL.US,道富SPDR彭博1-3个月美国国债ETF,1212120000000,2008-05-30,2008-05-30 00:00:00,47.33436922890644,47.34469522568412,47.31371723535106,47.33436922890644,9400,0.0
BIL.US,道富SPDR彭博1-3个月美国国债ETF,1212379200000,2008-06-02,2008-06-02 00:00:00,47.35219197608856,47.37286527535775,47.32118202718477,47.37286527535775,42000,0.0
BIL.US,道富SPDR彭博1-3个月美国国债ETF,1212465600000,2008-06-03,2008-06-03 00:00:00,47.36252862572316,47.383201924992356,47.331518676819364,47.37286527535775,14850,0.0
BIL.US,道富SPDR彭博1-3个月美国国债ETF,1212552000000,2008-06-04,2008-06-04 00:00:00,47.36252862572316,47.37286527535775,47.331518676819364,47.36252862572316,21100,0.0
BIL.US,道富SPDR彭博1-3个月美国国债ETF,1212638400000,2008-06-05,2008-06-05 00:00:00,47.383201924992356,47.383201924992356,47.331518676819364,47.331518676819364,27800,0.0
BIL.US,道富SPDR彭博1-3个月美国国债ETF,1212724800000,2008-06-06,2008-06-06 00:00:00,47.37286527535775,47.37286527535775,47.34185532645396,47.34185532645396,40350,0.0
BIL.US,道富SPDR彭博1-3个月美国国债ETF,1212984000000,2008-06-09,2008-06-09 00:00:00,47.37286527535775,47.383201924992356,47.34185532645396,47.36252862572316,43850,0.0
BIL.US,道富SPDR彭博1-3个月美国国债ETF,1213070400000,2008-06-10,2008-06-10 00:00:00,47.37286527535775,47.40387522426154,47.34185532645396,47.39353857462695,151300,0.0
BIL.US,道富SPDR彭博1-3个月美国国债ETF,1213156800000,2008-06-11,2008-06-11 00:00:00,47.39353857462695,47.42454852353074,47.37286527535775,47.42454852353074,183700,0.0
BIL.US,道富SPDR彭博1-3个月美国国债ETF,1213243200000,2008-06-12,2008-06-12 00:00:00,47.40387522426154,47.414211873896136,47.37286527535775,47.39353857462695,26150,0.0
BIL.US,道富SPDR彭博1-3个月美国国债ETF,1213329600000,2008-06-13,2008-06-13 00:00:00,47.414211873896136,47.42454852353074,47.383201924992356,47.42454852353074,12750,0.0
BIL.US,道富SPDR彭博1-3个月美国国债ETF,1213588800000,2008-06-16,2008-06-16 00:00:00,47.42454852353074,47.434885173165334,47.40387522426154,47.42454852353074,186350,0.0
BIL.US,道富SPDR彭博1-3个月美国国债ETF,1213675200000,2008-06-17,2008-06-17 00:00:00,47.414211873896136,47.42454852353074,47.39353857462695,47.414211873896136,21650,0.0
BIL.US,道富SPDR彭博1-3个月美国国债ETF,1213761600000,2008-06-18,2008-06-18 00:00:00,47.42454852353074,47.44522182279993,47.40387522426154,47.434885173165334,76650,0.0
BIL.US,道富SPDR彭博1-3个月美国国债ETF,1213848000000,2008-06-19,2008-06-19 00:00:00,47.434885173165334,47.44522182279993,47.414211873896136,47.42454852353074,45800,0.0
BIL.US,道富SPDR彭博1-3个月美国国债ETF,1213934400000,2008-06-20,2008-06-20 00:00:00,47.44522182279993,47.455558472434525,47.414211873896136,47.44522182279993,81400,0.0
BIL.US,道富SPDR彭博1-3个月美国国债ETF,1214193600000,2008-06-23,2008-06-23 00:00:00,47.44522182279993,47.455558472434525,47.42454852353074,47.44522182279993,21000,0.0
BIL.US,道富SPDR彭博1-3个月美国国债ETF,1214280000000,2008-06-24,2008-06-24 00:00:00,47.434885173165334,47.44522182279993,47.42454852353074,47.44522182279993,56150,0.0
BIL.US,道富SPDR彭博1-3个月美国国债ETF,1214366400000,2008-06-25,2008-06-25 00:00:00,47.434885173165334,47.455558472434525,47.42454852353074,47.455558472434525,44450,0.0
BIL.US,道富SPDR彭博1-3个月美国国债ETF,1214452800000,2008-06-26,2008-06-26 00:00:00,47.46589512206913,47.47623177170372,47.434885173165334,47.455558472434525,99550,0.0
BIL.US,道富SPDR彭博1-3个月美国国债ETF,1214539200000,2008-06-27,2008-06-27 00:00:00,47.36252862572316,47.538251669511304,47.36252862572316,47.47623177170372,233150,0.0
BIL.US,道富SPDR彭博1-3个月美国国债ETF,1214798400000,2008-06-30,2008-06-30 00:00:00,47.47623177170372,47.47623177170372,47.414211873896136,47.44522182279993,40950,0.0
BIL.US,道富SPDR彭博1-3个月美国国债ETF,1214884800000,2008-07-01,2008-07-01 00:00:00,47.471862871010664,47.471862871010664,47.4201167811142,47.461513653031375,50700,0.0
BIL.US,道富SPDR彭博1-3个月美国国债ETF,1214971200000,2008-07-02,2008-07-02 00:00:00,47.471862871010664,47.471862871010664,47.4201167811142,47.461513653031375,41550,0.0
BIL.US,道富SPDR彭博1-3个月美国国债ETF,1215057600000,2008-07-03,2008-07-03 00:00:00,47.471862871010664,47.471862871010664,47.4201167811142,47.461513653031375,38300,0.0
BIL.US,道富SPDR彭博1-3个月美国国债ETF,1215403200000,2008-07-07,2008-07-07 00:00:00,47.461513653031375,47.471862871010664,47.40976756313491,47.45116443505208,87900,0.0
BIL.US,道富SPDR彭博1-3个月美国国债ETF,1215489600000,2008-07-08,2008-07-08 00:00:00,47.461513653031375,47.48221208898996,47.43046599909349,47.43046599909349,47700,0.0
BIL.US,道富SPDR彭博1-3个月美国国债ETF,1215576000000,2008-07-09,2008-07-09 00:00:00,47.471862871010664,47.471862871010664,47.44081521707279,47.44081521707279,40700,0.0
BIL.US,道富SPDR彭博1-3个月美国国债ETF,1215662400000,2008-07-10,2008-07-10 00:00:00,47.44081521707279,47.49256130696925,47.44081521707279,47.48221208898996,56400,0.0
BIL.US,道富SPDR彭博1-3个月美国国债ETF,1215748800000,2008-07-11,2008-07-11 00:00:00,47.50291052494854,47.523608960907126,47.48221208898996,47.51325974292783,54100,0.0
BIL.US,道富SPDR彭博1-3个月美国国债ETF,1216008000000,2008-07-14,2008-07-14 00:00:00,47.49256130696925,47.523608960907126,47.471862871010664,47.51325974292783,64400,0.0
BIL.US,道富SPDR彭博1-3个月美国国债ETF,1216094400000,2008-07-15,2008-07-15 00:00:00,47.523608960907126,47.533958178886415,47.49256130696925,47.523608960907126,98800,0.0
BIL.US,道富SPDR彭博1-3个月美国国债ETF,1216180800000,2008-07-16,2008-07-16 00:00:00,47.533958178886415,47.544307396865705,47.50291052494854,47.533958178886415,375100,0.0
BIL.US,道富SPDR彭博1-3个月美国国债ETF,1216267200000,2008-07-17,2008-07-17 00:00:00,47.523608960907126,47.544307396865705,47.45116443505208,47.461513653031375,134700,0.0
BIL.US,道富SPDR彭博1-3个月美国国债ETF,1216353600000,2008-07-18,2008-07-18 00:00:00,47.50291052494854,47.544307396865705,47.48221208898996,47.523608960907126,71950,0.0
BIL.US,道富SPDR彭博1-3个月美国国债ETF,1216612800000,2008-07-21,2008-07-21 00:00:00,47.533958178886415,47.533958178886415,47.48221208898996,47.48221208898996,43200,0.0
BIL.US,道富SPDR彭博1-3个月美国国债ETF,1216699200000,2008-07-22,2008-07-22 00:00:00,47.533958178886415,47.533958178886415,47.49256130696925,47.50291052494854,76300,0.0
BIL.US,道富SPDR彭博1-3个月美国国债ETF,1216785600000,2008-07-23,2008-07-23 00:00:00,47.49256130696925,47.523608960907126,47.461513653031375,47.523608960907126,223150,0.0
BIL.US,道富SPDR彭博1-3个月美国国债ETF,1216872000000,2008-07-24,2008-07-24 00:00:00,47.523608960907126,47.523608960907126,47.48221208898996,47.51325974292783,44500,0.0
BIL.US,道富SPDR彭博1-3个月美国国债ETF,1216958400000,2008-07-25,2008-07-25 00:00:00,47.523608960907126,47.523608960907126,47.49256130696925,47.523608960907126,56100,0.0
BIL.US,道富SPDR彭博1-3个月美国国债ETF,1217217600000,2008-07-28,2008-07-28 00:00:00,47.523608960907126,47.523608960907126,47.49256130696925,47.523608960907126,57100,0.0
BIL.US,道富SPDR彭博1-3个月美国国债ETF,1217304000000,2008-07-29,2008-07-29 00:00:00,47.523608960907126,47.533958178886415,47.50291052494854,47.523608960907126,70550,0.0
BIL.US,道富SPDR彭博1-3个月美国国债ETF,1217390400000,2008-07-30,2008-07-30 00:00:00,47.523608960907126,47.533958178886415,47.49256130696925,47.533958178886415,36750,0.0
BIL.US,道富SPDR彭博1-3个月美国国债ETF,1217476800000,2008-07-31,2008-07-31 00:00:00,47.523608960907126,47.533958178886415,47.49256130696925,47.533958178886415,48650,0.0
BIL.US,道富SPDR彭博1-3个月美国国债ETF,1217563200000,2008-08-01,2008-08-01 00:00:00,47.52993558546669,47.52993558546669,47.498843172305676,47.51957144774635,44100,0.0
BIL.US,道富SPDR彭博1-3个月美国国债ETF,1217822400000,2008-08-04,2008-08-04 00:00:00,47.540299723187026,47.540299723187026,47.51957144774635,47.52993558546669,190500,0.0
BIL.US,道富SPDR彭博1-3个月美国国债ETF,1217908800000,2008-08-05,2008-08-05 00:00:00,47.540299723187026,47.5610279986277,47.52993558546669,47.540299723187026,86900,0.0
BIL.US,道富SPDR彭博1-3个月美国国债ETF,1217995200000,2008-08-06,2008-08-06 00:00:00,47.51957144774635,47.55066386090736,47.50920731002602,47.51957144774635,75400,0.0
BIL.US,道富SPDR彭博1-3个月美国国债ETF,1218081600000,2008-08-07,2008-08-07 00:00:00,47.51957144774635,47.55066386090736,47.51957144774635,47.55066386090736,41350,0.0
BIL.US,道富SPDR彭博1-3个月美国国债ETF,1218168000000,2008-08-08,2008-08-08 00:00:00,47.55066386090736,47.5610279986277,47.50920731002602,47.540299723187026,68350,0.0
BIL.US,道富SPDR彭博1-3个月美国国债ETF,1218427200000,2008-08-11,2008-08-11 00:00:00,47.50920731002602,47.5610279986277,47.498843172305676,47.55066386090736,170300,0.0
BIL.US,道富SPDR彭博1-3个月美国国债ETF,1218513600000,2008-08-12,2008-08-12 00:00:00,47.55066386090736,47.5610279986277,47.51957144774635,47.51957144774635,68100,0.0
BIL.US,道富SPDR彭博1-3个月美国国债ETF,1218600000000,2008-08-13,2008-08-13 00:00:00,47.52993558546669,47.5610279986277,47.52993558546669,47.5610279986277,70450,0.0
BIL.US,道富SPDR彭博1-3个月美国国债ETF,1218686400000,2008-08-14,2008-08-14 00:00:00,47.540299723187026,47.5610279986277,47.540299723187026,47.55066386090736,73000,0.0
BIL.US,道富SPDR彭博1-3个月美国国债ETF,1218772800000,2008-08-15,2008-08-15 00:00:00,47.60248454950905,47.60248454950905,47.540299723187026,47.5610279986277,65450,0.0
BIL.US,道富SPDR彭博1-3个月美国国债ETF,1219032000000,2008-08-18,2008-08-18 00:00:00,47.57139213634804,47.57139213634804,47.52993558546669,47.52993558546669,77450,0.0
BIL.US,道富SPDR彭博1-3个月美国国债ETF,1219118400000,2008-08-19,2008-08-19 00:00:00,47.540299723187026,47.57139213634804,47.540299723187026,47.57139213634804,34100,0.0
BIL.US,道富SPDR彭博1-3个月美国国债ETF,1219204800000,2008-08-20,2008-08-20 00:00:00,47.540299723187026,47.58175627406837,47.540299723187026,47.57139213634804,60750,0.0
BIL.US,道富SPDR彭博1-3个月美国国债ETF,1219291200000,2008-08-21,2008-08-21 00:00:00,47.5610279986277,47.58175627406837,47.5610279986277,47.58175627406837,28300,0.0
BIL.US,道富SPDR彭博1-3个月美国国债ETF,1219377600000,2008-08-22,2008-08-22 00:00:00,47.58175627406837,47.59212041178871,47.5610279986277,47.59212041178871,38950,0.0
BIL.US,道富SPDR彭博1-3个月美国国债ETF,1219636800000,2008-08-25,2008-08-25 00:00:00,47.57139213634804,47.59212041178871,47.57139213634804,47.58175627406837,59950,0.0
BIL.US,道富SPDR彭博1-3个月美国国债ETF,1219723200000,2008-08-26,2008-08-26 00:00:00,47.59212041178871,47.60248454950905,47.540299723187026,47.59212041178871,143600,0.0
BIL.US,道富SPDR彭博1-3个月美国国债ETF,1219809600000,2008-08-27,2008-08-27 00:00:00,47.57139213634804,47.60248454950905,47.5610279986277,47.59212041178871,50300,0.0
BIL.US,道富SPDR彭博1-3个月美国国债ETF,1219896000000,2008-08-28,2008-08-28 00:00:00,47.59212041178871,47.60248454950905,47.57139213634804,47.59212041178871,51950,0.0
BIL.US,道富SPDR彭博1-3个月美国国债ETF,1219982400000,2008-08-29,2008-08-29 00:00:00,47.60248454950905,47.60248454950905,47.55066386090736,47.57139213634804,46150,0.0
BIL.US,道富SPDR彭博1-3个月美国国债ETF,1220328000000,2008-09-02,2008-09-02 00:00:00,47.58499266818121,47.62650629319162,47.564235855675996,47.605749480686406,603900,0.0
BIL.US,道富SPDR彭博1-3个月美国国债ETF,1220414400000,2008-09-03,2008-09-03 00:00:00,47.58499266818121,47.605749480686406,47.58499266818121,47.605749480686406,49900,0.0
BIL.US,道富SPDR彭博1-3个月美国国债ETF,1220500800000,2008-09-04,2008-09-04 00:00:00,47.57461426192861,47.605749480686406,47.57461426192861,47.605749480686406,55350,0.0
BIL.US,道富SPDR彭博1-3个月美国国债ETF,1220587200000,2008-09-05,2008-09-05 00:00:00,47.59537107443381,47.61612788693901,47.59537107443381,47.61612788693901,83600,0.0
BIL.US,道富SPDR彭博1-3个月美国国债ETF,1220846400000,2008-09-08,2008-09-08 00:00:00,47.605749480686406,47.61612788693901,47.59537107443381,47.61612788693901,31000,0.0
BIL.US,道富SPDR彭博1-3个月美国国债ETF,1220932800000,2008-09-09,2008-09-09 00:00:00,47.61612788693901,47.62650629319162,47.59537107443381,47.605749480686406,61950,0.0
BIL.US,道富SPDR彭博1-3个月美国国债ETF,1221019200000,2008-09-10,2008-09-10 00:00:00,47.61612788693901,47.63688469944422,47.605749480686406,47.62650629319162,68600,0.0
BIL.US,道富SPDR彭博1-3个月美国国债ETF,1221105600000,2008-09-11,2008-09-11 00:00:00,47.62650629319162,47.63688469944422,47.605749480686406,47.61612788693901,112750,0.0
BIL.US,道富SPDR彭博1-3个月美国国债ETF,1221192000000,2008-09-12,2008-09-12 00:00:00,47.61612788693901,47.647263105696815,47.605749480686406,47.63688469944422,96400,0.0
BIL.US,道富SPDR彭博1-3个月美国国债ETF,1221451200000,2008-09-15,2008-09-15 00:00:00,47.678398324454626,47.75104716822284,47.62650629319162,47.68877673070723,195200,0.0
BIL.US,道富SPDR彭博1-3个月美国国债ETF,1221537600000,2008-09-16,2008-09-16 00:00:00,47.61612788693901,47.71991194946503,47.61612788693901,47.70953354321243,424750,0.0
BIL.US,道富SPDR彭博1-3个月美国国债ETF,1221624000000,2008-09-17,2008-09-17 00:00:00,47.74066876197024,48.13504819956913,47.66801991820202,47.91710166826448,451300,0.0
BIL.US,道富SPDR彭博1-3个月美国国债ETF,1221710400000,2008-09-18,2008-09-18 00:00:00,47.74066876197024,48.155805012074325,47.65764151194942,47.782182386980644,916150,0.0
BIL.US,道富SPDR彭博1-3个月美国国债ETF,1221796800000,2008-09-19,2008-09-19 00:00:00,47.470830199402585,50.78154179398269,47.470830199402585,47.61612788693901,813150,0.0
BIL.US,道富SPDR彭博1-3个月美国国债ETF,1222056000000,2008-09-22,2008-09-22 00:00:00,47.564235855675996,47.68877673070723,47.564235855675996,47.63688469944422,760150,0.0
BIL.US,道富SPDR彭博1-3个月美国国债ETF,1222142400000,2008-09-23,2008-09-23 00:00:00,47.63688469944422,47.79256079323325,47.62650629319162,47.79256079323325,238050,0.0
BIL.US,道富SPDR彭博1-3个月美国国债ETF,1222228800000,2008-09-24,2008-09-24 00:00:00,47.771803980728045,47.771803980728045,47.63688469944422,47.647263105696815,89300,0.0
BIL.US,道富SPDR彭博1-3个月美国国债ETF,1222315200000,2008-09-25,2008-09-25 00:00:00,47.647263105696815,47.761425574475446,47.647263105696815,47.69915513695983,132050,0.0
BIL.US,道富SPDR彭博1-3个月美国国债ETF,1222401600000,2008-09-26,2008-09-26 00:00:00,47.771803980728045,47.87558804325407,47.65764151194942,47.782182386980644,185700,0.0
BIL.US,道富SPDR彭博1-3个月美国国债ETF,1222660800000,2008-09-29,2008-09-29 00:00:00,47.79256079323325,49.069104762303326,47.429316574392175,47.98975051203269,388850,0.0
BIL.US,道富SPDR彭博1-3个月美国国债ETF,1222747200000,2008-09-30,2008-09-30 00:00:00,48.24921066834775,48.24921066834775,47.69915513695983,47.813317605738455,140850,0.0
BIL.US,道富SPDR彭博1-3个月美国国债ETF,1222833600000,2008-10-01,2008-10-01 00:00:00,48.02453456825892,48.02453456825892,47.69196908325908,47.80628846872778,265950,0.0
BIL.US,道富SPDR彭博1-3个月美国国债ETF,1222920000000,2008-10-02,2008-10-02 00:00:00,47.795895797321535,47.80628846872778,47.73353976888406,47.785503125915284,193650,0.0
BIL.US,道富SPDR彭博1-3个月美国国债ETF,1223006400000,2008-10-03,2008-10-03 00:00:00,47.71275442607156,47.80628846872778,47.702361754665326,47.785503125915284,201500,0.0
BIL.US,道富SPDR彭博1-3个月美国国债ETF,1223265600000,2008-10-06,2008-10-06 00:00:00,48.1804246393526,48.1804246393526,47.59843504060287,47.77511045450904,324050,0.0
BIL.US,道富SPDR彭博1-3个月美国国债ETF,1223352000000,2008-10-07,2008-10-07 00:00:00,47.785503125915284,47.785503125915284,47.67118374044659,47.764717783102796,146850,0.0
BIL.US,道富SPDR彭博1-3个月美国国债ETF,1223438400000,2008-10-08,2008-10-08 00:00:00,47.77511045450904,47.77511045450904,47.66079106904034,47.72314709747781,222150,0.0
BIL.US,道富SPDR彭博1-3个月美国国债ETF,1223524800000,2008-10-09,2008-10-09 00:00:00,47.72314709747781,47.795895797321535,47.68157641185284,47.795895797321535,177800,0.0
BIL.US,道富SPDR彭博1-3个月美国国债ETF,1223611200000,2008-10-10,2008-10-10 00:00:00,47.80628846872778,47.858251825759,47.5360790121654,47.83746648294651,351150,0.0
BIL.US,道富SPDR彭博1-3个月美国国债ETF,1223870400000,2008-10-13,2008-10-13 00:00:00,47.80628846872778,47.82707381154027,47.61922038341536,47.6503983976341,204600,0.0
BIL.US,道富SPDR彭博1-3个月美国国债ETF,1223956800000,2008-10-14,2008-10-14 00:00:00,47.59843504060287,47.7439324402903,47.56725702638414,47.73353976888406,195150,0.0
BIL.US,道富SPDR彭博1-3个月美国国债ETF,1224043200000,2008-10-15,2008-10-15 00:00:00,47.702361754665326,47.77511045450904,47.6503983976341,47.7439324402903,204950,0.0
BIL.US,道富SPDR彭博1-3个月美国国债ETF,1224129600000,2008-10-16,2008-10-16 00:00:00,47.785503125915284,47.785503125915284,47.66079106904034,47.72314709747781,200950,0.0
BIL.US,道富SPDR彭博1-3个月美国国债ETF,1224216000000,2008-10-17,2008-10-17 00:00:00,47.7439324402903,47.7439324402903,47.608827712009116,47.61922038341536,157650,0.0
BIL.US,道富SPDR彭博1-3个月美国国债ETF,1224475200000,2008-10-20,2008-10-20 00:00:00,47.61922038341536,47.7439324402903,47.61922038341536,47.73353976888406,145050,0.0
BIL.US,道富SPDR彭博1-3个月美国国债ETF,1224561600000,2008-10-21,2008-10-21 00:00:00,47.73353976888406,47.7439324402903,47.66079106904034,47.73353976888406,98050,0.0
BIL.US,道富SPDR彭博1-3个月美国国债ETF,1224648000000,2008-10-22,2008-10-22 00:00:00,47.72314709747781,47.77511045450904,47.6503983976341,47.67118374044659,180900,0.0
BIL.US,道富SPDR彭博1-3个月美国国债ETF,1224734400000,2008-10-23,2008-10-23 00:00:00,47.67118374044659,47.73353976888406,47.67118374044659,47.73353976888406,151700,0.0
BIL.US,道富SPDR彭博1-3个月美国国债ETF,1224820800000,2008-10-24,2008-10-24 00:00:00,47.67118374044659,47.82707381154027,47.67118374044659,47.68157641185284,168150,0.0
BIL.US,道富SPDR彭博1-3个月美国国债ETF,1225080000000,2008-10-27,2008-10-27 00:00:00,47.75432511169655,47.75432511169655,47.69196908325908,47.75432511169655,149750,0.0
BIL.US,道富SPDR彭博1-3个月美国国债ETF,1225166400000,2008-10-28,2008-10-28 00:00:00,47.77511045450904,47.83746648294651,47.702361754665326,47.7439324402903,186750,0.0
BIL.US,道富SPDR彭博1-3个月美国国债ETF,1225252800000,2008-10-29,2008-10-29 00:00:00,47.72314709747781,47.77511045450904,47.69196908325908,47.69196908325908,144300,0.0
BIL.US,道富SPDR彭博1-3个月美国国债ETF,1225339200000,2008-10-30,2008-10-30 00:00:00,47.68157641185284,47.75432511169655,47.68157641185284,47.75432511169655,110550,0.0
BIL.US,道富SPDR彭博1-3个月美国国债ETF,1225425600000,2008-10-31,2008-10-31 00:00:00,47.75432511169655,47.77511045450904,47.702361754665326,47.702361754665326,175250,0.0
BIL.US,道富SPDR彭博1-3个月美国国债ETF,1225688400000,2008-11-03,2008-11-03 00:00:00,47.761849657557136,47.761849657557136,47.68902610112001,47.68902610112001,158550,0.0
BIL.US,道富SPDR彭博1-3个月美国国债ETF,1225774800000,2008-11-04,2008-11-04 00:00:00,47.67862273591469,47.75144629235183,47.67862273591469,47.70983283153061,96450,0.0
BIL.US,道富SPDR彭博1-3个月美国国债ETF,1225861200000,2008-11-05,2008-11-05 00:00:00,47.72023619673592,47.78265638796775,47.70983283153061,47.730639561941224,133750,0.0
BIL.US,道富SPDR彭博1-3个月美国国债ETF,1225947600000,2008-11-06,2008-11-06 00:00:00,47.70983283153061,47.82426984878897,47.70983283153061,47.80346311837837,118100,0.0
BIL.US,道富SPDR彭博1-3个月美国国债ETF,1226034000000,2008-11-07,2008-11-07 00:00:00,47.80346311837837,47.80346311837837,47.761849657557136,47.80346311837837,83900,0.0
BIL.US,道富SPDR彭博1-3个月美国国债ETF,1226293200000,2008-11-10,2008-11-10 00:00:00,47.75144629235183,47.793059753173054,47.75144629235183,47.793059753173054,60950,0.0
BIL.US,道富SPDR彭博1-3个月美国国债ETF,1226379600000,2008-11-11,2008-11-11 00:00:00,47.761849657557136,47.80346311837837,47.75144629235183,47.793059753173054,88400,0.0
BIL.US,道富SPDR彭博1-3个月美国国债ETF,1226466000000,2008-11-12,2008-11-12 00:00:00,47.793059753173054,47.813866483583666,47.761849657557136,47.80346311837837,109050,0.0
BIL.US,道富SPDR彭博1-3个月美国国债ETF,1226552400000,2008-11-13,2008-11-13 00:00:00,47.80346311837837,47.82426984878897,47.77225302276245,47.80346311837837,132450,0.0
BIL.US,道富SPDR彭博1-3个月美国国债ETF,1226638800000,2008-11-14,2008-11-14 00:00:00,47.82426984878897,47.82426984878897,47.77225302276245,47.80346311837837,132200,0.0
BIL.US,道富SPDR彭博1-3个月美国国债ETF,1226898000000,2008-11-17,2008-11-17 00:00:00,47.793059753173054,47.82426984878897,47.77225302276245,47.82426984878897,170900,0.0
BIL.US,道富SPDR彭博1-3个月美国国债ETF,1226984400000,2008-11-18,2008-11-18 00:00:00,47.82426984878897,47.82426984878897,47.74104292714653,47.77225302276245,260650,0.0
BIL.US,道富SPDR彭博1-3个月美国国债ETF,1227070800000,2008-11-19,2008-11-19 00:00:00,47.813866483583666,47.813866483583666,47.761849657557136,47.761849657557136,81200,0.0
BIL.US,道富SPDR彭博1-3个月美国国债ETF,1227157200000,2008-11-20,2008-11-20 00:00:00,47.82426984878897,47.82426984878897,47.68902610112001,47.793059753173054,226150,0.0
BIL.US,道富SPDR彭博1-3个月美国国债ETF,1227243600000,2008-11-21,2008-11-21 00:00:00,47.793059753173054,47.80346311837837,47.75144629235183,47.78265638796775,233750,0.0
BIL.US,道富SPDR彭博1-3个月美国国债ETF,1227502800000,2008-11-24,2008-11-24 00:00:00,47.82426984878897,47.959513596457946,47.78265638796775,47.793059753173054,253450,0.0
BIL.US,道富SPDR彭博1-3个月美国国债ETF,1227589200000,2008-11-25,2008-11-25 00:00:00,47.80346311837837,47.813866483583666,47.77225302276245,47.80346311837837,68400,0.0
BIL.US,道富SPDR彭博1-3个月美国国债ETF,1227675600000,2008-11-26,2008-11-26 00:00:00,47.80346311837837,47.82426984878897,47.761849657557136,47.82426984878897,118100,0.0
BIL.US,道富SPDR彭博1-3个月美国国债ETF,1227848400000,2008-11-28,2008-11-28 00:00:00,47.82426984878897,47.82426984878897,47.67862273591469,47.67862273591469,39700,0.0
BIL.US,道富SPDR彭博1-3个月美国国债ETF,1228107600000,2008-12-01,2008-12-01 00:00:00,47.80346311837837,47.813866483583666,47.730639561941224,47.78265638796775,145000,0.0
BIL.US,道富SPDR彭博1-3个月美国国债ETF,1228194000000,2008-12-02,2008-12-02 00:00:00,47.793059753173054,47.82426984878897,47.75144629235183,47.82426984878897,114650,0.0
BIL.US,道富SPDR彭博1-3个月美国国债ETF,1228280400000,2008-12-03,2008-12-03 00:00:00,47.80346311837837,47.80346311837837,47.75144629235183,47.75144629235183,92050,0.0
BIL.US,道富SPDR彭博1-3个月美国国债ETF,1228366800000,2008-12-04,2008-12-04 00:00:00,47.75144629235183,47.78265638796775,47.730639561941224,47.730639561941224,106250,0.0
BIL.US,道富SPDR彭博1-3个月美国国债ETF,1228453200000,2008-12-05,2008-12-05 00:00:00,47.80346311837837,47.80346311837837,47.72023619673592,47.730639561941224,147500,0.0
BIL.US,道富SPDR彭博1-3个月美国国债ETF,1228712400000,2008-12-08,2008-12-08 00:00:00,47.75144629235183,47.78265638796775,47.72023619673592,47.74104292714653,190000,0.0
BIL.US,道富SPDR彭博1-3个月美国国债ETF,1228798800000,2008-12-09,2008-12-09 00:00:00,47.78265638796775,47.78265638796775,47.70983283153061,47.72023619673592,241200,0.0
BIL.US,道富SPDR彭博1-3个月美国国债ETF,1228885200000,2008-12-10,2008-12-10 00:00:00,47.72023619673592,47.77225302276245,47.72023619673592,47.75144629235183,281850,0.0
BIL.US,道富SPDR彭博1-3个月美国国债ETF,1228971600000,2008-12-11,2008-12-11 00:00:00,47.74104292714653,47.793059753173054,47.699429466325306,47.699429466325306,158000,0.0
BIL.US,道富SPDR彭博1-3个月美国国债ETF,1229058000000,2008-12-12,2008-12-12 00:00:00,47.72023619673592,47.77225302276245,47.72023619673592,47.72023619673592,171400,0.0
BIL.US,道富SPDR彭博1-3个月美国国债ETF,1229317200000,2008-12-15,2008-12-15 00:00:00,47.730639561941224,47.75144629235183,47.70983283153061,47.70983283153061,120300,0.0
BIL.US,道富SPDR彭博1-3个月美国国债ETF,1229403600000,2008-12-16,2008-12-16 00:00:00,47.74104292714653,47.761849657557136,47.70983283153061,47.74104292714653,176200,0.0
BIL.US,道富SPDR彭博1-3个月美国国债ETF,1229490000000,2008-12-17,2008-12-17 00:00:00,47.70983283153061,47.75144629235183,47.70983283153061,47.70983283153061,156850,0.0
BIL.US,道富SPDR彭博1-3个月美国国债ETF,1229576400000,2008-12-18,2008-12-18 00:00:00,47.74104292714653,47.761849657557136,47.59539581427225,47.67862273591469,774150,0.0
BIL.US,道富SPDR彭博1-3个月美国国债ETF,1229662800000,2008-12-19,2008-12-19 00:00:00,47.74104292714653,47.77225302276245,47.67862273591469,47.70983283153061,202500,0.0
BIL.US,道富SPDR彭博1-3个月美国国债ETF,1229922000000,2008-12-22,2008-12-22 00:00:00,47.761849657557136,47.77225302276245,47.699429466325306,47.77225302276245,116100,0.0
BIL.US,道富SPDR彭博1-3个月美国国债ETF,1230008400000,2008-12-23,2008-12-23 00:00:00,47.761849657557136,47.77225302276245,47.72023619673592,47.72023619673592,155600,0.0
BIL.US,道富SPDR彭博1-3个月美国国债ETF,1230094800000,2008-12-24,2008-12-24 00:00:00,47.793059753173054,47.793059753173054,47.72023619673592,47.77225302276245,68100,0.0
BIL.US,道富SPDR彭博1-3个月美国国债ETF,1230267600000,2008-12-26,2008-12-26 00:00:00,47.730639561941224,47.793059753173054,47.730639561941224,47.77225302276245,70500,0.0
BIL.US,道富SPDR彭博1-3个月美国国债ETF,1230526800000,2008-12-29,2008-12-29 00:00:00,47.83761996325621,47.85850975363318,47.733171011371375,47.76450569693682,87100,0.0
BIL.US,道富SPDR彭博1-3个月美国国债ETF,1230613200000,2008-12-30,2008-12-30 00:00:00,47.88984443919863,47.931624019952565,47.83761996325621,47.931624019952565,125200,0.0
BIL.US,道富SPDR彭博1-3个月美国国债ETF,1230699600000,2008-12-31,2008-12-31 00:00:00,47.86895464882166,47.90028933438712,47.774950592125315,47.827175068067724,163600,0.0
BIL.US,道富SPDR彭博1-3个月美国国债ETF,1230872400000,2009-01-02,2009-01-02 00:00:00,47.88984443919863,47.931624019952565,47.83761996325621,47.83761996325621,110100,0.0
BIL.US,道富SPDR彭博1-3个月美国国债ETF,1231131600000,2009-01-05,2009-01-05 00:00:00,47.931624019952565,47.931624019952565,47.827175068067724,47.83761996325621,196850,0.0
BIL.US,道富SPDR彭博1-3个月美国国债ETF,1231218000000,2009-01-06,2009-01-06 00:00:00,47.83761996325621,47.87939954401015,47.83761996325621,47.8480648584447,94200,0.0
BIL.US,道富SPDR彭博1-3个月美国国债ETF,1231304400000,2009-01-07,2009-01-07 00:00:00,47.8480648584447,47.931624019952565,47.8480648584447,47.92117912476409,214050,0.0
BIL.US,道富SPDR彭博1-3个月美国国债ETF,1231390800000,2009-01-08,2009-01-08 00:00:00,47.86895464882166,47.90028933438712,47.85850975363318,47.86895464882166,64900,0.0
BIL.US,道富SPDR彭博1-3个月美国国债ETF,1231477200000,2009-01-09,2009-01-09 00:00:00,47.88984443919863,47.952513810329535,47.85850975363318,47.90028933438712,87900,0.0
BIL.US,道富SPDR彭博1-3个月美国国债ETF,1231736400000,2009-01-12,2009-01-12 00:00:00,47.90028933438712,47.98384849589498,47.87939954401015,47.87939954401015,178700,0.0
BIL.US,道富SPDR彭博1-3个月美国国债ETF,1231822800000,2009-01-13,2009-01-13 00:00:00,47.92117912476409,47.98384849589498,47.88984443919863,47.94206891514105,1438550,0.0
BIL.US,道富SPDR彭博1-3个月美国国债ETF,1231909200000,2009-01-14,2009-01-14 00:00:00,47.96295870551802,47.96295870551802,47.92117912476409,47.952513810329535,4573650,0.0
BIL.US,道富SPDR彭博1-3个月美国国债ETF,1231995600000,2009-01-15,2009-01-15 00:00:00,47.92117912476409,47.96295870551802,47.88984443919863,47.96295870551802,207800,0.0
BIL.US,道富SPDR彭博1-3个月美国国债ETF,1232082000000,2009-01-16,2009-01-16 00:00:00,47.90028933438712,47.952513810329535,47.90028933438712,47.931624019952565,116500,0.0
BIL.US,道富SPDR彭博1-3个月美国国债ETF,1232427600000,2009-01-20,2009-01-20 00:00:00,47.952513810329535,47.98384849589498,47.8480648584447,47.8480648584447,1157900,0.0
BIL.US,道富SPDR彭博1-3个月美国国债ETF,1232514000000,2009-01-21,2009-01-21 00:00:00,47.87939954401015,47.931624019952565,47.85850975363318,47.931624019952565,133400,0.0
BIL.US,道富SPDR彭博1-3个月美国国债ETF,1232600400000,2009-01-22,2009-01-22 00:00:00,47.87939954401015,47.94206891514105,47.87939954401015,47.94206891514105,116900,0.0
BIL.US,道富SPDR彭博1-3个月美国国债ETF,1232686800000,2009-01-23,2009-01-23 00:00:00,47.88984443919863,47.94206891514105,47.86895464882166,47.931624019952565,94600,0.0
BIL.US,道富SPDR彭博1-3个月美国国债ETF,1232946000000,2009-01-26,2009-01-26 00:00:00,47.94206891514105,47.94206891514105,47.87939954401015,47.92117912476409,98500,0.0
BIL.US,道富SPDR彭博1-3个月美国国债ETF,1233032400000,2009-01-27,2009-01-27 00:00:00,47.931624019952565,47.931624019952565,47.86895464882166,47.90028933438712,105150,0.0
BIL.US,道富SPDR彭博1-3个月美国国债ETF,1233118800000,2009-01-28,2009-01-28 00:00:00,47.92117912476409,47.92117912476409,47.86895464882166,47.87939954401015,67450,0.0
BIL.US,道富SPDR彭博1-3个月美国国债ETF,1233205200000,2009-01-29,2009-01-29 00:00:00,47.88984443919863,47.910734229575596,47.85850975363318,47.87939954401015,226450,0.0
BIL.US,道富SPDR彭博1-3个月美国国债ETF,1233291600000,2009-01-30,2009-01-30 00:00:00,47.87939954401015,47.92117912476409,47.87939954401015,47.92117912476409,141800,0.0
BIL.US,道富SPDR彭博1-3个月美国国债ETF,1233550800000,2009-02-02,2009-02-02 00:00:00,47.910734229575596,47.952513810329535,47.86895464882166,47.94206891514105,513900,0.0
BIL.US,道富SPDR彭博1-3个月美国国债ETF,1233637200000,2009-02-03,2009-02-03 00:00:00,47.92117912476409,47.931624019952565,47.88984443919863,47.90028933438712,121850,0.0
BIL.US,道富SPDR彭博1-3个月美国国债ETF,1233723600000,2009-02-04,2009-02-04 00:00:00,47.90028933438712,47.931624019952565,47.87939954401015,47.931624019952565,67700,0.0
BIL.US,道富SPDR彭博1-3个月美国国债ETF,1233810000000,2009-02-05,2009-02-05 00:00:00,47.910734229575596,47.931624019952565,47.88984443919863,47.910734229575596,121950,0.0
BIL.US,道富SPDR彭博1-3个月美国国债ETF,1233896400000,2009-02-06,2009-02-06 00:00:00,47.83761996325621,47.90028933438712,47.827175068067724,47.83761996325621,1654150,0.0
BIL.US,道富SPDR彭博1-3个月美国国债ETF,1234155600000,2009-02-09,2009-02-09 00:00:00,47.88984443919863,47.910734229575596,47.85850975363318,47.90028933438712,164200,0.0
BIL.US,道富SPDR彭博1-3个月美国国债ETF,1234242000000,2009-02-10,2009-02-10 00:00:00,47.86895464882166,47.92117912476409,47.86895464882166,47.88984443919863,198100,0.0
BIL.US,道富SPDR彭博1-3个月美国国债ETF,1234328400000,2009-02-11,2009-02-11 00:00:00,47.90028933438712,47.90028933438712,47.87939954401015,47.87939954401015,147750,0.0
BIL.US,道富SPDR彭博1-3个月美国国债ETF,1234414800000,2009-02-12,2009-02-12 00:00:00,47.90028933438712,47.910734229575596,47.87939954401015,47.87939954401015,161100,0.0
BIL.US,道富SPDR彭博1-3个月美国国债ETF,1234501200000,2009-02-13,2009-02-13 00:00:00,47.87939954401015,47.92117912476409,47.86895464882166,47.92117912476409,1087600,0.0
BIL.US,道富SPDR彭博1-3个月美国国债ETF,1234846800000,2009-02-17,2009-02-17 00:00:00,47.92117912476409,47.931624019952565,47.90028933438712,47.92117912476409,2976300,0.0
BIL.US,道富SPDR彭博1-3个月美国国债ETF,1234933200000,2009-02-18,2009-02-18 00:00:00,47.87939954401015,47.931624019952565,47.87939954401015,47.931624019952565,666500,0.0
BIL.US,道富SPDR彭博1-3个月美国国债ETF,1235019600000,2009-02-19,2009-02-19 00:00:00,47.90028933438712,47.94206891514105,47.88984443919863,47.931624019952565,641800,0.0
BIL.US,道富SPDR彭博1-3个月美国国债ETF,1235106000000,2009-02-20,2009-02-20 00:00:00,47.90028933438712,47.931624019952565,47.90028933438712,47.931624019952565,227400,0.0
BIL.US,道富SPDR彭博1-3个月美国国债ETF,1235365200000,2009-02-23,2009-02-23 00:00:00,47.92117912476409,47.931624019952565,47.90028933438712,47.92117912476409,342350,0.0
BIL.US,道富SPDR彭博1-3个月美国国债ETF,1235451600000,2009-02-24,2009-02-24 00:00:00,47.92117912476409,47.92117912476409,47.85850975363318,47.88984443919863,3389950,0.0
BIL.US,道富SPDR彭博1-3个月美国国债ETF,1235538000000,2009-02-25,2009-02-25 00:00:00,47.90028933438712,47.910734229575596,47.86895464882166,47.86895464882166,1315150,0.0
BIL.US,道富SPDR彭博1-3个月美国国债ETF,1235624400000,2009-02-26,2009-02-26 00:00:00,47.910734229575596,47.910734229575596,47.87939954401015,47.87939954401015,201300,0.0
BIL.US,道富SPDR彭博1-3个月美国国债ETF,1235710800000,2009-02-27,2009-02-27 00:00:00,47.90028933438712,47.931624019952565,47.88984443919863,47.910734229575596,142750,0.0
BIL.US,道富SPDR彭博1-3个月美国国债ETF,1235970000000,2009-03-02,2009-03-02 00:00:00,47.92117912476409,47.94206891514105,47.90028933438712,47.931624019952565,325450,0.0
BIL.US,道富SPDR彭博1-3个月美国国债ETF,1236056400000,2009-03-03,2009-03-03 00:00:00,47.94206891514105,47.94206891514105,47.86895464882166,47.92117912476409,397650,0.0
BIL.US,道富SPDR彭博1-3个月美国国债ETF,1236142800000,2009-03-04,2009-03-04 00:00:00,47.931624019952565,47.931624019952565,47.87939954401015,47.92117912476409,140900,0.0
BIL.US,道富SPDR彭博1-3个月美国国债ETF,1236229200000,2009-03-05,2009-03-05 00:00:00,47.910734229575596,47.931624019952565,47.88984443919863,47.931624019952565,246000,0.0
BIL.US,道富SPDR彭博1-3个月美国国债ETF,1236315600000,2009-03-06,2009-03-06 00:00:00,47.90028933438712,47.931624019952565,47.90028933438712,47.92117912476409,278150,0.0
BIL.US,道富SPDR彭博1-3个月美国国债ETF,1236571200000,2009-03-09,2009-03-09 00:00:00,47.94206891514105,47.94206891514105,47.910734229575596,47.92117912476409,258650,0.0
BIL.US,道富SPDR彭博1-3个月美国国债ETF,1236657600000,2009-03-10,2009-03-10 00:00:00,47.931624019952565,47.931624019952565,47.88984443919863,47.92117912476409,136850,0.0
BIL.US,道富SPDR彭博1-3个月美国国债ETF,1236744000000,2009-03-11,2009-03-11 00:00:00,47.90028933438712,47.92117912476409,47.86895464882166,47.92117912476409,281650,0.0
BIL.US,道富SPDR彭博1-3个月美国国债ETF,1236830400000,2009-03-12,2009-03-12 00:00:00,47.87939954401015,47.92117912476409,47.87939954401015,47.90028933438712,160550,0.0
BIL.US,道富SPDR彭博1-3个月美国国债ETF,1236916800000,2009-03-13,2009-03-13 00:00:00,47.90028933438712,47.92117912476409,47.87939954401015,47.88984443919863,299750,0.0
BIL.US,道富SPDR彭博1-3个月美国国债ETF,1237176000000,2009-03-16,2009-03-16 00:00:00,47.87939954401015,47.90028933438712,47.86895464882166,47.87939954401015,258800,0.0
BIL.US,道富SPDR彭博1-3个月美国国债ETF,1237262400000,2009-03-17,2009-03-17 00:00:00,47.87939954401015,47.910734229575596,47.87939954401015,47.910734229575596,141750,0.0
BIL.US,道富SPDR彭博1-3个月美国国债ETF,1237348800000,2009-03-18,2009-03-18 00:00:00,47.90028933438712,47.952513810329535,47.87939954401015,47.92117912476409,421100,0.0
BIL.US,道富SPDR彭博1-3个月美国国债ETF,1237435200000,2009-03-19,2009-03-19 00:00:00,47.90028933438712,47.92117912476409,47.87939954401015,47.88984443919863,395000,0.0
BIL.US,道富SPDR彭博1-3个月美国国债ETF,1237521600000,2009-03-20,2009-03-20 00:00:00,47.92117912476409,47.92117912476409,47.90028933438712,47.910734229575596,198550,0.0
BIL.US,道富SPDR彭博1-3个月美国国债ETF,1237780800000,2009-03-23,2009-03-23 00:00:00,47.92117912476409,47.92117912476409,47.88984443919863,47.92117912476409,165300,0.0
BIL.US,道富SPDR彭博1-3个月美国国债ETF,1237867200000,2009-03-24,2009-03-24 00:00:00,47.90028933438712,47.92117912476409,47.90028933438712,47.910734229575596,133750,0.0
BIL.US,道富SPDR彭博1-3个月美国国债ETF,1237953600000,2009-03-25,2009-03-25 00:00:00,47.910734229575596,47.931624019952565,47.910734229575596,47.931624019952565,165200,0.0
BIL.US,道富SPDR彭博1-3个月美国国债ETF,1238040000000,2009-03-26,2009-03-26 00:00:00,47.90028933438712,47.931624019952565,47.90028933438712,47.92117912476409,464750,0.0
BIL.US,道富SPDR彭博1-3个月美国国债ETF,1238126400000,2009-03-27,2009-03-27 00:00:00,47.92117912476409,47.931624019952565,47.910734229575596,47.931624019952565,191750,0.0
BIL.US,道富SPDR彭博1-3个月美国国债ETF,1238385600000,2009-03-30,2009-03-30 00:00:00,47.931624019952565,47.931624019952565,47.910734229575596,47.92117912476409,173650,0.0
BIL.US,道富SPDR彭博1-3个月美国国债ETF,1238472000000,2009-03-31,2009-03-31 00:00:00,47.910734229575596,47.92117912476409,47.90028933438712,47.90028933438712,160650,0.0
BIL.US,道富SPDR彭博1-3个月美国国债ETF,1238558400000,2009-04-01,2009-04-01 00:00:00,47.90028933438712,47.931624019952565,47.88984443919863,47.90028933438712,218500,0.0
BIL.US,道富SPDR彭博1-3个月美国国债ETF,1238644800000,2009-04-02,2009-04-02 00:00:00,47.88984443919863,47.910734229575596,47.86895464882166,47.86895464882166,1172500,0.0
BIL.US,道富SPDR彭博1-3个月美国国债ETF,1238731200000,2009-04-03,2009-04-03 00:00:00,47.86895464882166,47.90028933438712,47.86895464882166,47.90028933438712,274350,0.0
BIL.US,道富SPDR彭博1-3个月美国国债ETF,1238990400000,2009-04-06,2009-04-06 00:00:00,47.87939954401015,47.910734229575596,47.86895464882166,47.88984443919863,242350,0.0
BIL.US,道富SPDR彭博1-3个月美国国债ETF,1239076800000,2009-04-07,2009-04-07 00:00:00,47.87939954401015,47.90028933438712,47.87939954401015,47.88984443919863,153000,0.0
BIL.US,道富SPDR彭博1-3个月美国国债ETF,1239163200000,2009-04-08,2009-04-08 00:00:00,47.910734229575596,47.92117912476409,47.87939954401015,47.910734229575596,150150,0.0
BIL.US,道富SPDR彭博1-3个月美国国债ETF,1239249600000,2009-04-09,2009-04-09 00:00:00,47.90028933438712,47.90028933438712,47.87939954401015,47.87939954401015,542500,0.0
BIL.US,道富SPDR彭博1-3个月美国国债ETF,1239595200000,2009-04-13,2009-04-13 00:00:00,47.87939954401015,47.910734229575596,47.87939954401015,47.910734229575596,243500,0.0
BIL.US,道富SPDR彭博1-3个月美国国债ETF,1239681600000,2009-04-14,2009-04-14 00:00:00,47.88984443919863,47.90028933438712,47.87939954401015,47.88984443919863,125600,0.0
BIL.US,道富SPDR彭博1-3个月美国国债ETF,1239768000000,2009-04-15,2009-04-15 00:00:00,47.90028933438712,47.910734229575596,47.87939954401015,47.88984443919863,158950,0.0
BIL.US,道富SPDR彭博1-3个月美国国债ETF,1239854400000,2009-04-16,2009-04-16 00:00:00,47.90028933438712,47.92117912476409,47.87939954401015,47.92117912476409,176000,0.0
BIL.US,道富SPDR彭博1-3个月美国国债ETF,1239940800000,2009-04-17,2009-04-17 00:00:00,47.92117912476409,47.92117912476409,47.86895464882166,47.86895464882166,467950,0.0
BIL.US,道富SPDR彭博1-3个月美国国债ETF,1240200000000,2009-04-20,2009-04-20 00:00:00,47.88984443919863,47.90028933438712,47.86895464882166,47.88984443919863,115500,0.0
BIL.US,道富SPDR彭博1-3个月美国国债ETF,1240286400000,2009-04-21,2009-04-21 00:00:00,47.88984443919863,47.90028933438712,47.87939954401015,47.87939954401015,118850,0.0
BIL.US,道富SPDR彭博1-3个月美国国债ETF,1240372800000,2009-04-22,2009-04-22 00:00:00,47.90028933438712,47.910734229575596,47.88984443919863,47.910734229575596,95150,0.0
BIL.US,道富SPDR彭博1-3个月美国国债ETF,1240459200000,2009-04-23,2009-04-23 00:00:00,47.92117912476409,47.931624019952565,47.90028933438712,47.931624019952565,182200,0.0
BIL.US,道富SPDR彭博1-3个月美国国债ETF,1240545600000,2009-04-24,2009-04-24 00:00:00,47.910734229575596,47.931624019952565,47.90028933438712,47.931624019952565,98800,0.0
BIL.US,道富SPDR彭博1-3个月美国国债ETF,1240804800000,2009-04-27,2009-04-27 00:00:00,47.88984443919863,47.931624019952565,47.88984443919863,47.92117912476409,151000,0.0
BIL.US,道富SPDR彭博1-3个月美国国债ETF,1240891200000,2009-04-28,2009-04-28 00:00:00,47.90028933438712,47.931624019952565,47.90028933438712,47.931624019952565,300600,0.0
BIL.US,道富SPDR彭博1-3个月美国国债ETF,1240977600000,2009-04-29,2009-04-29 00:00:00,47.92117912476409,47.931624019952565,47.910734229575596,47.92117912476409,143450,0.0
BIL.US,道富SPDR彭博1-3个月美国国债ETF,1241064000000,2009-04-30,2009-04-30 00:00:00,47.92117912476409,47.931624019952565,47.90028933438712,47.92117912476409,183900,0.0
BIL.US,道富SPDR彭博1-3个月美国国债ETF,1241150400000,2009-05-01,2009-05-01 00:00:00,47.90028933438712,47.931624019952565,47.88984443919863,47.931624019952565,62300,0.0
BIL.US,道富SPDR彭博1-3个月美国国债ETF,1241409600000,2009-05-04,2009-05-04 00:00:00,47.90028933438712,47.92117912476409,47.86895464882166,47.86895464882166,151350,0.0
BIL.US,道富SPDR彭博1-3个月美国国债ETF,1241496000000,2009-05-05,2009-05-05 00:00:00,47.88984443919863,47.90028933438712,47.86895464882166,47.87939954401015,199150,0.0
BIL.US,道富SPDR彭博1-3个月美国国债ETF,1241582400000,2009-05-06,2009-05-06 00:00:00,47.86895464882166,47.910734229575596,47.86895464882166,47.86895464882166,97050,0.0
BIL.US,道富SPDR彭博1-3个月美国国债ETF,1241668800000,2009-05-07,2009-05-07 00:00:00,47.86895464882166,47.90028933438712,47.86895464882166,47.86895464882166,133800,0.0
BIL.US,道富SPDR彭博1-3个月美国国债ETF,1241755200000,2009-05-08,2009-05-08 00:00:00,47.87939954401015,47.88984443919863,47.86895464882166,47.87939954401015,187700,0.0
BIL.US,道富SPDR彭博1-3个月美国国债ETF,1242014400000,2009-05-11,2009-05-11 00:00:00,47.86895464882166,47.92117912476409,47.86895464882166,47.86895464882166,220050,0.0
BIL.US,道富SPDR彭博1-3个月美国国债ETF,1242100800000,2009-05-12,2009-05-12 00:00:00,47.86895464882166,47.92117912476409,47.86895464882166,47.910734229575596,152400,0.0
BIL.US,道富SPDR彭博1-3个月美国国债ETF,1242187200000,2009-05-13,2009-05-13 00:00:00,47.87939954401015,47.910734229575596,47.87939954401015,47.87939954401015,100350,0.0
BIL.US,道富SPDR彭博1-3个月美国国债ETF,1242273600000,2009-05-14,2009-05-14 00:00:00,47.87939954401015,47.90028933438712,47.87939954401015,47.88984443919863,232850,0.0
BIL.US,道富SPDR彭博1-3个月美国国债ETF,1242360000000,2009-05-15,2009-05-15 00:00:00,47.910734229575596,47.910734229575596,47.87939954401015,47.88984443919863,107200,0.0
BIL.US,道富SPDR彭博1-3个月美国国债ETF,1242619200000,2009-05-18,2009-05-18 00:00:00,47.87939954401015,47.92117912476409,47.87939954401015,47.92117912476409,342350,0.0
BIL.US,道富SPDR彭博1-3个月美国国债ETF,1242705600000,2009-05-19,2009-05-19 00:00:00,47.88984443919863,47.910734229575596,47.87939954401015,47.910734229575596,122100,0.0
BIL.US,道富SPDR彭博1-3个月美国国债ETF,1242792000000,2009-05-20,2009-05-20 00:00:00,47.88984443919863,47.90028933438712,47.86895464882166,47.86895464882166,484850,0.0
BIL.US,道富SPDR彭博1-3个月美国国债ETF,1242878400000,2009-05-21,2009-05-21 00:00:00,47.87939954401015,47.910734229575596,47.87939954401015,47.90028933438712,293850,0.0
BIL.US,道富SPDR彭博1-3个月美国国债ETF,1242964800000,2009-05-22,2009-05-22 00:00:00,47.910734229575596,47.910734229575596,47.87939954401015,47.910734229575596,231500,0.0
BIL.US,道富SPDR彭博1-3个月美国国债ETF,1243310400000,2009-05-26,2009-05-26 00:00:00,47.910734229575596,47.92117912476409,47.88984443919863,47.92117912476409,113700,0.0
BIL.US,道富SPDR彭博1-3个月美国国债ETF,1243396800000,2009-05-27,2009-05-27 00:00:00,47.88984443919863,47.931624019952565,47.88984443919863,47.92117912476409,175100,0.0
BIL.US,道富SPDR彭博1-3个月美国国债ETF,1243483200000,2009-05-28,2009-05-28 00:00:00,47.92117912476409,47.931624019952565,47.90028933438712,47.910734229575596,85350,0.0
BIL.US,道富SPDR彭博1-3个月美国国债ETF,1243569600000,2009-05-29,2009-05-29 00:00:00,47.910734229575596,47.92117912476409,47.910734229575596,47.92117912476409,105750,0.0
BIL.US,道富SPDR彭博1-3个月美国国债ETF,1243828800000,2009-06-01,2009-06-01 00:00:00,47.92117912476409,47.92117912476409,47.87939954401015,47.87939954401015,348100,0.0
BIL.US,道富SPDR彭博1-3个月美国国债ETF,1243915200000,2009-06-02,2009-06-02 00:00:00,47.88984443919863,47.910734229575596,47.87939954401015,47.87939954401015,912000,0.0
BIL.US,道富SPDR彭博1-3个月美国国债ETF,1244001600000,2009-06-03,2009-06-03 00:00:00,47.87939954401015,47.92117912476409,47.87939954401015,47.90028933438712,76500,0.0
BIL.US,道富SPDR彭博1-3个月美国国债ETF,1244088000000,2009-06-04,2009-06-04 00:00:00,47.90028933438712,47.910734229575596,47.87939954401015,47.90028933438712,134000,0.0
BIL.US,道富SPDR彭博1-3个月美国国债ETF,1244174400000,2009-06-05,2009-06-05 00:00:00,47.90028933438712,47.90028933438712,47.86895464882166,47.88984443919863,271900,0.0
BIL.US,道富SPDR彭博1-3个月美国国债ETF,1244433600000,2009-06-08,2009-06-08 00:00:00,47.88984443919863,47.910734229575596,47.86895464882166,47.90028933438712,132200,0.0
BIL.US,道富SPDR彭博1-3个月美国国债ETF,1244520000000,2009-06-09,2009-06-09 00:00:00,47.87939954401015,47.90028933438712,47.87939954401015,47.88984443919863,101650,0.0
BIL.US,道富SPDR彭博1-3个月美国国债ETF,1244606400000,2009-06-10,2009-06-10 00:00:00,47.90028933438712,47.910734229575596,47.87939954401015,47.90028933438712,124200,0.0
BIL.US,道富SPDR彭博1-3个月美国国债ETF,1244692800000,2009-06-11,2009-06-11 00:00:00,47.88984443919863,47.90028933438712,47.86895464882166,47.86895464882166,98050,0.0
BIL.US,道富SPDR彭博1-3个月美国国债ETF,1244779200000,2009-06-12,2009-06-12 00:00:00,47.88984443919863,47.910734229575596,47.87939954401015,47.910734229575596,216350,0.0
BIL.US,道富SPDR彭博1-3个月美国国债ETF,1245038400000,2009-06-15,2009-06-15 00:00:00,47.90028933438712,47.910734229575596,47.87939954401015,47.910734229575596,116850,0.0
BIL.US,道富SPDR彭博1-3个月美国国债ETF,1245124800000,2009-06-16,2009-06-16 00:00:00,47.910734229575596,47.92117912476409,47.88984443919863,47.92117912476409,711450,0.0
BIL.US,道富SPDR彭博1-3个月美国国债ETF,1245211200000,2009-06-17,2009-06-17 00:00:00,47.92117912476409,47.92117912476409,47.90028933438712,47.92117912476409,153400,0.0
BIL.US,道富SPDR彭博1-3个月美国国债ETF,1245297600000,2009-06-18,2009-06-18 00:00:00,47.92117912476409,47.92117912476409,47.90028933438712,47.910734229575596,330100,0.0
BIL.US,道富SPDR彭博1-3个月美国国债ETF,1245384000000,2009-06-19,2009-06-19 00:00:00,47.90028933438712,47.92117912476409,47.88984443919863,47.92117912476409,232600,0.0
BIL.US,道富SPDR彭博1-3个月美国国债ETF,1245643200000,2009-06-22,2009-06-22 00:00:00,47.92117912476409,47.92117912476409,47.90028933438712,47.92117912476409,214900,0.0
BIL.US,道富SPDR彭博1-3个月美国国债ETF,1245729600000,2009-06-23,2009-06-23 00:00:00,47.92117912476409,47.92117912476409,47.910734229575596,47.92117912476409,242400,0.0
BIL.US,道富SPDR彭博1-3个月美国国债ETF,1245816000000,2009-06-24,2009-06-24 00:00:00,47.92117912476409,47.92117912476409,47.910734229575596,47.92117912476409,173300,0.0
BIL.US,道富SPDR彭博1-3个月美国国债ETF,1245902400000,2009-06-25,2009-06-25 00:00:00,47.910734229575596,47.931624019952565,47.910734229575596,47.92117912476409,322950,0.0
BIL.US,道富SPDR彭博1-3个月美国国债ETF,1245988800000,2009-06-26,2009-06-26 00:00:00,47.910734229575596,47.92117912476409,47.90028933438712,47.92117912476409,127350,0.0
BIL.US,道富SPDR彭博1-3个月美国国债ETF,1246248000000,2009-06-29,2009-06-29 00:00:00,47.92117912476409,47.92117912476409,47.910734229575596,47.92117912476409,136600,0.0
BIL.US,道富SPDR彭博1-3个月美国国债ETF,1246334400000,2009-06-30,2009-06-30 00:00:00,47.92117912476409,47.92117912476409,47.910734229575596,47.910734229575596,189550,0.0
BIL.US,道富SPDR彭博1-3个月美国国债ETF,1246420800000,2009-07-01,2009-07-01 00:00:00,47.910734229575596,47.92117912476409,47.910734229575596,47.910734229575596,94400,0.0
BIL.US,道富SPDR彭博1-3个月美国国债ETF,1246507200000,2009-07-02,2009-07-02 00:00:00,47.92117912476409,47.92117912476409,47.910734229575596,47.92117912476409,100100,0.0
BIL.US,道富SPDR彭博1-3个月美国国债ETF,1246852800000,2009-07-06,2009-07-06 00:00:00,47.910734229575596,47.92117912476409,47.910734229575596,47.910734229575596,113200,0.0
BIL.US,道富SPDR彭博1-3个月美国国债ETF,1246939200000,2009-07-07,2009-07-07 00:00:00,47.92117912476409,47.92117912476409,47.910734229575596,47.910734229575596,146100,0.0
BIL.US,道富SPDR彭博1-3个月美国国债ETF,1247025600000,2009-07-08,2009-07-08 00:00:00,47.92117912476409,47.92117912476409,47.910734229575596,47.92117912476409,170500,0.0
BIL.US,道富SPDR彭博1-3个月美国国债ETF,1247112000000,2009-07-09,2009-07-09 00:00:00,47.92117912476409,47.92117912476409,47.910734229575596,47.910734229575596,113000,0.0
BIL.US,道富SPDR彭博1-3个月美国国债ETF,1247198400000,2009-07-10,2009-07-10 00:00:00,47.910734229575596,47.92117912476409,47.910734229575596,47.910734229575596,246100,0.0
BIL.US,道富SPDR彭博1-3个月美国国债ETF,1247457600000,2009-07-13,2009-07-13 00:00:00,47.910734229575596,47.92117912476409,47.90028933438712,47.92117912476409,430750,0.0
BIL.US,道富SPDR彭博1-3个月美国国债ETF,1247544000000,2009-07-14,2009-07-14 00:00:00,47.92117912476409,47.92117912476409,47.910734229575596,47.92117912476409,143300,0.0
BIL.US,道富SPDR彭博1-3个月美国国债ETF,1247630400000,2009-07-15,2009-07-15 00:00:00,47.92117912476409,47.92117912476409,47.90028933438712,47.90028933438712,149050,0.0
BIL.US,道富SPDR彭博1-3个月美国国债ETF,1247716800000,2009-07-16,2009-07-16 00:00:00,47.90028933438712,47.92117912476409,47.90028933438712,47.92117912476409,204950,0.0
BIL.US,道富SPDR彭博1-3个月美国国债ETF,1247803200000,2009-07-17,2009-07-17 00:00:00,47.90028933438712,47.92117912476409,47.90028933438712,47.92117912476409,122750,0.0
BIL.US,道富SPDR彭博1-3个月美国国债ETF,1248062400000,2009-07-20,2009-07-20 00:00:00,47.90028933438712,47.910734229575596,47.90028933438712,47.90028933438712,269600,0.0
BIL.US,道富SPDR彭博1-3个月美国国债ETF,1248148800000,2009-07-21,2009-07-21 00:00:00,47.90028933438712,47.910734229575596,47.88984443919863,47.90028933438712,509850,0.0
BIL.US,道富SPDR彭博1-3个月美国国债ETF,1248235200000,2009-07-22,2009-07-22 00:00:00,47.90028933438712,47.910734229575596,47.88984443919863,47.910734229575596,266750,0.0
BIL.US,道富SPDR彭博1-3个月美国国债ETF,1248321600000,2009-07-23,2009-07-23 00:00:00,47.90028933438712,47.90028933438712,47.88984443919863,47.90028933438712,461600,0.0
BIL.US,道富SPDR彭博1-3个月美国国债ETF,1248408000000,2009-07-24,2009-07-24 00:00:00,47.90028933438712,47.90028933438712,47.88984443919863,47.88984443919863,815800,0.0
BIL.US,道富SPDR彭博1-3个月美国国债ETF,1248667200000,2009-07-27,2009-07-27 00:00:00,47.88984443919863,47.90028933438712,47.88984443919863,47.88984443919863,158600,0.0
BIL.US,道富SPDR彭博1-3个月美国国债ETF,1248753600000,2009-07-28,2009-07-28 00:00:00,47.90028933438712,47.90028933438712,47.88984443919863,47.90028933438712,243500,0.0
BIL.US,道富SPDR彭博1-3个月美国国债ETF,1248840000000,2009-07-29,2009-07-29 00:00:00,47.90028933438712,47.910734229575596,47.88984443919863,47.90028933438712,133950,0.0
BIL.US,道富SPDR彭博1-3个月美国国债ETF,1248926400000,2009-07-30,2009-07-30 00:00:00,47.88984443919863,47.92117912476409,47.88984443919863,47.910734229575596,220100,0.0
BIL.US,道富SPDR彭博1-3个月美国国债ETF,1249012800000,2009-07-31,2009-07-31 00:00:00,47.90028933438712,47.910734229575596,47.87939954401015,47.87939954401015,102950,0.0
BIL.US,道富SPDR彭博1-3个月美国国债ETF,1249272000000,2009-08-03,2009-08-03 00:00:00,47.88984443919863,47.90028933438712,47.87939954401015,47.88984443919863,438050,0.0
BIL.US,道富SPDR彭博1-3个月美国国债ETF,1249358400000,2009-08-04,2009-08-04 00:00:00,47.90028933438712,47.90028933438712,47.87939954401015,47.90028933438712,239900,0.0
BIL.US,道富SPDR彭博1-3个月美国国债ETF,1249444800000,2009-08-05,2009-08-05 00:00:00,47.88984443919863,47.90028933438712,47.87939954401015,47.88984443919863,188900,0.0
BIL.US,道富SPDR彭博1-3个月美国国债ETF,1249531200000,2009-08-06,2009-08-06 00:00:00,47.88984443919863,47.90028933438712,47.88984443919863,47.88984443919863,85550,0.0
BIL.US,道富SPDR彭博1-3个月美国国债ETF,1249617600000,2009-08-07,2009-08-07 00:00:00,47.88984443919863,47.90028933438712,47.88984443919863,47.88984443919863,147250,0.0
BIL.US,道富SPDR彭博1-3个月美国国债ETF,1249876800000,2009-08-10,2009-08-10 00:00:00,47.90028933438712,47.90028933438712,47.87939954401015,47.88984443919863,134500,0.0
BIL.US,道富SPDR彭博1-3个月美国国债ETF,1249963200000,2009-08-11,2009-08-11 00:00:00,47.90028933438712,47.90028933438712,47.88984443919863,47.88984443919863,88950,0.0
BIL.US,道富SPDR彭博1-3个月美国国债ETF,1250049600000,2009-08-12,2009-08-12 00:00:00,47.88984443919863,47.910734229575596,47.88984443919863,47.910734229575596,188500,0.0
BIL.US,道富SPDR彭博1-3个月美国国债ETF,1250136000000,2009-08-13,2009-08-13 00:00:00,47.90028933438712,47.910734229575596,47.88984443919863,47.88984443919863,149000,0.0
BIL.US,道富SPDR彭博1-3个月美国国债ETF,1250222400000,2009-08-14,2009-08-14 00:00:00,47.88984443919863,47.910734229575596,47.87939954401015,47.910734229575596,129500,0.0
BIL.US,道富SPDR彭博1-3个月美国国债ETF,1250481600000,2009-08-17,2009-08-17 00:00:00,47.90028933438712,47.910734229575596,47.88984443919863,47.88984443919863,115200,0.0
BIL.US,道富SPDR彭博1-3个月美国国债ETF,1250568000000,2009-08-18,2009-08-18 00:00:00,47.910734229575596,47.910734229575596,47.88984443919863,47.910734229575596,73450,0.0
BIL.US,道富SPDR彭博1-3个月美国国债ETF,1250654400000,2009-08-19,2009-08-19 00:00:00,47.88984443919863,47.910734229575596,47.88984443919863,47.88984443919863,67050,0.0
BIL.US,道富SPDR彭博1-3个月美国国债ETF,1250740800000,2009-08-20,2009-08-20 00:00:00,47.910734229575596,47.910734229575596,47.88984443919863,47.90028933438712,143100,0.0
BIL.US,道富SPDR彭博1-3个月美国国债ETF,1250827200000,2009-08-21,2009-08-21 00:00:00,47.88984443919863,47.90028933438712,47.88984443919863,47.88984443919863,176100,0.0
BIL.US,道富SPDR彭博1-3个月美国国债ETF,1251086400000,2009-08-24,2009-08-24 00:00:00,47.88984443919863,47.90028933438712,47.88984443919863,47.88984443919863,202300,0.0
BIL.US,道富SPDR彭博1-3个月美国国债ETF,1251172800000,2009-08-25,2009-08-25 00:00:00,47.88984443919863,47.90028933438712,47.88984443919863,47.88984443919863,398550,0.0
BIL.US,道富SPDR彭博1-3个月美国国债ETF,1251259200000,2009-08-26,2009-08-26 00:00:00,47.88984443919863,47.90028933438712,47.88984443919863,47.90028933438712,90100,0.0
BIL.US,道富SPDR彭博1-3个月美国国债ETF,1251345600000,2009-08-27,2009-08-27 00:00:00,47.88984443919863,47.910734229575596,47.88984443919863,47.90028933438712,118750,0.0
BIL.US,道富SPDR彭博1-3个月美国国债ETF,1251432000000,2009-08-28,2009-08-28 00:00:00,47.90028933438712,47.92117912476409,47.88984443919863,47.910734229575596,83550,0.0
BIL.US,道富SPDR彭博1-3个月美国国债ETF,1251691200000,2009-08-31,2009-08-31 00:00:00,47.910734229575596,47.910734229575596,47.90028933438712,47.910734229575596,153700,0.0
BIL.US,道富SPDR彭博1-3个月美国国债ETF,1251777600000,2009-09-01,2009-09-01 00:00:00,47.910734229575596,47.910734229575596,47.87939954401015,47.87939954401015,438500,0.0
BIL.US,道富SPDR彭博1-3个月美国国债ETF,1251864000000,2009-09-02,2009-09-02 00:00:00,47.910734229575596,47.92117912476409,47.87939954401015,47.92117912476409,334750,0.0
BIL.US,道富SPDR彭博1-3个月美国国债ETF,1251950400000,2009-09-03,2009-09-03 00:00:00,47.90028933438712,47.92117912476409,47.90028933438712,47.92117912476409,174700,0.0
BIL.US,道富SPDR彭博1-3个月美国国债ETF,1252036800000,2009-09-04,2009-09-04 00:00:00,47.90028933438712,47.92117912476409,47.90028933438712,47.92117912476409,78850,0.0
BIL.US,道富SPDR彭博1-3个月美国国债ETF,1252382400000,2009-09-08,2009-09-08 00:00:00,47.90028933438712,47.92117912476409,47.90028933438712,47.92117912476409,159000,0.0
BIL.US,道富SPDR彭博1-3个月美国国债ETF,1252468800000,2009-09-09,2009-09-09 00:00:00,47.910734229575596,47.92117912476409,47.88984443919863,47.88984443919863,119100,0.0
BIL.US,道富SPDR彭博1-3个月美国国债ETF,1252555200000,2009-09-10,2009-09-10 00:00:00,47.910734229575596,47.910734229575596,47.88984443919863,47.90028933438712,148450,0.0
BIL.US,道富SPDR彭博1-3个月美国国债ETF,1252641600000,2009-09-11,2009-09-11 00:00:00,47.88984443919863,47.90028933438712,47.88984443919863,47.88984443919863,211600,0.0
BIL.US,道富SPDR彭博1-3个月美国国债ETF,1252900800000,2009-09-14,2009-09-14 00:00:00,47.910734229575596,47.910734229575596,47.88984443919863,47.88984443919863,89550,0.0
BIL.US,道富SPDR彭博1-3个月美国国债ETF,1252987200000,2009-09-15,2009-09-15 00:00:00,47.88984443919863,47.90028933438712,47.88984443919863,47.88984443919863,167500,0.0
BIL.US,道富SPDR彭博1-3个月美国国债ETF,1253073600000,2009-09-16,2009-09-16 00:00:00,47.88984443919863,47.90028933438712,47.88984443919863,47.88984443919863,167900,0.0
BIL.US,道富SPDR彭博1-3个月美国国债ETF,1253160000000,2009-09-17,2009-09-17 00:00:00,47.90028933438712,47.910734229575596,47.88984443919863,47.90028933438712,196700,0.0
BIL.US,道富SPDR彭博1-3个月美国国债ETF,1253246400000,2009-09-18,2009-09-18 00:00:00,47.88984443919863,47.90028933438712,47.88984443919863,47.88984443919863,483250,0.0
BIL.US,道富SPDR彭博1-3个月美国国债ETF,1253505600000,2009-09-21,2009-09-21 00:00:00,47.88984443919863,47.92117912476409,47.88984443919863,47.92117912476409,101900,0.0
BIL.US,道富SPDR彭博1-3个月美国国债ETF,1253592000000,2009-09-22,2009-09-22 00:00:00,47.910734229575596,47.910734229575596,47.88984443919863,47.88984443919863,187200,0.0
BIL.US,道富SPDR彭博1-3个月美国国债ETF,1253678400000,2009-09-23,2009-09-23 00:00:00,47.90028933438712,47.910734229575596,47.88984443919863,47.910734229575596,129750,0.0
BIL.US,道富SPDR彭博1-3个月美国国债ETF,1253764800000,2009-09-24,2009-09-24 00:00:00,47.910734229575596,47.910734229575596,47.88984443919863,47.88984443919863,98950,0.0
BIL.US,道富SPDR彭博1-3个月美国国债ETF,1253851200000,2009-09-25,2009-09-25 00:00:00,47.90028933438712,47.910734229575596,47.88984443919863,47.910734229575596,80550,0.0
BIL.US,道富SPDR彭博1-3个月美国国债ETF,1254110400000,2009-09-28,2009-09-28 00:00:00,47.90028933438712,47.92117912476409,47.88984443919863,47.92117912476409,198050,0.0
BIL.US,道富SPDR彭博1-3个月美国国债ETF,1254196800000,2009-09-29,2009-09-29 00:00:00,47.90028933438712,47.92117912476409,47.90028933438712,47.92117912476409,95550,0.0
BIL.US,道富SPDR彭博1-3个月美国国债ETF,1254283200000,2009-09-30,2009-09-30 00:00:00,47.90028933438712,47.931624019952565,47.90028933438712,47.92117912476409,142500,0.0
BIL.US,道富SPDR彭博1-3个月美国国债ETF,1254369600000,2009-10-01,2009-10-01 00:00:00,47.90028933438712,47.910734229575596,47.88984443919863,47.88984443919863,591400,0.0
BIL.US,道富SPDR彭博1-3个月美国国债ETF,1254456000000,2009-10-02,2009-10-02 00:00:00,47.90028933438712,47.92117912476409,47.88984443919863,47.88984443919863,108800,0.0
BIL.US,道富SPDR彭博1-3个月美国国债ETF,1254715200000,2009-10-05,2009-10-05 00:00:00,47.90028933438712,47.910734229575596,47.88984443919863,47.910734229575596,133750,0.0
BIL.US,道富SPDR彭博1-3个月美国国债ETF,1254801600000,2009-10-06,2009-10-06 00:00:00,47.910734229575596,47.910734229575596,47.88984443919863,47.88984443919863,227700,0.0
BIL.US,道富SPDR彭博1-3个月美国国债ETF,1254888000000,2009-10-07,2009-10-07 00:00:00,47.88984443919863,47.910734229575596,47.88984443919863,47.910734229575596,106550,0.0
BIL.US,道富SPDR彭博1-3个月美国国债ETF,1254974400000,2009-10-08,2009-10-08 00:00:00,47.90028933438712,47.910734229575596,47.88984443919863,47.88984443919863,109950,0.0
BIL.US,道富SPDR彭博1-3个月美国国债ETF,1255060800000,2009-10-09,2009-10-09 00:00:00,47.90028933438712,47.910734229575596,47.88984443919863,47.90028933438712,228900,0.0
BIL.US,道富SPDR彭博1-3个月美国国债ETF,1255320000000,2009-10-12,2009-10-12 00:00:00,47.90028933438712,47.910734229575596,47.88984443919863,47.90028933438712,101850,0.0
BIL.US,道富SPDR彭博1-3个月美国国债ETF,1255406400000,2009-10-13,2009-10-13 00:00:00,47.90028933438712,47.90028933438712,47.88984443919863,47.90028933438712,80250,0.0
BIL.US,道富SPDR彭博1-3个月美国国债ETF,1255492800000,2009-10-14,2009-10-14 00:00:00,47.88984443919863,47.90028933438712,47.88984443919863,47.88984443919863,345450,0.0
BIL.US,道富SPDR彭博1-3个月美国国债ETF,1255579200000,2009-10-15,2009-10-15 00:00:00,47.88984443919863,47.90028933438712,47.88984443919863,47.88984443919863,122150,0.0
BIL.US,道富SPDR彭博1-3个月美国国债ETF,1255665600000,2009-10-16,2009-10-16 00:00:00,47.88984443919863,47.910734229575596,47.88984443919863,47.910734229575596,88950,0.0
BIL.US,道富SPDR彭博1-3个月美国国债ETF,1255924800000,2009-10-19,2009-10-19 00:00:00,47.90028933438712,47.910734229575596,47.88984443919863,47.90028933438712,100550,0.0
BIL.US,道富SPDR彭博1-3个月美国国债ETF,1256011200000,2009-10-20,2009-10-20 00:00:00,47.88984443919863,47.90028933438712,47.88984443919863,47.88984443919863,132850,0.0
BIL.US,道富SPDR彭博1-3个月美国国债ETF,1256097600000,2009-10-21,2009-10-21 00:00:00,47.90028933438712,47.90028933438712,47.88984443919863,47.88984443919863,83700,0.0
BIL.US,道富SPDR彭博1-3个月美国国债ETF,1256184000000,2009-10-22,2009-10-22 00:00:00,47.88984443919863,47.90028933438712,47.88984443919863,47.88984443919863,135300,0.0
BIL.US,道富SPDR彭博1-3个月美国国债ETF,1256270400000,2009-10-23,2009-10-23 00:00:00,47.88984443919863,47.90028933438712,47.88984443919863,47.88984443919863,161750,0.0
BIL.US,道富SPDR彭博1-3个月美国国债ETF,1256529600000,2009-10-26,2009-10-26 00:00:00,47.88984443919863,47.90028933438712,47.88984443919863,47.88984443919863,82950,0.0
BIL.US,道富SPDR彭博1-3个月美国国债ETF,1256616000000,2009-10-27,2009-10-27 00:00:00,47.90028933438712,47.910734229575596,47.88984443919863,47.88984443919863,111350,0.0
BIL.US,道富SPDR彭博1-3个月美国国债ETF,1256702400000,2009-10-28,2009-10-28 00:00:00,47.88984443919863,47.90028933438712,47.88984443919863,47.88984443919863,79600,0.0
BIL.US,道富SPDR彭博1-3个月美国国债ETF,1256788800000,2009-10-29,2009-10-29 00:00:00,47.90028933438712,47.92117912476409,47.88984443919863,47.90028933438712,210250,0.0
BIL.US,道富SPDR彭博1-3个月美国国债ETF,1256875200000,2009-10-30,2009-10-30 00:00:00,47.910734229575596,47.92117912476409,47.910734229575596,47.92117912476409,190950,0.0
BIL.US,道富SPDR彭博1-3个月美国国债ETF,1257138000000,2009-11-02,2009-11-02 00:00:00,47.92117912476409,47.92117912476409,47.910734229575596,47.92117912476409,245400,0.0
BIL.US,道富SPDR彭博1-3个月美国国债ETF,1257224400000,2009-11-03,2009-11-03 00:00:00,47.92117912476409,47.92117912476409,47.910734229575596,47.92117912476409,143450,0.0
BIL.US,道富SPDR彭博1-3个月美国国债ETF,1257310800000,2009-11-04,2009-11-04 00:00:00,47.910734229575596,47.931624019952565,47.90028933438712,47.910734229575596,638050,0.0
BIL.US,道富SPDR彭博1-3个月美国国债ETF,1257397200000,2009-11-05,2009-11-05 00:00:00,47.92117912476409,47.92117912476409,47.910734229575596,47.910734229575596,158650,0.0
BIL.US,道富SPDR彭博1-3个月美国国债ETF,1257483600000,2009-11-06,2009-11-06 00:00:00,47.910734229575596,47.92117912476409,47.910734229575596,47.92117912476409,78850,0.0
BIL.US,道富SPDR彭博1-3个月美国国债ETF,1257742800000,2009-11-09,2009-11-09 00:00:00,47.910734229575596,47.92117912476409,47.910734229575596,47.92117912476409,161150,0.0
BIL.US,道富SPDR彭博1-3个月美国国债ETF,1257829200000,2009-11-10,2009-11-10 00:00:00,47.92117912476409,47.92117912476409,47.88984443919863,47.88984443919863,162900,0.0
BIL.US,道富SPDR彭博1-3个月美国国债ETF,1257915600000,2009-11-11,2009-11-11 00:00:00,47.90028933438712,47.90028933438712,47.88984443919863,47.88984443919863,196250,0.0
BIL.US,道富SPDR彭博1-3个月美国国债ETF,1258002000000,2009-11-12,2009-11-12 00:00:00,47.910734229575596,47.910734229575596,47.88984443919863,47.88984443919863,95300,0.0
BIL.US,道富SPDR彭博1-3个月美国国债ETF,1258088400000,2009-11-13,2009-11-13 00:00:00,47.88984443919863,47.910734229575596,47.88984443919863,47.88984443919863,177350,0.0
BIL.US,道富SPDR彭博1-3个月美国国债ETF,1258347600000,2009-11-16,2009-11-16 00:00:00,47.910734229575596,47.910734229575596,47.88984443919863,47.88984443919863,199650,0.0
BIL.US,道富SPDR彭博1-3个月美国国债ETF,1258434000000,2009-11-17,2009-11-17 00:00:00,47.90028933438712,47.90028933438712,47.88984443919863,47.88984443919863,102100,0.0
BIL.US,道富SPDR彭博1-3个月美国国债ETF,1258520400000,2009-11-18,2009-11-18 00:00:00,47.90028933438712,47.910734229575596,47.88984443919863,47.88984443919863,110500,0.0
BIL.US,道富SPDR彭博1-3个月美国国债ETF,1258606800000,2009-11-19,2009-11-19 00:00:00,47.90028933438712,47.90028933438712,47.88984443919863,47.88984443919863,87400,0.0
BIL.US,道富SPDR彭博1-3个月美国国债ETF,1258693200000,2009-11-20,2009-11-20 00:00:00,47.88984443919863,47.90028933438712,47.87939954401015,47.88984443919863,205250,0.0
BIL.US,道富SPDR彭博1-3个月美国国债ETF,1258952400000,2009-11-23,2009-11-23 00:00:00,47.88984443919863,47.90028933438712,47.88984443919863,47.88984443919863,63200,0.0
BIL.US,道富SPDR彭博1-3个月美国国债ETF,1259038800000,2009-11-24,2009-11-24 00:00:00,47.88984443919863,47.90028933438712,47.88984443919863,47.88984443919863,197200,0.0
BIL.US,道富SPDR彭博1-3个月美国国债ETF,1259125200000,2009-11-25,2009-11-25 00:00:00,47.88984443919863,47.90028933438712,47.88984443919863,47.88984443919863,59350,0.0
BIL.US,道富SPDR彭博1-3个月美国国债ETF,1259298000000,2009-11-27,2009-11-27 00:00:00,47.90028933438712,47.90028933438712,47.88984443919863,47.90028933438712,14150,0.0
BIL.US,道富SPDR彭博1-3个月美国国债ETF,1259557200000,2009-11-30,2009-11-30 00:00:00,47.88984443919863,47.92117912476409,47.88984443919863,47.90028933438712,271800,0.0
BIL.US,道富SPDR彭博1-3个月美国国债ETF,1259643600000,2009-12-01,2009-12-01 00:00:00,47.910734229575596,47.910734229575596,47.88984443919863,47.90028933438712,124650,0.0
BIL.US,道富SPDR彭博1-3个月美国国债ETF,1259730000000,2009-12-02,2009-12-02 00:00:00,47.910734229575596,47.910734229575596,47.88984443919863,47.88984443919863,100950,0.0
BIL.US,道富SPDR彭博1-3个月美国国债ETF,1259816400000,2009-12-03,2009-12-03 00:00:00,47.88984443919863,47.910734229575596,47.88984443919863,47.88984443919863,80400,0.0
BIL.US,道富SPDR彭博1-3个月美国国债ETF,1259902800000,2009-12-04,2009-12-04 00:00:00,47.88984443919863,47.910734229575596,47.88984443919863,47.910734229575596,75150,0.0
BIL.US,道富SPDR彭博1-3个月美国国债ETF,1260162000000,2009-12-07,2009-12-07 00:00:00,47.88984443919863,47.910734229575596,47.88984443919863,47.88984443919863,98500,0.0
BIL.US,道富SPDR彭博1-3个月美国国债ETF,1260248400000,2009-12-08,2009-12-08 00:00:00,47.90028933438712,47.90028933438712,47.88984443919863,47.88984443919863,162700,0.0
BIL.US,道富SPDR彭博1-3个月美国国债ETF,1260334800000,2009-12-09,2009-12-09 00:00:00,47.88984443919863,47.910734229575596,47.88984443919863,47.910734229575596,181550,0.0
BIL.US,道富SPDR彭博1-3个月美国国债ETF,1260421200000,2009-12-10,2009-12-10 00:00:00,47.910734229575596,47.910734229575596,47.88984443919863,47.88984443919863,55600,0.0
BIL.US,道富SPDR彭博1-3个月美国国债ETF,1260507600000,2009-12-11,2009-12-11 00:00:00,47.910734229575596,47.910734229575596,47.88984443919863,47.88984443919863,131850,0.0
BIL.US,道富SPDR彭博1-3个月美国国债ETF,1260766800000,2009-12-14,2009-12-14 00:00:00,47.88984443919863,47.90028933438712,47.87939954401015,47.87939954401015,263450,0.0
BIL.US,道富SPDR彭博1-3个月美国国债ETF,1260853200000,2009-12-15,2009-12-15 00:00:00,47.88984443919863,47.88984443919863,47.87939954401015,47.87939954401015,145100,0.0
BIL.US,道富SPDR彭博1-3个月美国国债ETF,1260939600000,2009-12-16,2009-12-16 00:00:00,47.88984443919863,47.910734229575596,47.88984443919863,47.88984443919863,73000,0.0
BIL.US,道富SPDR彭博1-3个月美国国债ETF,1261026000000,2009-12-17,2009-12-17 00:00:00,47.90028933438712,47.910734229575596,47.88984443919863,47.88984443919863,197700,0.0
BIL.US,道富SPDR彭博1-3个月美国国债ETF,1261112400000,2009-12-18,2009-12-18 00:00:00,47.88984443919863,47.90028933438712,47.88984443919863,47.88984443919863,92400,0.0
BIL.US,道富SPDR彭博1-3个月美国国债ETF,1261371600000,2009-12-21,2009-12-21 00:00:00,47.90028933438712,47.90028933438712,47.88984443919863,47.88984443919863,95500,0.0
BIL.US,道富SPDR彭博1-3个月美国国债ETF,1261458000000,2009-12-22,2009-12-22 00:00:00,47.90028933438712,47.910734229575596,47.88984443919863,47.88984443919863,90650,0.0
BIL.US,道富SPDR彭博1-3个月美国国债ETF,1261544400000,2009-12-23,2009-12-23 00:00:00,47.88984443919863,47.90028933438712,47.88984443919863,47.88984443919863,179750,0.0
BIL.US,道富SPDR彭博1-3个月美国国债ETF,1261630800000,2009-12-24,2009-12-24 00:00:00,47.88984443919863,47.90028933438712,47.88984443919863,47.90028933438712,69100,0.0
BIL.US,道富SPDR彭博1-3个月美国国债ETF,1261976400000,2009-12-28,2009-12-28 00:00:00,47.90028933438712,47.910734229575596,47.88984443919863,47.88984443919863,102850,0.0
BIL.US,道富SPDR彭博1-3个月美国国债ETF,1262062800000,2009-12-29,2009-12-29 00:00:00,47.88984443919863,47.910734229575596,47.88984443919863,47.88984443919863,65050,0.0
BIL.US,道富SPDR彭博1-3个月美国国债ETF,1262149200000,2009-12-30,2009-12-30 00:00:00,47.90028933438712,47.910734229575596,47.88984443919863,47.90028933438712,99200,0.0
BIL.US,道富SPDR彭博1-3个月美国国债ETF,1262235600000,2009-12-31,2009-12-31 00:00:00,47.90028933438712,47.910734229575596,47.88984443919863,47.910734229575596,73700,0.0
BIL.US,道富SPDR彭博1-3个月美国国债ETF,1262581200000,2010-01-04,2010-01-04 00:00:00,47.88984443919863,47.90028933438712,47.87939954401015,47.88984443919863,192800,0.0
BIL.US,道富SPDR彭博1-3个月美国国债ETF,1262667600000,2010-01-05,2010-01-05 00:00:00,47.88984443919863,47.90028933438712,47.87939954401015,47.87939954401015,105600,0.0
BIL.US,道富SPDR彭博1-3个月美国国债ETF,1262754000000,2010-01-06,2010-01-06 00:00:00,47.87939954401015,47.88984443919863,47.87939954401015,47.87939954401015,450300,0.0
BIL.US,道富SPDR彭博1-3个月美国国债ETF,1262840400000,2010-01-07,2010-01-07 00:00:00,47.87939954401015,47.88984443919863,47.87939954401015,47.87939954401015,264350,0.0
BIL.US,道富SPDR彭博1-3个月美国国债ETF,1262926800000,2010-01-08,2010-01-08 00:00:00,47.88984443919863,47.88984443919863,47.87939954401015,47.87939954401015,116700,0.0
BIL.US,道富SPDR彭博1-3个月美国国债ETF,1263186000000,2010-01-11,2010-01-11 00:00:00,47.87939954401015,47.88984443919863,47.87939954401015,47.87939954401015,131100,0.0
BIL.US,道富SPDR彭博1-3个月美国国债ETF,1263272400000,2010-01-12,2010-01-12 00:00:00,47.88984443919863,47.88984443919863,47.87939954401015,47.87939954401015,142400,0.0
BIL.US,道富SPDR彭博1-3个月美国国债ETF,1263358800000,2010-01-13,2010-01-13 00:00:00,47.88984443919863,47.90028933438712,47.87939954401015,47.90028933438712,133300,0.0
BIL.US,道富SPDR彭博1-3个月美国国债ETF,1263445200000,2010-01-14,2010-01-14 00:00:00,47.88984443919863,47.90028933438712,47.88984443919863,47.88984443919863,53300,0.0
BIL.US,道富SPDR彭博1-3个月美国国债ETF,1263531600000,2010-01-15,2010-01-15 00:00:00,47.88984443919863,47.90028933438712,47.88984443919863,47.88984443919863,83700,0.0
BIL.US,道富SPDR彭博1-3个月美国国债ETF,1263877200000,2010-01-19,2010-01-19 00:00:00,47.90028933438712,47.90028933438712,47.88984443919863,47.88984443919863,61250,0.0
BIL.US,道富SPDR彭博1-3个月美国国债ETF,1263963600000,2010-01-20,2010-01-20 00:00:00,47.90028933438712,47.90028933438712,47.88984443919863,47.88984443919863,76500,0.0
BIL.US,道富SPDR彭博1-3个月美国国债ETF,1264050000000,2010-01-21,2010-01-21 00:00:00,47.88984443919863,47.90028933438712,47.88984443919863,47.88984443919863,188900,0.0
BIL.US,道富SPDR彭博1-3个月美国国债ETF,1264136400000,2010-01-22,2010-01-22 00:00:00,47.90028933438712,47.90028933438712,47.88984443919863,47.88984443919863,103850,0.0
BIL.US,道富SPDR彭博1-3个月美国国债ETF,1264395600000,2010-01-25,2010-01-25 00:00:00,47.90028933438712,47.90028933438712,47.86895464882166,47.90028933438712,132000,0.0
BIL.US,道富SPDR彭博1-3个月美国国债ETF,1264482000000,2010-01-26,2010-01-26 00:00:00,47.90028933438712,47.90028933438712,47.87939954401015,47.90028933438712,136000,0.0
BIL.US,道富SPDR彭博1-3个月美国国债ETF,1264568400000,2010-01-27,2010-01-27 00:00:00,47.87939954401015,47.910734229575596,47.87939954401015,47.910734229575596,406850,0.0
BIL.US,道富SPDR彭博1-3个月美国国债ETF,1264654800000,2010-01-28,2010-01-28 00:00:00,47.88984443919863,47.910734229575596,47.88984443919863,47.90028933438712,117500,0.0
BIL.US,道富SPDR彭博1-3个月美国国债ETF,1264741200000,2010-01-29,2010-01-29 00:00:00,47.90028933438712,47.910734229575596,47.88984443919863,47.910734229575596,190750,0.0
BIL.US,道富SPDR彭博1-3个月美国国债ETF,1265000400000,2010-02-01,2010-02-01 00:00:00,47.88984443919863,47.910734229575596,47.88984443919863,47.90028933438712,364350,0.0
BIL.US,道富SPDR彭博1-3个月美国国债ETF,1265086800000,2010-02-02,2010-02-02 00:00:00,47.90028933438712,47.910734229575596,47.88984443919863,47.88984443919863,170950,0.0
BIL.US,道富SPDR彭博1-3个月美国国债ETF,1265173200000,2010-02-03,2010-02-03 00:00:00,47.910734229575596,47.92117912476409,47.90028933438712,47.910734229575596,739400,0.0
BIL.US,道富SPDR彭博1-3个月美国国债ETF,1265259600000,2010-02-04,2010-02-04 00:00:00,47.90028933438712,47.910734229575596,47.90028933438712,47.910734229575596,155750,0.0
BIL.US,道富SPDR彭博1-3个月美国国债ETF,1265346000000,2010-02-05,2010-02-05 00:00:00,47.88984443919863,47.910734229575596,47.88984443919863,47.910734229575596,685400,0.0
BIL.US,道富SPDR彭博1-3个月美国国债ETF,1265605200000,2010-02-08,2010-02-08 00:00:00,47.90028933438712,47.910734229575596,47.90028933438712,47.910734229575596,215150,0.0
BIL.US,道富SPDR彭博1-3个月美国国债ETF,1265691600000,2010-02-09,2010-02-09 00:00:00,47.910734229575596,47.910734229575596,47.90028933438712,47.910734229575596,314850,0.0
BIL.US,道富SPDR彭博1-3个月美国国债ETF,1265778000000,2010-02-10,2010-02-10 00:00:00,47.90028933438712,47.910734229575596,47.88984443919863,47.910734229575596,233950,0.0
BIL.US,道富SPDR彭博1-3个月美国国债ETF,1265864400000,2010-02-11,2010-02-11 00:00:00,47.910734229575596,47.910734229575596,47.90028933438712,47.910734229575596,109900,0.0
BIL.US,道富SPDR彭博1-3个月美国国债ETF,1265950800000,2010-02-12,2010-02-12 00:00:00,47.910734229575596,47.910734229575596,47.90028933438712,47.910734229575596,144400,0.0
BIL.US,道富SPDR彭博1-3个月美国国债ETF,1266296400000,2010-02-16,2010-02-16 00:00:00,47.910734229575596,47.910734229575596,47.90028933438712,47.910734229575596,155950,0.0
BIL.US,道富SPDR彭博1-3个月美国国债ETF,1266382800000,2010-02-17,2010-02-17 00:00:00,47.910734229575596,47.910734229575596,47.87939954401015,47.87939954401015,338900,0.0
BIL.US,道富SPDR彭博1-3个月美国国债ETF,1266469200000,2010-02-18,2010-02-18 00:00:00,47.88984443919863,47.90028933438712,47.88984443919863,47.90028933438712,103800,0.0
BIL.US,道富SPDR彭博1-3个月美国国债ETF,1266555600000,2010-02-19,2010-02-19 00:00:00,47.90028933438712,47.90028933438712,47.87939954401015,47.87939954401015,287550,0.0
BIL.US,道富SPDR彭博1-3个月美国国债ETF,1266814800000,2010-02-22,2010-02-22 00:00:00,47.90028933438712,47.90028933438712,47.88984443919863,47.90028933438712,170250,0.0
BIL.US,道富SPDR彭博1-3个月美国国债ETF,1266901200000,2010-02-23,2010-02-23 00:00:00,47.90028933438712,47.90028933438712,47.87939954401015,47.87939954401015,86850,0.0
BIL.US,道富SPDR彭博1-3个月美国国债ETF,1266987600000,2010-02-24,2010-02-24 00:00:00,47.88984443919863,47.90028933438712,47.87939954401015,47.90028933438712,144950,0.0
BIL.US,道富SPDR彭博1-3个月美国国债ETF,1267074000000,2010-02-25,2010-02-25 00:00:00,47.88984443919863,47.90028933438712,47.88984443919863,47.90028933438712,67250,0.0
BIL.US,道富SPDR彭博1-3个月美国国债ETF,1267160400000,2010-02-26,2010-02-26 00:00:00,47.88984443919863,47.90028933438712,47.87939954401015,47.90028933438712,104250,0.0
BIL.US,道富SPDR彭博1-3个月美国国债ETF,1267419600000,2010-03-01,2010-03-01 00:00:00,47.90028933438712,47.90028933438712,47.87939954401015,47.87939954401015,265300,0.0
BIL.US,道富SPDR彭博1-3个月美国国债ETF,1267506000000,2010-03-02,2010-03-02 00:00:00,47.90028933438712,47.90028933438712,47.87939954401015,47.88984443919863,82950,0.0
BIL.US,道富SPDR彭博1-3个月美国国债ETF,1267592400000,2010-03-03,2010-03-03 00:00:00,47.90028933438712,47.90028933438712,47.87939954401015,47.87939954401015,278900,0.0
BIL.US,道富SPDR彭博1-3个月美国国债ETF,1267678800000,2010-03-04,2010-03-04 00:00:00,47.88984443919863,47.88984443919863,47.87939954401015,47.87939954401015,137250,0.0
BIL.US,道富SPDR彭博1-3个月美国国债ETF,1267765200000,2010-03-05,2010-03-05 00:00:00,47.87939954401015,47.88984443919863,47.87939954401015,47.87939954401015,285700,0.0
BIL.US,道富SPDR彭博1-3个月美国国债ETF,1268024400000,2010-03-08,2010-03-08 00:00:00,47.88984443919863,47.88984443919863,47.87939954401015,47.87939954401015,200650,0.0
BIL.US,道富SPDR彭博1-3个月美国国债ETF,1268110800000,2010-03-09,2010-03-09 00:00:00,47.87939954401015,47.88984443919863,47.86895464882166,47.87939954401015,824200,0.0
BIL.US,道富SPDR彭博1-3个月美国国债ETF,1268197200000,2010-03-10,2010-03-10 00:00:00,47.87939954401015,47.88984443919863,47.87939954401015,47.88984443919863,127200,0.0
BIL.US,道富SPDR彭博1-3个月美国国债ETF,1268283600000,2010-03-11,2010-03-11 00:00:00,47.88984443919863,47.88984443919863,47.87939954401015,47.87939954401015,151050,0.0
BIL.US,道富SPDR彭博1-3个月美国国债ETF,1268370000000,2010-03-12,2010-03-12 00:00:00,47.88984443919863,47.88984443919863,47.87939954401015,47.87939954401015,106100,0.0
BIL.US,道富SPDR彭博1-3个月美国国债ETF,1268625600000,2010-03-15,2010-03-15 00:00:00,47.87939954401015,47.88984443919863,47.87939954401015,47.87939954401015,143500,0.0
BIL.US,道富SPDR彭博1-3个月美国国债ETF,1268712000000,2010-03-16,2010-03-16 00:00:00,47.87939954401015,47.88984443919863,47.87939954401015,47.87939954401015,98650,0.0
BIL.US,道富SPDR彭博1-3个月美国国债ETF,1268798400000,2010-03-17,2010-03-17 00:00:00,47.88984443919863,47.88984443919863,47.87939954401015,47.87939954401015,228250,0.0
BIL.US,道富SPDR彭博1-3个月美国国债ETF,1268884800000,2010-03-18,2010-03-18 00:00:00,47.87939954401015,47.88984443919863,47.87939954401015,47.87939954401015,83400,0.0
BIL.US,道富SPDR彭博1-3个月美国国债ETF,1268971200000,2010-03-19,2010-03-19 00:00:00,47.87939954401015,47.88984443919863,47.87939954401015,47.87939954401015,107100,0.0
BIL.US,道富SPDR彭博1-3个月美国国债ETF,1269230400000,2010-03-22,2010-03-22 00:00:00,47.87939954401015,47.88984443919863,47.87939954401015,47.88984443919863,204750,0.0
BIL.US,道富SPDR彭博1-3个月美国国债ETF,1269316800000,2010-03-23,2010-03-23 00:00:00,47.87939954401015,47.88984443919863,47.87939954401015,47.88984443919863,148450,0.0
BIL.US,道富SPDR彭博1-3个月美国国债ETF,1269403200000,2010-03-24,2010-03-24 00:00:00,47.87939954401015,47.88984443919863,47.87939954401015,47.87939954401015,161800,0.0
BIL.US,道富SPDR彭博1-3个月美国国债ETF,1269489600000,2010-03-25,2010-03-25 00:00:00,47.88984443919863,47.90028933438712,47.87939954401015,47.90028933438712,283300,0.0
BIL.US,道富SPDR彭博1-3个月美国国债ETF,1269576000000,2010-03-26,2010-03-26 00:00:00,47.88984443919863,47.90028933438712,47.88984443919863,47.90028933438712,127150,0.0
BIL.US,道富SPDR彭博1-3个月美国国债ETF,1269835200000,2010-03-29,2010-03-29 00:00:00,47.88984443919863,47.90028933438712,47.87939954401015,47.87939954401015,173250,0.0
BIL.US,道富SPDR彭博1-3个月美国国债ETF,1269921600000,2010-03-30,2010-03-30 00:00:00,47.88984443919863,47.90028933438712,47.87939954401015,47.87939954401015,231300,0.0
BIL.US,道富SPDR彭博1-3个月美国国债ETF,1270008000000,2010-03-31,2010-03-31 00:00:00,47.90028933438712,47.90028933438712,47.87939954401015,47.90028933438712,248100,0.0
BIL.US,道富SPDR彭博1-3个月美国国债ETF,1270094400000,2010-04-01,2010-04-01 00:00:00,47.87939954401015,47.90028933438712,47.87939954401015,47.90028933438712,520800,0.0
BIL.US,道富SPDR彭博1-3个月美国国债ETF,1270440000000,2010-04-05,2010-04-05 00:00:00,47.88984443919863,47.90028933438712,47.87939954401015,47.87939954401015,464050,0.0
BIL.US,道富SPDR彭博1-3个月美国国债ETF,1270526400000,2010-04-06,2010-04-06 00:00:00,47.88984443919863,47.88984443919863,47.87939954401015,47.87939954401015,276000,0.0
BIL.US,道富SPDR彭博1-3个月美国国债ETF,1270612800000,2010-04-07,2010-04-07 00:00:00,47.90028933438712,47.90028933438712,47.87939954401015,47.87939954401015,725100,0.0
BIL.US,道富SPDR彭博1-3个月美国国债ETF,1270699200000,2010-04-08,2010-04-08 00:00:00,47.87939954401015,47.88984443919863,47.87939954401015,47.87939954401015,130250,0.0
BIL.US,道富SPDR彭博1-3个月美国国债ETF,1270785600000,2010-04-09,2010-04-09 00:00:00,47.88984443919863,47.88984443919863,47.87939954401015,47.87939954401015,195150,0.0
BIL.US,道富SPDR彭博1-3个月美国国债ETF,1271044800000,2010-04-12,2010-04-12 00:00:00,47.87939954401015,47.88984443919863,47.87939954401015,47.87939954401015,102300,0.0
BIL.US,道富SPDR彭博1-3个月美国国债ETF,1271131200000,2010-04-13,2010-04-13 00:00:00,47.88984443919863,47.88984443919863,47.87939954401015,47.87939954401015,96350,0.0
BIL.US,道富SPDR彭博1-3个月美国国债ETF,1271217600000,2010-04-14,2010-04-14 00:00:00,47.87939954401015,47.88984443919863,47.87939954401015,47.87939954401015,158500,0.0
BIL.US,道富SPDR彭博1-3个月美国国债ETF,1271304000000,2010-04-15,2010-04-15 00:00:00,47.87939954401015,47.88984443919863,47.87939954401015,47.87939954401015,116750,0.0
BIL.US,道富SPDR彭博1-3个月美国国债ETF,1271390400000,2010-04-16,2010-04-16 00:00:00,47.87939954401015,47.88984443919863,47.87939954401015,47.87939954401015,263250,0.0
BIL.US,道富SPDR彭博1-3个月美国国债ETF,1271649600000,2010-04-19,2010-04-19 00:00:00,47.87939954401015,47.88984443919863,47.87939954401015,47.88984443919863,100600,0.0
BIL.US,道富SPDR彭博1-3个月美国国债ETF,1271736000000,2010-04-20,2010-04-20 00:00:00,47.87939954401015,47.88984443919863,47.87939954401015,47.87939954401015,69150,0.0
BIL.US,道富SPDR彭博1-3个月美国国债ETF,1271822400000,2010-04-21,2010-04-21 00:00:00,47.87939954401015,47.88984443919863,47.87939954401015,47.87939954401015,120100,0.0
BIL.US,道富SPDR彭博1-3个月美国国债ETF,1271908800000,2010-04-22,2010-04-22 00:00:00,47.87939954401015,47.88984443919863,47.87939954401015,47.87939954401015,28350,0.0
BIL.US,道富SPDR彭博1-3个月美国国债ETF,1271995200000,2010-04-23,2010-04-23 00:00:00,47.88984443919863,47.88984443919863,47.87939954401015,47.87939954401015,103000,0.0
BIL.US,道富SPDR彭博1-3个月美国国债ETF,1272254400000,2010-04-26,2010-04-26 00:00:00,47.87939954401015,47.88984443919863,47.87939954401015,47.88984443919863,222300,0.0
BIL.US,道富SPDR彭博1-3个月美国国债ETF,1272340800000,2010-04-27,2010-04-27 00:00:00,47.87939954401015,47.88984443919863,47.87939954401015,47.87939954401015,579550,0.0
BIL.US,道富SPDR彭博1-3个月美国国债ETF,1272427200000,2010-04-28,2010-04-28 00:00:00,47.87939954401015,47.88984443919863,47.87939954401015,47.88984443919863,214950,0.0
BIL.US,道富SPDR彭博1-3个月美国国债ETF,1272513600000,2010-04-29,2010-04-29 00:00:00,47.87939954401015,47.88984443919863,47.87939954401015,47.88984443919863,76550,0.0
BIL.US,道富SPDR彭博1-3个月美国国债ETF,1272600000000,2010-04-30,2010-04-30 00:00:00,47.87939954401015,47.88984443919863,47.87939954401015,47.87939954401015,191450,0.0
BIL.US,道富SPDR彭博1-3个月美国国债ETF,1272859200000,2010-05-03,2010-05-03 00:00:00,47.88984443919863,47.88984443919863,47.87939954401015,47.88984443919863,228150,0.0
BIL.US,道富SPDR彭博1-3个月美国国债ETF,1272945600000,2010-05-04,2010-05-04 00:00:00,47.87939954401015,47.88984443919863,47.87939954401015,47.87939954401015,97750,0.0
BIL.US,道富SPDR彭博1-3个月美国国债ETF,1273032000000,2010-05-05,2010-05-05 00:00:00,47.88984443919863,47.88984443919863,47.87939954401015,47.88984443919863,287000,0.0
BIL.US,道富SPDR彭博1-3个月美国国债ETF,1273118400000,2010-05-06,2010-05-06 00:00:00,47.87939954401015,47.90028933438712,47.87939954401015,47.90028933438712,212450,0.0
BIL.US,道富SPDR彭博1-3个月美国国债ETF,1273204800000,2010-05-07,2010-05-07 00:00:00,47.88984443919863,47.90028933438712,47.87939954401015,47.90028933438712,353300,0.0
BIL.US,道富SPDR彭博1-3个月美国国债ETF,1273464000000,2010-05-10,2010-05-10 00:00:00,47.88984443919863,47.90028933438712,47.88984443919863,47.90028933438712,219550,0.0
BIL.US,道富SPDR彭博1-3个月美国国债ETF,1273550400000,2010-05-11,2010-05-11 00:00:00,47.88984443919863,47.90028933438712,47.88984443919863,47.90028933438712,176250,0.0
BIL.US,道富SPDR彭博1-3个月美国国债ETF,1273636800000,2010-05-12,2010-05-12 00:00:00,47.90028933438712,47.90028933438712,47.88984443919863,47.90028933438712,209450,0.0
BIL.US,道富SPDR彭博1-3个月美国国债ETF,1273723200000,2010-05-13,2010-05-13 00:00:00,47.90028933438712,47.90028933438712,47.88984443919863,47.88984443919863,1255850,0.0
BIL.US,道富SPDR彭博1-3个月美国国债ETF,1273809600000,2010-05-14,2010-05-14 00:00:00,47.90028933438712,47.90028933438712,47.88984443919863,47.90028933438712,189050,0.0
BIL.US,道富SPDR彭博1-3个月美国国债ETF,1274068800000,2010-05-17,2010-05-17 00:00:00,47.90028933438712,47.90028933438712,47.88984443919863,47.90028933438712,140300,0.0
BIL.US,道富SPDR彭博1-3个月美国国债ETF,1274155200000,2010-05-18,2010-05-18 00:00:00,47.90028933438712,47.90028933438712,47.88984443919863,47.88984443919863,187700,0.0
BIL.US,道富SPDR彭博1-3个月美国国债ETF,1274241600000,2010-05-19,2010-05-19 00:00:00,47.88984443919863,47.90028933438712,47.88984443919863,47.90028933438712,354800,0.0
BIL.US,道富SPDR彭博1-3个月美国国债ETF,1274328000000,2010-05-20,2010-05-20 00:00:00,47.90028933438712,47.90028933438712,47.88984443919863,47.90028933438712,442650,0.0
BIL.US,道富SPDR彭博1-3个月美国国债ETF,1274414400000,2010-05-21,2010-05-21 00:00:00,47.90028933438712,47.90028933438712,47.88984443919863,47.90028933438712,463150,0.0
BIL.US,道富SPDR彭博1-3个月美国国债ETF,1274673600000,2010-05-24,2010-05-24 00:00:00,47.90028933438712,47.90028933438712,47.88984443919863,47.90028933438712,168600,0.0
BIL.US,道富SPDR彭博1-3个月美国国债ETF,1274760000000,2010-05-25,2010-05-25 00:00:00,47.88984443919863,47.90028933438712,47.88984443919863,47.90028933438712,343900,0.0
BIL.US,道富SPDR彭博1-3个月美国国债ETF,1274846400000,2010-05-26,2010-05-26 00:00:00,47.90028933438712,47.910734229575596,47.88984443919863,47.910734229575596,662100,0.0
BIL.US,道富SPDR彭博1-3个月美国国债ETF,1274932800000,2010-05-27,2010-05-27 00:00:00,47.90028933438712,47.90028933438712,47.88984443919863,47.88984443919863,518600,0.0
BIL.US,道富SPDR彭博1-3个月美国国债ETF,1275019200000,2010-05-28,2010-05-28 00:00:00,47.90028933438712,47.90028933438712,47.88984443919863,47.90028933438712,280750,0.0
BIL.US,道富SPDR彭博1-3个月美国国债ETF,1275364800000,2010-06-01,2010-06-01 00:00:00,47.88984443919863,47.90028933438712,47.88984443919863,47.90028933438712,550750,0.0
BIL.US,道富SPDR彭博1-3个月美国国债ETF,1275451200000,2010-06-02,2010-06-02 00:00:00,47.88984443919863,47.910734229575596,47.88984443919863,47.910734229575596,959800,0.0
BIL.US,道富SPDR彭博1-3个月美国国债ETF,1275537600000,2010-06-03,2010-06-03 00:00:00,47.88984443919863,47.910734229575596,47.88984443919863,47.88984443919863,219900,0.0
BIL.US,道富SPDR彭博1-3个月美国国债ETF,1275624000000,2010-06-04,2010-06-04 00:00:00,47.88984443919863,47.910734229575596,47.88984443919863,47.910734229575596,495850,0.0
BIL.US,道富SPDR彭博1-3个月美国国债ETF,1275883200000,2010-06-07,2010-06-07 00:00:00,47.90028933438712,47.910734229575596,47.88984443919863,47.90028933438712,158800,0.0
BIL.US,道富SPDR彭博1-3个月美国国债ETF,1275969600000,2010-06-08,2010-06-08 00:00:00,47.90028933438712,47.910734229575596,47.88984443919863,47.910734229575596,306150,0.0
BIL.US,道富SPDR彭博1-3个月美国国债ETF,1276056000000,2010-06-09,2010-06-09 00:00:00,47.910734229575596,47.910734229575596,47.90028933438712,47.910734229575596,163950,0.0
BIL.US,道富SPDR彭博1-3个月美国国债ETF,1276142400000,2010-06-10,2010-06-10 00:00:00,47.90028933438712,47.910734229575596,47.90028933438712,47.910734229575596,100750,0.0
BIL.US,道富SPDR彭博1-3个月美国国债ETF,1276228800000,2010-06-11,2010-06-11 00:00:00,47.90028933438712,47.910734229575596,47.88984443919863,47.910734229575596,144750,0.0
BIL.US,道富SPDR彭博1-3个月美国国债ETF,1276488000000,2010-06-14,2010-06-14 00:00:00,47.910734229575596,47.910734229575596,47.88984443919863,47.88984443919863,236650,0.0
BIL.US,道富SPDR彭博1-3个月美国国债ETF,1276574400000,2010-06-15,2010-06-15 00:00:00,47.90028933438712,47.910734229575596,47.88984443919863,47.88984443919863,382100,0.0
BIL.US,道富SPDR彭博1-3个月美国国债ETF,1276660800000,2010-06-16,2010-06-16 00:00:00,47.90028933438712,47.910734229575596,47.88984443919863,47.88984443919863,863700,0.0
BIL.US,道富SPDR彭博1-3个月美国国债ETF,1276747200000,2010-06-17,2010-06-17 00:00:00,47.90028933438712,47.90028933438712,47.88984443919863,47.88984443919863,317700,0.0
BIL.US,道富SPDR彭博1-3个月美国国债ETF,1276833600000,2010-06-18,2010-06-18 00:00:00,47.88984443919863,47.90028933438712,47.88984443919863,47.90028933438712,227550,0.0
BIL.US,道富SPDR彭博1-3个月美国国债ETF,1277092800000,2010-06-21,2010-06-21 00:00:00,47.88984443919863,47.90028933438712,47.88984443919863,47.88984443919863,787600,0.0
BIL.US,道富SPDR彭博1-3个月美国国债ETF,1277179200000,2010-06-22,2010-06-22 00:00:00,47.88984443919863,47.90028933438712,47.88984443919863,47.90028933438712,140500,0.0
BIL.US,道富SPDR彭博1-3个月美国国债ETF,1277265600000,2010-06-23,2010-06-23 00:00:00,47.88984443919863,47.90028933438712,47.88984443919863,47.90028933438712,63800,0.0
BIL.US,道富SPDR彭博1-3个月美国国债ETF,1277352000000,2010-06-24,2010-06-24 00:00:00,47.88984443919863,47.90028933438712,47.88984443919863,47.90028933438712,291000,0.0
BIL.US,道富SPDR彭博1-3个月美国国债ETF,1277438400000,2010-06-25,2010-06-25 00:00:00,47.90028933438712,47.90028933438712,47.88984443919863,47.90028933438712,93800,0.0
BIL.US,道富SPDR彭博1-3个月美国国债ETF,1277697600000,2010-06-28,2010-06-28 00:00:00,47.88984443919863,47.90028933438712,47.88984443919863,47.90028933438712,198800,0.0
BIL.US,道富SPDR彭博1-3个月美国国债ETF,1277784000000,2010-06-29,2010-06-29 00:00:00,47.90028933438712,47.90028933438712,47.88984443919863,47.90028933438712,579550,0.0
BIL.US,道富SPDR彭博1-3个月美国国债ETF,1277870400000,2010-06-30,2010-06-30 00:00:00,47.88984443919863,47.910734229575596,47.88984443919863,47.910734229575596,1013900,0.0
BIL.US,道富SPDR彭博1-3个月美国国债ETF,1277956800000,2010-07-01,2010-07-01 00:00:00,47.90028933438712,47.90028933438712,47.88984443919863,47.90028933438712,572500,0.0
BIL.US,道富SPDR彭博1-3个月美国国债ETF,1278043200000,2010-07-02,2010-07-02 00:00:00,47.88984443919863,47.90028933438712,47.88984443919863,47.90028933438712,139150,0.0
BIL.US,道富SPDR彭博1-3个月美国国债ETF,1278388800000,2010-07-06,2010-07-06 00:00:00,47.90028933438712,47.90028933438712,47.88984443919863,47.88984443919863,715900,0.0
BIL.US,道富SPDR彭博1-3个月美国国债ETF,1278475200000,2010-07-07,2010-07-07 00:00:00,47.90028933438712,47.90028933438712,47.88984443919863,47.88984443919863,873500,0.0
BIL.US,道富SPDR彭博1-3个月美国国债ETF,1278561600000,2010-07-08,2010-07-08 00:00:00,47.88984443919863,47.90028933438712,47.88984443919863,47.90028933438712,1255100,0.0
BIL.US,道富SPDR彭博1-3个月美国国债ETF,1278648000000,2010-07-09,2010-07-09 00:00:00,47.88984443919863,47.90028933438712,47.88984443919863,47.88984443919863,223000,0.0
BIL.US,道富SPDR彭博1-3个月美国国债ETF,1278907200000,2010-07-12,2010-07-12 00:00:00,47.90028933438712,47.90028933438712,47.88984443919863,47.90028933438712,979900,0.0
BIL.US,道富SPDR彭博1-3个月美国国债ETF,1278993600000,2010-07-13,2010-07-13 00:00:00,47.90028933438712,47.90028933438712,47.88984443919863,47.90028933438712,164050,0.0
BIL.US,道富SPDR彭博1-3个月美国国债ETF,1279080000000,2010-07-14,2010-07-14 00:00:00,47.88984443919863,47.90028933438712,47.88984443919863,47.90028933438712,159200,0.0
BIL.US,道富SPDR彭博1-3个月美国国债ETF,1279166400000,2010-07-15,2010-07-15 00:00:00,47.88984443919863,47.90028933438712,47.88984443919863,47.90028933438712,122100,0.0
BIL.US,道富SPDR彭博1-3个月美国国债ETF,1279252800000,2010-07-16,2010-07-16 00:00:00,47.88984443919863,47.90028933438712,47.88984443919863,47.90028933438712,87750,0.0
BIL.US,道富SPDR彭博1-3个月美国国债ETF,1279512000000,2010-07-19,2010-07-19 00:00:00,47.90028933438712,47.90028933438712,47.88984443919863,47.88984443919863,803350,0.0
BIL.US,道富SPDR彭博1-3个月美国国债ETF,1279598400000,2010-07-20,2010-07-20 00:00:00,47.90028933438712,47.90028933438712,47.88984443919863,47.88984443919863,121350,0.0
BIL.US,道富SPDR彭博1-3个月美国国债ETF,1279684800000,2010-07-21,2010-07-21 00:00:00,47.88984443919863,47.90028933438712,47.88984443919863,47.88984443919863,124400,0.0
BIL.US,道富SPDR彭博1-3个月美国国债ETF,1279771200000,2010-07-22,2010-07-22 00:00:00,47.88984443919863,47.90028933438712,47.88984443919863,47.88984443919863,319650,0.0
BIL.US,道富SPDR彭博1-3个月美国国债ETF,1279857600000,2010-07-23,2010-07-23 00:00:00,47.90028933438712,47.90028933438712,47.88984443919863,47.90028933438712,73600,0.0
BIL.US,道富SPDR彭博1-3个月美国国债ETF,1280116800000,2010-07-26,2010-07-26 00:00:00,47.90028933438712,47.90028933438712,47.87939954401015,47.87939954401015,881800,0.0
BIL.US,道富SPDR彭博1-3个月美国国债ETF,1280203200000,2010-07-27,2010-07-27 00:00:00,47.88984443919863,47.88984443919863,47.87939954401015,47.87939954401015,874800,0.0
BIL.US,道富SPDR彭博1-3个月美国国债ETF,1280289600000,2010-07-28,2010-07-28 00:00:00,47.87939954401015,47.88984443919863,47.87939954401015,47.88984443919863,118150,0.0
BIL.US,道富SPDR彭博1-3个月美国国债ETF,1280376000000,2010-07-29,2010-07-29 00:00:00,47.87939954401015,47.88984443919863,47.87939954401015,47.87939954401015,110750,0.0
BIL.US,道富SPDR彭博1-3个月美国国债ETF,1280462400000,2010-07-30,2010-07-30 00:00:00,47.88984443919863,47.88984443919863,47.87939954401015,47.88984443919863,67950,0.0
BIL.US,道富SPDR彭博1-3个月美国国债ETF,1280721600000,2010-08-02,2010-08-02 00:00:00,47.87939954401015,47.88984443919863,47.87939954401015,47.87939954401015,794600,0.0
BIL.US,道富SPDR彭博1-3个月美国国债ETF,1280808000000,2010-08-03,2010-08-03 00:00:00,47.87939954401015,47.88984443919863,47.87939954401015,47.87939954401015,1342100,0.0
BIL.US,道富SPDR彭博1-3个月美国国债ETF,1280894400000,2010-08-04,2010-08-04 00:00:00,47.87939954401015,47.88984443919863,47.87939954401015,47.87939954401015,977200,0.0
BIL.US,道富SPDR彭博1-3个月美国国债ETF,1280980800000,2010-08-05,2010-08-05 00:00:00,47.87939954401015,47.90028933438712,47.87939954401015,47.87939954401015,500600,0.0
BIL.US,道富SPDR彭博1-3个月美国国债ETF,1281067200000,2010-08-06,2010-08-06 00:00:00,47.87939954401015,47.88984443919863,47.87939954401015,47.87939954401015,131100,0.0
BIL.US,道富SPDR彭博1-3个月美国国债ETF,1281326400000,2010-08-09,2010-08-09 00:00:00,47.88984443919863,47.90028933438712,47.87939954401015,47.87939954401015,94550,0.0
BIL.US,道富SPDR彭博1-3个月美国国债ETF,1281412800000,2010-08-10,2010-08-10 00:00:00,47.88984443919863,47.88984443919863,47.87939954401015,47.88984443919863,125500,0.0
BIL.US,道富SPDR彭博1-3个月美国国债ETF,1281499200000,2010-08-11,2010-08-11 00:00:00,47.87939954401015,47.90028933438712,47.87939954401015,47.90028933438712,830500,0.0
BIL.US,道富SPDR彭博1-3个月美国国债ETF,1281585600000,2010-08-12,2010-08-12 00:00:00,47.88984443919863,47.90028933438712,47.88984443919863,47.90028933438712,955750,0.0
BIL.US,道富SPDR彭博1-3个月美国国债ETF,1281672000000,2010-08-13,2010-08-13 00:00:00,47.88984443919863,47.90028933438712,47.88984443919863,47.90028933438712,580550,0.0
BIL.US,道富SPDR彭博1-3个月美国国债ETF,1281931200000,2010-08-16,2010-08-16 00:00:00,47.90028933438712,47.90028933438712,47.88984443919863,47.88984443919863,59850,0.0
BIL.US,道富SPDR彭博1-3个月美国国债ETF,1282017600000,2010-08-17,2010-08-17 00:00:00,47.90028933438712,47.90028933438712,47.88984443919863,47.90028933438712,193950,0.0
BIL.US,道富SPDR彭博1-3个月美国国债ETF,1282104000000,2010-08-18,2010-08-18 00:00:00,47.88984443919863,47.90028933438712,47.88984443919863,47.88984443919863,102150,0.0
BIL.US,道富SPDR彭博1-3个月美国国债ETF,1282190400000,2010-08-19,2010-08-19 00:00:00,47.90028933438712,47.90028933438712,47.88984443919863,47.88984443919863,280000,0.0
BIL.US,道富SPDR彭博1-3个月美国国债ETF,1282276800000,2010-08-20,2010-08-20 00:00:00,47.90028933438712,47.90028933438712,47.88984443919863,47.90028933438712,84800,0.0
BIL.US,道富SPDR彭博1-3个月美国国债ETF,1282536000000,2010-08-23,2010-08-23 00:00:00,47.88984443919863,47.90028933438712,47.88984443919863,47.88984443919863,118600,0.0
BIL.US,道富SPDR彭博1-3个月美国国债ETF,1282622400000,2010-08-24,2010-08-24 00:00:00,47.88984443919863,47.90028933438712,47.88984443919863,47.88984443919863,392500,0.0
BIL.US,道富SPDR彭博1-3个月美国国债ETF,1282708800000,2010-08-25,2010-08-25 00:00:00,47.90028933438712,47.90028933438712,47.88984443919863,47.90028933438712,615100,0.0
BIL.US,道富SPDR彭博1-3个月美国国债ETF,1282795200000,2010-08-26,2010-08-26 00:00:00,47.90028933438712,47.90028933438712,47.88984443919863,47.88984443919863,130050,0.0
BIL.US,道富SPDR彭博1-3个月美国国债ETF,1282881600000,2010-08-27,2010-08-27 00:00:00,47.88984443919863,47.90028933438712,47.88984443919863,47.88984443919863,134500,0.0
BIL.US,道富SPDR彭博1-3个月美国国债ETF,1283140800000,2010-08-30,2010-08-30 00:00:00,47.88984443919863,47.90028933438712,47.88984443919863,47.90028933438712,119250,0.0
BIL.US,道富SPDR彭博1-3个月美国国债ETF,1283227200000,2010-08-31,2010-08-31 00:00:00,47.90028933438712,47.90028933438712,47.88984443919863,47.88984443919863,290200,0.0
BIL.US,道富SPDR彭博1-3个月美国国债ETF,1283313600000,2010-09-01,2010-09-01 00:00:00,47.88984443919863,47.90028933438712,47.88984443919863,47.88984443919863,599600,0.0
BIL.US,道富SPDR彭博1-3个月美国国债ETF,1283400000000,2010-09-02,2010-09-02 00:00:00,47.88984443919863,47.90028933438712,47.88984443919863,47.90028933438712,132450,0.0
BIL.US,道富SPDR彭博1-3个月美国国债ETF,1283486400000,2010-09-03,2010-09-03 00:00:00,47.88984443919863,47.90028933438712,47.88984443919863,47.90028933438712,652850,0.0
BIL.US,道富SPDR彭博1-3个月美国国债ETF,1283832000000,2010-09-07,2010-09-07 00:00:00,47.88984443919863,47.90028933438712,47.88984443919863,47.88984443919863,105500,0.0
BIL.US,道富SPDR彭博1-3个月美国国债ETF,1283918400000,2010-09-08,2010-09-08 00:00:00,47.88984443919863,47.90028933438712,47.88984443919863,47.88984443919863,697700,0.0
BIL.US,道富SPDR彭博1-3个月美国国债ETF,1284004800000,2010-09-09,2010-09-09 00:00:00,47.88984443919863,47.90028933438712,47.88984443919863,47.88984443919863,100300,0.0
BIL.US,道富SPDR彭博1-3个月美国国债ETF,1284091200000,2010-09-10,2010-09-10 00:00:00,47.90028933438712,47.90028933438712,47.88984443919863,47.88984443919863,329900,0.0
BIL.US,道富SPDR彭博1-3个月美国国债ETF,1284350400000,2010-09-13,2010-09-13 00:00:00,47.88984443919863,47.90028933438712,47.88984443919863,47.88984443919863,364500,0.0
BIL.US,道富SPDR彭博1-3个月美国国债ETF,1284436800000,2010-09-14,2010-09-14 00:00:00,47.88984443919863,47.90028933438712,47.88984443919863,47.90028933438712,46600,0.0
BIL.US,道富SPDR彭博1-3个月美国国债ETF,1284523200000,2010-09-15,2010-09-15 00:00:00,47.88984443919863,47.90028933438712,47.88984443919863,47.90028933438712,120300,0.0
BIL.US,道富SPDR彭博1-3个月美国国债ETF,1284609600000,2010-09-16,2010-09-16 00:00:00,47.88984443919863,47.90028933438712,47.88984443919863,47.90028933438712,213550,0.0
BIL.US,道富SPDR彭博1-3个月美国国债ETF,1284696000000,2010-09-17,2010-09-17 00:00:00,47.88984443919863,47.90028933438712,47.88984443919863,47.88984443919863,168750,0.0
BIL.US,道富SPDR彭博1-3个月美国国债ETF,1284955200000,2010-09-20,2010-09-20 00:00:00,47.88984443919863,47.90028933438712,47.88984443919863,47.88984443919863,371900,0.0
BIL.US,道富SPDR彭博1-3个月美国国债ETF,1285041600000,2010-09-21,2010-09-21 00:00:00,47.90028933438712,47.90028933438712,47.88984443919863,47.88984443919863,742150,0.0
BIL.US,道富SPDR彭博1-3个月美国国债ETF,1285128000000,2010-09-22,2010-09-22 00:00:00,47.90028933438712,47.90028933438712,47.88984443919863,47.88984443919863,521300,0.0
BIL.US,道富SPDR彭博1-3个月美国国债ETF,1285214400000,2010-09-23,2010-09-23 00:00:00,47.88984443919863,47.90028933438712,47.88984443919863,47.88984443919863,209900,0.0
BIL.US,道富SPDR彭博1-3个月美国国债ETF,1285300800000,2010-09-24,2010-09-24 00:00:00,47.90028933438712,47.90028933438712,47.88984443919863,47.90028933438712,100300,0.0
BIL.US,道富SPDR彭博1-3个月美国国债ETF,1285560000000,2010-09-27,2010-09-27 00:00:00,47.88984443919863,47.90028933438712,47.88984443919863,47.90028933438712,283250,0.0
BIL.US,道富SPDR彭博1-3个月美国国债ETF,1285646400000,2010-09-28,2010-09-28 00:00:00,47.88984443919863,47.90028933438712,47.88984443919863,47.88984443919863,113200,0.0
BIL.US,道富SPDR彭博1-3个月美国国债ETF,1285732800000,2010-09-29,2010-09-29 00:00:00,47.88984443919863,47.90028933438712,47.88984443919863,47.88984443919863,161500,0.0
BIL.US,道富SPDR彭博1-3个月美国国债ETF,1285819200000,2010-09-30,2010-09-30 00:00:00,47.88984443919863,47.90028933438712,47.88984443919863,47.88984443919863,214200,0.0
BIL.US,道富SPDR彭博1-3个月美国国债ETF,1285905600000,2010-10-01,2010-10-01 00:00:00,47.88984443919863,47.90028933438712,47.88984443919863,47.88984443919863,328150,0.0
BIL.US,道富SPDR彭博1-3个月美国国债ETF,1286164800000,2010-10-04,2010-10-04 00:00:00,47.88984443919863,47.90028933438712,47.88984443919863,47.90028933438712,198550,0.0
BIL.US,道富SPDR彭博1-3个月美国国债ETF,1286251200000,2010-10-05,2010-10-05 00:00:00,47.88984443919863,47.90028933438712,47.88984443919863,47.88984443919863,420300,0.0
BIL.US,道富SPDR彭博1-3个月美国国债ETF,1286337600000,2010-10-06,2010-10-06 00:00:00,47.88984443919863,47.90028933438712,47.88984443919863,47.88984443919863,744600,0.0
BIL.US,道富SPDR彭博1-3个月美国国债ETF,1286424000000,2010-10-07,2010-10-07 00:00:00,47.88984443919863,47.90028933438712,47.88984443919863,47.88984443919863,524750,0.0
BIL.US,道富SPDR彭博1-3个月美国国债ETF,1286510400000,2010-10-08,2010-10-08 00:00:00,47.88984443919863,47.90028933438712,47.88984443919863,47.88984443919863,115850,0.0
BIL.US,道富SPDR彭博1-3个月美国国债ETF,1286769600000,2010-10-11,2010-10-11 00:00:00,47.88984443919863,47.90028933438712,47.88984443919863,47.88984443919863,64500,0.0
BIL.US,道富SPDR彭博1-3个月美国国债ETF,1286856000000,2010-10-12,2010-10-12 00:00:00,47.88984443919863,47.90028933438712,47.88984443919863,47.88984443919863,425750,0.0
BIL.US,道富SPDR彭博1-3个月美国国债ETF,1286942400000,2010-10-13,2010-10-13 00:00:00,47.88984443919863,47.90028933438712,47.88984443919863,47.88984443919863,397050,0.0
BIL.US,道富SPDR彭博1-3个月美国国债ETF,1287028800000,2010-10-14,2010-10-14 00:00:00,47.88984443919863,47.90028933438712,47.88984443919863,47.90028933438712,170300,0.0
BIL.US,道富SPDR彭博1-3个月美国国债ETF,1287115200000,2010-10-15,2010-10-15 00:00:00,47.88984443919863,47.90028933438712,47.88984443919863,47.88984443919863,89350,0.0
BIL.US,道富SPDR彭博1-3个月美国国债ETF,1287374400000,2010-10-18,2010-10-18 00:00:00,47.88984443919863,47.90028933438712,47.88984443919863,47.90028933438712,187850,0.0
BIL.US,道富SPDR彭博1-3个月美国国债ETF,1287460800000,2010-10-19,2010-10-19 00:00:00,47.90028933438712,47.90028933438712,47.88984443919863,47.88984443919863,66200,0.0
BIL.US,道富SPDR彭博1-3个月美国国债ETF,1287547200000,2010-10-20,2010-10-20 00:00:00,47.90028933438712,47.90028933438712,47.88984443919863,47.88984443919863,633450,0.0
BIL.US,道富SPDR彭博1-3个月美国国债ETF,1287633600000,2010-10-21,2010-10-21 00:00:00,47.88984443919863,47.90028933438712,47.88984443919863,47.88984443919863,625600,0.0
BIL.US,道富SPDR彭博1-3个月美国国债ETF,1287720000000,2010-10-22,2010-10-22 00:00:00,47.90028933438712,47.90028933438712,47.88984443919863,47.90028933438712,114950,0.0
BIL.US,道富SPDR彭博1-3个月美国国债ETF,1287979200000,2010-10-25,2010-10-25 00:00:00,47.88984443919863,47.90028933438712,47.88984443919863,47.88984443919863,135600,0.0
BIL.US,道富SPDR彭博1-3个月美国国债ETF,1288065600000,2010-10-26,2010-10-26 00:00:00,47.88984443919863,47.90028933438712,47.88984443919863,47.90028933438712,89500,0.0
BIL.US,道富SPDR彭博1-3个月美国国债ETF,1288152000000,2010-10-27,2010-10-27 00:00:00,47.88984443919863,47.90028933438712,47.88984443919863,47.90028933438712,115000,0.0
BIL.US,道富SPDR彭博1-3个月美国国债ETF,1288238400000,2010-10-28,2010-10-28 00:00:00,47.90028933438712,47.90028933438712,47.88984443919863,47.88984443919863,86600,0.0
BIL.US,道富SPDR彭博1-3个月美国国债ETF,1288324800000,2010-10-29,2010-10-29 00:00:00,47.88984443919863,47.90028933438712,47.88984443919863,47.90028933438712,57850,0.0
BIL.US,道富SPDR彭博1-3个月美国国债ETF,1288584000000,2010-11-01,2010-11-01 00:00:00,47.90028933438712,47.90028933438712,47.88984443919863,47.90028933438712,242100,0.0
BIL.US,道富SPDR彭博1-3个月美国国债ETF,1288670400000,2010-11-02,2010-11-02 00:00:00,47.88984443919863,47.90028933438712,47.87939954401015,47.87939954401015,226500,0.0
BIL.US,道富SPDR彭博1-3个月美国国债ETF,1288756800000,2010-11-03,2010-11-03 00:00:00,47.88984443919863,47.90028933438712,47.88984443919863,47.88984443919863,229500,0.0
BIL.US,道富SPDR彭博1-3个月美国国债ETF,1288843200000,2010-11-04,2010-11-04 00:00:00,47.88984443919863,47.90028933438712,47.88984443919863,47.88984443919863,934100,0.0
BIL.US,道富SPDR彭博1-3个月美国国债ETF,1288929600000,2010-11-05,2010-11-05 00:00:00,47.88984443919863,47.90028933438712,47.88984443919863,47.88984443919863,327150,0.0
BIL.US,道富SPDR彭博1-3个月美国国债ETF,1289192400000,2010-11-08,2010-11-08 00:00:00,47.88984443919863,47.90028933438712,47.88984443919863,47.88984443919863,198350,0.0
BIL.US,道富SPDR彭博1-3个月美国国债ETF,1289278800000,2010-11-09,2010-11-09 00:00:00,47.88984443919863,47.90028933438712,47.88984443919863,47.88984443919863,223200,0.0
BIL.US,道富SPDR彭博1-3个月美国国债ETF,1289365200000,2010-11-10,2010-11-10 00:00:00,47.88984443919863,47.90028933438712,47.88984443919863,47.88984443919863,243650,0.0
BIL.US,道富SPDR彭博1-3个月美国国债ETF,1289451600000,2010-11-11,2010-11-11 00:00:00,47.88984443919863,47.90028933438712,47.87939954401015,47.87939954401015,49600,0.0
BIL.US,道富SPDR彭博1-3个月美国国债ETF,1289538000000,2010-11-12,2010-11-12 00:00:00,47.88984443919863,47.90028933438712,47.88984443919863,47.90028933438712,1457000,0.0
BIL.US,道富SPDR彭博1-3个月美国国债ETF,1289797200000,2010-11-15,2010-11-15 00:00:00,47.90028933438712,47.90028933438712,47.88984443919863,47.90028933438712,201100,0.0
BIL.US,道富SPDR彭博1-3个月美国国债ETF,1289883600000,2010-11-16,2010-11-16 00:00:00,47.88984443919863,47.90028933438712,47.88984443919863,47.90028933438712,103450,0.0
BIL.US,道富SPDR彭博1-3个月美国国债ETF,1289970000000,2010-11-17,2010-11-17 00:00:00,47.88984443919863,47.90028933438712,47.88984443919863,47.90028933438712,55300,0.0
BIL.US,道富SPDR彭博1-3个月美国国债ETF,1290056400000,2010-11-18,2010-11-18 00:00:00,47.88984443919863,47.90028933438712,47.88984443919863,47.88984443919863,96500,0.0
BIL.US,道富SPDR彭博1-3个月美国国债ETF,1290142800000,2010-11-19,2010-11-19 00:00:00,47.88984443919863,47.90028933438712,47.88984443919863,47.88984443919863,154650,0.0
BIL.US,道富SPDR彭博1-3个月美国国债ETF,1290402000000,2010-11-22,2010-11-22 00:00:00,47.88984443919863,47.90028933438712,47.88984443919863,47.88984443919863,226650,0.0
BIL.US,道富SPDR彭博1-3个月美国国债ETF,1290488400000,2010-11-23,2010-11-23 00:00:00,47.90028933438712,47.90028933438712,47.88984443919863,47.88984443919863,68000,0.0
BIL.US,道富SPDR彭博1-3个月美国国债ETF,1290574800000,2010-11-24,2010-11-24 00:00:00,47.88984443919863,47.90028933438712,47.88984443919863,47.90028933438712,86600,0.0
BIL.US,道富SPDR彭博1-3个月美国国债ETF,1290747600000,2010-11-26,2010-11-26 00:00:00,47.88984443919863,47.90028933438712,47.88984443919863,47.90028933438712,223750,0.0
BIL.US,道富SPDR彭博1-3个月美国国债ETF,1291006800000,2010-11-29,2010-11-29 00:00:00,47.88984443919863,47.90028933438712,47.88984443919863,47.90028933438712,250500,0.0
BIL.US,道富SPDR彭博1-3个月美国国债ETF,1291093200000,2010-11-30,2010-11-30 00:00:00,47.88984443919863,47.90028933438712,47.88984443919863,47.90028933438712,81300,0.0
BIL.US,道富SPDR彭博1-3个月美国国债ETF,1291179600000,2010-12-01,2010-12-01 00:00:00,47.90028933438712,47.90028933438712,47.88984443919863,47.88984443919863,75350,0.0
BIL.US,道富SPDR彭博1-3个月美国国债ETF,1291266000000,2010-12-02,2010-12-02 00:00:00,47.88984443919863,47.90028933438712,47.88984443919863,47.88984443919863,188400,0.0
BIL.US,道富SPDR彭博1-3个月美国国债ETF,1291352400000,2010-12-03,2010-12-03 00:00:00,47.88984443919863,47.90028933438712,47.88984443919863,47.90028933438712,320300,0.0
BIL.US,道富SPDR彭博1-3个月美国国债ETF,1291611600000,2010-12-06,2010-12-06 00:00:00,47.88984443919863,47.90028933438712,47.88984443919863,47.88984443919863,141300,0.0
BIL.US,道富SPDR彭博1-3个月美国国债ETF,1291698000000,2010-12-07,2010-12-07 00:00:00,47.88984443919863,47.90028933438712,47.88984443919863,47.88984443919863,176500,0.0
BIL.US,道富SPDR彭博1-3个月美国国债ETF,1291784400000,2010-12-08,2010-12-08 00:00:00,47.88984443919863,47.90028933438712,47.88984443919863,47.88984443919863,82450,0.0
BIL.US,道富SPDR彭博1-3个月美国国债ETF,1291870800000,2010-12-09,2010-12-09 00:00:00,47.88984443919863,47.90028933438712,47.88984443919863,47.90028933438712,185250,0.0
BIL.US,道富SPDR彭博1-3个月美国国债ETF,1291957200000,2010-12-10,2010-12-10 00:00:00,47.88984443919863,47.90028933438712,47.88984443919863,47.90028933438712,164450,0.0
BIL.US,道富SPDR彭博1-3个月美国国债ETF,1292216400000,2010-12-13,2010-12-13 00:00:00,47.88984443919863,47.90028933438712,47.88984443919863,47.90028933438712,130800,0.0
BIL.US,道富SPDR彭博1-3个月美国国债ETF,1292302800000,2010-12-14,2010-12-14 00:00:00,47.88984443919863,47.90028933438712,47.88984443919863,47.90028933438712,388500,0.0
BIL.US,道富SPDR彭博1-3个月美国国债ETF,1292389200000,2010-12-15,2010-12-15 00:00:00,47.88984443919863,47.90028933438712,47.88984443919863,47.88984443919863,204550,0.0
BIL.US,道富SPDR彭博1-3个月美国国债ETF,1292475600000,2010-12-16,2010-12-16 00:00:00,47.88984443919863,47.90028933438712,47.88984443919863,47.88984443919863,564600,0.0
BIL.US,道富SPDR彭博1-3个月美国国债ETF,1292562000000,2010-12-17,2010-12-17 00:00:00,47.88984443919863,47.90028933438712,47.88984443919863,47.90028933438712,241750,0.0
BIL.US,道富SPDR彭博1-3个月美国国债ETF,1292821200000,2010-12-20,2010-12-20 00:00:00,47.88984443919863,47.90028933438712,47.88984443919863,47.90028933438712,120600,0.0
BIL.US,道富SPDR彭博1-3个月美国国债ETF,1292907600000,2010-12-21,2010-12-21 00:00:00,47.90028933438712,47.90028933438712,47.88984443919863,47.90028933438712,103350,0.0
BIL.US,道富SPDR彭博1-3个月美国国债ETF,1292994000000,2010-12-22,2010-12-22 00:00:00,47.90028933438712,47.90028933438712,47.88984443919863,47.88984443919863,97250,0.0
BIL.US,道富SPDR彭博1-3个月美国国债ETF,1293080400000,2010-12-23,2010-12-23 00:00:00,47.88984443919863,47.90028933438712,47.88984443919863,47.88984443919863,88000,0.0
BIL.US,道富SPDR彭博1-3个月美国国债ETF,1293426000000,2010-12-27,2010-12-27 00:00:00,47.88984443919863,47.90028933438712,47.88984443919863,47.88984443919863,151100,0.0
BIL.US,道富SPDR彭博1-3个月美国国债ETF,1293512400000,2010-12-28,2010-12-28 00:00:00,47.88984443919863,47.90028933438712,47.88984443919863,47.90028933438712,115200,0.0
BIL.US,道富SPDR彭博1-3个月美国国债ETF,1293598800000,2010-12-29,2010-12-29 00:00:00,47.90028933438712,47.90028933438712,47.88984443919863,47.88984443919863,72150,0.0
BIL.US,道富SPDR彭博1-3个月美国国债ETF,1293685200000,2010-12-30,2010-12-30 00:00:00,47.88984443919863,47.90028933438712,47.88984443919863,47.90028933438712,217650,0.0
BIL.US,道富SPDR彭博1-3个月美国国债ETF,1293771600000,2010-12-31,2010-12-31 00:00:00,47.88984443919863,47.90028933438712,47.88984443919863,47.88984443919863,119650,0.0
BIL.US,道富SPDR彭博1-3个月美国国债ETF,1294030800000,2011-01-03,2011-01-03 00:00:00,47.88984443919863,47.90028933438712,47.88984443919863,47.90028933438712,126850,0.0
BIL.US,道富SPDR彭博1-3个月美国国债ETF,1294117200000,2011-01-04,2011-01-04 00:00:00,47.90028933438712,47.90028933438712,47.88984443919863,47.90028933438712,156750,0.0
BIL.US,道富SPDR彭博1-3个月美国国债ETF,1294203600000,2011-01-05,2011-01-05 00:00:00,47.88984443919863,47.90028933438712,47.88984443919863,47.90028933438712,184350,0.0
BIL.US,道富SPDR彭博1-3个月美国国债ETF,1294290000000,2011-01-06,2011-01-06 00:00:00,47.90028933438712,47.90028933438712,47.88984443919863,47.90028933438712,64950,0.0
BIL.US,道富SPDR彭博1-3个月美国国债ETF,1294376400000,2011-01-07,2011-01-07 00:00:00,47.88984443919863,47.90028933438712,47.88984443919863,47.88984443919863,124600,0.0
BIL.US,道富SPDR彭博1-3个月美国国债ETF,1294635600000,2011-01-10,2011-01-10 00:00:00,47.88984443919863,47.90028933438712,47.88984443919863,47.90028933438712,150550,0.0
BIL.US,道富SPDR彭博1-3个月美国国债ETF,1294722000000,2011-01-11,2011-01-11 00:00:00,47.90028933438712,47.90028933438712,47.88984443919863,47.90028933438712,127300,0.0
BIL.US,道富SPDR彭博1-3个月美国国债ETF,1294808400000,2011-01-12,2011-01-12 00:00:00,47.88984443919863,47.90028933438712,47.88984443919863,47.88984443919863,69400,0.0
BIL.US,道富SPDR彭博1-3个月美国国债ETF,1294894800000,2011-01-13,2011-01-13 00:00:00,47.88984443919863,47.90028933438712,47.88984443919863,47.88984443919863,94600,0.0
BIL.US,道富SPDR彭博1-3个月美国国债ETF,1294981200000,2011-01-14,2011-01-14 00:00:00,47.88984443919863,47.90028933438712,47.88984443919863,47.88984443919863,199450,0.0
BIL.US,道富SPDR彭博1-3个月美国国债ETF,1295326800000,2011-01-18,2011-01-18 00:00:00,47.88984443919863,47.90028933438712,47.88984443919863,47.88984443919863,426600,0.0
BIL.US,道富SPDR彭博1-3个月美国国债ETF,1295413200000,2011-01-19,2011-01-19 00:00:00,47.90028933438712,47.90028933438712,47.88984443919863,47.90028933438712,150850,0.0
BIL.US,道富SPDR彭博1-3个月美国国债ETF,1295499600000,2011-01-20,2011-01-20 00:00:00,47.90028933438712,47.90028933438712,47.88984443919863,47.90028933438712,99650,0.0
BIL.US,道富SPDR彭博1-3个月美国国债ETF,1295586000000,2011-01-21,2011-01-21 00:00:00,47.88984443919863,47.90028933438712,47.88984443919863,47.88984443919863,55100,0.0
BIL.US,道富SPDR彭博1-3个月美国国债ETF,1295845200000,2011-01-24,2011-01-24 00:00:00,47.88984443919863,47.90028933438712,47.88984443919863,47.88984443919863,312100,0.0
BIL.US,道富SPDR彭博1-3个月美国国债ETF,1295931600000,2011-01-25,2011-01-25 00:00:00,47.90028933438712,47.90028933438712,47.88984443919863,47.90028933438712,443100,0.0
BIL.US,道富SPDR彭博1-3个月美国国债ETF,1296018000000,2011-01-26,2011-01-26 00:00:00,47.90028933438712,47.90028933438712,47.88984443919863,47.88984443919863,87800,0.0
BIL.US,道富SPDR彭博1-3个月美国国债ETF,1296104400000,2011-01-27,2011-01-27 00:00:00,47.88984443919863,47.90028933438712,47.88984443919863,47.90028933438712,89000,0.0
BIL.US,道富SPDR彭博1-3个月美国国债ETF,1296190800000,2011-01-28,2011-01-28 00:00:00,47.88984443919863,47.90028933438712,47.88984443919863,47.88984443919863,158550,0.0
BIL.US,道富SPDR彭博1-3个月美国国债ETF,1296450000000,2011-01-31,2011-01-31 00:00:00,47.88984443919863,47.90028933438712,47.88984443919863,47.88984443919863,87250,0.0
BIL.US,道富SPDR彭博1-3个月美国国债ETF,1296536400000,2011-02-01,2011-02-01 00:00:00,47.88984443919863,47.90028933438712,47.88984443919863,47.88984443919863,787600,0.0
BIL.US,道富SPDR彭博1-3个月美国国债ETF,1296622800000,2011-02-02,2011-02-02 00:00:00,47.88984443919863,47.90028933438712,47.88984443919863,47.88984443919863,283550,0.0
BIL.US,道富SPDR彭博1-3个月美国国债ETF,1296709200000,2011-02-03,2011-02-03 00:00:00,47.90028933438712,47.90028933438712,47.88984443919863,47.88984443919863,91000,0.0
BIL.US,道富SPDR彭博1-3个月美国国债ETF,1296795600000,2011-02-04,2011-02-04 00:00:00,47.88984443919863,47.90028933438712,47.88984443919863,47.90028933438712,101000,0.0
BIL.US,道富SPDR彭博1-3个月美国国债ETF,1297054800000,2011-02-07,2011-02-07 00:00:00,47.90028933438712,47.90028933438712,47.88984443919863,47.88984443919863,131550,0.0
BIL.US,道富SPDR彭博1-3个月美国国债ETF,1297141200000,2011-02-08,2011-02-08 00:00:00,47.90028933438712,47.90028933438712,47.88984443919863,47.88984443919863,155400,0.0
BIL.US,道富SPDR彭博1-3个月美国国债ETF,1297227600000,2011-02-09,2011-02-09 00:00:00,47.90028933438712,47.90028933438712,47.88984443919863,47.90028933438712,147700,0.0
BIL.US,道富SPDR彭博1-3个月美国国债ETF,1297314000000,2011-02-10,2011-02-10 00:00:00,47.88984443919863,47.90028933438712,47.88984443919863,47.88984443919863,148650,0.0
BIL.US,道富SPDR彭博1-3个月美国国债ETF,1297400400000,2011-02-11,2011-02-11 00:00:00,47.90028933438712,47.90028933438712,47.88984443919863,47.88984443919863,138150,0.0
BIL.US,道富SPDR彭博1-3个月美国国债ETF,1297659600000,2011-02-14,2011-02-14 00:00:00,47.90028933438712,47.90028933438712,47.88984443919863,47.88984443919863,74450,0.0
BIL.US,道富SPDR彭博1-3个月美国国债ETF,1297746000000,2011-02-15,2011-02-15 00:00:00,47.90028933438712,47.90028933438712,47.88984443919863,47.90028933438712,193200,0.0
BIL.US,道富SPDR彭博1-3个月美国国债ETF,1297832400000,2011-02-16,2011-02-16 00:00:00,47.90028933438712,47.90028933438712,47.88984443919863,47.90028933438712,136800,0.0
BIL.US,道富SPDR彭博1-3个月美国国债ETF,1297918800000,2011-02-17,2011-02-17 00:00:00,47.88984443919863,47.90028933438712,47.88984443919863,47.90028933438712,68250,0.0
BIL.US,道富SPDR彭博1-3个月美国国债ETF,1298005200000,2011-02-18,2011-02-18 00:00:00,47.88984443919863,47.90028933438712,47.88984443919863,47.88984443919863,93750,0.0
BIL.US,道富SPDR彭博1-3个月美国国债ETF,1298350800000,2011-02-22,2011-02-22 00:00:00,47.90028933438712,47.90028933438712,47.88984443919863,47.88984443919863,144050,0.0
BIL.US,道富SPDR彭博1-3个月美国国债ETF,1298437200000,2011-02-23,2011-02-23 00:00:00,47.90028933438712,47.90028933438712,47.88984443919863,47.90028933438712,493500,0.0
BIL.US,道富SPDR彭博1-3个月美国国债ETF,1298523600000,2011-02-24,2011-02-24 00:00:00,47.90028933438712,47.90028933438712,47.88984443919863,47.90028933438712,126750,0.0
BIL.US,道富SPDR彭博1-3个月美国国债ETF,1298610000000,2011-02-25,2011-02-25 00:00:00,47.90028933438712,47.90028933438712,47.88984443919863,47.90028933438712,91350,0.0
BIL.US,道富SPDR彭博1-3个月美国国债ETF,1298869200000,2011-02-28,2011-02-28 00:00:00,47.90028933438712,47.90028933438712,47.88984443919863,47.88984443919863,145850,0.0
BIL.US,道富SPDR彭博1-3个月美国国债ETF,1298955600000,2011-03-01,2011-03-01 00:00:00,47.90028933438712,47.90028933438712,47.88984443919863,47.88984443919863,138400,0.0
BIL.US,道富SPDR彭博1-3个月美国国债ETF,1299042000000,2011-03-02,2011-03-02 00:00:00,47.90028933438712,47.90028933438712,47.88984443919863,47.90028933438712,128000,0.0
BIL.US,道富SPDR彭博1-3个月美国国债ETF,1299128400000,2011-03-03,2011-03-03 00:00:00,47.90028933438712,47.90028933438712,47.88984443919863,47.88984443919863,139950,0.0
BIL.US,道富SPDR彭博1-3个月美国国债ETF,1299214800000,2011-03-04,2011-03-04 00:00:00,47.88984443919863,47.90028933438712,47.88984443919863,47.90028933438712,132300,0.0
BIL.US,道富SPDR彭博1-3个月美国国债ETF,1299474000000,2011-03-07,2011-03-07 00:00:00,47.90028933438712,47.90028933438712,47.88984443919863,47.88984443919863,95850,0.0
BIL.US,道富SPDR彭博1-3个月美国国债ETF,1299560400000,2011-03-08,2011-03-08 00:00:00,47.90028933438712,47.90028933438712,47.88984443919863,47.88984443919863,1178800,0.0
BIL.US,道富SPDR彭博1-3个月美国国债ETF,1299646800000,2011-03-09,2011-03-09 00:00:00,47.90028933438712,47.90028933438712,47.88984443919863,47.88984443919863,159800,0.0
BIL.US,道富SPDR彭博1-3个月美国国债ETF,1299733200000,2011-03-10,2011-03-10 00:00:00,47.88984443919863,47.90028933438712,47.88984443919863,47.88984443919863,140200,0.0
BIL.US,道富SPDR彭博1-3个月美国国债ETF,1299819600000,2011-03-11,2011-03-11 00:00:00,47.88984443919863,47.90028933438712,47.88984443919863,47.90028933438712,77750,0.0
BIL.US,道富SPDR彭博1-3个月美国国债ETF,1300075200000,2011-03-14,2011-03-14 00:00:00,47.88984443919863,47.910734229575596,47.88984443919863,47.90028933438712,929650,0.0
BIL.US,道富SPDR彭博1-3个月美国国债ETF,1300161600000,2011-03-15,2011-03-15 00:00:00,47.910734229575596,47.910734229575596,47.88984443919863,47.910734229575596,754300,0.0
BIL.US,道富SPDR彭博1-3个月美国国债ETF,1300248000000,2011-03-16,2011-03-16 00:00:00,47.90028933438712,47.910734229575596,47.90028933438712,47.910734229575596,122300,0.0
BIL.US,道富SPDR彭博1-3个月美国国债ETF,1300334400000,2011-03-17,2011-03-17 00:00:00,47.910734229575596,47.910734229575596,47.90028933438712,47.910734229575596,595450,0.0
BIL.US,道富SPDR彭博1-3个月美国国债ETF,1300420800000,2011-03-18,2011-03-18 00:00:00,47.90028933438712,47.910734229575596,47.90028933438712,47.910734229575596,222750,0.0
BIL.US,道富SPDR彭博1-3个月美国国债ETF,1300680000000,2011-03-21,2011-03-21 00:00:00,47.90028933438712,47.910734229575596,47.90028933438712,47.910734229575596,102350,0.0
BIL.US,道富SPDR彭博1-3个月美国国债ETF,1300766400000,2011-03-22,2011-03-22 00:00:00,47.88984443919863,47.90028933438712,47.88984443919863,47.88984443919863,117100,0.0
BIL.US,道富SPDR彭博1-3个月美国国债ETF,1300852800000,2011-03-23,2011-03-23 00:00:00,47.88984443919863,47.90028933438712,47.88984443919863,47.90028933438712,156950,0.0
BIL.US,道富SPDR彭博1-3个月美国国债ETF,1300939200000,2011-03-24,2011-03-24 00:00:00,47.88984443919863,47.90028933438712,47.88984443919863,47.88984443919863,557950,0.0
BIL.US,道富SPDR彭博1-3个月美国国债ETF,1301025600000,2011-03-25,2011-03-25 00:00:00,47.88984443919863,47.90028933438712,47.88984443919863,47.88984443919863,1271900,0.0
BIL.US,道富SPDR彭博1-3个月美国国债ETF,1301284800000,2011-03-28,2011-03-28 00:00:00,47.88984443919863,47.90028933438712,47.88984443919863,47.90028933438712,733950,0.0
BIL.US,道富SPDR彭博1-3个月美国国债ETF,1301371200000,2011-03-29,2011-03-29 00:00:00,47.90028933438712,47.90028933438712,47.88984443919863,47.88984443919863,240950,0.0
BIL.US,道富SPDR彭博1-3个月美国国债ETF,1301457600000,2011-03-30,2011-03-30 00:00:00,47.90028933438712,47.90028933438712,47.88984443919863,47.90028933438712,589950,0.0
BIL.US,道富SPDR彭博1-3个月美国国债ETF,1301544000000,2011-03-31,2011-03-31 00:00:00,47.88984443919863,47.90028933438712,47.88984443919863,47.88984443919863,145200,0.0
BIL.US,道富SPDR彭博1-3个月美国国债ETF,1301630400000,2011-04-01,2011-04-01 00:00:00,47.90028933438712,47.90028933438712,47.88984443919863,47.88984443919863,148850,0.0
BIL.US,道富SPDR彭博1-3个月美国国债ETF,1301889600000,2011-04-04,2011-04-04 00:00:00,47.88984443919863,47.910734229575596,47.88984443919863,47.88984443919863,144700,0.0
BIL.US,道富SPDR彭博1-3个月美国国债ETF,1301976000000,2011-04-05,2011-04-05 00:00:00,47.90028933438712,47.90028933438712,47.88984443919863,47.88984443919863,165000,0.0
BIL.US,道富SPDR彭博1-3个月美国国债ETF,1302062400000,2011-04-06,2011-04-06 00:00:00,47.88984443919863,47.90028933438712,47.88984443919863,47.88984443919863,116900,0.0
BIL.US,道富SPDR彭博1-3个月美国国债ETF,1302148800000,2011-04-07,2011-04-07 00:00:00,47.88984443919863,47.90028933438712,47.88984443919863,47.90028933438712,129450,0.0
BIL.US,道富SPDR彭博1-3个月美国国债ETF,1302235200000,2011-04-08,2011-04-08 00:00:00,47.90028933438712,47.90028933438712,47.88984443919863,47.88984443919863,1310750,0.0
BIL.US,道富SPDR彭博1-3个月美国国债ETF,1302494400000,2011-04-11,2011-04-11 00:00:00,47.88984443919863,47.90028933438712,47.88984443919863,47.88984443919863,230850,0.0
BIL.US,道富SPDR彭博1-3个月美国国债ETF,1302580800000,2011-04-12,2011-04-12 00:00:00,47.90028933438712,47.910734229575596,47.88984443919863,47.90028933438712,61100,0.0
BIL.US,道富SPDR彭博1-3个月美国国债ETF,1302667200000,2011-04-13,2011-04-13 00:00:00,47.90028933438712,47.910734229575596,47.88984443919863,47.90028933438712,79200,0.0
BIL.US,道富SPDR彭博1-3个月美国国债ETF,1302753600000,2011-04-14,2011-04-14 00:00:00,47.910734229575596,47.910734229575596,47.88984443919863,47.88984443919863,245750,0.0
BIL.US,道富SPDR彭博1-3个月美国国债ETF,1302840000000,2011-04-15,2011-04-15 00:00:00,47.88984443919863,47.90028933438712,47.88984443919863,47.90028933438712,152600,0.0
BIL.US,道富SPDR彭博1-3个月美国国债ETF,1303099200000,2011-04-18,2011-04-18 00:00:00,47.88984443919863,47.90028933438712,47.88984443919863,47.88984443919863,112300,0.0
BIL.US,道富SPDR彭博1-3个月美国国债ETF,1303185600000,2011-04-19,2011-04-19 00:00:00,47.88984443919863,47.90028933438712,47.88984443919863,47.88984443919863,110650,0.0
BIL.US,道富SPDR彭博1-3个月美国国债ETF,1303272000000,2011-04-20,2011-04-20 00:00:00,47.90028933438712,47.90028933438712,47.88984443919863,47.88984443919863,102200,0.0
BIL.US,道富SPDR彭博1-3个月美国国债ETF,1303358400000,2011-04-21,2011-04-21 00:00:00,47.88984443919863,47.90028933438712,47.88984443919863,47.88984443919863,89850,0.0
BIL.US,道富SPDR彭博1-3个月美国国债ETF,1303704000000,2011-04-25,2011-04-25 00:00:00,47.90028933438712,47.90028933438712,47.88984443919863,47.88984443919863,103150,0.0
BIL.US,道富SPDR彭博1-3个月美国国债ETF,1303790400000,2011-04-26,2011-04-26 00:00:00,47.90028933438712,47.90028933438712,47.88984443919863,47.88984443919863,41450,0.0
BIL.US,道富SPDR彭博1-3个月美国国债ETF,1303876800000,2011-04-27,2011-04-27 00:00:00,47.88984443919863,47.90028933438712,47.88984443919863,47.88984443919863,106000,0.0
BIL.US,道富SPDR彭博1-3个月美国国债ETF,1303963200000,2011-04-28,2011-04-28 00:00:00,47.88984443919863,47.90028933438712,47.88984443919863,47.88984443919863,97050,0.0
BIL.US,道富SPDR彭博1-3个月美国国债ETF,1304049600000,2011-04-29,2011-04-29 00:00:00,47.88984443919863,47.90028933438712,47.88984443919863,47.88984443919863,74500,0.0
BIL.US,道富SPDR彭博1-3个月美国国债ETF,1304308800000,2011-05-02,2011-05-02 00:00:00,47.90028933438712,47.90028933438712,47.88984443919863,47.88984443919863,76000,0.0
BIL.US,道富SPDR彭博1-3个月美国国债ETF,1304395200000,2011-05-03,2011-05-03 00:00:00,47.90028933438712,47.90028933438712,47.88984443919863,47.88984443919863,127100,0.0
BIL.US,道富SPDR彭博1-3个月美国国债ETF,1304481600000,2011-05-04,2011-05-04 00:00:00,47.910734229575596,47.910734229575596,47.88984443919863,47.910734229575596,449750,0.0
BIL.US,道富SPDR彭博1-3个月美国国债ETF,1304568000000,2011-05-05,2011-05-05 00:00:00,47.90028933438712,47.910734229575596,47.90028933438712,47.910734229575596,800000,0.0
BIL.US,道富SPDR彭博1-3个月美国国债ETF,1304654400000,2011-05-06,2011-05-06 00:00:00,47.90028933438712,47.910734229575596,47.90028933438712,47.910734229575596,143400,0.0
BIL.US,道富SPDR彭博1-3个月美国国债ETF,1304913600000,2011-05-09,2011-05-09 00:00:00,47.90028933438712,47.910734229575596,47.90028933438712,47.910734229575596,808500,0.0
BIL.US,道富SPDR彭博1-3个月美国国债ETF,1305000000000,2011-05-10,2011-05-10 00:00:00,47.910734229575596,47.910734229575596,47.90028933438712,47.910734229575596,182200,0.0
BIL.US,道富SPDR彭博1-3个月美国国债ETF,1305086400000,2011-05-11,2011-05-11 00:00:00,47.90028933438712,47.910734229575596,47.90028933438712,47.910734229575596,76150,0.0
BIL.US,道富SPDR彭博1-3个月美国国债ETF,1305172800000,2011-05-12,2011-05-12 00:00:00,47.910734229575596,47.910734229575596,47.90028933438712,47.910734229575596,88350,0.0
BIL.US,道富SPDR彭博1-3个月美国国债ETF,1305259200000,2011-05-13,2011-05-13 00:00:00,47.910734229575596,47.910734229575596,47.90028933438712,47.90028933438712,42950,0.0
BIL.US,道富SPDR彭博1-3个月美国国债ETF,1305518400000,2011-05-16,2011-05-16 00:00:00,47.910734229575596,47.910734229575596,47.90028933438712,47.90028933438712,905750,0.0
BIL.US,道富SPDR彭博1-3个月美国国债ETF,1305604800000,2011-05-17,2011-05-17 00:00:00,47.910734229575596,47.910734229575596,47.90028933438712,47.90028933438712,582700,0.0
BIL.US,道富SPDR彭博1-3个月美国国债ETF,1305691200000,2011-05-18,2011-05-18 00:00:00,47.88984443919863,47.90028933438712,47.88984443919863,47.88984443919863,75550,0.0
BIL.US,道富SPDR彭博1-3个月美国国债ETF,1305777600000,2011-05-19,2011-05-19 00:00:00,47.88984443919863,47.910734229575596,47.88984443919863,47.910734229575596,71300,0.0
BIL.US,道富SPDR彭博1-3个月美国国债ETF,1305864000000,2011-05-20,2011-05-20 00:00:00,47.90028933438712,47.90028933438712,47.88984443919863,47.90028933438712,443400,0.0
BIL.US,道富SPDR彭博1-3个月美国国债ETF,1306123200000,2011-05-23,2011-05-23 00:00:00,47.90028933438712,47.90028933438712,47.88984443919863,47.90028933438712,328750,0.0
BIL.US,道富SPDR彭博1-3个月美国国债ETF,1306209600000,2011-05-24,2011-05-24 00:00:00,47.88984443919863,47.90028933438712,47.88984443919863,47.90028933438712,68000,0.0
BIL.US,道富SPDR彭博1-3个月美国国债ETF,1306296000000,2011-05-25,2011-05-25 00:00:00,47.90028933438712,47.90028933438712,47.88984443919863,47.90028933438712,159800,0.0
BIL.US,道富SPDR彭博1-3个月美国国债ETF,1306382400000,2011-05-26,2011-05-26 00:00:00,47.90028933438712,47.90028933438712,47.88984443919863,47.90028933438712,819300,0.0
BIL.US,道富SPDR彭博1-3个月美国国债ETF,1306468800000,2011-05-27,2011-05-27 00:00:00,47.88984443919863,47.90028933438712,47.88984443919863,47.90028933438712,161350,0.0
BIL.US,道富SPDR彭博1-3个月美国国债ETF,1306814400000,2011-05-31,2011-05-31 00:00:00,47.88984443919863,47.90028933438712,47.88984443919863,47.90028933438712,133700,0.0
BIL.US,道富SPDR彭博1-3个月美国国债ETF,1306900800000,2011-06-01,2011-06-01 00:00:00,47.88984443919863,47.90028933438712,47.88984443919863,47.88984443919863,471900,0.0
BIL.US,道富SPDR彭博1-3个月美国国债ETF,1306987200000,2011-06-02,2011-06-02 00:00:00,47.88984443919863,47.90028933438712,47.88984443919863,47.88984443919863,69000,0.0
BIL.US,道富SPDR彭博1-3个月美国国债ETF,1307073600000,2011-06-03,2011-06-03 00:00:00,47.88984443919863,47.90028933438712,47.88984443919863,47.88984443919863,62750,0.0
BIL.US,道富SPDR彭博1-3个月美国国债ETF,1307332800000,2011-06-06,2011-06-06 00:00:00,47.90028933438712,47.90028933438712,47.88984443919863,47.88984443919863,655250,0.0
BIL.US,道富SPDR彭博1-3个月美国国债ETF,1307419200000,2011-06-07,2011-06-07 00:00:00,47.90028933438712,47.90028933438712,47.88984443919863,47.90028933438712,882450,0.0
BIL.US,道富SPDR彭博1-3个月美国国债ETF,1307505600000,2011-06-08,2011-06-08 00:00:00,47.88984443919863,47.90028933438712,47.88984443919863,47.90028933438712,64950,0.0
BIL.US,道富SPDR彭博1-3个月美国国债ETF,1307592000000,2011-06-09,2011-06-09 00:00:00,47.90028933438712,47.90028933438712,47.88984443919863,47.88984443919863,376350,0.0
BIL.US,道富SPDR彭博1-3个月美国国债ETF,1307678400000,2011-06-10,2011-06-10 00:00:00,47.88984443919863,47.90028933438712,47.88984443919863,47.90028933438712,79400,0.0
BIL.US,道富SPDR彭博1-3个月美国国债ETF,1307937600000,2011-06-13,2011-06-13 00:00:00,47.90028933438712,47.90028933438712,47.88984443919863,47.88984443919863,94950,0.0
BIL.US,道富SPDR彭博1-3个月美国国债ETF,1308024000000,2011-06-14,2011-06-14 00:00:00,47.88984443919863,47.90028933438712,47.88984443919863,47.90028933438712,862400,0.0
BIL.US,道富SPDR彭博1-3个月美国国债ETF,1308110400000,2011-06-15,2011-06-15 00:00:00,47.90028933438712,47.90028933438712,47.88984443919863,47.90028933438712,113650,0.0
BIL.US,道富SPDR彭博1-3个月美国国债ETF,1308196800000,2011-06-16,2011-06-16 00:00:00,47.90028933438712,47.90028933438712,47.88984443919863,47.90028933438712,101900,0.0
BIL.US,道富SPDR彭博1-3个月美国国债ETF,1308283200000,2011-06-17,2011-06-17 00:00:00,47.90028933438712,47.90028933438712,47.88984443919863,47.90028933438712,96750,0.0
BIL.US,道富SPDR彭博1-3个月美国国债ETF,1308542400000,2011-06-20,2011-06-20 00:00:00,47.90028933438712,47.90028933438712,47.88984443919863,47.90028933438712,102900,0.0
BIL.US,道富SPDR彭博1-3个月美国国债ETF,1308628800000,2011-06-21,2011-06-21 00:00:00,47.90028933438712,47.90028933438712,47.88984443919863,47.88984443919863,433350,0.0
BIL.US,道富SPDR彭博1-3个月美国国债ETF,1308715200000,2011-06-22,2011-06-22 00:00:00,47.88984443919863,47.90028933438712,47.88984443919863,47.90028933438712,158700,0.0
BIL.US,道富SPDR彭博1-3个月美国国债ETF,1308801600000,2011-06-23,2011-06-23 00:00:00,47.90028933438712,47.90028933438712,47.88984443919863,47.90028933438712,523750,0.0
BIL.US,道富SPDR彭博1-3个月美国国债ETF,1308888000000,2011-06-24,2011-06-24 00:00:00,47.90028933438712,47.90028933438712,47.88984443919863,47.88984443919863,357750,0.0
BIL.US,道富SPDR彭博1-3个月美国国债ETF,1309147200000,2011-06-27,2011-06-27 00:00:00,47.90028933438712,47.90028933438712,47.88984443919863,47.88984443919863,126950,0.0
BIL.US,道富SPDR彭博1-3个月美国国债ETF,1309233600000,2011-06-28,2011-06-28 00:00:00,47.90028933438712,47.90028933438712,47.88984443919863,47.88984443919863,289650,0.0
BIL.US,道富SPDR彭博1-3个月美国国债ETF,1309320000000,2011-06-29,2011-06-29 00:00:00,47.88984443919863,47.90028933438712,47.88984443919863,47.90028933438712,1148950,0.0
BIL.US,道富SPDR彭博1-3个月美国国债ETF,1309406400000,2011-06-30,2011-06-30 00:00:00,47.88984443919863,47.90028933438712,47.88984443919863,47.90028933438712,1730050,0.0
BIL.US,道富SPDR彭博1-3个月美国国债ETF,1309492800000,2011-07-01,2011-07-01 00:00:00,47.90028933438712,47.90028933438712,47.88984443919863,47.88984443919863,496400,0.0
BIL.US,道富SPDR彭博1-3个月美国国债ETF,1309838400000,2011-07-05,2011-07-05 00:00:00,47.90028933438712,47.90028933438712,47.88984443919863,47.88984443919863,786700,0.0
BIL.US,道富SPDR彭博1-3个月美国国债ETF,1309924800000,2011-07-06,2011-07-06 00:00:00,47.88984443919863,47.90028933438712,47.88984443919863,47.90028933438712,222350,0.0
BIL.US,道富SPDR彭博1-3个月美国国债ETF,1310011200000,2011-07-07,2011-07-07 00:00:00,47.88984443919863,47.90028933438712,47.88984443919863,47.88984443919863,158850,0.0
BIL.US,道富SPDR彭博1-3个月美国国债ETF,1310097600000,2011-07-08,2011-07-08 00:00:00,47.88984443919863,47.90028933438712,47.88984443919863,47.88984443919863,70650,0.0
BIL.US,道富SPDR彭博1-3个月美国国债ETF,1310356800000,2011-07-11,2011-07-11 00:00:00,47.90028933438712,47.90028933438712,47.87939954401015,47.87939954401015,147850,0.0
BIL.US,道富SPDR彭博1-3个月美国国债ETF,1310443200000,2011-07-12,2011-07-12 00:00:00,47.90028933438712,47.90028933438712,47.88984443919863,47.88984443919863,1150000,0.0
BIL.US,道富SPDR彭博1-3个月美国国债ETF,1310529600000,2011-07-13,2011-07-13 00:00:00,47.88984443919863,47.90028933438712,47.88984443919863,47.90028933438712,1115500,0.0
BIL.US,道富SPDR彭博1-3个月美国国债ETF,1310616000000,2011-07-14,2011-07-14 00:00:00,47.90028933438712,47.90028933438712,47.88984443919863,47.90028933438712,216650,0.0
BIL.US,道富SPDR彭博1-3个月美国国债ETF,1310702400000,2011-07-15,2011-07-15 00:00:00,47.88984443919863,47.90028933438712,47.88984443919863,47.90028933438712,496050,0.0
BIL.US,道富SPDR彭博1-3个月美国国债ETF,1310961600000,2011-07-18,2011-07-18 00:00:00,47.88984443919863,47.90028933438712,47.88984443919863,47.90028933438712,803350,0.0
BIL.US,道富SPDR彭博1-3个月美国国债ETF,1311048000000,2011-07-19,2011-07-19 00:00:00,47.90028933438712,47.90028933438712,47.88984443919863,47.90028933438712,790000,0.0
BIL.US,道富SPDR彭博1-3个月美国国债ETF,1311134400000,2011-07-20,2011-07-20 00:00:00,47.88984443919863,47.90028933438712,47.88984443919863,47.88984443919863,162650,0.0
BIL.US,道富SPDR彭博1-3个月美国国债ETF,1311220800000,2011-07-21,2011-07-21 00:00:00,47.90028933438712,47.90028933438712,47.88984443919863,47.88984443919863,790450,0.0
BIL.US,道富SPDR彭博1-3个月美国国债ETF,1311307200000,2011-07-22,2011-07-22 00:00:00,47.88984443919863,47.90028933438712,47.88984443919863,47.90028933438712,162550,0.0
BIL.US,道富SPDR彭博1-3个月美国国债ETF,1311566400000,2011-07-25,2011-07-25 00:00:00,47.90028933438712,47.90028933438712,47.88984443919863,47.90028933438712,72300,0.0
BIL.US,道富SPDR彭博1-3个月美国国债ETF,1311652800000,2011-07-26,2011-07-26 00:00:00,47.88984443919863,47.90028933438712,47.88984443919863,47.90028933438712,85800,0.0
BIL.US,道富SPDR彭博1-3个月美国国债ETF,1311739200000,2011-07-27,2011-07-27 00:00:00,47.90028933438712,47.90028933438712,47.88984443919863,47.90028933438712,906050,0.0
BIL.US,道富SPDR彭博1-3个月美国国债ETF,1311825600000,2011-07-28,2011-07-28 00:00:00,47.88984443919863,47.90028933438712,47.88984443919863,47.90028933438712,802800,0.0
BIL.US,道富SPDR彭博1-3个月美国国债ETF,1311912000000,2011-07-29,2011-07-29 00:00:00,47.88984443919863,47.90028933438712,47.88984443919863,47.90028933438712,1060950,0.0
BIL.US,道富SPDR彭博1-3个月美国国债ETF,1312171200000,2011-08-01,2011-08-01 00:00:00,47.88984443919863,47.90028933438712,47.87939954401015,47.90028933438712,290250,0.0
BIL.US,道富SPDR彭博1-3个月美国国债ETF,1312257600000,2011-08-02,2011-08-02 00:00:00,47.88984443919863,47.90028933438712,47.87939954401015,47.90028933438712,1012600,0.0
BIL.US,道富SPDR彭博1-3个月美国国债ETF,1312344000000,2011-08-03,2011-08-03 00:00:00,47.90028933438712,47.90028933438712,47.88984443919863,47.90028933438712,681150,0.0
BIL.US,道富SPDR彭博1-3个月美国国债ETF,1312430400000,2011-08-04,2011-08-04 00:00:00,47.90028933438712,47.90028933438712,47.88984443919863,47.90028933438712,1335150,0.0
BIL.US,道富SPDR彭博1-3个月美国国债ETF,1312516800000,2011-08-05,2011-08-05 00:00:00,47.90028933438712,47.90028933438712,47.88984443919863,47.90028933438712,438750,0.0
BIL.US,道富SPDR彭博1-3个月美国国债ETF,1312776000000,2011-08-08,2011-08-08 00:00:00,47.88984443919863,47.90028933438712,47.88984443919863,47.90028933438712,560600,0.0
BIL.US,道富SPDR彭博1-3个月美国国债ETF,1312862400000,2011-08-09,2011-08-09 00:00:00,47.90028933438712,47.90028933438712,47.88984443919863,47.90028933438712,658450,0.0
BIL.US,道富SPDR彭博1-3个月美国国债ETF,1312948800000,2011-08-10,2011-08-10 00:00:00,47.88984443919863,47.90028933438712,47.87939954401015,47.90028933438712,374150,0.0
BIL.US,道富SPDR彭博1-3个月美国国债ETF,1313035200000,2011-08-11,2011-08-11 00:00:00,47.88984443919863,47.90028933438712,47.87939954401015,47.90028933438712,224700,0.0
BIL.US,道富SPDR彭博1-3个月美国国债ETF,1313121600000,2011-08-12,2011-08-12 00:00:00,47.90028933438712,47.90028933438712,47.88984443919863,47.90028933438712,779850,0.0
BIL.US,道富SPDR彭博1-3个月美国国债ETF,1313380800000,2011-08-15,2011-08-15 00:00:00,47.88984443919863,47.90028933438712,47.88984443919863,47.90028933438712,9127350,0.0
BIL.US,道富SPDR彭博1-3个月美国国债ETF,1313467200000,2011-08-16,2011-08-16 00:00:00,47.90028933438712,47.90028933438712,47.88984443919863,47.90028933438712,368100,0.0
BIL.US,道富SPDR彭博1-3个月美国国债ETF,1313553600000,2011-08-17,2011-08-17 00:00:00,47.90028933438712,47.90028933438712,47.88984443919863,47.90028933438712,331200,0.0
BIL.US,道富SPDR彭博1-3个月美国国债ETF,1313640000000,2011-08-18,2011-08-18 00:00:00,47.90028933438712,47.90028933438712,47.87939954401015,47.87939954401015,525450,0.0
BIL.US,道富SPDR彭博1-3个月美国国债ETF,1313726400000,2011-08-19,2011-08-19 00:00:00,47.90028933438712,47.90028933438712,47.88984443919863,47.90028933438712,941750,0.0
BIL.US,道富SPDR彭博1-3个月美国国债ETF,1313985600000,2011-08-22,2011-08-22 00:00:00,47.88984443919863,47.90028933438712,47.87939954401015,47.87939954401015,247900,0.0
BIL.US,道富SPDR彭博1-3个月美国国债ETF,1314072000000,2011-08-23,2011-08-23 00:00:00,47.88984443919863,47.90028933438712,47.88984443919863,47.90028933438712,709250,0.0
BIL.US,道富SPDR彭博1-3个月美国国债ETF,1314158400000,2011-08-24,2011-08-24 00:00:00,47.90028933438712,47.90028933438712,47.88984443919863,47.90028933438712,190750,0.0
BIL.US,道富SPDR彭博1-3个月美国国债ETF,1314244800000,2011-08-25,2011-08-25 00:00:00,47.90028933438712,47.90028933438712,47.87939954401015,47.87939954401015,334800,0.0
BIL.US,道富SPDR彭博1-3个月美国国债ETF,1314331200000,2011-08-26,2011-08-26 00:00:00,47.90028933438712,47.90028933438712,47.88984443919863,47.90028933438712,247950,0.0
BIL.US,道富SPDR彭博1-3个月美国国债ETF,1314590400000,2011-08-29,2011-08-29 00:00:00,47.90028933438712,47.90028933438712,47.88984443919863,47.90028933438712,11294400,0.0
BIL.US,道富SPDR彭博1-3个月美国国债ETF,1314676800000,2011-08-30,2011-08-30 00:00:00,47.88984443919863,47.90028933438712,47.88984443919863,47.90028933438712,952000,0.0
BIL.US,道富SPDR彭博1-3个月美国国债ETF,1314763200000,2011-08-31,2011-08-31 00:00:00,47.90028933438712,47.90028933438712,47.88984443919863,47.90028933438712,523750,0.0
BIL.US,道富SPDR彭博1-3个月美国国债ETF,1314849600000,2011-09-01,2011-09-01 00:00:00,47.88984443919863,47.90028933438712,47.87939954401015,47.90028933438712,1048100,0.0
BIL.US,道富SPDR彭博1-3个月美国国债ETF,1314936000000,2011-09-02,2011-09-02 00:00:00,47.90028933438712,47.90028933438712,47.88984443919863,47.90028933438712,479450,0.0
BIL.US,道富SPDR彭博1-3个月美国国债ETF,1315281600000,2011-09-06,2011-09-06 00:00:00,47.88984443919863,47.90028933438712,47.87939954401015,47.88984443919863,8617200,0.0
BIL.US,道富SPDR彭博1-3个月美国国债ETF,1315368000000,2011-09-07,2011-09-07 00:00:00,47.88984443919863,47.88984443919863,47.87939954401015,47.87939954401015,367950,0.0
BIL.US,道富SPDR彭博1-3个月美国国债ETF,1315454400000,2011-09-08,2011-09-08 00:00:00,47.87939954401015,47.88984443919863,47.87939954401015,47.87939954401015,698000,0.0
BIL.US,道富SPDR彭博1-3个月美国国债ETF,1315540800000,2011-09-09,2011-09-09 00:00:00,47.87939954401015,47.90028933438712,47.87939954401015,47.88984443919863,731050,0.0
BIL.US,道富SPDR彭博1-3个月美国国债ETF,1315800000000,2011-09-12,2011-09-12 00:00:00,47.87939954401015,47.88984443919863,47.87939954401015,47.88984443919863,287700,0.0
BIL.US,道富SPDR彭博1-3个月美国国债ETF,1315886400000,2011-09-13,2011-09-13 00:00:00,47.88984443919863,47.88984443919863,47.87939954401015,47.87939954401015,568550,0.0
BIL.US,道富SPDR彭博1-3个月美国国债ETF,1315972800000,2011-09-14,2011-09-14 00:00:00,47.88984443919863,47.88984443919863,47.87939954401015,47.87939954401015,308000,0.0
BIL.US,道富SPDR彭博1-3个月美国国债ETF,1316059200000,2011-09-15,2011-09-15 00:00:00,47.88984443919863,47.90028933438712,47.87939954401015,47.87939954401015,923750,0.0
BIL.US,道富SPDR彭博1-3个月美国国债ETF,1316145600000,2011-09-16,2011-09-16 00:00:00,47.88984443919863,47.88984443919863,47.87939954401015,47.87939954401015,276450,0.0
BIL.US,道富SPDR彭博1-3个月美国国债ETF,1316404800000,2011-09-19,2011-09-19 00:00:00,47.88984443919863,47.88984443919863,47.87939954401015,47.88984443919863,517100,0.0
BIL.US,道富SPDR彭博1-3个月美国国债ETF,1316491200000,2011-09-20,2011-09-20 00:00:00,47.87939954401015,47.88984443919863,47.87939954401015,47.88984443919863,373000,0.0
BIL.US,道富SPDR彭博1-3个月美国国债ETF,1316577600000,2011-09-21,2011-09-21 00:00:00,47.88984443919863,47.88984443919863,47.87939954401015,47.88984443919863,314150,0.0
BIL.US,道富SPDR彭博1-3个月美国国债ETF,1316664000000,2011-09-22,2011-09-22 00:00:00,47.87939954401015,47.88984443919863,47.87939954401015,47.87939954401015,1011650,0.0
BIL.US,道富SPDR彭博1-3个月美国国债ETF,1316750400000,2011-09-23,2011-09-23 00:00:00,47.88984443919863,47.88984443919863,47.87939954401015,47.88984443919863,604150,0.0
BIL.US,道富SPDR彭博1-3个月美国国债ETF,1317009600000,2011-09-26,2011-09-26 00:00:00,47.88984443919863,47.88984443919863,47.87939954401015,47.88984443919863,497400,0.0
BIL.US,道富SPDR彭博1-3个月美国国债ETF,1317096000000,2011-09-27,2011-09-27 00:00:00,47.87939954401015,47.88984443919863,47.87939954401015,47.87939954401015,404150,0.0
BIL.US,道富SPDR彭博1-3个月美国国债ETF,1317182400000,2011-09-28,2011-09-28 00:00:00,47.88984443919863,47.88984443919863,47.87939954401015,47.88984443919863,383650,0.0
BIL.US,道富SPDR彭博1-3个月美国国债ETF,1317268800000,2011-09-29,2011-09-29 00:00:00,47.88984443919863,47.88984443919863,47.87939954401015,47.88984443919863,451650,0.0
BIL.US,道富SPDR彭博1-3个月美国国债ETF,1317355200000,2011-09-30,2011-09-30 00:00:00,47.88984443919863,47.88984443919863,47.87939954401015,47.88984443919863,611450,0.0
BIL.US,道富SPDR彭博1-3个月美国国债ETF,1317614400000,2011-10-03,2011-10-03 00:00:00,47.88984443919863,47.88984443919863,47.87939954401015,47.88984443919863,13151250,0.0
BIL.US,道富SPDR彭博1-3个月美国国债ETF,1317700800000,2011-10-04,2011-10-04 00:00:00,47.88984443919863,47.88984443919863,47.87939954401015,47.88984443919863,691050,0.0
BIL.US,道富SPDR彭博1-3个月美国国债ETF,1317787200000,2011-10-05,2011-10-05 00:00:00,47.88984443919863,47.88984443919863,47.87939954401015,47.88984443919863,689300,0.0
BIL.US,道富SPDR彭博1-3个月美国国债ETF,1317873600000,2011-10-06,2011-10-06 00:00:00,47.88984443919863,47.88984443919863,47.87939954401015,47.87939954401015,353400,0.0
BIL.US,道富SPDR彭博1-3个月美国国债ETF,1317960000000,2011-10-07,2011-10-07 00:00:00,47.87939954401015,47.88984443919863,47.87939954401015,47.88984443919863,750650,0.0
BIL.US,道富SPDR彭博1-3个月美国国债ETF,1318219200000,2011-10-10,2011-10-10 00:00:00,47.87939954401015,47.88984443919863,47.86895464882166,47.87939954401015,1657350,0.0
BIL.US,道富SPDR彭博1-3个月美国国债ETF,1318305600000,2011-10-11,2011-10-11 00:00:00,47.87939954401015,47.88984443919863,47.87939954401015,47.88984443919863,562550,0.0
BIL.US,道富SPDR彭博1-3个月美国国债ETF,1318392000000,2011-10-12,2011-10-12 00:00:00,47.88984443919863,47.88984443919863,47.87939954401015,47.87939954401015,383000,0.0
BIL.US,道富SPDR彭博1-3个月美国国债ETF,1318478400000,2011-10-13,2011-10-13 00:00:00,47.87939954401015,47.88984443919863,47.87939954401015,47.88984443919863,494050,0.0
BIL.US,道富SPDR彭博1-3个月美国国债ETF,1318564800000,2011-10-14,2011-10-14 00:00:00,47.88984443919863,47.88984443919863,47.87939954401015,47.87939954401015,459250,0.0
BIL.US,道富SPDR彭博1-3个月美国国债ETF,1318824000000,2011-10-17,2011-10-17 00:00:00,47.87939954401015,47.88984443919863,47.87939954401015,47.87939954401015,12224600,0.0
BIL.US,道富SPDR彭博1-3个月美国国债ETF,1318910400000,2011-10-18,2011-10-18 00:00:00,47.87939954401015,47.88984443919863,47.87939954401015,47.88984443919863,350650,0.0
BIL.US,道富SPDR彭博1-3个月美国国债ETF,1318996800000,2011-10-19,2011-10-19 00:00:00,47.87939954401015,47.88984443919863,47.87939954401015,47.88984443919863,294450,0.0
BIL.US,道富SPDR彭博1-3个月美国国债ETF,1319083200000,2011-10-20,2011-10-20 00:00:00,47.87939954401015,47.88984443919863,47.87939954401015,47.88984443919863,1126100,0.0
BIL.US,道富SPDR彭博1-3个月美国国债ETF,1319169600000,2011-10-21,2011-10-21 00:00:00,47.87939954401015,47.88984443919863,47.87939954401015,47.87939954401015,583750,0.0
BIL.US,道富SPDR彭博1-3个月美国国债ETF,1319428800000,2011-10-24,2011-10-24 00:00:00,47.87939954401015,47.88984443919863,47.87939954401015,47.87939954401015,8779750,0.0
BIL.US,道富SPDR彭博1-3个月美国国债ETF,1319515200000,2011-10-25,2011-10-25 00:00:00,47.87939954401015,47.88984443919863,47.87939954401015,47.88984443919863,482500,0.0
BIL.US,道富SPDR彭博1-3个月美国国债ETF,1319601600000,2011-10-26,2011-10-26 00:00:00,47.87939954401015,47.88984443919863,47.87939954401015,47.88984443919863,239450,0.0
BIL.US,道富SPDR彭博1-3个月美国国债ETF,1319688000000,2011-10-27,2011-10-27 00:00:00,47.87939954401015,47.88984443919863,47.87939954401015,47.87939954401015,1490300,0.0
BIL.US,道富SPDR彭博1-3个月美国国债ETF,1319774400000,2011-10-28,2011-10-28 00:00:00,47.87939954401015,47.88984443919863,47.87939954401015,47.87939954401015,404400,0.0
BIL.US,道富SPDR彭博1-3个月美国国债ETF,1320033600000,2011-10-31,2011-10-31 00:00:00,47.88984443919863,47.88984443919863,47.86895464882166,47.86895464882166,3112450,0.0
BIL.US,道富SPDR彭博1-3个月美国国债ETF,1320120000000,2011-11-01,2011-11-01 00:00:00,47.88984443919863,47.88984443919863,47.87939954401015,47.88984443919863,1423150,0.0
BIL.US,道富SPDR彭博1-3个月美国国债ETF,1320206400000,2011-11-02,2011-11-02 00:00:00,47.88984443919863,47.88984443919863,47.87939954401015,47.87939954401015,284650,0.0
BIL.US,道富SPDR彭博1-3个月美国国债ETF,1320292800000,2011-11-03,2011-11-03 00:00:00,47.88984443919863,47.88984443919863,47.86895464882166,47.86895464882166,326800,0.0
BIL.US,道富SPDR彭博1-3个月美国国债ETF,1320379200000,2011-11-04,2011-11-04 00:00:00,47.88984443919863,47.88984443919863,47.87939954401015,47.87939954401015,203000,0.0
BIL.US,道富SPDR彭博1-3个月美国国债ETF,1320642000000,2011-11-07,2011-11-07 00:00:00,47.87939954401015,47.88984443919863,47.87939954401015,47.88984443919863,197600,0.0
BIL.US,道富SPDR彭博1-3个月美国国债ETF,1320728400000,2011-11-08,2011-11-08 00:00:00,47.87939954401015,47.88984443919863,47.87939954401015,47.88984443919863,537300,0.0
BIL.US,道富SPDR彭博1-3个月美国国债ETF,1320814800000,2011-11-09,2011-11-09 00:00:00,47.88984443919863,47.88984443919863,47.87939954401015,47.87939954401015,174200,0.0
BIL.US,道富SPDR彭博1-3个月美国国债ETF,1320901200000,2011-11-10,2011-11-10 00:00:00,47.87939954401015,47.88984443919863,47.87939954401015,47.88984443919863,362150,0.0
BIL.US,道富SPDR彭博1-3个月美国国债ETF,1320987600000,2011-11-11,2011-11-11 00:00:00,47.87939954401015,47.90028933438712,47.87939954401015,47.87939954401015,344400,0.0
BIL.US,道富SPDR彭博1-3个月美国国债ETF,1321246800000,2011-11-14,2011-11-14 00:00:00,47.88984443919863,47.88984443919863,47.87939954401015,47.88984443919863,649000,0.0
BIL.US,道富SPDR彭博1-3个月美国国债ETF,1321333200000,2011-11-15,2011-11-15 00:00:00,47.88984443919863,47.88984443919863,47.87939954401015,47.87939954401015,232900,0.0
BIL.US,道富SPDR彭博1-3个月美国国债ETF,1321419600000,2011-11-16,2011-11-16 00:00:00,47.87939954401015,47.88984443919863,47.87939954401015,47.88984443919863,341300,0.0
BIL.US,道富SPDR彭博1-3个月美国国债ETF,1321506000000,2011-11-17,2011-11-17 00:00:00,47.87939954401015,47.88984443919863,47.87939954401015,47.88984443919863,843800,0.0
BIL.US,道富SPDR彭博1-3个月美国国债ETF,1321592400000,2011-11-18,2011-11-18 00:00:00,47.88984443919863,47.88984443919863,47.87939954401015,47.88984443919863,274700,0.0
BIL.US,道富SPDR彭博1-3个月美国国债ETF,1321851600000,2011-11-21,2011-11-21 00:00:00,47.88984443919863,47.88984443919863,47.87939954401015,47.88984443919863,2169100,0.0
BIL.US,道富SPDR彭博1-3个月美国国债ETF,1321938000000,2011-11-22,2011-11-22 00:00:00,47.88984443919863,47.88984443919863,47.87939954401015,47.87939954401015,631450,0.0
BIL.US,道富SPDR彭博1-3个月美国国债ETF,1322024400000,2011-11-23,2011-11-23 00:00:00,47.88984443919863,47.88984443919863,47.86895464882166,47.88984443919863,877150,0.0
BIL.US,道富SPDR彭博1-3个月美国国债ETF,1322197200000,2011-11-25,2011-11-25 00:00:00,47.88984443919863,47.88984443919863,47.87939954401015,47.88984443919863,268300,0.0
BIL.US,道富SPDR彭博1-3个月美国国债ETF,1322456400000,2011-11-28,2011-11-28 00:00:00,47.87939954401015,47.88984443919863,47.87939954401015,47.88984443919863,467550,0.0
BIL.US,道富SPDR彭博1-3个月美国国债ETF,1322542800000,2011-11-29,2011-11-29 00:00:00,47.87939954401015,47.88984443919863,47.86895464882166,47.86895464882166,537700,0.0
BIL.US,道富SPDR彭博1-3个月美国国债ETF,1322629200000,2011-11-30,2011-11-30 00:00:00,47.87939954401015,47.87939954401015,47.86895464882166,47.87939954401015,1701850,0.0
BIL.US,道富SPDR彭博1-3个月美国国债ETF,1322715600000,2011-12-01,2011-12-01 00:00:00,47.86895464882166,47.87939954401015,47.86895464882166,47.86895464882166,2137000,0.0
BIL.US,道富SPDR彭博1-3个月美国国债ETF,1322802000000,2011-12-02,2011-12-02 00:00:00,47.87939954401015,47.87939954401015,47.86895464882166,47.87939954401015,353750,0.0
BIL.US,道富SPDR彭博1-3个月美国国债ETF,1323061200000,2011-12-05,2011-12-05 00:00:00,47.87939954401015,47.87939954401015,47.86895464882166,47.87939954401015,2240550,0.0
BIL.US,道富SPDR彭博1-3个月美国国债ETF,1323147600000,2011-12-06,2011-12-06 00:00:00,47.86895464882166,47.90028933438712,47.86895464882166,47.88984443919863,211150,0.0
BIL.US,道富SPDR彭博1-3个月美国国债ETF,1323234000000,2011-12-07,2011-12-07 00:00:00,47.87939954401015,47.87939954401015,47.86895464882166,47.87939954401015,259950,0.0
BIL.US,道富SPDR彭博1-3个月美国国债ETF,1323320400000,2011-12-08,2011-12-08 00:00:00,47.87939954401015,47.87939954401015,47.86895464882166,47.87939954401015,248050,0.0
BIL.US,道富SPDR彭博1-3个月美国国债ETF,1323406800000,2011-12-09,2011-12-09 00:00:00,47.86895464882166,47.87939954401015,47.86895464882166,47.86895464882166,199800,0.0
BIL.US,道富SPDR彭博1-3个月美国国债ETF,1323666000000,2011-12-12,2011-12-12 00:00:00,47.86895464882166,47.87939954401015,47.86895464882166,47.86895464882166,11094100,0.0
BIL.US,道富SPDR彭博1-3个月美国国债ETF,1323752400000,2011-12-13,2011-12-13 00:00:00,47.86895464882166,47.87939954401015,47.86895464882166,47.86895464882166,399150,0.0
BIL.US,道富SPDR彭博1-3个月美国国债ETF,1323838800000,2011-12-14,2011-12-14 00:00:00,47.86895464882166,47.87939954401015,47.86895464882166,47.87939954401015,1237650,0.0
BIL.US,道富SPDR彭博1-3个月美国国债ETF,1323925200000,2011-12-15,2011-12-15 00:00:00,47.87939954401015,47.87939954401015,47.86895464882166,47.86895464882166,535050,0.0
BIL.US,道富SPDR彭博1-3个月美国国债ETF,1324011600000,2011-12-16,2011-12-16 00:00:00,47.87939954401015,47.87939954401015,47.86895464882166,47.87939954401015,264200,0.0
BIL.US,道富SPDR彭博1-3个月美国国债ETF,1324270800000,2011-12-19,2011-12-19 00:00:00,47.86895464882166,47.87939954401015,47.86895464882166,47.87939954401015,348500,0.0
BIL.US,道富SPDR彭博1-3个月美国国债ETF,1324357200000,2011-12-20,2011-12-20 00:00:00,47.87939954401015,47.87939954401015,47.86895464882166,47.87939954401015,235500,0.0
BIL.US,道富SPDR彭博1-3个月美国国债ETF,1324443600000,2011-12-21,2011-12-21 00:00:00,47.87939954401015,47.87939954401015,47.86895464882166,47.87939954401015,299450,0.0
BIL.US,道富SPDR彭博1-3个月美国国债ETF,1324530000000,2011-12-22,2011-12-22 00:00:00,47.87939954401015,47.87939954401015,47.86895464882166,47.87939954401015,141850,0.0
BIL.US,道富SPDR彭博1-3个月美国国债ETF,1324616400000,2011-12-23,2011-12-23 00:00:00,47.87939954401015,47.87939954401015,47.79584038250228,47.87939954401015,508300,0.0
BIL.US,道富SPDR彭博1-3个月美国国债ETF,1324962000000,2011-12-27,2011-12-27 00:00:00,47.86895464882166,47.87939954401015,47.86895464882166,47.86895464882166,158500,0.0
BIL.US,道富SPDR彭博1-3个月美国国债ETF,1325048400000,2011-12-28,2011-12-28 00:00:00,47.86895464882166,47.87939954401015,47.86895464882166,47.86895464882166,273600,0.0
BIL.US,道富SPDR彭博1-3个月美国国债ETF,1325134800000,2011-12-29,2011-12-29 00:00:00,47.86895464882166,47.87939954401015,47.86895464882166,47.86895464882166,196900,0.0
BIL.US,道富SPDR彭博1-3个月美国国债ETF,1325221200000,2011-12-30,2011-12-30 00:00:00,47.86895464882166,47.87939954401015,47.86895464882166,47.86895464882166,200350,0.0
BIL.US,道富SPDR彭博1-3个月美国国债ETF,1325566800000,2012-01-03,2012-01-03 00:00:00,47.86895464882166,47.87939954401015,47.85850975363318,47.85850975363318,4246650,0.0
BIL.US,道富SPDR彭博1-3个月美国国债ETF,1325653200000,2012-01-04,2012-01-04 00:00:00,47.86895464882166,47.86895464882166,47.85850975363318,47.85850975363318,443250,0.0
BIL.US,道富SPDR彭博1-3个月美国国债ETF,1325739600000,2012-01-05,2012-01-05 00:00:00,47.85850975363318,47.86895464882166,47.85850975363318,47.85850975363318,489350,0.0
BIL.US,道富SPDR彭博1-3个月美国国债ETF,1325826000000,2012-01-06,2012-01-06 00:00:00,47.85850975363318,47.86895464882166,47.85850975363318,47.85850975363318,476800,0.0
BIL.US,道富SPDR彭博1-3个月美国国债ETF,1326085200000,2012-01-09,2012-01-09 00:00:00,47.86895464882166,47.86895464882166,47.85850975363318,47.86895464882166,490300,0.0
BIL.US,道富SPDR彭博1-3个月美国国债ETF,1326171600000,2012-01-10,2012-01-10 00:00:00,47.85850975363318,47.86895464882166,47.85850975363318,47.86895464882166,352250,0.0
BIL.US,道富SPDR彭博1-3个月美国国债ETF,1326258000000,2012-01-11,2012-01-11 00:00:00,47.86895464882166,47.86895464882166,47.85850975363318,47.85850975363318,402000,0.0
BIL.US,道富SPDR彭博1-3个月美国国债ETF,1326344400000,2012-01-12,2012-01-12 00:00:00,47.85850975363318,47.86895464882166,47.85850975363318,47.85850975363318,344250,0.0
BIL.US,道富SPDR彭博1-3个月美国国债ETF,1326430800000,2012-01-13,2012-01-13 00:00:00,47.85850975363318,47.86895464882166,47.85850975363318,47.85850975363318,581600,0.0
BIL.US,道富SPDR彭博1-3个月美国国债ETF,1326776400000,2012-01-17,2012-01-17 00:00:00,47.85850975363318,47.86895464882166,47.85850975363318,47.85850975363318,210850,0.0
BIL.US,道富SPDR彭博1-3个月美国国债ETF,1326862800000,2012-01-18,2012-01-18 00:00:00,47.85850975363318,47.86895464882166,47.85850975363318,47.85850975363318,1529650,0.0
BIL.US,道富SPDR彭博1-3个月美国国债ETF,1326949200000,2012-01-19,2012-01-19 00:00:00,47.85850975363318,47.86895464882166,47.85850975363318,47.85850975363318,728100,0.0
BIL.US,道富SPDR彭博1-3个月美国国债ETF,1327035600000,2012-01-20,2012-01-20 00:00:00,47.85850975363318,47.86895464882166,47.85850975363318,47.85850975363318,211400,0.0
BIL.US,道富SPDR彭博1-3个月美国国债ETF,1327294800000,2012-01-23,2012-01-23 00:00:00,47.86895464882166,47.86895464882166,47.85850975363318,47.85850975363318,224350,0.0
BIL.US,道富SPDR彭博1-3个月美国国债ETF,1327381200000,2012-01-24,2012-01-24 00:00:00,47.85850975363318,47.86895464882166,47.85850975363318,47.85850975363318,216150,0.0
BIL.US,道富SPDR彭博1-3个月美国国债ETF,1327467600000,2012-01-25,2012-01-25 00:00:00,47.85850975363318,47.86895464882166,47.85850975363318,47.85850975363318,269800,0.0
BIL.US,道富SPDR彭博1-3个月美国国债ETF,1327554000000,2012-01-26,2012-01-26 00:00:00,47.86895464882166,47.86895464882166,47.85850975363318,47.85850975363318,182200,0.0
BIL.US,道富SPDR彭博1-3个月美国国债ETF,1327640400000,2012-01-27,2012-01-27 00:00:00,47.85850975363318,47.86895464882166,47.85850975363318,47.85850975363318,153850,0.0
BIL.US,道富SPDR彭博1-3个月美国国债ETF,1327899600000,2012-01-30,2012-01-30 00:00:00,47.85850975363318,47.86895464882166,47.85850975363318,47.86895464882166,256050,0.0
BIL.US,道富SPDR彭博1-3个月美国国债ETF,1327986000000,2012-01-31,2012-01-31 00:00:00,47.86895464882166,47.86895464882166,47.85850975363318,47.85850975363318,416800,0.0
BIL.US,道富SPDR彭博1-3个月美国国债ETF,1328072400000,2012-02-01,2012-02-01 00:00:00,47.85850975363318,47.86895464882166,47.85850975363318,47.85850975363318,362600,0.0
BIL.US,道富SPDR彭博1-3个月美国国债ETF,1328158800000,2012-02-02,2012-02-02 00:00:00,47.85850975363318,47.86895464882166,47.85850975363318,47.85850975363318,119000,0.0
BIL.US,道富SPDR彭博1-3个月美国国债ETF,1328245200000,2012-02-03,2012-02-03 00:00:00,47.85850975363318,47.86895464882166,47.85850975363318,47.85850975363318,365200,0.0
BIL.US,道富SPDR彭博1-3个月美国国债ETF,1328504400000,2012-02-06,2012-02-06 00:00:00,47.85850975363318,47.86895464882166,47.85850975363318,47.86895464882166,184900,0.0
BIL.US,道富SPDR彭博1-3个月美国国债ETF,1328590800000,2012-02-07,2012-02-07 00:00:00,47.85850975363318,47.86895464882166,47.85850975363318,47.85850975363318,189500,0.0
BIL.US,道富SPDR彭博1-3个月美国国债ETF,1328677200000,2012-02-08,2012-02-08 00:00:00,47.85850975363318,47.86895464882166,47.85850975363318,47.86895464882166,450500,0.0
BIL.US,道富SPDR彭博1-3个月美国国债ETF,1328763600000,2012-02-09,2012-02-09 00:00:00,47.85850975363318,47.86895464882166,47.85850975363318,47.85850975363318,130150,0.0
BIL.US,道富SPDR彭博1-3个月美国国债ETF,1328850000000,2012-02-10,2012-02-10 00:00:00,47.86895464882166,47.86895464882166,47.85850975363318,47.86895464882166,521300,0.0
BIL.US,道富SPDR彭博1-3个月美国国债ETF,1329109200000,2012-02-13,2012-02-13 00:00:00,47.85850975363318,47.86895464882166,47.85850975363318,47.85850975363318,638600,0.0
BIL.US,道富SPDR彭博1-3个月美国国债ETF,1329195600000,2012-02-14,2012-02-14 00:00:00,47.85850975363318,47.86895464882166,47.85850975363318,47.86895464882166,173950,0.0
BIL.US,道富SPDR彭博1-3个月美国国债ETF,1329282000000,2012-02-15,2012-02-15 00:00:00,47.86895464882166,47.86895464882166,47.85850975363318,47.85850975363318,103650,0.0
BIL.US,道富SPDR彭博1-3个月美国国债ETF,1329368400000,2012-02-16,2012-02-16 00:00:00,47.86895464882166,47.86895464882166,47.85850975363318,47.86895464882166,442200,0.0
BIL.US,道富SPDR彭博1-3个月美国国债ETF,1329454800000,2012-02-17,2012-02-17 00:00:00,47.85850975363318,47.86895464882166,47.85850975363318,47.85850975363318,81400,0.0
BIL.US,道富SPDR彭博1-3个月美国国债ETF,1329800400000,2012-02-21,2012-02-21 00:00:00,47.85850975363318,47.86895464882166,47.85850975363318,47.85850975363318,154750,0.0
BIL.US,道富SPDR彭博1-3个月美国国债ETF,1329886800000,2012-02-22,2012-02-22 00:00:00,47.85850975363318,47.86895464882166,47.85850975363318,47.85850975363318,105350,0.0
BIL.US,道富SPDR彭博1-3个月美国国债ETF,1329973200000,2012-02-23,2012-02-23 00:00:00,47.86895464882166,47.86895464882166,47.85850975363318,47.85850975363318,156300,0.0
BIL.US,道富SPDR彭博1-3个月美国国债ETF,1330059600000,2012-02-24,2012-02-24 00:00:00,47.85850975363318,47.86895464882166,47.85850975363318,47.86895464882166,186550,0.0
BIL.US,道富SPDR彭博1-3个月美国国债ETF,1330318800000,2012-02-27,2012-02-27 00:00:00,47.86895464882166,47.86895464882166,47.85850975363318,47.85850975363318,956000,0.0
BIL.US,道富SPDR彭博1-3个月美国国债ETF,1330405200000,2012-02-28,2012-02-28 00:00:00,47.86895464882166,47.86895464882166,47.85850975363318,47.85850975363318,132050,0.0
BIL.US,道富SPDR彭博1-3个月美国国债ETF,1330491600000,2012-02-29,2012-02-29 00:00:00,47.85850975363318,47.86895464882166,47.85850975363318,47.86895464882166,453600,0.0
BIL.US,道富SPDR彭博1-3个月美国国债ETF,1330578000000,2012-03-01,2012-03-01 00:00:00,47.85850975363318,47.85850975363318,47.8480648584447,47.85850975363318,218300,0.0
BIL.US,道富SPDR彭博1-3个月美国国债ETF,1330664400000,2012-03-02,2012-03-02 00:00:00,47.85850975363318,47.85850975363318,47.8480648584447,47.85850975363318,186600,0.0
BIL.US,道富SPDR彭博1-3个月美国国债ETF,1330923600000,2012-03-05,2012-03-05 00:00:00,47.8480648584447,47.85850975363318,47.8480648584447,47.85850975363318,248900,0.0
BIL.US,道富SPDR彭博1-3个月美国国债ETF,1331010000000,2012-03-06,2012-03-06 00:00:00,47.85850975363318,47.85850975363318,47.8480648584447,47.85850975363318,179750,0.0
BIL.US,道富SPDR彭博1-3个月美国国债ETF,1331096400000,2012-03-07,2012-03-07 00:00:00,47.85850975363318,47.86895464882166,47.85850975363318,47.85850975363318,125400,0.0
BIL.US,道富SPDR彭博1-3个月美国国债ETF,1331182800000,2012-03-08,2012-03-08 00:00:00,47.85850975363318,47.86895464882166,47.85850975363318,47.86895464882166,711300,0.0
BIL.US,道富SPDR彭博1-3个月美国国债ETF,1331269200000,2012-03-09,2012-03-09 00:00:00,47.85850975363318,47.86895464882166,47.85850975363318,47.86895464882166,194300,0.0
BIL.US,道富SPDR彭博1-3个月美国国债ETF,1331524800000,2012-03-12,2012-03-12 00:00:00,47.86895464882166,47.86895464882166,47.85850975363318,47.86895464882166,124850,0.0
BIL.US,道富SPDR彭博1-3个月美国国债ETF,1331611200000,2012-03-13,2012-03-13 00:00:00,47.86895464882166,47.86895464882166,47.85850975363318,47.86895464882166,205350,0.0
BIL.US,道富SPDR彭博1-3个月美国国债ETF,1331697600000,2012-03-14,2012-03-14 00:00:00,47.85850975363318,47.86895464882166,47.85850975363318,47.85850975363318,127050,0.0
BIL.US,道富SPDR彭博1-3个月美国国债ETF,1331784000000,2012-03-15,2012-03-15 00:00:00,47.86895464882166,47.86895464882166,47.85850975363318,47.85850975363318,468050,0.0
BIL.US,道富SPDR彭博1-3个月美国国债ETF,1331870400000,2012-03-16,2012-03-16 00:00:00,47.85850975363318,47.86895464882166,47.85850975363318,47.85850975363318,501150,0.0
BIL.US,道富SPDR彭博1-3个月美国国债ETF,1332129600000,2012-03-19,2012-03-19 00:00:00,47.86895464882166,47.86895464882166,47.85850975363318,47.86895464882166,105150,0.0
BIL.US,道富SPDR彭博1-3个月美国国债ETF,1332216000000,2012-03-20,2012-03-20 00:00:00,47.85850975363318,47.86895464882166,47.85850975363318,47.86895464882166,117250,0.0
BIL.US,道富SPDR彭博1-3个月美国国债ETF,1332302400000,2012-03-21,2012-03-21 00:00:00,47.85850975363318,47.86895464882166,47.85850975363318,47.86895464882166,65800,0.0
BIL.US,道富SPDR彭博1-3个月美国国债ETF,1332388800000,2012-03-22,2012-03-22 00:00:00,47.86895464882166,47.86895464882166,47.85850975363318,47.86895464882166,106150,0.0
BIL.US,道富SPDR彭博1-3个月美国国债ETF,1332475200000,2012-03-23,2012-03-23 00:00:00,47.85850975363318,47.86895464882166,47.85850975363318,47.86895464882166,103250,0.0
BIL.US,道富SPDR彭博1-3个月美国国债ETF,1332734400000,2012-03-26,2012-03-26 00:00:00,47.86895464882166,47.86895464882166,47.85850975363318,47.86895464882166,1261300,0.0
BIL.US,道富SPDR彭博1-3个月美国国债ETF,1332820800000,2012-03-27,2012-03-27 00:00:00,47.86895464882166,47.86895464882166,47.85850975363318,47.85850975363318,185050,0.0
BIL.US,道富SPDR彭博1-3个月美国国债ETF,1332907200000,2012-03-28,2012-03-28 00:00:00,47.85850975363318,47.86895464882166,47.85850975363318,47.86895464882166,55800,0.0
BIL.US,道富SPDR彭博1-3个月美国国债ETF,1332993600000,2012-03-29,2012-03-29 00:00:00,47.85850975363318,47.86895464882166,47.85850975363318,47.85850975363318,131050,0.0
BIL.US,道富SPDR彭博1-3个月美国国债ETF,1333080000000,2012-03-30,2012-03-30 00:00:00,47.85850975363318,47.86895464882166,47.85850975363318,47.85850975363318,102250,0.0
BIL.US,道富SPDR彭博1-3个月美国国债ETF,1333339200000,2012-04-02,2012-04-02 00:00:00,47.85850975363318,47.86895464882166,47.8480648584447,47.8480648584447,778250,0.0
BIL.US,道富SPDR彭博1-3个月美国国债ETF,1333425600000,2012-04-03,2012-04-03 00:00:00,47.8480648584447,47.85850975363318,47.8480648584447,47.85850975363318,871100,0.0
BIL.US,道富SPDR彭博1-3个月美国国债ETF,1333512000000,2012-04-04,2012-04-04 00:00:00,47.85850975363318,47.85850975363318,47.8480648584447,47.8480648584447,319850,0.0
BIL.US,道富SPDR彭博1-3个月美国国债ETF,1333598400000,2012-04-05,2012-04-05 00:00:00,47.85850975363318,47.86895464882166,47.85850975363318,47.85850975363318,381100,0.0
BIL.US,道富SPDR彭博1-3个月美国国债ETF,1333944000000,2012-04-09,2012-04-09 00:00:00,47.85850975363318,47.86895464882166,47.85850975363318,47.86895464882166,1136000,0.0
BIL.US,道富SPDR彭博1-3个月美国国债ETF,1334030400000,2012-04-10,2012-04-10 00:00:00,47.85850975363318,47.86895464882166,47.85850975363318,47.86895464882166,520200,0.0
BIL.US,道富SPDR彭博1-3个月美国国债ETF,1334116800000,2012-04-11,2012-04-11 00:00:00,47.85850975363318,47.86895464882166,47.85850975363318,47.86895464882166,1014250,0.0
BIL.US,道富SPDR彭博1-3个月美国国债ETF,1334203200000,2012-04-12,2012-04-12 00:00:00,47.86895464882166,47.86895464882166,47.85850975363318,47.85850975363318,1015400,0.0
BIL.US,道富SPDR彭博1-3个月美国国债ETF,1334289600000,2012-04-13,2012-04-13 00:00:00,47.8480648584447,47.85850975363318,47.8480648584447,47.8480648584447,148550,0.0
BIL.US,道富SPDR彭博1-3个月美国国债ETF,1334548800000,2012-04-16,2012-04-16 00:00:00,47.85850975363318,47.86895464882166,47.8480648584447,47.85850975363318,617250,0.0
BIL.US,道富SPDR彭博1-3个月美国国债ETF,1334635200000,2012-04-17,2012-04-17 00:00:00,47.85850975363318,47.86895464882166,47.85850975363318,47.85850975363318,174500,0.0
BIL.US,道富SPDR彭博1-3个月美国国债ETF,1334721600000,2012-04-18,2012-04-18 00:00:00,47.85850975363318,47.86895464882166,47.85850975363318,47.85850975363318,77500,0.0
BIL.US,道富SPDR彭博1-3个月美国国债ETF,1334808000000,2012-04-19,2012-04-19 00:00:00,47.85850975363318,47.86895464882166,47.85850975363318,47.86895464882166,38300,0.0
BIL.US,道富SPDR彭博1-3个月美国国债ETF,1334894400000,2012-04-20,2012-04-20 00:00:00,47.86895464882166,47.86895464882166,47.85850975363318,47.85850975363318,58400,0.0
BIL.US,道富SPDR彭博1-3个月美国国债ETF,1335153600000,2012-04-23,2012-04-23 00:00:00,47.85850975363318,47.86895464882166,47.85850975363318,47.86895464882166,1436350,0.0
BIL.US,道富SPDR彭博1-3个月美国国债ETF,1335240000000,2012-04-24,2012-04-24 00:00:00,47.86895464882166,47.86895464882166,47.85850975363318,47.86895464882166,271500,0.0
BIL.US,道富SPDR彭博1-3个月美国国债ETF,1335326400000,2012-04-25,2012-04-25 00:00:00,47.85850975363318,47.86895464882166,47.85850975363318,47.85850975363318,415800,0.0
BIL.US,道富SPDR彭博1-3个月美国国债ETF,1335412800000,2012-04-26,2012-04-26 00:00:00,47.86895464882166,47.86895464882166,47.85850975363318,47.86895464882166,68450,0.0
BIL.US,道富SPDR彭博1-3个月美国国债ETF,1335499200000,2012-04-27,2012-04-27 00:00:00,47.85850975363318,47.86895464882166,47.85850975363318,47.85850975363318,100150,0.0
BIL.US,道富SPDR彭博1-3个月美国国债ETF,1335758400000,2012-04-30,2012-04-30 00:00:00,47.85850975363318,47.86895464882166,47.85850975363318,47.86895464882166,85900,0.0
BIL.US,道富SPDR彭博1-3个月美国国债ETF,1335844800000,2012-05-01,2012-05-01 00:00:00,47.85850975363318,47.86895464882166,47.85850975363318,47.86895464882166,219500,0.0
BIL.US,道富SPDR彭博1-3个月美国国债ETF,1335931200000,2012-05-02,2012-05-02 00:00:00,47.85850975363318,47.86895464882166,47.85850975363318,47.86895464882166,123300,0.0
BIL.US,道富SPDR彭博1-3个月美国国债ETF,1336017600000,2012-05-03,2012-05-03 00:00:00,47.85850975363318,47.86895464882166,47.85850975363318,47.85850975363318,84800,0.0
BIL.US,道富SPDR彭博1-3个月美国国债ETF,1336104000000,2012-05-04,2012-05-04 00:00:00,47.85850975363318,47.86895464882166,47.85850975363318,47.85850975363318,111350,0.0
BIL.US,道富SPDR彭博1-3个月美国国债ETF,1336363200000,2012-05-07,2012-05-07 00:00:00,47.85850975363318,47.86895464882166,47.85850975363318,47.86895464882166,257750,0.0
BIL.US,道富SPDR彭博1-3个月美国国债ETF,1336449600000,2012-05-08,2012-05-08 00:00:00,47.86895464882166,47.86895464882166,47.85850975363318,47.86895464882166,282950,0.0
BIL.US,道富SPDR彭博1-3个月美国国债ETF,1336536000000,2012-05-09,2012-05-09 00:00:00,47.85850975363318,47.86895464882166,47.85850975363318,47.86895464882166,921250,0.0
BIL.US,道富SPDR彭博1-3个月美国国债ETF,1336622400000,2012-05-10,2012-05-10 00:00:00,47.85850975363318,47.86895464882166,47.85850975363318,47.86895464882166,457000,0.0
BIL.US,道富SPDR彭博1-3个月美国国债ETF,1336708800000,2012-05-11,2012-05-11 00:00:00,47.86895464882166,47.86895464882166,47.85850975363318,47.86895464882166,128000,0.0
BIL.US,道富SPDR彭博1-3个月美国国债ETF,1336968000000,2012-05-14,2012-05-14 00:00:00,47.85850975363318,47.86895464882166,47.85850975363318,47.86895464882166,221050,0.0
BIL.US,道富SPDR彭博1-3个月美国国债ETF,1337054400000,2012-05-15,2012-05-15 00:00:00,47.85850975363318,47.86895464882166,47.85850975363318,47.86895464882166,528650,0.0
BIL.US,道富SPDR彭博1-3个月美国国债ETF,1337140800000,2012-05-16,2012-05-16 00:00:00,47.86895464882166,47.86895464882166,47.85850975363318,47.86895464882166,103950,0.0
BIL.US,道富SPDR彭博1-3个月美国国债ETF,1337227200000,2012-05-17,2012-05-17 00:00:00,47.86895464882166,47.86895464882166,47.85850975363318,47.86895464882166,346500,0.0
BIL.US,道富SPDR彭博1-3个月美国国债ETF,1337313600000,2012-05-18,2012-05-18 00:00:00,47.85850975363318,47.86895464882166,47.85850975363318,47.86895464882166,575400,0.0
BIL.US,道富SPDR彭博1-3个月美国国债ETF,1337572800000,2012-05-21,2012-05-21 00:00:00,47.85850975363318,47.86895464882166,47.85850975363318,47.86895464882166,1054000,0.0
BIL.US,道富SPDR彭博1-3个月美国国债ETF,1337659200000,2012-05-22,2012-05-22 00:00:00,47.85850975363318,47.86895464882166,47.8480648584447,47.8480648584447,649100,0.0
BIL.US,道富SPDR彭博1-3个月美国国债ETF,1337745600000,2012-05-23,2012-05-23 00:00:00,47.8480648584447,47.85850975363318,47.8480648584447,47.8480648584447,128000,0.0
BIL.US,道富SPDR彭博1-3个月美国国债ETF,1337832000000,2012-05-24,2012-05-24 00:00:00,47.8480648584447,47.86895464882166,47.8480648584447,47.86895464882166,1778900,0.0
BIL.US,道富SPDR彭博1-3个月美国国债ETF,1337918400000,2012-05-25,2012-05-25 00:00:00,47.85850975363318,47.86895464882166,47.85850975363318,47.86895464882166,730250,0.0
BIL.US,道富SPDR彭博1-3个月美国国债ETF,1338264000000,2012-05-29,2012-05-29 00:00:00,47.86895464882166,47.86895464882166,47.85850975363318,47.86895464882166,150950,0.0
BIL.US,道富SPDR彭博1-3个月美国国债ETF,1338350400000,2012-05-30,2012-05-30 00:00:00,47.86895464882166,47.86895464882166,47.85850975363318,47.86895464882166,433500,0.0
BIL.US,道富SPDR彭博1-3个月美国国债ETF,1338436800000,2012-05-31,2012-05-31 00:00:00,47.86895464882166,47.86895464882166,47.85850975363318,47.86895464882166,292550,0.0
BIL.US,道富SPDR彭博1-3个月美国国债ETF,1338523200000,2012-06-01,2012-06-01 00:00:00,47.86895464882166,47.86895464882166,47.85850975363318,47.86895464882166,290650,0.0
BIL.US,道富SPDR彭博1-3个月美国国债ETF,1338782400000,2012-06-04,2012-06-04 00:00:00,47.86895464882166,47.86895464882166,47.85850975363318,47.86895464882166,518200,0.0
BIL.US,道富SPDR彭博1-3个月美国国债ETF,1338868800000,2012-06-05,2012-06-05 00:00:00,47.85850975363318,47.86895464882166,47.85850975363318,47.86895464882166,383300,0.0
BIL.US,道富SPDR彭博1-3个月美国国债ETF,1338955200000,2012-06-06,2012-06-06 00:00:00,47.86895464882166,47.86895464882166,47.8480648584447,47.85850975363318,753350,0.0
BIL.US,道富SPDR彭博1-3个月美国国债ETF,1339041600000,2012-06-07,2012-06-07 00:00:00,47.86895464882166,47.86895464882166,47.8480648584447,47.85850975363318,441500,0.0
BIL.US,道富SPDR彭博1-3个月美国国债ETF,1339128000000,2012-06-08,2012-06-08 00:00:00,47.85850975363318,47.86895464882166,47.85850975363318,47.85850975363318,158900,0.0
BIL.US,道富SPDR彭博1-3个月美国国债ETF,1339387200000,2012-06-11,2012-06-11 00:00:00,47.85850975363318,47.86895464882166,47.85850975363318,47.85850975363318,119800,0.0
BIL.US,道富SPDR彭博1-3个月美国国债ETF,1339473600000,2012-06-12,2012-06-12 00:00:00,47.86895464882166,47.86895464882166,47.85850975363318,47.86895464882166,245950,0.0
BIL.US,道富SPDR彭博1-3个月美国国债ETF,1339560000000,2012-06-13,2012-06-13 00:00:00,47.85850975363318,47.86895464882166,47.85850975363318,47.86895464882166,59550,0.0
BIL.US,道富SPDR彭博1-3个月美国国债ETF,1339646400000,2012-06-14,2012-06-14 00:00:00,47.85850975363318,47.86895464882166,47.85850975363318,47.86895464882166,169450,0.0
BIL.US,道富SPDR彭博1-3个月美国国债ETF,1339732800000,2012-06-15,2012-06-15 00:00:00,47.85850975363318,47.86895464882166,47.85850975363318,47.85850975363318,107400,0.0
BIL.US,道富SPDR彭博1-3个月美国国债ETF,1339992000000,2012-06-18,2012-06-18 00:00:00,47.86895464882166,47.86895464882166,47.85850975363318,47.86895464882166,132300,0.0
BIL.US,道富SPDR彭博1-3个月美国国债ETF,1340078400000,2012-06-19,2012-06-19 00:00:00,47.86895464882166,47.86895464882166,47.8480648584447,47.8480648584447,831750,0.0
BIL.US,道富SPDR彭博1-3个月美国国债ETF,1340164800000,2012-06-20,2012-06-20 00:00:00,47.8480648584447,47.85850975363318,47.8480648584447,47.8480648584447,124100,0.0
BIL.US,道富SPDR彭博1-3个月美国国债ETF,1340251200000,2012-06-21,2012-06-21 00:00:00,47.8480648584447,47.86895464882166,47.8480648584447,47.86895464882166,918100,0.0
BIL.US,道富SPDR彭博1-3个月美国国债ETF,1340337600000,2012-06-22,2012-06-22 00:00:00,47.85850975363318,47.86895464882166,47.85850975363318,47.85850975363318,66950,0.0
BIL.US,道富SPDR彭博1-3个月美国国债ETF,1340596800000,2012-06-25,2012-06-25 00:00:00,47.85850975363318,47.86895464882166,47.85850975363318,47.86895464882166,788250,0.0
BIL.US,道富SPDR彭博1-3个月美国国债ETF,1340683200000,2012-06-26,2012-06-26 00:00:00,47.85850975363318,47.86895464882166,47.85850975363318,47.86895464882166,127900,0.0
BIL.US,道富SPDR彭博1-3个月美国国债ETF,1340769600000,2012-06-27,2012-06-27 00:00:00,47.85850975363318,47.86895464882166,47.85850975363318,47.85850975363318,118550,0.0
BIL.US,道富SPDR彭博1-3个月美国国债ETF,1340856000000,2012-06-28,2012-06-28 00:00:00,47.86895464882166,47.86895464882166,47.85850975363318,47.86895464882166,348850,0.0
BIL.US,道富SPDR彭博1-3个月美国国债ETF,1340942400000,2012-06-29,2012-06-29 00:00:00,47.85850975363318,47.86895464882166,47.8480648584447,47.8480648584447,1110950,0.0
BIL.US,道富SPDR彭博1-3个月美国国债ETF,1341201600000,2012-07-02,2012-07-02 00:00:00,47.8480648584447,47.85850975363318,47.8480648584447,47.8480648584447,873900,0.0
BIL.US,道富SPDR彭博1-3个月美国国债ETF,1341288000000,2012-07-03,2012-07-03 00:00:00,47.8480648584447,47.85850975363318,47.8480648584447,47.8480648584447,313050,0.0
BIL.US,道富SPDR彭博1-3个月美国国债ETF,1341460800000,2012-07-05,2012-07-05 00:00:00,47.8480648584447,47.85850975363318,47.8480648584447,47.8480648584447,1299200,0.0
BIL.US,道富SPDR彭博1-3个月美国国债ETF,1341547200000,2012-07-06,2012-07-06 00:00:00,47.85850975363318,47.85850975363318,47.8480648584447,47.8480648584447,134750,0.0
BIL.US,道富SPDR彭博1-3个月美国国债ETF,1341806400000,2012-07-09,2012-07-09 00:00:00,47.85850975363318,47.85850975363318,47.8480648584447,47.8480648584447,417400,0.0
BIL.US,道富SPDR彭博1-3个月美国国债ETF,1341892800000,2012-07-10,2012-07-10 00:00:00,47.8480648584447,47.85850975363318,47.8480648584447,47.8480648584447,451450,0.0
BIL.US,道富SPDR彭博1-3个月美国国债ETF,1341979200000,2012-07-11,2012-07-11 00:00:00,47.8480648584447,47.85850975363318,47.8480648584447,47.8480648584447,124950,0.0
BIL.US,道富SPDR彭博1-3个月美国国债ETF,1342065600000,2012-07-12,2012-07-12 00:00:00,47.8480648584447,47.85850975363318,47.8480648584447,47.8480648584447,260700,0.0
BIL.US,道富SPDR彭博1-3个月美国国债ETF,1342152000000,2012-07-13,2012-07-13 00:00:00,47.8480648584447,47.85850975363318,47.8480648584447,47.85850975363318,159750,0.0
BIL.US,道富SPDR彭博1-3个月美国国债ETF,1342411200000,2012-07-16,2012-07-16 00:00:00,47.8480648584447,47.85850975363318,47.8480648584447,47.8480648584447,98000,0.0
BIL.US,道富SPDR彭博1-3个月美国国债ETF,1342497600000,2012-07-17,2012-07-17 00:00:00,47.8480648584447,47.85850975363318,47.8480648584447,47.8480648584447,46550,0.0
BIL.US,道富SPDR彭博1-3个月美国国债ETF,1342584000000,2012-07-18,2012-07-18 00:00:00,47.85850975363318,47.85850975363318,47.8480648584447,47.8480648584447,108500,0.0
BIL.US,道富SPDR彭博1-3个月美国国债ETF,1342670400000,2012-07-19,2012-07-19 00:00:00,47.85850975363318,47.85850975363318,47.8480648584447,47.85850975363318,160350,0.0
BIL.US,道富SPDR彭博1-3个月美国国债ETF,1342756800000,2012-07-20,2012-07-20 00:00:00,47.8480648584447,47.85850975363318,47.8480648584447,47.8480648584447,121750,0.0
BIL.US,道富SPDR彭博1-3个月美国国债ETF,1343016000000,2012-07-23,2012-07-23 00:00:00,47.85850975363318,47.85850975363318,47.8480648584447,47.8480648584447,144550,0.0
BIL.US,道富SPDR彭博1-3个月美国国债ETF,1343102400000,2012-07-24,2012-07-24 00:00:00,47.8480648584447,47.85850975363318,47.8480648584447,47.85850975363318,225300,0.0
BIL.US,道富SPDR彭博1-3个月美国国债ETF,1343188800000,2012-07-25,2012-07-25 00:00:00,47.85850975363318,47.86895464882166,47.8480648584447,47.86895464882166,1505750,0.0
BIL.US,道富SPDR彭博1-3个月美国国债ETF,1343275200000,2012-07-26,2012-07-26 00:00:00,47.85850975363318,47.86895464882166,47.85850975363318,47.85850975363318,424850,0.0
BIL.US,道富SPDR彭博1-3个月美国国债ETF,1343361600000,2012-07-27,2012-07-27 00:00:00,47.85850975363318,47.86895464882166,47.85850975363318,47.86895464882166,179400,0.0
BIL.US,道富SPDR彭博1-3个月美国国债ETF,1343620800000,2012-07-30,2012-07-30 00:00:00,47.86895464882166,47.86895464882166,47.85850975363318,47.86895464882166,372150,0.0
BIL.US,道富SPDR彭博1-3个月美国国债ETF,1343707200000,2012-07-31,2012-07-31 00:00:00,47.8480648584447,47.85850975363318,47.8480648584447,47.8480648584447,150900,0.0
BIL.US,道富SPDR彭博1-3个月美国国债ETF,1343793600000,2012-08-01,2012-08-01 00:00:00,47.86895464882166,47.86895464882166,47.85850975363318,47.85850975363318,699750,0.0
BIL.US,道富SPDR彭博1-3个月美国国债ETF,1343880000000,2012-08-02,2012-08-02 00:00:00,47.85850975363318,47.86895464882166,47.85850975363318,47.85850975363318,105600,0.0
BIL.US,道富SPDR彭博1-3个月美国国债ETF,1343966400000,2012-08-03,2012-08-03 00:00:00,47.85850975363318,47.86895464882166,47.85850975363318,47.85850975363318,123350,0.0
BIL.US,道富SPDR彭博1-3个月美国国债ETF,1344225600000,2012-08-06,2012-08-06 00:00:00,47.85850975363318,47.86895464882166,47.85850975363318,47.86895464882166,208550,0.0
BIL.US,道富SPDR彭博1-3个月美国国债ETF,1344312000000,2012-08-07,2012-08-07 00:00:00,47.85850975363318,47.86895464882166,47.8480648584447,47.85850975363318,545300,0.0
BIL.US,道富SPDR彭博1-3个月美国国债ETF,1344398400000,2012-08-08,2012-08-08 00:00:00,47.85850975363318,47.85850975363318,47.8480648584447,47.8480648584447,205650,0.0
BIL.US,道富SPDR彭博1-3个月美国国债ETF,1344484800000,2012-08-09,2012-08-09 00:00:00,47.8480648584447,47.85850975363318,47.8480648584447,47.8480648584447,65400,0.0
BIL.US,道富SPDR彭博1-3个月美国国债ETF,1344571200000,2012-08-10,2012-08-10 00:00:00,47.8480648584447,47.85850975363318,47.8480648584447,47.8480648584447,246800,0.0
BIL.US,道富SPDR彭博1-3个月美国国债ETF,1344830400000,2012-08-13,2012-08-13 00:00:00,47.85850975363318,47.85850975363318,47.8480648584447,47.8480648584447,1007900,0.0
BIL.US,道富SPDR彭博1-3个月美国国债ETF,1344916800000,2012-08-14,2012-08-14 00:00:00,47.8480648584447,47.85850975363318,47.8480648584447,47.8480648584447,179250,0.0
BIL.US,道富SPDR彭博1-3个月美国国债ETF,1345003200000,2012-08-15,2012-08-15 00:00:00,47.8480648584447,47.85850975363318,47.8480648584447,47.8480648584447,85150,0.0
BIL.US,道富SPDR彭博1-3个月美国国债ETF,1345089600000,2012-08-16,2012-08-16 00:00:00,47.8480648584447,47.85850975363318,47.8480648584447,47.8480648584447,538500,0.0
BIL.US,道富SPDR彭博1-3个月美国国债ETF,1345176000000,2012-08-17,2012-08-17 00:00:00,47.8480648584447,47.85850975363318,47.8480648584447,47.8480648584447,190050,0.0
BIL.US,道富SPDR彭博1-3个月美国国债ETF,1345435200000,2012-08-20,2012-08-20 00:00:00,47.8480648584447,47.85850975363318,47.8480648584447,47.8480648584447,116400,0.0
BIL.US,道富SPDR彭博1-3个月美国国债ETF,1345521600000,2012-08-21,2012-08-21 00:00:00,47.8480648584447,47.85850975363318,47.8480648584447,47.8480648584447,152550,0.0
BIL.US,道富SPDR彭博1-3个月美国国债ETF,1345608000000,2012-08-22,2012-08-22 00:00:00,47.8480648584447,47.85850975363318,47.8480648584447,47.8480648584447,102850,0.0
BIL.US,道富SPDR彭博1-3个月美国国债ETF,1345694400000,2012-08-23,2012-08-23 00:00:00,47.8480648584447,47.85850975363318,47.8480648584447,47.8480648584447,134200,0.0
BIL.US,道富SPDR彭博1-3个月美国国债ETF,1345780800000,2012-08-24,2012-08-24 00:00:00,47.85850975363318,47.85850975363318,47.8480648584447,47.8480648584447,131200,0.0
BIL.US,道富SPDR彭博1-3个月美国国债ETF,1346040000000,2012-08-27,2012-08-27 00:00:00,47.8480648584447,47.85850975363318,47.8480648584447,47.8480648584447,101300,0.0
BIL.US,道富SPDR彭博1-3个月美国国债ETF,1346126400000,2012-08-28,2012-08-28 00:00:00,47.8480648584447,47.85850975363318,47.8480648584447,47.8480648584447,99500,0.0
BIL.US,道富SPDR彭博1-3个月美国国债ETF,1346212800000,2012-08-29,2012-08-29 00:00:00,47.8480648584447,47.85850975363318,47.8480648584447,47.8480648584447,72350,0.0
BIL.US,道富SPDR彭博1-3个月美国国债ETF,1346299200000,2012-08-30,2012-08-30 00:00:00,47.85850975363318,47.85850975363318,47.8480648584447,47.8480648584447,137300,0.0
BIL.US,道富SPDR彭博1-3个月美国国债ETF,1346385600000,2012-08-31,2012-08-31 00:00:00,47.8480648584447,47.85850975363318,47.8480648584447,47.8480648584447,183450,0.0
BIL.US,道富SPDR彭博1-3个月美国国债ETF,1346731200000,2012-09-04,2012-09-04 00:00:00,47.8480648584447,47.85850975363318,47.8480648584447,47.8480648584447,122850,0.0
BIL.US,道富SPDR彭博1-3个月美国国债ETF,1346817600000,2012-09-05,2012-09-05 00:00:00,47.85850975363318,47.85850975363318,47.8480648584447,47.85850975363318,357800,0.0
BIL.US,道富SPDR彭博1-3个月美国国债ETF,1346904000000,2012-09-06,2012-09-06 00:00:00,47.8480648584447,47.85850975363318,47.8480648584447,47.85850975363318,133550,0.0
BIL.US,道富SPDR彭博1-3个月美国国债ETF,1346990400000,2012-09-07,2012-09-07 00:00:00,47.8480648584447,47.85850975363318,47.8480648584447,47.8480648584447,580850,0.0
BIL.US,道富SPDR彭博1-3个月美国国债ETF,1347249600000,2012-09-10,2012-09-10 00:00:00,47.8480648584447,47.85850975363318,47.8480648584447,47.8480648584447,430700,0.0
BIL.US,道富SPDR彭博1-3个月美国国债ETF,1347336000000,2012-09-11,2012-09-11 00:00:00,47.85850975363318,47.85850975363318,47.8480648584447,47.8480648584447,49900,0.0
BIL.US,道富SPDR彭博1-3个月美国国债ETF,1347422400000,2012-09-12,2012-09-12 00:00:00,47.8480648584447,47.85850975363318,47.8480648584447,47.8480648584447,192750,0.0
BIL.US,道富SPDR彭博1-3个月美国国债ETF,1347508800000,2012-09-13,2012-09-13 00:00:00,47.8480648584447,47.85850975363318,47.8480648584447,47.8480648584447,553050,0.0
BIL.US,道富SPDR彭博1-3个月美国国债ETF,1347595200000,2012-09-14,2012-09-14 00:00:00,47.8480648584447,47.85850975363318,47.8480648584447,47.8480648584447,97100,0.0
BIL.US,道富SPDR彭博1-3个月美国国债ETF,1347854400000,2012-09-17,2012-09-17 00:00:00,47.8480648584447,47.85850975363318,47.8480648584447,47.8480648584447,141700,0.0
BIL.US,道富SPDR彭博1-3个月美国国债ETF,1347940800000,2012-09-18,2012-09-18 00:00:00,47.85850975363318,47.85850975363318,47.8480648584447,47.8480648584447,1879300,0.0
BIL.US,道富SPDR彭博1-3个月美国国债ETF,1348027200000,2012-09-19,2012-09-19 00:00:00,47.8480648584447,47.85850975363318,47.8480648584447,47.8480648584447,178100,0.0
BIL.US,道富SPDR彭博1-3个月美国国债ETF,1348113600000,2012-09-20,2012-09-20 00:00:00,47.8480648584447,47.85850975363318,47.8480648584447,47.8480648584447,229500,0.0
BIL.US,道富SPDR彭博1-3个月美国国债ETF,1348200000000,2012-09-21,2012-09-21 00:00:00,47.8480648584447,47.85850975363318,47.8480648584447,47.8480648584447,1148750,0.0
BIL.US,道富SPDR彭博1-3个月美国国债ETF,1348459200000,2012-09-24,2012-09-24 00:00:00,47.85850975363318,47.85850975363318,47.8480648584447,47.8480648584447,123950,0.0
BIL.US,道富SPDR彭博1-3个月美国国债ETF,1348545600000,2012-09-25,2012-09-25 00:00:00,47.8480648584447,47.85850975363318,47.8480648584447,47.8480648584447,276650,0.0
BIL.US,道富SPDR彭博1-3个月美国国债ETF,1348632000000,2012-09-26,2012-09-26 00:00:00,47.8480648584447,47.85850975363318,47.8480648584447,47.8480648584447,150900,0.0
BIL.US,道富SPDR彭博1-3个月美国国债ETF,1348718400000,2012-09-27,2012-09-27 00:00:00,47.8480648584447,47.85850975363318,47.8480648584447,47.85850975363318,138000,0.0
BIL.US,道富SPDR彭博1-3个月美国国债ETF,1348804800000,2012-09-28,2012-09-28 00:00:00,47.85850975363318,47.85850975363318,47.8480648584447,47.8480648584447,165650,0.0
BIL.US,道富SPDR彭博1-3个月美国国债ETF,1349064000000,2012-10-01,2012-10-01 00:00:00,47.8480648584447,47.85850975363318,47.8480648584447,47.8480648584447,165100,0.0
BIL.US,道富SPDR彭博1-3个月美国国债ETF,1349150400000,2012-10-02,2012-10-02 00:00:00,47.8480648584447,47.85850975363318,47.8480648584447,47.85850975363318,92950,0.0
BIL.US,道富SPDR彭博1-3个月美国国债ETF,1349236800000,2012-10-03,2012-10-03 00:00:00,47.8480648584447,47.85850975363318,47.8480648584447,47.8480648584447,138500,0.0
BIL.US,道富SPDR彭博1-3个月美国国债ETF,1349323200000,2012-10-04,2012-10-04 00:00:00,47.8480648584447,47.85850975363318,47.8480648584447,47.8480648584447,738550,0.0
BIL.US,道富SPDR彭博1-3个月美国国债ETF,1349409600000,2012-10-05,2012-10-05 00:00:00,47.85850975363318,47.85850975363318,47.8480648584447,47.8480648584447,541650,0.0
BIL.US,道富SPDR彭博1-3个月美国国债ETF,1349668800000,2012-10-08,2012-10-08 00:00:00,47.85850975363318,47.85850975363318,47.8480648584447,47.8480648584447,273800,0.0
BIL.US,道富SPDR彭博1-3个月美国国债ETF,1349755200000,2012-10-09,2012-10-09 00:00:00,47.8480648584447,47.85850975363318,47.8480648584447,47.8480648584447,287450,0.0
BIL.US,道富SPDR彭博1-3个月美国国债ETF,1349841600000,2012-10-10,2012-10-10 00:00:00,47.8480648584447,47.85850975363318,47.8480648584447,47.85850975363318,253600,0.0
BIL.US,道富SPDR彭博1-3个月美国国债ETF,1349928000000,2012-10-11,2012-10-11 00:00:00,47.8480648584447,47.85850975363318,47.8480648584447,47.85850975363318,69900,0.0
BIL.US,道富SPDR彭博1-3个月美国国债ETF,1350014400000,2012-10-12,2012-10-12 00:00:00,47.85850975363318,47.85850975363318,47.8480648584447,47.8480648584447,189650,0.0
BIL.US,道富SPDR彭博1-3个月美国国债ETF,1350273600000,2012-10-15,2012-10-15 00:00:00,47.8480648584447,47.85850975363318,47.8480648584447,47.85850975363318,131800,0.0
BIL.US,道富SPDR彭博1-3个月美国国债ETF,1350360000000,2012-10-16,2012-10-16 00:00:00,47.8480648584447,47.85850975363318,47.8480648584447,47.8480648584447,134800,0.0
BIL.US,道富SPDR彭博1-3个月美国国债ETF,1350446400000,2012-10-17,2012-10-17 00:00:00,47.8480648584447,47.85850975363318,47.8480648584447,47.85850975363318,48650,0.0
BIL.US,道富SPDR彭博1-3个月美国国债ETF,1350532800000,2012-10-18,2012-10-18 00:00:00,47.8480648584447,47.85850975363318,47.8480648584447,47.8480648584447,97000,0.0
BIL.US,道富SPDR彭博1-3个月美国国债ETF,1350619200000,2012-10-19,2012-10-19 00:00:00,47.85850975363318,47.85850975363318,47.8480648584447,47.8480648584447,199500,0.0
BIL.US,道富SPDR彭博1-3个月美国国债ETF,1350878400000,2012-10-22,2012-10-22 00:00:00,47.8480648584447,47.85850975363318,47.8480648584447,47.8480648584447,78600,0.0
BIL.US,道富SPDR彭博1-3个月美国国债ETF,1350964800000,2012-10-23,2012-10-23 00:00:00,47.85850975363318,47.85850975363318,47.8480648584447,47.85850975363318,965650,0.0
BIL.US,道富SPDR彭博1-3个月美国国债ETF,1351051200000,2012-10-24,2012-10-24 00:00:00,47.8480648584447,47.85850975363318,47.8480648584447,47.85850975363318,183450,0.0
BIL.US,道富SPDR彭博1-3个月美国国债ETF,1351137600000,2012-10-25,2012-10-25 00:00:00,47.8480648584447,47.85850975363318,47.8480648584447,47.8480648584447,223350,0.0
BIL.US,道富SPDR彭博1-3个月美国国债ETF,1351224000000,2012-10-26,2012-10-26 00:00:00,47.85850975363318,47.85850975363318,47.8480648584447,47.8480648584447,45600,0.0
BIL.US,道富SPDR彭博1-3个月美国国债ETF,1351656000000,2012-10-31,2012-10-31 00:00:00,47.8480648584447,47.85850975363318,47.8480648584447,47.85850975363318,395350,0.0
BIL.US,道富SPDR彭博1-3个月美国国债ETF,1351742400000,2012-11-01,2012-11-01 00:00:00,47.85850975363318,47.85850975363318,47.8480648584447,47.85850975363318,66550,0.0
BIL.US,道富SPDR彭博1-3个月美国国债ETF,1351828800000,2012-11-02,2012-11-02 00:00:00,47.85850975363318,47.85850975363318,47.8480648584447,47.85850975363318,378400,0.0
BIL.US,道富SPDR彭博1-3个月美国国债ETF,1352091600000,2012-11-05,2012-11-05 00:00:00,47.8480648584447,47.85850975363318,47.8480648584447,47.8480648584447,528000,0.0
BIL.US,道富SPDR彭博1-3个月美国国债ETF,1352178000000,2012-11-06,2012-11-06 00:00:00,47.8480648584447,47.85850975363318,47.8480648584447,47.8480648584447,106500,0.0
BIL.US,道富SPDR彭博1-3个月美国国债ETF,1352264400000,2012-11-07,2012-11-07 00:00:00,47.8480648584447,47.85850975363318,47.8480648584447,47.85850975363318,1984650,0.0
BIL.US,道富SPDR彭博1-3个月美国国债ETF,1352350800000,2012-11-08,2012-11-08 00:00:00,47.85850975363318,47.85850975363318,47.8480648584447,47.85850975363318,452750,0.0
BIL.US,道富SPDR彭博1-3个月美国国债ETF,1352437200000,2012-11-09,2012-11-09 00:00:00,47.8480648584447,47.85850975363318,47.8480648584447,47.85850975363318,1463250,0.0
BIL.US,道富SPDR彭博1-3个月美国国债ETF,1352696400000,2012-11-12,2012-11-12 00:00:00,47.85850975363318,47.85850975363318,47.8480648584447,47.85850975363318,376650,0.0
BIL.US,道富SPDR彭博1-3个月美国国债ETF,1352782800000,2012-11-13,2012-11-13 00:00:00,47.8480648584447,47.85850975363318,47.8480648584447,47.85850975363318,2435000,0.0
BIL.US,道富SPDR彭博1-3个月美国国债ETF,1352869200000,2012-11-14,2012-11-14 00:00:00,47.8480648584447,47.85850975363318,47.8480648584447,47.85850975363318,312900,0.0
BIL.US,道富SPDR彭博1-3个月美国国债ETF,1352955600000,2012-11-15,2012-11-15 00:00:00,47.8480648584447,47.85850975363318,47.8480648584447,47.85850975363318,304450,0.0
BIL.US,道富SPDR彭博1-3个月美国国债ETF,1353042000000,2012-11-16,2012-11-16 00:00:00,47.8480648584447,47.85850975363318,47.8480648584447,47.85850975363318,148600,0.0
BIL.US,道富SPDR彭博1-3个月美国国债ETF,1353301200000,2012-11-19,2012-11-19 00:00:00,47.8480648584447,47.85850975363318,47.8480648584447,47.85850975363318,133650,0.0
BIL.US,道富SPDR彭博1-3个月美国国债ETF,1353387600000,2012-11-20,2012-11-20 00:00:00,47.8480648584447,47.85850975363318,47.8480648584447,47.8480648584447,64900,0.0
BIL.US,道富SPDR彭博1-3个月美国国债ETF,1353474000000,2012-11-21,2012-11-21 00:00:00,47.8480648584447,47.85850975363318,47.8480648584447,47.8480648584447,69800,0.0
BIL.US,道富SPDR彭博1-3个月美国国债ETF,1353646800000,2012-11-23,2012-11-23 00:00:00,47.8480648584447,47.85850975363318,47.8480648584447,47.8480648584447,52900,0.0
BIL.US,道富SPDR彭博1-3个月美国国债ETF,1353906000000,2012-11-26,2012-11-26 00:00:00,47.8480648584447,47.85850975363318,47.8480648584447,47.8480648584447,594700,0.0
BIL.US,道富SPDR彭博1-3个月美国国债ETF,1353992400000,2012-11-27,2012-11-27 00:00:00,47.8480648584447,47.85850975363318,47.8480648584447,47.8480648584447,213150,0.0
BIL.US,道富SPDR彭博1-3个月美国国债ETF,1354078800000,2012-11-28,2012-11-28 00:00:00,47.8480648584447,47.85850975363318,47.8480648584447,47.8480648584447,63950,0.0
BIL.US,道富SPDR彭博1-3个月美国国债ETF,1354165200000,2012-11-29,2012-11-29 00:00:00,47.8480648584447,47.85850975363318,47.8480648584447,47.8480648584447,1176750,0.0
BIL.US,道富SPDR彭博1-3个月美国国债ETF,1354251600000,2012-11-30,2012-11-30 00:00:00,47.85850975363318,47.85850975363318,47.8480648584447,47.8480648584447,701350,0.0
BIL.US,道富SPDR彭博1-3个月美国国债ETF,1354510800000,2012-12-03,2012-12-03 00:00:00,47.8480648584447,47.85850975363318,47.8480648584447,47.8480648584447,694000,0.0
BIL.US,道富SPDR彭博1-3个月美国国债ETF,1354597200000,2012-12-04,2012-12-04 00:00:00,47.85850975363318,47.85850975363318,47.8480648584447,47.8480648584447,217150,0.0
BIL.US,道富SPDR彭博1-3个月美国国债ETF,1354683600000,2012-12-05,2012-12-05 00:00:00,47.8480648584447,47.85850975363318,47.8480648584447,47.8480648584447,141750,0.0
BIL.US,道富SPDR彭博1-3个月美国国债ETF,1354770000000,2012-12-06,2012-12-06 00:00:00,47.8480648584447,47.85850975363318,47.8480648584447,47.8480648584447,137200,0.0
BIL.US,道富SPDR彭博1-3个月美国国债ETF,1354856400000,2012-12-07,2012-12-07 00:00:00,47.8480648584447,47.85850975363318,47.8480648584447,47.8480648584447,376400,0.0
BIL.US,道富SPDR彭博1-3个月美国国债ETF,1355115600000,2012-12-10,2012-12-10 00:00:00,47.8480648584447,47.85850975363318,47.8480648584447,47.8480648584447,356500,0.0
BIL.US,道富SPDR彭博1-3个月美国国债ETF,1355202000000,2012-12-11,2012-12-11 00:00:00,47.8480648584447,47.85850975363318,47.8480648584447,47.8480648584447,308800,0.0
BIL.US,道富SPDR彭博1-3个月美国国债ETF,1355288400000,2012-12-12,2012-12-12 00:00:00,47.8480648584447,47.85850975363318,47.8480648584447,47.8480648584447,269950,0.0
BIL.US,道富SPDR彭博1-3个月美国国债ETF,1355374800000,2012-12-13,2012-12-13 00:00:00,47.8480648584447,47.85850975363318,47.8480648584447,47.8480648584447,151700,0.0
BIL.US,道富SPDR彭博1-3个月美国国债ETF,1355461200000,2012-12-14,2012-12-14 00:00:00,47.85850975363318,47.85850975363318,47.8480648584447,47.8480648584447,163350,0.0
BIL.US,道富SPDR彭博1-3个月美国国债ETF,1355720400000,2012-12-17,2012-12-17 00:00:00,47.8480648584447,47.85850975363318,47.8480648584447,47.8480648584447,665300,0.0
BIL.US,道富SPDR彭博1-3个月美国国债ETF,1355806800000,2012-12-18,2012-12-18 00:00:00,47.8480648584447,47.85850975363318,47.8480648584447,47.85850975363318,254200,0.0
BIL.US,道富SPDR彭博1-3个月美国国债ETF,1355893200000,2012-12-19,2012-12-19 00:00:00,47.8480648584447,47.85850975363318,47.8480648584447,47.8480648584447,150550,0.0
BIL.US,道富SPDR彭博1-3个月美国国债ETF,1355979600000,2012-12-20,2012-12-20 00:00:00,47.8480648584447,47.85850975363318,47.8480648584447,47.8480648584447,189600,0.0
BIL.US,道富SPDR彭博1-3个月美国国债ETF,1356066000000,2012-12-21,2012-12-21 00:00:00,47.8480648584447,47.85850975363318,47.8480648584447,47.8480648584447,153400,0.0
BIL.US,道富SPDR彭博1-3个月美国国债ETF,1356325200000,2012-12-24,2012-12-24 00:00:00,47.85850975363318,47.85850975363318,47.8480648584447,47.8480648584447,107450,0.0
BIL.US,道富SPDR彭博1-3个月美国国债ETF,1356498000000,2012-12-26,2012-12-26 00:00:00,47.8480648584447,47.85850975363318,47.8480648584447,47.8480648584447,85000,0.0
BIL.US,道富SPDR彭博1-3个月美国国债ETF,1356584400000,2012-12-27,2012-12-27 00:00:00,47.85850975363318,47.85850975363318,47.8480648584447,47.8480648584447,62100,0.0
BIL.US,道富SPDR彭博1-3个月美国国债ETF,1356670800000,2012-12-28,2012-12-28 00:00:00,47.8480648584447,47.85850975363318,47.8480648584447,47.85850975363318,213250,0.0
BIL.US,道富SPDR彭博1-3个月美国国债ETF,1356930000000,2012-12-31,2012-12-31 00:00:00,47.85850975363318,47.85850975363318,47.8480648584447,47.8480648584447,373700,0.0
BIL.US,道富SPDR彭博1-3个月美国国债ETF,1357102800000,2013-01-02,2013-01-02 00:00:00,47.8480648584447,47.85850975363318,47.8480648584447,47.8480648584447,1277900,0.0
BIL.US,道富SPDR彭博1-3个月美国国债ETF,1357189200000,2013-01-03,2013-01-03 00:00:00,47.85850975363318,47.85850975363318,47.8480648584447,47.8480648584447,294500,0.0
BIL.US,道富SPDR彭博1-3个月美国国债ETF,1357275600000,2013-01-04,2013-01-04 00:00:00,47.8480648584447,47.85850975363318,47.8480648584447,47.85850975363318,192700,0.0
BIL.US,道富SPDR彭博1-3个月美国国债ETF,1357534800000,2013-01-07,2013-01-07 00:00:00,47.83761996325621,47.8480648584447,47.83761996325621,47.83761996325621,179650,0.0
BIL.US,道富SPDR彭博1-3个月美国国债ETF,1357621200000,2013-01-08,2013-01-08 00:00:00,47.8480648584447,47.8480648584447,47.83761996325621,47.83761996325621,106650,0.0
BIL.US,道富SPDR彭博1-3个月美国国债ETF,1357707600000,2013-01-09,2013-01-09 00:00:00,47.83761996325621,47.8480648584447,47.83761996325621,47.83761996325621,197400,0.0
BIL.US,道富SPDR彭博1-3个月美国国债ETF,1357794000000,2013-01-10,2013-01-10 00:00:00,47.83761996325621,47.8480648584447,47.83761996325621,47.83761996325621,81100,0.0
BIL.US,道富SPDR彭博1-3个月美国国债ETF,1357880400000,2013-01-11,2013-01-11 00:00:00,47.8480648584447,47.8480648584447,47.83761996325621,47.83761996325621,58750,0.0
BIL.US,道富SPDR彭博1-3个月美国国债ETF,1358139600000,2013-01-14,2013-01-14 00:00:00,47.8480648584447,47.8480648584447,47.83761996325621,47.83761996325621,87250,0.0
BIL.US,道富SPDR彭博1-3个月美国国债ETF,1358226000000,2013-01-15,2013-01-15 00:00:00,47.83761996325621,47.8480648584447,47.83761996325621,47.83761996325621,72400,0.0
BIL.US,道富SPDR彭博1-3个月美国国债ETF,1358312400000,2013-01-16,2013-01-16 00:00:00,47.83761996325621,47.8480648584447,47.83761996325621,47.83761996325621,417550,0.0
BIL.US,道富SPDR彭博1-3个月美国国债ETF,1358398800000,2013-01-17,2013-01-17 00:00:00,47.83761996325621,47.8480648584447,47.83761996325621,47.8480648584447,739550,0.0
BIL.US,道富SPDR彭博1-3个月美国国债ETF,1358485200000,2013-01-18,2013-01-18 00:00:00,47.8480648584447,47.8480648584447,47.83761996325621,47.83761996325621,279400,0.0
BIL.US,道富SPDR彭博1-3个月美国国债ETF,1358830800000,2013-01-22,2013-01-22 00:00:00,47.83761996325621,47.8480648584447,47.83761996325621,47.83761996325621,139500,0.0
BIL.US,道富SPDR彭博1-3个月美国国债ETF,1358917200000,2013-01-23,2013-01-23 00:00:00,47.83761996325621,47.8480648584447,47.83761996325621,47.83761996325621,150250,0.0
BIL.US,道富SPDR彭博1-3个月美国国债ETF,1359003600000,2013-01-24,2013-01-24 00:00:00,47.83761996325621,47.8480648584447,47.83761996325621,47.8480648584447,2557850,0.0
BIL.US,道富SPDR彭博1-3个月美国国债ETF,1359090000000,2013-01-25,2013-01-25 00:00:00,47.83761996325621,47.8480648584447,47.83761996325621,47.83761996325621,188800,0.0
BIL.US,道富SPDR彭博1-3个月美国国债ETF,1359349200000,2013-01-28,2013-01-28 00:00:00,47.83761996325621,47.8480648584447,47.83761996325621,47.83761996325621,285500,0.0
BIL.US,道富SPDR彭博1-3个月美国国债ETF,1359435600000,2013-01-29,2013-01-29 00:00:00,47.8480648584447,47.8480648584447,47.83761996325621,47.83761996325621,85300,0.0
BIL.US,道富SPDR彭博1-3个月美国国债ETF,1359522000000,2013-01-30,2013-01-30 00:00:00,47.83761996325621,47.8480648584447,47.83761996325621,47.83761996325621,160750,0.0
BIL.US,道富SPDR彭博1-3个月美国国债ETF,1359608400000,2013-01-31,2013-01-31 00:00:00,47.8480648584447,47.8480648584447,47.83761996325621,47.8480648584447,168450,0.0
BIL.US,道富SPDR彭博1-3个月美国国债ETF,1359694800000,2013-02-01,2013-02-01 00:00:00,47.83761996325621,47.8480648584447,47.83761996325621,47.83761996325621,171650,0.0
BIL.US,道富SPDR彭博1-3个月美国国债ETF,1359954000000,2013-02-04,2013-02-04 00:00:00,47.83761996325621,47.8480648584447,47.83761996325621,47.83761996325621,112550,0.0
BIL.US,道富SPDR彭博1-3个月美国国债ETF,1360040400000,2013-02-05,2013-02-05 00:00:00,47.83761996325621,47.8480648584447,47.83761996325621,47.8480648584447,165500,0.0
BIL.US,道富SPDR彭博1-3个月美国国债ETF,1360126800000,2013-02-06,2013-02-06 00:00:00,47.8480648584447,47.8480648584447,47.83761996325621,47.8480648584447,282550,0.0
BIL.US,道富SPDR彭博1-3个月美国国债ETF,1360213200000,2013-02-07,2013-02-07 00:00:00,47.83761996325621,47.8480648584447,47.83761996325621,47.8480648584447,50900,0.0
BIL.US,道富SPDR彭博1-3个月美国国债ETF,1360299600000,2013-02-08,2013-02-08 00:00:00,47.8480648584447,47.8480648584447,47.83761996325621,47.8480648584447,579750,0.0
BIL.US,道富SPDR彭博1-3个月美国国债ETF,1360558800000,2013-02-11,2013-02-11 00:00:00,47.83761996325621,47.8480648584447,47.83761996325621,47.8480648584447,205000,0.0
BIL.US,道富SPDR彭博1-3个月美国国债ETF,1360645200000,2013-02-12,2013-02-12 00:00:00,47.8480648584447,47.8480648584447,47.83761996325621,47.8480648584447,195600,0.0
BIL.US,道富SPDR彭博1-3个月美国国债ETF,1360731600000,2013-02-13,2013-02-13 00:00:00,47.8480648584447,47.8480648584447,47.83761996325621,47.83761996325621,98300,0.0
BIL.US,道富SPDR彭博1-3个月美国国债ETF,1360818000000,2013-02-14,2013-02-14 00:00:00,47.83761996325621,47.8480648584447,47.83761996325621,47.8480648584447,116500,0.0
BIL.US,道富SPDR彭博1-3个月美国国债ETF,1360904400000,2013-02-15,2013-02-15 00:00:00,47.8480648584447,47.8480648584447,47.83761996325621,47.83761996325621,51900,0.0
BIL.US,道富SPDR彭博1-3个月美国国债ETF,1361250000000,2013-02-19,2013-02-19 00:00:00,47.8480648584447,47.8480648584447,47.83761996325621,47.83761996325621,89200,0.0
BIL.US,道富SPDR彭博1-3个月美国国债ETF,1361336400000,2013-02-20,2013-02-20 00:00:00,47.8480648584447,47.8480648584447,47.83761996325621,47.8480648584447,110450,0.0
BIL.US,道富SPDR彭博1-3个月美国国债ETF,1361422800000,2013-02-21,2013-02-21 00:00:00,47.8480648584447,47.8480648584447,47.83761996325621,47.83761996325621,290850,0.0
BIL.US,道富SPDR彭博1-3个月美国国债ETF,1361509200000,2013-02-22,2013-02-22 00:00:00,47.83761996325621,47.8480648584447,47.83761996325621,47.8480648584447,70800,0.0
BIL.US,道富SPDR彭博1-3个月美国国债ETF,1361768400000,2013-02-25,2013-02-25 00:00:00,47.8480648584447,47.8480648584447,47.83761996325621,47.83761996325621,125400,0.0
BIL.US,道富SPDR彭博1-3个月美国国债ETF,1361854800000,2013-02-26,2013-02-26 00:00:00,47.83761996325621,47.8480648584447,47.83761996325621,47.83761996325621,145250,0.0
BIL.US,道富SPDR彭博1-3个月美国国债ETF,1361941200000,2013-02-27,2013-02-27 00:00:00,47.83761996325621,47.8480648584447,47.83761996325621,47.8480648584447,101600,0.0
BIL.US,道富SPDR彭博1-3个月美国国债ETF,1362027600000,2013-02-28,2013-02-28 00:00:00,47.8480648584447,47.8480648584447,47.83761996325621,47.8480648584447,328500,0.0
BIL.US,道富SPDR彭博1-3个月美国国债ETF,1362114000000,2013-03-01,2013-03-01 00:00:00,47.8480648584447,47.8480648584447,47.83761996325621,47.8480648584447,67500,0.0
BIL.US,道富SPDR彭博1-3个月美国国债ETF,1362373200000,2013-03-04,2013-03-04 00:00:00,47.83761996325621,47.8480648584447,47.83761996325621,47.83761996325621,86700,0.0
BIL.US,道富SPDR彭博1-3个月美国国债ETF,1362459600000,2013-03-05,2013-03-05 00:00:00,47.83761996325621,47.8480648584447,47.83761996325621,47.8480648584447,133700,0.0
BIL.US,道富SPDR彭博1-3个月美国国债ETF,1362546000000,2013-03-06,2013-03-06 00:00:00,47.83761996325621,47.8480648584447,47.83761996325621,47.83761996325621,186800,0.0
BIL.US,道富SPDR彭博1-3个月美国国债ETF,1362632400000,2013-03-07,2013-03-07 00:00:00,47.83761996325621,47.8480648584447,47.83761996325621,47.8480648584447,58250,0.0
BIL.US,道富SPDR彭博1-3个月美国国债ETF,1362718800000,2013-03-08,2013-03-08 00:00:00,47.8480648584447,47.8480648584447,47.83761996325621,47.83761996325621,291400,0.0
BIL.US,道富SPDR彭博1-3个月美国国债ETF,1362974400000,2013-03-11,2013-03-11 00:00:00,47.83761996325621,47.8480648584447,47.83761996325621,47.8480648584447,126700,0.0
BIL.US,道富SPDR彭博1-3个月美国国债ETF,1363060800000,2013-03-12,2013-03-12 00:00:00,47.83761996325621,47.8480648584447,47.83761996325621,47.83761996325621,159950,0.0
BIL.US,道富SPDR彭博1-3个月美国国债ETF,1363147200000,2013-03-13,2013-03-13 00:00:00,47.83761996325621,47.8480648584447,47.83761996325621,47.8480648584447,161300,0.0
BIL.US,道富SPDR彭博1-3个月美国国债ETF,1363233600000,2013-03-14,2013-03-14 00:00:00,47.8480648584447,47.8480648584447,47.83761996325621,47.8480648584447,105100,0.0
BIL.US,道富SPDR彭博1-3个月美国国债ETF,1363320000000,2013-03-15,2013-03-15 00:00:00,47.83761996325621,47.8480648584447,47.83761996325621,47.8480648584447,176800,0.0
BIL.US,道富SPDR彭博1-3个月美国国债ETF,1363579200000,2013-03-18,2013-03-18 00:00:00,47.8480648584447,47.8480648584447,47.83761996325621,47.83761996325621,2238950,0.0
BIL.US,道富SPDR彭博1-3个月美国国债ETF,1363665600000,2013-03-19,2013-03-19 00:00:00,47.83761996325621,47.8480648584447,47.83761996325621,47.83761996325621,93550,0.0
BIL.US,道富SPDR彭博1-3个月美国国债ETF,1363752000000,2013-03-20,2013-03-20 00:00:00,47.83761996325621,47.8480648584447,47.83761996325621,47.83761996325621,140850,0.0
BIL.US,道富SPDR彭博1-3个月美国国债ETF,1363838400000,2013-03-21,2013-03-21 00:00:00,47.83761996325621,47.8480648584447,47.83761996325621,47.83761996325621,61650,0.0
BIL.US,道富SPDR彭博1-3个月美国国债ETF,1363924800000,2013-03-22,2013-03-22 00:00:00,47.83761996325621,47.8480648584447,47.83761996325621,47.8480648584447,83900,0.0
BIL.US,道富SPDR彭博1-3个月美国国债ETF,1364184000000,2013-03-25,2013-03-25 00:00:00,47.83761996325621,47.8480648584447,47.83761996325621,47.83761996325621,338550,0.0
BIL.US,道富SPDR彭博1-3个月美国国债ETF,1364270400000,2013-03-26,2013-03-26 00:00:00,47.8480648584447,47.8480648584447,47.83761996325621,47.8480648584447,119100,0.0
BIL.US,道富SPDR彭博1-3个月美国国债ETF,1364356800000,2013-03-27,2013-03-27 00:00:00,47.83761996325621,47.8480648584447,47.83761996325621,47.83761996325621,262850,0.0
BIL.US,道富SPDR彭博1-3个月美国国债ETF,1364443200000,2013-03-28,2013-03-28 00:00:00,47.83761996325621,47.8480648584447,47.83761996325621,47.8480648584447,97800,0.0
BIL.US,道富SPDR彭博1-3个月美国国债ETF,1364788800000,2013-04-01,2013-04-01 00:00:00,47.8480648584447,47.8480648584447,47.83761996325621,47.83761996325621,182100,0.0
BIL.US,道富SPDR彭博1-3个月美国国债ETF,1364875200000,2013-04-02,2013-04-02 00:00:00,47.8480648584447,47.8480648584447,47.83761996325621,47.8480648584447,139900,0.0
BIL.US,道富SPDR彭博1-3个月美国国债ETF,1364961600000,2013-04-03,2013-04-03 00:00:00,47.8480648584447,47.8480648584447,47.83761996325621,47.83761996325621,143350,0.0
BIL.US,道富SPDR彭博1-3个月美国国债ETF,1365048000000,2013-04-04,2013-04-04 00:00:00,47.83761996325621,47.8480648584447,47.83761996325621,47.83761996325621,91800,0.0
BIL.US,道富SPDR彭博1-3个月美国国债ETF,1365134400000,2013-04-05,2013-04-05 00:00:00,47.83761996325621,47.8480648584447,47.83761996325621,47.8480648584447,182250,0.0
BIL.US,道富SPDR彭博1-3个月美国国债ETF,1365393600000,2013-04-08,2013-04-08 00:00:00,47.8480648584447,47.8480648584447,47.83761996325621,47.8480648584447,113900,0.0
BIL.US,道富SPDR彭博1-3个月美国国债ETF,1365480000000,2013-04-09,2013-04-09 00:00:00,47.8480648584447,47.8480648584447,47.83761996325621,47.8480648584447,82300,0.0
BIL.US,道富SPDR彭博1-3个月美国国债ETF,1365566400000,2013-04-10,2013-04-10 00:00:00,47.8480648584447,47.8480648584447,47.83761996325621,47.8480648584447,74250,0.0
BIL.US,道富SPDR彭博1-3个月美国国债ETF,1365652800000,2013-04-11,2013-04-11 00:00:00,47.8480648584447,47.8480648584447,47.83761996325621,47.83761996325621,281900,0.0
BIL.US,道富SPDR彭博1-3个月美国国债ETF,1365739200000,2013-04-12,2013-04-12 00:00:00,47.8480648584447,47.8480648584447,47.83761996325621,47.8480648584447,91650,0.0
BIL.US,道富SPDR彭博1-3个月美国国债ETF,1365998400000,2013-04-15,2013-04-15 00:00:00,47.83761996325621,47.8480648584447,47.83761996325621,47.8480648584447,146050,0.0
BIL.US,道富SPDR彭博1-3个月美国国债ETF,1366084800000,2013-04-16,2013-04-16 00:00:00,47.8480648584447,47.8480648584447,47.83761996325621,47.8480648584447,90350,0.0
BIL.US,道富SPDR彭博1-3个月美国国债ETF,1366171200000,2013-04-17,2013-04-17 00:00:00,47.83761996325621,47.8480648584447,47.83761996325621,47.8480648584447,73450,0.0
BIL.US,道富SPDR彭博1-3个月美国国债ETF,1366257600000,2013-04-18,2013-04-18 00:00:00,47.83761996325621,47.8480648584447,47.83761996325621,47.83761996325621,247100,0.0
BIL.US,道富SPDR彭博1-3个月美国国债ETF,1366344000000,2013-04-19,2013-04-19 00:00:00,47.8480648584447,47.8480648584447,47.83761996325621,47.8480648584447,90300,0.0
BIL.US,道富SPDR彭博1-3个月美国国债ETF,1366603200000,2013-04-22,2013-04-22 00:00:00,47.83761996325621,47.8480648584447,47.83761996325621,47.8480648584447,57250,0.0
BIL.US,道富SPDR彭博1-3个月美国国债ETF,1366689600000,2013-04-23,2013-04-23 00:00:00,47.83761996325621,47.8480648584447,47.83761996325621,47.8480648584447,355500,0.0
BIL.US,道富SPDR彭博1-3个月美国国债ETF,1366776000000,2013-04-24,2013-04-24 00:00:00,47.8480648584447,47.8480648584447,47.83761996325621,47.8480648584447,159900,0.0
BIL.US,道富SPDR彭博1-3个月美国国债ETF,1366862400000,2013-04-25,2013-04-25 00:00:00,47.83761996325621,47.8480648584447,47.83761996325621,47.83761996325621,104750,0.0
BIL.US,道富SPDR彭博1-3个月美国国债ETF,1366948800000,2013-04-26,2013-04-26 00:00:00,47.83761996325621,47.8480648584447,47.83761996325621,47.83761996325621,81500,0.0
BIL.US,道富SPDR彭博1-3个月美国国债ETF,1367208000000,2013-04-29,2013-04-29 00:00:00,47.8480648584447,47.8480648584447,47.83761996325621,47.83761996325621,117850,0.0
BIL.US,道富SPDR彭博1-3个月美国国债ETF,1367294400000,2013-04-30,2013-04-30 00:00:00,47.8480648584447,47.8480648584447,47.83761996325621,47.83761996325621,184450,0.0
BIL.US,道富SPDR彭博1-3个月美国国债ETF,1367380800000,2013-05-01,2013-05-01 00:00:00,47.83761996325621,47.8480648584447,47.83761996325621,47.83761996325621,704750,0.0
BIL.US,道富SPDR彭博1-3个月美国国债ETF,1367467200000,2013-05-02,2013-05-02 00:00:00,47.8480648584447,47.8480648584447,47.83761996325621,47.8480648584447,71800,0.0
BIL.US,道富SPDR彭博1-3个月美国国债ETF,1367553600000,2013-05-03,2013-05-03 00:00:00,47.8480648584447,47.8480648584447,47.83761996325621,47.83761996325621,263600,0.0
BIL.US,道富SPDR彭博1-3个月美国国债ETF,1367812800000,2013-05-06,2013-05-06 00:00:00,47.83761996325621,47.8480648584447,47.83761996325621,47.83761996325621,117300,0.0
BIL.US,道富SPDR彭博1-3个月美国国债ETF,1367899200000,2013-05-07,2013-05-07 00:00:00,47.83761996325621,47.8480648584447,47.83761996325621,47.83761996325621,51250,0.0
BIL.US,道富SPDR彭博1-3个月美国国债ETF,1367985600000,2013-05-08,2013-05-08 00:00:00,47.83761996325621,47.8480648584447,47.83761996325621,47.8480648584447,186750,0.0
BIL.US,道富SPDR彭博1-3个月美国国债ETF,1368072000000,2013-05-09,2013-05-09 00:00:00,47.83761996325621,47.8480648584447,47.83761996325621,47.8480648584447,59800,0.0
BIL.US,道富SPDR彭博1-3个月美国国债ETF,1368158400000,2013-05-10,2013-05-10 00:00:00,47.83761996325621,47.8480648584447,47.83761996325621,47.83761996325621,77150,0.0
BIL.US,道富SPDR彭博1-3个月美国国债ETF,1368417600000,2013-05-13,2013-05-13 00:00:00,47.8480648584447,47.8480648584447,47.83761996325621,47.8480648584447,90700,0.0
BIL.US,道富SPDR彭博1-3个月美国国债ETF,1368504000000,2013-05-14,2013-05-14 00:00:00,47.8480648584447,47.8480648584447,47.83761996325621,47.83761996325621,441750,0.0
BIL.US,道富SPDR彭博1-3个月美国国债ETF,1368590400000,2013-05-15,2013-05-15 00:00:00,47.83761996325621,47.8480648584447,47.83761996325621,47.83761996325621,110150,0.0
BIL.US,道富SPDR彭博1-3个月美国国债ETF,1368676800000,2013-05-16,2013-05-16 00:00:00,47.8480648584447,47.8480648584447,47.83761996325621,47.83761996325621,163650,0.0
BIL.US,道富SPDR彭博1-3个月美国国债ETF,1368763200000,2013-05-17,2013-05-17 00:00:00,47.83761996325621,47.8480648584447,47.83761996325621,47.8480648584447,181600,0.0
BIL.US,道富SPDR彭博1-3个月美国国债ETF,1369022400000,2013-05-20,2013-05-20 00:00:00,47.83761996325621,47.8480648584447,47.83761996325621,47.83761996325621,239050,0.0
BIL.US,道富SPDR彭博1-3个月美国国债ETF,1369108800000,2013-05-21,2013-05-21 00:00:00,47.8480648584447,47.8480648584447,47.83761996325621,47.8480648584447,113100,0.0
BIL.US,道富SPDR彭博1-3个月美国国债ETF,1369195200000,2013-05-22,2013-05-22 00:00:00,47.83761996325621,47.8480648584447,47.83761996325621,47.8480648584447,121000,0.0
BIL.US,道富SPDR彭博1-3个月美国国债ETF,1369281600000,2013-05-23,2013-05-23 00:00:00,47.8480648584447,47.8480648584447,47.83761996325621,47.8480648584447,434350,0.0
BIL.US,道富SPDR彭博1-3个月美国国债ETF,1369368000000,2013-05-24,2013-05-24 00:00:00,47.8480648584447,47.8480648584447,47.83761996325621,47.8480648584447,55200,0.0
BIL.US,道富SPDR彭博1-3个月美国国债ETF,1369713600000,2013-05-28,2013-05-28 00:00:00,47.83761996325621,47.8480648584447,47.83761996325621,47.83761996325621,110300,0.0
BIL.US,道富SPDR彭博1-3个月美国国债ETF,1369800000000,2013-05-29,2013-05-29 00:00:00,47.8480648584447,47.8480648584447,47.83761996325621,47.8480648584447,230750,0.0
BIL.US,道富SPDR彭博1-3个月美国国债ETF,1369886400000,2013-05-30,2013-05-30 00:00:00,47.83761996325621,47.8480648584447,47.83761996325621,47.83761996325621,92450,0.0
BIL.US,道富SPDR彭博1-3个月美国国债ETF,1369972800000,2013-05-31,2013-05-31 00:00:00,47.83761996325621,47.8480648584447,47.83761996325621,47.8480648584447,1031050,0.0
BIL.US,道富SPDR彭博1-3个月美国国债ETF,1370232000000,2013-06-03,2013-06-03 00:00:00,47.83761996325621,47.8480648584447,47.83761996325621,47.8480648584447,453450,0.0
BIL.US,道富SPDR彭博1-3个月美国国债ETF,1370318400000,2013-06-04,2013-06-04 00:00:00,47.83761996325621,47.8480648584447,47.83761996325621,47.8480648584447,147200,0.0
BIL.US,道富SPDR彭博1-3个月美国国债ETF,1370404800000,2013-06-05,2013-06-05 00:00:00,47.83761996325621,47.8480648584447,47.83761996325621,47.8480648584447,123150,0.0
BIL.US,道富SPDR彭博1-3个月美国国债ETF,1370491200000,2013-06-06,2013-06-06 00:00:00,47.8480648584447,47.8480648584447,47.827175068067724,47.83761996325621,2841800,0.0
BIL.US,道富SPDR彭博1-3个月美国国债ETF,1370577600000,2013-06-07,2013-06-07 00:00:00,47.827175068067724,47.8480648584447,47.827175068067724,47.8480648584447,275000,0.0
BIL.US,道富SPDR彭博1-3个月美国国债ETF,1370836800000,2013-06-10,2013-06-10 00:00:00,47.8480648584447,47.8480648584447,47.83761996325621,47.83761996325621,212800,0.0
BIL.US,道富SPDR彭博1-3个月美国国债ETF,1370923200000,2013-06-11,2013-06-11 00:00:00,47.8480648584447,47.8480648584447,47.83761996325621,47.8480648584447,160350,0.0
BIL.US,道富SPDR彭博1-3个月美国国债ETF,1371009600000,2013-06-12,2013-06-12 00:00:00,47.8480648584447,47.8480648584447,47.83761996325621,47.83761996325621,490050,0.0
BIL.US,道富SPDR彭博1-3个月美国国债ETF,1371096000000,2013-06-13,2013-06-13 00:00:00,47.83761996325621,47.8480648584447,47.83761996325621,47.8480648584447,2133200,0.0
BIL.US,道富SPDR彭博1-3个月美国国债ETF,1371182400000,2013-06-14,2013-06-14 00:00:00,47.83761996325621,47.8480648584447,47.83761996325621,47.83761996325621,350350,0.0
BIL.US,道富SPDR彭博1-3个月美国国债ETF,1371441600000,2013-06-17,2013-06-17 00:00:00,47.83761996325621,47.8480648584447,47.83761996325621,47.83761996325621,105150,0.0
BIL.US,道富SPDR彭博1-3个月美国国债ETF,1371528000000,2013-06-18,2013-06-18 00:00:00,47.83761996325621,47.8480648584447,47.83761996325621,47.83761996325621,169700,0.0
BIL.US,道富SPDR彭博1-3个月美国国债ETF,1371614400000,2013-06-19,2013-06-19 00:00:00,47.8480648584447,47.8480648584447,47.83761996325621,47.83761996325621,116200,0.0
BIL.US,道富SPDR彭博1-3个月美国国债ETF,1371700800000,2013-06-20,2013-06-20 00:00:00,47.8480648584447,47.8480648584447,47.83761996325621,47.83761996325621,1520400,0.0
BIL.US,道富SPDR彭博1-3个月美国国债ETF,1371787200000,2013-06-21,2013-06-21 00:00:00,47.8480648584447,47.8480648584447,47.83761996325621,47.8480648584447,444100,0.0
BIL.US,道富SPDR彭博1-3个月美国国债ETF,1372046400000,2013-06-24,2013-06-24 00:00:00,47.83761996325621,47.8480648584447,47.83761996325621,47.8480648584447,384500,0.0
BIL.US,道富SPDR彭博1-3个月美国国债ETF,1372132800000,2013-06-25,2013-06-25 00:00:00,47.83761996325621,47.8480648584447,47.83761996325621,47.8480648584447,3208500,0.0
BIL.US,道富SPDR彭博1-3个月美国国债ETF,1372219200000,2013-06-26,2013-06-26 00:00:00,47.83761996325621,47.8480648584447,47.83761996325621,47.8480648584447,473600,0.0
BIL.US,道富SPDR彭博1-3个月美国国债ETF,1372305600000,2013-06-27,2013-06-27 00:00:00,47.8480648584447,47.8480648584447,47.83761996325621,47.83761996325621,185250,0.0
BIL.US,道富SPDR彭博1-3个月美国国债ETF,1372392000000,2013-06-28,2013-06-28 00:00:00,47.8480648584447,47.8480648584447,47.827175068067724,47.83761996325621,1420750,0.0
BIL.US,道富SPDR彭博1-3个月美国国债ETF,1372651200000,2013-07-01,2013-07-01 00:00:00,47.83761996325621,47.8480648584447,47.83761996325621,47.8480648584447,437200,0.0
BIL.US,道富SPDR彭博1-3个月美国国债ETF,1372737600000,2013-07-02,2013-07-02 00:00:00,47.8480648584447,47.8480648584447,47.83761996325621,47.83761996325621,378300,0.0
BIL.US,道富SPDR彭博1-3个月美国国债ETF,1372824000000,2013-07-03,2013-07-03 00:00:00,47.8480648584447,47.8480648584447,47.83761996325621,47.8480648584447,208100,0.0
BIL.US,道富SPDR彭博1-3个月美国国债ETF,1372996800000,2013-07-05,2013-07-05 00:00:00,47.8480648584447,47.8480648584447,47.83761996325621,47.8480648584447,342300,0.0
BIL.US,道富SPDR彭博1-3个月美国国债ETF,1373256000000,2013-07-08,2013-07-08 00:00:00,47.83761996325621,47.8480648584447,47.827175068067724,47.827175068067724,152300,0.0
BIL.US,道富SPDR彭博1-3个月美国国债ETF,1373342400000,2013-07-09,2013-07-09 00:00:00,47.827175068067724,47.8480648584447,47.827175068067724,47.827175068067724,631600,0.0
BIL.US,道富SPDR彭博1-3个月美国国债ETF,1373428800000,2013-07-10,2013-07-10 00:00:00,47.827175068067724,47.83761996325621,47.827175068067724,47.827175068067724,239350,0.0
BIL.US,道富SPDR彭博1-3个月美国国债ETF,1373515200000,2013-07-11,2013-07-11 00:00:00,47.827175068067724,47.83761996325621,47.827175068067724,47.827175068067724,790050,0.0
BIL.US,道富SPDR彭博1-3个月美国国债ETF,1373601600000,2013-07-12,2013-07-12 00:00:00,47.827175068067724,47.83761996325621,47.827175068067724,47.827175068067724,254550,0.0
BIL.US,道富SPDR彭博1-3个月美国国债ETF,1373860800000,2013-07-15,2013-07-15 00:00:00,47.827175068067724,47.83761996325621,47.827175068067724,47.827175068067724,298700,0.0
BIL.US,道富SPDR彭博1-3个月美国国债ETF,1373947200000,2013-07-16,2013-07-16 00:00:00,47.83761996325621,47.83761996325621,47.827175068067724,47.827175068067724,146050,0.0
BIL.US,道富SPDR彭博1-3个月美国国债ETF,1374033600000,2013-07-17,2013-07-17 00:00:00,47.83761996325621,47.83761996325621,47.827175068067724,47.827175068067724,156600,0.0
BIL.US,道富SPDR彭博1-3个月美国国债ETF,1374120000000,2013-07-18,2013-07-18 00:00:00,47.83761996325621,47.83761996325621,47.827175068067724,47.83761996325621,168700,0.0
BIL.US,道富SPDR彭博1-3个月美国国债ETF,1374206400000,2013-07-19,2013-07-19 00:00:00,47.827175068067724,47.83761996325621,47.827175068067724,47.83761996325621,85550,0.0
BIL.US,道富SPDR彭博1-3个月美国国债ETF,1374465600000,2013-07-22,2013-07-22 00:00:00,47.83761996325621,47.83761996325621,47.827175068067724,47.83761996325621,421550,0.0
BIL.US,道富SPDR彭博1-3个月美国国债ETF,1374552000000,2013-07-23,2013-07-23 00:00:00,47.827175068067724,47.83761996325621,47.827175068067724,47.83761996325621,92900,0.0
BIL.US,道富SPDR彭博1-3个月美国国债ETF,1374638400000,2013-07-24,2013-07-24 00:00:00,47.83761996325621,47.8480648584447,47.827175068067724,47.8480648584447,747200,0.0
BIL.US,道富SPDR彭博1-3个月美国国债ETF,1374724800000,2013-07-25,2013-07-25 00:00:00,47.83761996325621,47.8480648584447,47.827175068067724,47.827175068067724,149550,0.0
BIL.US,道富SPDR彭博1-3个月美国国债ETF,1374811200000,2013-07-26,2013-07-26 00:00:00,47.8480648584447,47.8480648584447,47.827175068067724,47.827175068067724,378550,0.0
BIL.US,道富SPDR彭博1-3个月美国国债ETF,1375070400000,2013-07-29,2013-07-29 00:00:00,47.827175068067724,47.83761996325621,47.827175068067724,47.83761996325621,160600,0.0
BIL.US,道富SPDR彭博1-3个月美国国债ETF,1375156800000,2013-07-30,2013-07-30 00:00:00,47.827175068067724,47.83761996325621,47.827175068067724,47.827175068067724,172400,0.0
BIL.US,道富SPDR彭博1-3个月美国国债ETF,1375243200000,2013-07-31,2013-07-31 00:00:00,47.83761996325621,47.83761996325621,47.827175068067724,47.83761996325621,238800,0.0
BIL.US,道富SPDR彭博1-3个月美国国债ETF,1375329600000,2013-08-01,2013-08-01 00:00:00,47.827175068067724,47.83761996325621,47.827175068067724,47.827175068067724,207450,0.0
BIL.US,道富SPDR彭博1-3个月美国国债ETF,1375416000000,2013-08-02,2013-08-02 00:00:00,47.827175068067724,47.83761996325621,47.827175068067724,47.83761996325621,273800,0.0
BIL.US,道富SPDR彭博1-3个月美国国债ETF,1375675200000,2013-08-05,2013-08-05 00:00:00,47.83761996325621,47.83761996325621,47.827175068067724,47.83761996325621,149900,0.0
BIL.US,道富SPDR彭博1-3个月美国国债ETF,1375761600000,2013-08-06,2013-08-06 00:00:00,47.83761996325621,47.83761996325621,47.827175068067724,47.83761996325621,89300,0.0
BIL.US,道富SPDR彭博1-3个月美国国债ETF,1375848000000,2013-08-07,2013-08-07 00:00:00,47.83761996325621,47.83761996325621,47.827175068067724,47.827175068067724,97100,0.0
BIL.US,道富SPDR彭博1-3个月美国国债ETF,1375934400000,2013-08-08,2013-08-08 00:00:00,47.827175068067724,47.83761996325621,47.827175068067724,47.827175068067724,112050,0.0
BIL.US,道富SPDR彭博1-3个月美国国债ETF,1376020800000,2013-08-09,2013-08-09 00:00:00,47.827175068067724,47.83761996325621,47.827175068067724,47.83761996325621,172650,0.0
BIL.US,道富SPDR彭博1-3个月美国国债ETF,1376280000000,2013-08-12,2013-08-12 00:00:00,47.83761996325621,47.83761996325621,47.827175068067724,47.83761996325621,118550,0.0
BIL.US,道富SPDR彭博1-3个月美国国债ETF,1376366400000,2013-08-13,2013-08-13 00:00:00,47.83761996325621,47.83761996325621,47.827175068067724,47.83761996325621,60500,0.0
BIL.US,道富SPDR彭博1-3个月美国国债ETF,1376452800000,2013-08-14,2013-08-14 00:00:00,47.827175068067724,47.83761996325621,47.827175068067724,47.83761996325621,131400,0.0
BIL.US,道富SPDR彭博1-3个月美国国债ETF,1376539200000,2013-08-15,2013-08-15 00:00:00,47.83761996325621,47.83761996325621,47.827175068067724,47.83761996325621,668500,0.0
BIL.US,道富SPDR彭博1-3个月美国国债ETF,1376625600000,2013-08-16,2013-08-16 00:00:00,47.83761996325621,47.83761996325621,47.827175068067724,47.83761996325621,491950,0.0
BIL.US,道富SPDR彭博1-3个月美国国债ETF,1376884800000,2013-08-19,2013-08-19 00:00:00,47.83761996325621,47.83761996325621,47.827175068067724,47.827175068067724,233600,0.0
BIL.US,道富SPDR彭博1-3个月美国国债ETF,1376971200000,2013-08-20,2013-08-20 00:00:00,47.83761996325621,47.83761996325621,47.827175068067724,47.83761996325621,207650,0.0
BIL.US,道富SPDR彭博1-3个月美国国债ETF,1377057600000,2013-08-21,2013-08-21 00:00:00,47.827175068067724,47.83761996325621,47.827175068067724,47.83761996325621,244300,0.0
BIL.US,道富SPDR彭博1-3个月美国国债ETF,1377144000000,2013-08-22,2013-08-22 00:00:00,47.83761996325621,47.83761996325621,47.827175068067724,47.827175068067724,240850,0.0
BIL.US,道富SPDR彭博1-3个月美国国债ETF,1377230400000,2013-08-23,2013-08-23 00:00:00,47.83761996325621,47.83761996325621,47.827175068067724,47.83761996325621,86050,0.0
BIL.US,道富SPDR彭博1-3个月美国国债ETF,1377489600000,2013-08-26,2013-08-26 00:00:00,47.827175068067724,47.83761996325621,47.827175068067724,47.827175068067724,249800,0.0
BIL.US,道富SPDR彭博1-3个月美国国债ETF,1377576000000,2013-08-27,2013-08-27 00:00:00,47.83761996325621,47.83761996325621,47.827175068067724,47.827175068067724,231250,0.0
BIL.US,道富SPDR彭博1-3个月美国国债ETF,1377662400000,2013-08-28,2013-08-28 00:00:00,47.827175068067724,47.83761996325621,47.827175068067724,47.827175068067724,77950,0.0
BIL.US,道富SPDR彭博1-3个月美国国债ETF,1377748800000,2013-08-29,2013-08-29 00:00:00,47.83761996325621,47.83761996325621,47.827175068067724,47.83761996325621,133950,0.0
BIL.US,道富SPDR彭博1-3个月美国国债ETF,1377835200000,2013-08-30,2013-08-30 00:00:00,47.827175068067724,47.83761996325621,47.827175068067724,47.83761996325621,500900,0.0
BIL.US,道富SPDR彭博1-3个月美国国债ETF,1378180800000,2013-09-03,2013-09-03 00:00:00,47.827175068067724,47.83761996325621,47.827175068067724,47.83761996325621,370900,0.0
BIL.US,道富SPDR彭博1-3个月美国国债ETF,1378267200000,2013-09-04,2013-09-04 00:00:00,47.827175068067724,47.83761996325621,47.827175068067724,47.83761996325621,206500,0.0
BIL.US,道富SPDR彭博1-3个月美国国债ETF,1378353600000,2013-09-05,2013-09-05 00:00:00,47.827175068067724,47.83761996325621,47.827175068067724,47.83761996325621,527000,0.0
BIL.US,道富SPDR彭博1-3个月美国国债ETF,1378440000000,2013-09-06,2013-09-06 00:00:00,47.827175068067724,47.83761996325621,47.827175068067724,47.83761996325621,265500,0.0
BIL.US,道富SPDR彭博1-3个月美国国债ETF,1378699200000,2013-09-09,2013-09-09 00:00:00,47.83761996325621,47.83761996325621,47.81673017287925,47.81673017287925,903150,0.0
BIL.US,道富SPDR彭博1-3个月美国国债ETF,1378785600000,2013-09-10,2013-09-10 00:00:00,47.83761996325621,47.83761996325621,47.827175068067724,47.827175068067724,275950,0.0
BIL.US,道富SPDR彭博1-3个月美国国债ETF,1378872000000,2013-09-11,2013-09-11 00:00:00,47.83761996325621,47.83761996325621,47.827175068067724,47.827175068067724,417200,0.0
BIL.US,道富SPDR彭博1-3个月美国国债ETF,1378958400000,2013-09-12,2013-09-12 00:00:00,47.83761996325621,47.83761996325621,47.827175068067724,47.827175068067724,97150,0.0
BIL.US,道富SPDR彭博1-3个月美国国债ETF,1379044800000,2013-09-13,2013-09-13 00:00:00,47.83761996325621,47.83761996325621,47.827175068067724,47.83761996325621,355250,0.0
BIL.US,道富SPDR彭博1-3个月美国国债ETF,1379304000000,2013-09-16,2013-09-16 00:00:00,47.827175068067724,47.83761996325621,47.827175068067724,47.827175068067724,185150,0.0
BIL.US,道富SPDR彭博1-3个月美国国债ETF,1379390400000,2013-09-17,2013-09-17 00:00:00,47.827175068067724,47.83761996325621,47.827175068067724,47.827175068067724,158050,0.0
BIL.US,道富SPDR彭博1-3个月美国国债ETF,1379476800000,2013-09-18,2013-09-18 00:00:00,47.827175068067724,47.83761996325621,47.827175068067724,47.83761996325621,295750,0.0
BIL.US,道富SPDR彭博1-3个月美国国债ETF,1379563200000,2013-09-19,2013-09-19 00:00:00,47.827175068067724,47.83761996325621,47.827175068067724,47.83761996325621,206200,0.0
BIL.US,道富SPDR彭博1-3个月美国国债ETF,1379649600000,2013-09-20,2013-09-20 00:00:00,47.83761996325621,47.83761996325621,47.827175068067724,47.827175068067724,647550,0.0
BIL.US,道富SPDR彭博1-3个月美国国债ETF,1379908800000,2013-09-23,2013-09-23 00:00:00,47.827175068067724,47.83761996325621,47.827175068067724,47.827175068067724,191300,0.0
BIL.US,道富SPDR彭博1-3个月美国国债ETF,1379995200000,2013-09-24,2013-09-24 00:00:00,47.83761996325621,47.83761996325621,47.827175068067724,47.827175068067724,160600,0.0
BIL.US,道富SPDR彭博1-3个月美国国债ETF,1380081600000,2013-09-25,2013-09-25 00:00:00,47.827175068067724,47.83761996325621,47.827175068067724,47.827175068067724,83150,0.0
BIL.US,道富SPDR彭博1-3个月美国国债ETF,1380168000000,2013-09-26,2013-09-26 00:00:00,47.83761996325621,47.83761996325621,47.827175068067724,47.827175068067724,102050,0.0
BIL.US,道富SPDR彭博1-3个月美国国债ETF,1380254400000,2013-09-27,2013-09-27 00:00:00,47.827175068067724,47.83761996325621,47.827175068067724,47.827175068067724,247300,0.0
BIL.US,道富SPDR彭博1-3个月美国国债ETF,1380513600000,2013-09-30,2013-09-30 00:00:00,47.827175068067724,47.83761996325621,47.827175068067724,47.827175068067724,480950,0.0
BIL.US,道富SPDR彭博1-3个月美国国债ETF,1380600000000,2013-10-01,2013-10-01 00:00:00,47.83761996325621,47.83761996325621,47.81673017287925,47.83761996325621,2340450,0.0
BIL.US,道富SPDR彭博1-3个月美国国债ETF,1380686400000,2013-10-02,2013-10-02 00:00:00,47.83761996325621,47.83761996325621,47.827175068067724,47.83761996325621,185000,0.0
BIL.US,道富SPDR彭博1-3个月美国国债ETF,1380772800000,2013-10-03,2013-10-03 00:00:00,47.83761996325621,47.83761996325621,47.827175068067724,47.83761996325621,1240550,0.0
BIL.US,道富SPDR彭博1-3个月美国国债ETF,1380859200000,2013-10-04,2013-10-04 00:00:00,47.827175068067724,47.83761996325621,47.827175068067724,47.83761996325621,283800,0.0
BIL.US,道富SPDR彭博1-3个月美国国债ETF,1381118400000,2013-10-07,2013-10-07 00:00:00,47.83761996325621,47.83761996325621,47.827175068067724,47.83761996325621,203000,0.0
BIL.US,道富SPDR彭博1-3个月美国国债ETF,1381204800000,2013-10-08,2013-10-08 00:00:00,47.827175068067724,47.83761996325621,47.827175068067724,47.83761996325621,215850,0.0
BIL.US,道富SPDR彭博1-3个月美国国债ETF,1381291200000,2013-10-09,2013-10-09 00:00:00,47.81673017287925,47.827175068067724,47.81673017287925,47.827175068067724,325100,0.0
BIL.US,道富SPDR彭博1-3个月美国国债ETF,1381377600000,2013-10-10,2013-10-10 00:00:00,47.81673017287925,47.827175068067724,47.81673017287925,47.81673017287925,939600,0.0
BIL.US,道富SPDR彭博1-3个月美国国债ETF,1381464000000,2013-10-11,2013-10-11 00:00:00,47.827175068067724,47.827175068067724,47.80628527769076,47.80628527769076,6366750,0.0
BIL.US,道富SPDR彭博1-3个月美国国债ETF,1381723200000,2013-10-14,2013-10-14 00:00:00,47.80628527769076,47.81673017287925,47.80628527769076,47.80628527769076,150500,0.0
BIL.US,道富SPDR彭博1-3个月美国国债ETF,1381809600000,2013-10-15,2013-10-15 00:00:00,47.81673017287925,47.81673017287925,47.80628527769076,47.80628527769076,562650,0.0
BIL.US,道富SPDR彭博1-3个月美国国债ETF,1381896000000,2013-10-16,2013-10-16 00:00:00,47.80628527769076,47.827175068067724,47.80628527769076,47.81673017287925,945500,0.0
BIL.US,道富SPDR彭博1-3个月美国国债ETF,1381982400000,2013-10-17,2013-10-17 00:00:00,47.827175068067724,47.827175068067724,47.81673017287925,47.81673017287925,140350,0.0
BIL.US,道富SPDR彭博1-3个月美国国债ETF,1382068800000,2013-10-18,2013-10-18 00:00:00,47.81673017287925,47.827175068067724,47.81673017287925,47.827175068067724,197450,0.0
BIL.US,道富SPDR彭博1-3个月美国国债ETF,1382328000000,2013-10-21,2013-10-21 00:00:00,47.827175068067724,47.827175068067724,47.81673017287925,47.827175068067724,215550,0.0
BIL.US,道富SPDR彭博1-3个月美国国债ETF,1382414400000,2013-10-22,2013-10-22 00:00:00,47.81673017287925,47.827175068067724,47.81673017287925,47.827175068067724,100200,0.0
BIL.US,道富SPDR彭博1-3个月美国国债ETF,1382500800000,2013-10-23,2013-10-23 00:00:00,47.827175068067724,47.827175068067724,47.81673017287925,47.827175068067724,259950,0.0
BIL.US,道富SPDR彭博1-3个月美国国债ETF,1382587200000,2013-10-24,2013-10-24 00:00:00,47.81673017287925,47.827175068067724,47.81673017287925,47.81673017287925,149050,0.0
BIL.US,道富SPDR彭博1-3个月美国国债ETF,1382673600000,2013-10-25,2013-10-25 00:00:00,47.81673017287925,47.827175068067724,47.81673017287925,47.827175068067724,69650,0.0
BIL.US,道富SPDR彭博1-3个月美国国债ETF,1382932800000,2013-10-28,2013-10-28 00:00:00,47.81673017287925,47.827175068067724,47.81673017287925,47.827175068067724,88300,0.0
BIL.US,道富SPDR彭博1-3个月美国国债ETF,1383019200000,2013-10-29,2013-10-29 00:00:00,47.81673017287925,47.827175068067724,47.81673017287925,47.81673017287925,873700,0.0
BIL.US,道富SPDR彭博1-3个月美国国债ETF,1383105600000,2013-10-30,2013-10-30 00:00:00,47.81673017287925,47.827175068067724,47.81673017287925,47.81673017287925,399450,0.0
BIL.US,道富SPDR彭博1-3个月美国国债ETF,1383192000000,2013-10-31,2013-10-31 00:00:00,47.827175068067724,47.827175068067724,47.81673017287925,47.81673017287925,143900,0.0
BIL.US,道富SPDR彭博1-3个月美国国债ETF,1383278400000,2013-11-01,2013-11-01 00:00:00,47.827175068067724,47.827175068067724,47.81673017287925,47.81673017287925,539750,0.0
BIL.US,道富SPDR彭博1-3个月美国国债ETF,1383541200000,2013-11-04,2013-11-04 00:00:00,47.81673017287925,47.827175068067724,47.81673017287925,47.81673017287925,138100,0.0
BIL.US,道富SPDR彭博1-3个月美国国债ETF,1383627600000,2013-11-05,2013-11-05 00:00:00,47.827175068067724,47.827175068067724,47.81673017287925,47.81673017287925,85150,0.0
BIL.US,道富SPDR彭博1-3个月美国国债ETF,1383714000000,2013-11-06,2013-11-06 00:00:00,47.827175068067724,47.827175068067724,47.81673017287925,47.827175068067724,502800,0.0
BIL.US,道富SPDR彭博1-3个月美国国债ETF,1383800400000,2013-11-07,2013-11-07 00:00:00,47.81673017287925,47.827175068067724,47.81673017287925,47.81673017287925,156350,0.0
BIL.US,道富SPDR彭博1-3个月美国国债ETF,1383886800000,2013-11-08,2013-11-08 00:00:00,47.827175068067724,47.827175068067724,47.81673017287925,47.81673017287925,296000,0.0
BIL.US,道富SPDR彭博1-3个月美国国债ETF,1384146000000,2013-11-11,2013-11-11 00:00:00,47.81673017287925,47.827175068067724,47.81673017287925,47.827175068067724,125500,0.0
BIL.US,道富SPDR彭博1-3个月美国国债ETF,1384232400000,2013-11-12,2013-11-12 00:00:00,47.827175068067724,47.827175068067724,47.81673017287925,47.827175068067724,129600,0.0
BIL.US,道富SPDR彭博1-3个月美国国债ETF,1384318800000,2013-11-13,2013-11-13 00:00:00,47.81673017287925,47.827175068067724,47.81673017287925,47.827175068067724,117500,0.0
BIL.US,道富SPDR彭博1-3个月美国国债ETF,1384405200000,2013-11-14,2013-11-14 00:00:00,47.827175068067724,47.827175068067724,47.81673017287925,47.81673017287925,156700,0.0
BIL.US,道富SPDR彭博1-3个月美国国债ETF,1384491600000,2013-11-15,2013-11-15 00:00:00,47.827175068067724,47.827175068067724,47.81673017287925,47.81673017287925,91950,0.0
BIL.US,道富SPDR彭博1-3个月美国国债ETF,1384750800000,2013-11-18,2013-11-18 00:00:00,47.81673017287925,47.827175068067724,47.81673017287925,47.81673017287925,180200,0.0
BIL.US,道富SPDR彭博1-3个月美国国债ETF,1384837200000,2013-11-19,2013-11-19 00:00:00,47.81673017287925,47.827175068067724,47.81673017287925,47.81673017287925,93750,0.0
BIL.US,道富SPDR彭博1-3个月美国国债ETF,1384923600000,2013-11-20,2013-11-20 00:00:00,47.827175068067724,47.827175068067724,47.81673017287925,47.81673017287925,108300,0.0
BIL.US,道富SPDR彭博1-3个月美国国债ETF,1385010000000,2013-11-21,2013-11-21 00:00:00,47.827175068067724,47.827175068067724,47.81673017287925,47.827175068067724,287750,0.0
BIL.US,道富SPDR彭博1-3个月美国国债ETF,1385096400000,2013-11-22,2013-11-22 00:00:00,47.81673017287925,47.827175068067724,47.81673017287925,47.81673017287925,385000,0.0
BIL.US,道富SPDR彭博1-3个月美国国债ETF,1385355600000,2013-11-25,2013-11-25 00:00:00,47.827175068067724,47.827175068067724,47.81673017287925,47.81673017287925,630850,0.0
BIL.US,道富SPDR彭博1-3个月美国国债ETF,1385442000000,2013-11-26,2013-11-26 00:00:00,47.81673017287925,47.827175068067724,47.81673017287925,47.81673017287925,62550,0.0
BIL.US,道富SPDR彭博1-3个月美国国债ETF,1385528400000,2013-11-27,2013-11-27 00:00:00,47.827175068067724,47.827175068067724,47.81673017287925,47.827175068067724,145900,0.0
BIL.US,道富SPDR彭博1-3个月美国国债ETF,1385701200000,2013-11-29,2013-11-29 00:00:00,47.827175068067724,47.827175068067724,47.80628527769076,47.80628527769076,465750,0.0
BIL.US,道富SPDR彭博1-3个月美国国债ETF,1385960400000,2013-12-02,2013-12-02 00:00:00,47.81673017287925,47.827175068067724,47.81673017287925,47.81673017287925,187800,0.0
BIL.US,道富SPDR彭博1-3个月美国国债ETF,1386046800000,2013-12-03,2013-12-03 00:00:00,47.81673017287925,47.827175068067724,47.81673017287925,47.827175068067724,312850,0.0
BIL.US,道富SPDR彭博1-3个月美国国债ETF,1386133200000,2013-12-04,2013-12-04 00:00:00,47.827175068067724,47.827175068067724,47.81673017287925,47.827175068067724,329300,0.0
BIL.US,道富SPDR彭博1-3个月美国国债ETF,1386219600000,2013-12-05,2013-12-05 00:00:00,47.827175068067724,47.827175068067724,47.81673017287925,47.827175068067724,139800,0.0
BIL.US,道富SPDR彭博1-3个月美国国债ETF,1386306000000,2013-12-06,2013-12-06 00:00:00,47.827175068067724,47.827175068067724,47.81673017287925,47.827175068067724,188750,0.0
BIL.US,道富SPDR彭博1-3个月美国国债ETF,1386565200000,2013-12-09,2013-12-09 00:00:00,47.81673017287925,47.827175068067724,47.81673017287925,47.827175068067724,224250,0.0
BIL.US,道富SPDR彭博1-3个月美国国债ETF,1386651600000,2013-12-10,2013-12-10 00:00:00,47.81673017287925,47.827175068067724,47.81673017287925,47.81673017287925,66400,0.0
BIL.US,道富SPDR彭博1-3个月美国国债ETF,1386738000000,2013-12-11,2013-12-11 00:00:00,47.81673017287925,47.827175068067724,47.81673017287925,47.827175068067724,95000,0.0
BIL.US,道富SPDR彭博1-3个月美国国债ETF,1386824400000,2013-12-12,2013-12-12 00:00:00,47.827175068067724,47.827175068067724,47.81673017287925,47.827175068067724,1124650,0.0
BIL.US,道富SPDR彭博1-3个月美国国债ETF,1386910800000,2013-12-13,2013-12-13 00:00:00,47.827175068067724,47.827175068067724,47.81673017287925,47.827175068067724,75850,0.0
BIL.US,道富SPDR彭博1-3个月美国国债ETF,1387170000000,2013-12-16,2013-12-16 00:00:00,47.827175068067724,47.827175068067724,47.81673017287925,47.81673017287925,412600,0.0
BIL.US,道富SPDR彭博1-3个月美国国债ETF,1387256400000,2013-12-17,2013-12-17 00:00:00,47.81673017287925,47.827175068067724,47.81673017287925,47.81673017287925,112400,0.0
BIL.US,道富SPDR彭博1-3个月美国国债ETF,1387342800000,2013-12-18,2013-12-18 00:00:00,47.81673017287925,47.827175068067724,47.81673017287925,47.827175068067724,114400,0.0
BIL.US,道富SPDR彭博1-3个月美国国债ETF,1387429200000,2013-12-19,2013-12-19 00:00:00,47.81673017287925,47.827175068067724,47.81673017287925,47.827175068067724,1356750,0.0
BIL.US,道富SPDR彭博1-3个月美国国债ETF,1387515600000,2013-12-20,2013-12-20 00:00:00,47.827175068067724,47.827175068067724,47.80628527769076,47.81673017287925,715800,0.0
BIL.US,道富SPDR彭博1-3个月美国国债ETF,1387774800000,2013-12-23,2013-12-23 00:00:00,47.81673017287925,47.827175068067724,47.81673017287925,47.81673017287925,284700,0.0
BIL.US,道富SPDR彭博1-3个月美国国债ETF,1387861200000,2013-12-24,2013-12-24 00:00:00,47.80628527769076,47.81673017287925,47.80628527769076,47.81673017287925,111300,0.0
BIL.US,道富SPDR彭博1-3个月美国国债ETF,1388034000000,2013-12-26,2013-12-26 00:00:00,47.827175068067724,47.827175068067724,47.81673017287925,47.81673017287925,81300,0.0
BIL.US,道富SPDR彭博1-3个月美国国债ETF,1388120400000,2013-12-27,2013-12-27 00:00:00,47.827175068067724,47.827175068067724,47.81673017287925,47.827175068067724,150600,0.0
BIL.US,道富SPDR彭博1-3个月美国国债ETF,1388379600000,2013-12-30,2013-12-30 00:00:00,47.827175068067724,47.827175068067724,47.81673017287925,47.827175068067724,83650,0.0
BIL.US,道富SPDR彭博1-3个月美国国债ETF,1388466000000,2013-12-31,2013-12-31 00:00:00,47.80628527769076,47.827175068067724,47.80628527769076,47.80628527769076,209300,0.0
BIL.US,道富SPDR彭博1-3个月美国国债ETF,1388638800000,2014-01-02,2014-01-02 00:00:00,47.80628527769076,47.81673017287925,47.80628527769076,47.80628527769076,265900,0.0
BIL.US,道富SPDR彭博1-3个月美国国债ETF,1388725200000,2014-01-03,2014-01-03 00:00:00,47.81673017287925,47.81673017287925,47.80628527769076,47.81673017287925,85850,0.0
BIL.US,道富SPDR彭博1-3个月美国国债ETF,1388984400000,2014-01-06,2014-01-06 00:00:00,47.80628527769076,47.81673017287925,47.80628527769076,47.80628527769076,166200,0.0
BIL.US,道富SPDR彭博1-3个月美国国债ETF,1389070800000,2014-01-07,2014-01-07 00:00:00,47.80628527769076,47.81673017287925,47.80628527769076,47.81673017287925,214700,0.0
BIL.US,道富SPDR彭博1-3个月美国国债ETF,1389157200000,2014-01-08,2014-01-08 00:00:00,47.81673017287925,47.81673017287925,47.80628527769076,47.81673017287925,120550,0.0
BIL.US,道富SPDR彭博1-3个月美国国债ETF,1389243600000,2014-01-09,2014-01-09 00:00:00,47.80628527769076,47.81673017287925,47.80628527769076,47.80628527769076,140700,0.0
BIL.US,道富SPDR彭博1-3个月美国国债ETF,1389330000000,2014-01-10,2014-01-10 00:00:00,47.81673017287925,47.81673017287925,47.80628527769076,47.81673017287925,100050,0.0
BIL.US,道富SPDR彭博1-3个月美国国债ETF,1389589200000,2014-01-13,2014-01-13 00:00:00,47.81673017287925,47.81673017287925,47.80628527769076,47.81673017287925,173550,0.0
BIL.US,道富SPDR彭博1-3个月美国国债ETF,1389675600000,2014-01-14,2014-01-14 00:00:00,47.80628527769076,47.81673017287925,47.80628527769076,47.81673017287925,188500,0.0
BIL.US,道富SPDR彭博1-3个月美国国债ETF,1389762000000,2014-01-15,2014-01-15 00:00:00,47.80628527769076,47.81673017287925,47.80628527769076,47.81673017287925,121500,0.0
BIL.US,道富SPDR彭博1-3个月美国国债ETF,1389848400000,2014-01-16,2014-01-16 00:00:00,47.81673017287925,47.81673017287925,47.80628527769076,47.81673017287925,176250,0.0
BIL.US,道富SPDR彭博1-3个月美国国债ETF,1389934800000,2014-01-17,2014-01-17 00:00:00,47.81673017287925,47.81673017287925,47.80628527769076,47.80628527769076,600450,0.0
BIL.US,道富SPDR彭博1-3个月美国国债ETF,1390280400000,2014-01-21,2014-01-21 00:00:00,47.80628527769076,47.81673017287925,47.80628527769076,47.81673017287925,216350,0.0
BIL.US,道富SPDR彭博1-3个月美国国债ETF,1390366800000,2014-01-22,2014-01-22 00:00:00,47.80628527769076,47.81673017287925,47.80628527769076,47.81673017287925,154400,0.0
BIL.US,道富SPDR彭博1-3个月美国国债ETF,1390453200000,2014-01-23,2014-01-23 00:00:00,47.80628527769076,47.81673017287925,47.80628527769076,47.81673017287925,174600,0.0
BIL.US,道富SPDR彭博1-3个月美国国债ETF,1390539600000,2014-01-24,2014-01-24 00:00:00,47.80628527769076,47.81673017287925,47.80628527769076,47.80628527769076,142100,0.0
BIL.US,道富SPDR彭博1-3个月美国国债ETF,1390798800000,2014-01-27,2014-01-27 00:00:00,47.80628527769076,47.81673017287925,47.80628527769076,47.80628527769076,332700,0.0
BIL.US,道富SPDR彭博1-3个月美国国债ETF,1390885200000,2014-01-28,2014-01-28 00:00:00,47.81673017287925,47.81673017287925,47.80628527769076,47.80628527769076,480150,0.0
BIL.US,道富SPDR彭博1-3个月美国国债ETF,1390971600000,2014-01-29,2014-01-29 00:00:00,47.80628527769076,47.81673017287925,47.80628527769076,47.81673017287925,146350,0.0
BIL.US,道富SPDR彭博1-3个月美国国债ETF,1391058000000,2014-01-30,2014-01-30 00:00:00,47.81673017287925,47.81673017287925,47.80628527769076,47.81673017287925,170050,0.0
BIL.US,道富SPDR彭博1-3个月美国国债ETF,1391144400000,2014-01-31,2014-01-31 00:00:00,47.81673017287925,47.81673017287925,47.80628527769076,47.80628527769076,336200,0.0
BIL.US,道富SPDR彭博1-3个月美国国债ETF,1391403600000,2014-02-03,2014-02-03 00:00:00,47.81673017287925,47.81673017287925,47.80628527769076,47.80628527769076,1180450,0.0
BIL.US,道富SPDR彭博1-3个月美国国债ETF,1391490000000,2014-02-04,2014-02-04 00:00:00,47.81673017287925,47.81673017287925,47.80628527769076,47.81673017287925,1322350,0.0
BIL.US,道富SPDR彭博1-3个月美国国债ETF,1391576400000,2014-02-05,2014-02-05 00:00:00,47.80628527769076,47.81673017287925,47.80628527769076,47.80628527769076,157650,0.0
BIL.US,道富SPDR彭博1-3个月美国国债ETF,1391662800000,2014-02-06,2014-02-06 00:00:00,47.80628527769076,47.81673017287925,47.80628527769076,47.80628527769076,253150,0.0
BIL.US,道富SPDR彭博1-3个月美国国债ETF,1391749200000,2014-02-07,2014-02-07 00:00:00,47.80628527769076,47.81673017287925,47.80628527769076,47.81673017287925,433800,0.0
BIL.US,道富SPDR彭博1-3个月美国国债ETF,1392008400000,2014-02-10,2014-02-10 00:00:00,47.80628527769076,47.81673017287925,47.79584038250228,47.80628527769076,1369150,0.0
BIL.US,道富SPDR彭博1-3个月美国国债ETF,1392094800000,2014-02-11,2014-02-11 00:00:00,47.79584038250228,47.81673017287925,47.79584038250228,47.80628527769076,915250,0.0
BIL.US,道富SPDR彭博1-3个月美国国债ETF,1392181200000,2014-02-12,2014-02-12 00:00:00,47.80628527769076,47.81673017287925,47.80628527769076,47.81673017287925,148050,0.0
BIL.US,道富SPDR彭博1-3个月美国国债ETF,1392267600000,2014-02-13,2014-02-13 00:00:00,47.80628527769076,47.81673017287925,47.80628527769076,47.81673017287925,471650,0.0
BIL.US,道富SPDR彭博1-3个月美国国债ETF,1392354000000,2014-02-14,2014-02-14 00:00:00,47.80628527769076,47.81673017287925,47.80628527769076,47.81673017287925,139650,0.0
BIL.US,道富SPDR彭博1-3个月美国国债ETF,1392699600000,2014-02-18,2014-02-18 00:00:00,47.81673017287925,47.81673017287925,47.80628527769076,47.80628527769076,303550,0.0
BIL.US,道富SPDR彭博1-3个月美国国债ETF,1392786000000,2014-02-19,2014-02-19 00:00:00,47.81673017287925,47.81673017287925,47.80628527769076,47.81673017287925,140100,0.0
BIL.US,道富SPDR彭博1-3个月美国国债ETF,1392872400000,2014-02-20,2014-02-20 00:00:00,47.80628527769076,47.81673017287925,47.80628527769076,47.81673017287925,240750,0.0
BIL.US,道富SPDR彭博1-3个月美国国债ETF,1392958800000,2014-02-21,2014-02-21 00:00:00,47.80628527769076,47.81673017287925,47.80628527769076,47.80628527769076,298050,0.0
BIL.US,道富SPDR彭博1-3个月美国国债ETF,1393218000000,2014-02-24,2014-02-24 00:00:00,47.80628527769076,47.81673017287925,47.80628527769076,47.81673017287925,613700,0.0
BIL.US,道富SPDR彭博1-3个月美国国债ETF,1393304400000,2014-02-25,2014-02-25 00:00:00,47.81673017287925,47.81673017287925,47.80628527769076,47.81673017287925,178000,0.0
BIL.US,道富SPDR彭博1-3个月美国国债ETF,1393390800000,2014-02-26,2014-02-26 00:00:00,47.80628527769076,47.81673017287925,47.80628527769076,47.81673017287925,87700,0.0
BIL.US,道富SPDR彭博1-3个月美国国债ETF,1393477200000,2014-02-27,2014-02-27 00:00:00,47.80628527769076,47.81673017287925,47.80628527769076,47.80628527769076,95300,0.0
BIL.US,道富SPDR彭博1-3个月美国国债ETF,1393563600000,2014-02-28,2014-02-28 00:00:00,47.80628527769076,47.81673017287925,47.80628527769076,47.81673017287925,167350,0.0
BIL.US,道富SPDR彭博1-3个月美国国债ETF,1393822800000,2014-03-03,2014-03-03 00:00:00,47.80628527769076,47.81673017287925,47.80628527769076,47.81673017287925,858450,0.0
BIL.US,道富SPDR彭博1-3个月美国国债ETF,1393909200000,2014-03-04,2014-03-04 00:00:00,47.80628527769076,47.81673017287925,47.80628527769076,47.80628527769076,490100,0.0
BIL.US,道富SPDR彭博1-3个月美国国债ETF,1393995600000,2014-03-05,2014-03-05 00:00:00,47.80628527769076,47.81673017287925,47.80628527769076,47.81673017287925,163600,0.0
BIL.US,道富SPDR彭博1-3个月美国国债ETF,1394082000000,2014-03-06,2014-03-06 00:00:00,47.80628527769076,47.81673017287925,47.80628527769076,47.81673017287925,159550,0.0
BIL.US,道富SPDR彭博1-3个月美国国债ETF,1394168400000,2014-03-07,2014-03-07 00:00:00,47.80628527769076,47.81673017287925,47.80628527769076,47.80628527769076,90550,0.0
BIL.US,道富SPDR彭博1-3个月美国国债ETF,1394424000000,2014-03-10,2014-03-10 00:00:00,47.80628527769076,47.81673017287925,47.80628527769076,47.80628527769076,293450,0.0
BIL.US,道富SPDR彭博1-3个月美国国债ETF,1394510400000,2014-03-11,2014-03-11 00:00:00,47.80628527769076,47.81673017287925,47.80628527769076,47.80628527769076,42250,0.0
BIL.US,道富SPDR彭博1-3个月美国国债ETF,1394596800000,2014-03-12,2014-03-12 00:00:00,47.80628527769076,47.81673017287925,47.80628527769076,47.80628527769076,115050,0.0
BIL.US,道富SPDR彭博1-3个月美国国债ETF,1394683200000,2014-03-13,2014-03-13 00:00:00,47.80628527769076,47.81673017287925,47.80628527769076,47.80628527769076,74750,0.0
BIL.US,道富SPDR彭博1-3个月美国国债ETF,1394769600000,2014-03-14,2014-03-14 00:00:00,47.80628527769076,47.81673017287925,47.80628527769076,47.80628527769076,1176050,0.0
BIL.US,道富SPDR彭博1-3个月美国国债ETF,1395028800000,2014-03-17,2014-03-17 00:00:00,47.80628527769076,47.81673017287925,47.80628527769076,47.80628527769076,504750,0.0
BIL.US,道富SPDR彭博1-3个月美国国债ETF,1395115200000,2014-03-18,2014-03-18 00:00:00,47.80628527769076,47.81673017287925,47.80628527769076,47.80628527769076,106400,0.0
BIL.US,道富SPDR彭博1-3个月美国国债ETF,1395201600000,2014-03-19,2014-03-19 00:00:00,47.80628527769076,47.81673017287925,47.80628527769076,47.81673017287925,97950,0.0
BIL.US,道富SPDR彭博1-3个月美国国债ETF,1395288000000,2014-03-20,2014-03-20 00:00:00,47.80628527769076,47.81673017287925,47.80628527769076,47.80628527769076,71650,0.0
BIL.US,道富SPDR彭博1-3个月美国国债ETF,1395374400000,2014-03-21,2014-03-21 00:00:00,47.81673017287925,47.81673017287925,47.80628527769076,47.81673017287925,138200,0.0
BIL.US,道富SPDR彭博1-3个月美国国债ETF,1395633600000,2014-03-24,2014-03-24 00:00:00,47.80628527769076,47.81673017287925,47.80628527769076,47.81673017287925,254350,0.0
BIL.US,道富SPDR彭博1-3个月美国国债ETF,1395720000000,2014-03-25,2014-03-25 00:00:00,47.81673017287925,47.81673017287925,47.80628527769076,47.81673017287925,73600,0.0
BIL.US,道富SPDR彭博1-3个月美国国债ETF,1395806400000,2014-03-26,2014-03-26 00:00:00,47.81673017287925,47.81673017287925,47.80628527769076,47.80628527769076,874300,0.0
BIL.US,道富SPDR彭博1-3个月美国国债ETF,1395892800000,2014-03-27,2014-03-27 00:00:00,47.80628527769076,47.81673017287925,47.80628527769076,47.80628527769076,66100,0.0
BIL.US,道富SPDR彭博1-3个月美国国债ETF,1395979200000,2014-03-28,2014-03-28 00:00:00,47.80628527769076,47.81673017287925,47.80628527769076,47.80628527769076,195500,0.0
BIL.US,道富SPDR彭博1-3个月美国国债ETF,1396238400000,2014-03-31,2014-03-31 00:00:00,47.81673017287925,47.81673017287925,47.80628527769076,47.80628527769076,425900,0.0
BIL.US,道富SPDR彭博1-3个月美国国债ETF,1396324800000,2014-04-01,2014-04-01 00:00:00,47.80628527769076,47.81673017287925,47.80628527769076,47.80628527769076,1279350,0.0
BIL.US,道富SPDR彭博1-3个月美国国债ETF,1396411200000,2014-04-02,2014-04-02 00:00:00,47.80628527769076,47.81673017287925,47.80628527769076,47.80628527769076,455200,0.0
BIL.US,道富SPDR彭博1-3个月美国国债ETF,1396497600000,2014-04-03,2014-04-03 00:00:00,47.80628527769076,47.81673017287925,47.80628527769076,47.81673017287925,131750,0.0
BIL.US,道富SPDR彭博1-3个月美国国债ETF,1396584000000,2014-04-04,2014-04-04 00:00:00,47.80628527769076,47.81673017287925,47.80628527769076,47.80628527769076,80750,0.0
BIL.US,道富SPDR彭博1-3个月美国国债ETF,1396843200000,2014-04-07,2014-04-07 00:00:00,47.80628527769076,47.81673017287925,47.80628527769076,47.80628527769076,1296300,0.0
BIL.US,道富SPDR彭博1-3个月美国国债ETF,1396929600000,2014-04-08,2014-04-08 00:00:00,47.81673017287925,47.81673017287925,47.80628527769076,47.80628527769076,402050,0.0
BIL.US,道富SPDR彭博1-3个月美国国债ETF,1397016000000,2014-04-09,2014-04-09 00:00:00,47.80628527769076,47.81673017287925,47.80628527769076,47.80628527769076,99600,0.0
BIL.US,道富SPDR彭博1-3个月美国国债ETF,1397102400000,2014-04-10,2014-04-10 00:00:00,47.80628527769076,47.81673017287925,47.80628527769076,47.80628527769076,66000,0.0
BIL.US,道富SPDR彭博1-3个月美国国债ETF,1397188800000,2014-04-11,2014-04-11 00:00:00,47.80628527769076,47.81673017287925,47.80628527769076,47.80628527769076,166600,0.0
BIL.US,道富SPDR彭博1-3个月美国国债ETF,1397448000000,2014-04-14,2014-04-14 00:00:00,47.80628527769076,47.81673017287925,47.80628527769076,47.80628527769076,299600,0.0
BIL.US,道富SPDR彭博1-3个月美国国债ETF,1397534400000,2014-04-15,2014-04-15 00:00:00,47.80628527769076,47.81673017287925,47.80628527769076,47.80628527769076,226800,0.0
BIL.US,道富SPDR彭博1-3个月美国国债ETF,1397620800000,2014-04-16,2014-04-16 00:00:00,47.80628527769076,47.81673017287925,47.80628527769076,47.80628527769076,88350,0.0
BIL.US,道富SPDR彭博1-3个月美国国债ETF,1397707200000,2014-04-17,2014-04-17 00:00:00,47.81673017287925,47.81673017287925,47.80628527769076,47.81673017287925,136850,0.0
BIL.US,道富SPDR彭博1-3个月美国国债ETF,1398052800000,2014-04-21,2014-04-21 00:00:00,47.79584038250228,47.80628527769076,47.79584038250228,47.80628527769076,127050,0.0
BIL.US,道富SPDR彭博1-3个月美国国债ETF,1398139200000,2014-04-22,2014-04-22 00:00:00,47.79584038250228,47.80628527769076,47.79584038250228,47.79584038250228,92550,0.0
BIL.US,道富SPDR彭博1-3个月美国国债ETF,1398225600000,2014-04-23,2014-04-23 00:00:00,47.80628527769076,47.80628527769076,47.79584038250228,47.80628527769076,188500,0.0
BIL.US,道富SPDR彭博1-3个月美国国债ETF,1398312000000,2014-04-24,2014-04-24 00:00:00,47.79584038250228,47.80628527769076,47.79584038250228,47.80628527769076,262250,0.0
BIL.US,道富SPDR彭博1-3个月美国国债ETF,1398398400000,2014-04-25,2014-04-25 00:00:00,47.79584038250228,47.80628527769076,47.79584038250228,47.80628527769076,110900,0.0
BIL.US,道富SPDR彭博1-3个月美国国债ETF,1398657600000,2014-04-28,2014-04-28 00:00:00,47.80628527769076,47.81673017287925,47.80628527769076,47.80628527769076,81100,0.0
BIL.US,道富SPDR彭博1-3个月美国国债ETF,1398744000000,2014-04-29,2014-04-29 00:00:00,47.81673017287925,47.81673017287925,47.80628527769076,47.80628527769076,101050,0.0
BIL.US,道富SPDR彭博1-3个月美国国债ETF,1398830400000,2014-04-30,2014-04-30 00:00:00,47.80628527769076,47.81673017287925,47.80628527769076,47.80628527769076,230600,0.0
BIL.US,道富SPDR彭博1-3个月美国国债ETF,1398916800000,2014-05-01,2014-05-01 00:00:00,47.80628527769076,47.80628527769076,47.79584038250228,47.79584038250228,152950,0.0
BIL.US,道富SPDR彭博1-3个月美国国债ETF,1399003200000,2014-05-02,2014-05-02 00:00:00,47.79584038250228,47.80628527769076,47.79584038250228,47.80628527769076,71850,0.0
BIL.US,道富SPDR彭博1-3个月美国国债ETF,1399262400000,2014-05-05,2014-05-05 00:00:00,47.79584038250228,47.80628527769076,47.79584038250228,47.80628527769076,164600,0.0
BIL.US,道富SPDR彭博1-3个月美国国债ETF,1399348800000,2014-05-06,2014-05-06 00:00:00,47.80628527769076,47.80628527769076,47.79584038250228,47.79584038250228,74800,0.0
BIL.US,道富SPDR彭博1-3个月美国国债ETF,1399435200000,2014-05-07,2014-05-07 00:00:00,47.79584038250228,47.80628527769076,47.79584038250228,47.79584038250228,75900,0.0
BIL.US,道富SPDR彭博1-3个月美国国债ETF,1399521600000,2014-05-08,2014-05-08 00:00:00,47.80628527769076,47.80628527769076,47.79584038250228,47.79584038250228,125300,0.0
BIL.US,道富SPDR彭博1-3个月美国国债ETF,1399608000000,2014-05-09,2014-05-09 00:00:00,47.79584038250228,47.80628527769076,47.79584038250228,47.80628527769076,71650,0.0
BIL.US,道富SPDR彭博1-3个月美国国债ETF,1399867200000,2014-05-12,2014-05-12 00:00:00,47.79584038250228,47.80628527769076,47.79584038250228,47.79584038250228,896250,0.0
BIL.US,道富SPDR彭博1-3个月美国国债ETF,1399953600000,2014-05-13,2014-05-13 00:00:00,47.79584038250228,47.80628527769076,47.79584038250228,47.80628527769076,173450,0.0
BIL.US,道富SPDR彭博1-3个月美国国债ETF,1400040000000,2014-05-14,2014-05-14 00:00:00,47.79584038250228,47.80628527769076,47.79584038250228,47.80628527769076,217900,0.0
BIL.US,道富SPDR彭博1-3个月美国国债ETF,1400126400000,2014-05-15,2014-05-15 00:00:00,47.79584038250228,47.80628527769076,47.79584038250228,47.80628527769076,193000,0.0
BIL.US,道富SPDR彭博1-3个月美国国债ETF,1400212800000,2014-05-16,2014-05-16 00:00:00,47.79584038250228,47.80628527769076,47.79584038250228,47.80628527769076,62550,0.0
BIL.US,道富SPDR彭博1-3个月美国国债ETF,1400472000000,2014-05-19,2014-05-19 00:00:00,47.79584038250228,47.80628527769076,47.79584038250228,47.80628527769076,265750,0.0
BIL.US,道富SPDR彭博1-3个月美国国债ETF,1400558400000,2014-05-20,2014-05-20 00:00:00,47.79584038250228,47.80628527769076,47.79584038250228,47.80628527769076,94850,0.0
BIL.US,道富SPDR彭博1-3个月美国国债ETF,1400644800000,2014-05-21,2014-05-21 00:00:00,47.80628527769076,47.80628527769076,47.79584038250228,47.79584038250228,65450,0.0
BIL.US,道富SPDR彭博1-3个月美国国债ETF,1400731200000,2014-05-22,2014-05-22 00:00:00,47.79584038250228,47.80628527769076,47.79584038250228,47.79584038250228,130950,0.0
BIL.US,道富SPDR彭博1-3个月美国国债ETF,1400817600000,2014-05-23,2014-05-23 00:00:00,47.80628527769076,47.80628527769076,47.79584038250228,47.80628527769076,101500,0.0
BIL.US,道富SPDR彭博1-3个月美国国债ETF,1401163200000,2014-05-27,2014-05-27 00:00:00,47.79584038250228,47.80628527769076,47.79584038250228,47.79584038250228,87000,0.0
BIL.US,道富SPDR彭博1-3个月美国国债ETF,1401249600000,2014-05-28,2014-05-28 00:00:00,47.80628527769076,47.80628527769076,47.79584038250228,47.80628527769076,89300,0.0
BIL.US,道富SPDR彭博1-3个月美国国债ETF,1401336000000,2014-05-29,2014-05-29 00:00:00,47.80628527769076,47.80628527769076,47.79584038250228,47.79584038250228,90150,0.0
BIL.US,道富SPDR彭博1-3个月美国国债ETF,1401422400000,2014-05-30,2014-05-30 00:00:00,47.79584038250228,47.80628527769076,47.79584038250228,47.80628527769076,213000,0.0
BIL.US,道富SPDR彭博1-3个月美国国债ETF,1401681600000,2014-06-02,2014-06-02 00:00:00,47.79584038250228,47.80628527769076,47.79584038250228,47.79584038250228,66000,0.0
BIL.US,道富SPDR彭博1-3个月美国国债ETF,1401768000000,2014-06-03,2014-06-03 00:00:00,47.79584038250228,47.80628527769076,47.79584038250228,47.79584038250228,135950,0.0
BIL.US,道富SPDR彭博1-3个月美国国债ETF,1401854400000,2014-06-04,2014-06-04 00:00:00,47.80628527769076,47.80628527769076,47.79584038250228,47.79584038250228,158000,0.0
BIL.US,道富SPDR彭博1-3个月美国国债ETF,1401940800000,2014-06-05,2014-06-05 00:00:00,47.80628527769076,47.80628527769076,47.79584038250228,47.79584038250228,148000,0.0
BIL.US,道富SPDR彭博1-3个月美国国债ETF,1402027200000,2014-06-06,2014-06-06 00:00:00,47.80628527769076,47.80628527769076,47.79584038250228,47.79584038250228,142950,0.0
BIL.US,道富SPDR彭博1-3个月美国国债ETF,1402286400000,2014-06-09,2014-06-09 00:00:00,47.79584038250228,47.80628527769076,47.79584038250228,47.80628527769076,80650,0.0
BIL.US,道富SPDR彭博1-3个月美国国债ETF,1402372800000,2014-06-10,2014-06-10 00:00:00,47.79584038250228,47.80628527769076,47.79584038250228,47.80628527769076,153750,0.0
BIL.US,道富SPDR彭博1-3个月美国国债ETF,1402459200000,2014-06-11,2014-06-11 00:00:00,47.79584038250228,47.80628527769076,47.79584038250228,47.79584038250228,64100,0.0
BIL.US,道富SPDR彭博1-3个月美国国债ETF,1402545600000,2014-06-12,2014-06-12 00:00:00,47.79584038250228,47.80628527769076,47.79584038250228,47.80628527769076,96350,0.0
BIL.US,道富SPDR彭博1-3个月美国国债ETF,1402632000000,2014-06-13,2014-06-13 00:00:00,47.78539548731379,47.79584038250228,47.78539548731379,47.79584038250228,382650,0.0
BIL.US,道富SPDR彭博1-3个月美国国债ETF,1402891200000,2014-06-16,2014-06-16 00:00:00,47.78539548731379,47.80628527769076,47.78539548731379,47.80628527769076,601050,0.0
BIL.US,道富SPDR彭博1-3个月美国国债ETF,1402977600000,2014-06-17,2014-06-17 00:00:00,47.79584038250228,47.80628527769076,47.79584038250228,47.79584038250228,108500,0.0
BIL.US,道富SPDR彭博1-3个月美国国债ETF,1403064000000,2014-06-18,2014-06-18 00:00:00,47.79584038250228,47.80628527769076,47.79584038250228,47.80628527769076,205950,0.0
BIL.US,道富SPDR彭博1-3个月美国国债ETF,1403150400000,2014-06-19,2014-06-19 00:00:00,47.79584038250228,47.80628527769076,47.79584038250228,47.80628527769076,75700,0.0
BIL.US,道富SPDR彭博1-3个月美国国债ETF,1403236800000,2014-06-20,2014-06-20 00:00:00,47.80628527769076,47.80628527769076,47.79584038250228,47.80628527769076,116850,0.0
BIL.US,道富SPDR彭博1-3个月美国国债ETF,1403496000000,2014-06-23,2014-06-23 00:00:00,47.79584038250228,47.80628527769076,47.79584038250228,47.80628527769076,143400,0.0
BIL.US,道富SPDR彭博1-3个月美国国债ETF,1403582400000,2014-06-24,2014-06-24 00:00:00,47.80628527769076,47.80628527769076,47.79584038250228,47.80628527769076,86900,0.0
BIL.US,道富SPDR彭博1-3个月美国国债ETF,1403668800000,2014-06-25,2014-06-25 00:00:00,47.79584038250228,47.80628527769076,47.79584038250228,47.79584038250228,56800,0.0
BIL.US,道富SPDR彭博1-3个月美国国债ETF,1403755200000,2014-06-26,2014-06-26 00:00:00,47.80628527769076,47.80628527769076,47.79584038250228,47.79584038250228,120600,0.0
BIL.US,道富SPDR彭博1-3个月美国国债ETF,1403841600000,2014-06-27,2014-06-27 00:00:00,47.80628527769076,47.80628527769076,47.79584038250228,47.80628527769076,210550,0.0
BIL.US,道富SPDR彭博1-3个月美国国债ETF,1404100800000,2014-06-30,2014-06-30 00:00:00,47.79584038250228,47.80628527769076,47.79584038250228,47.79584038250228,89300,0.0
BIL.US,道富SPDR彭博1-3个月美国国债ETF,1404187200000,2014-07-01,2014-07-01 00:00:00,47.79584038250228,47.80628527769076,47.79584038250228,47.80628527769076,145650,0.0
BIL.US,道富SPDR彭博1-3个月美国国债ETF,1404273600000,2014-07-02,2014-07-02 00:00:00,47.79584038250228,47.80628527769076,47.79584038250228,47.80628527769076,217800,0.0
BIL.US,道富SPDR彭博1-3个月美国国债ETF,1404360000000,2014-07-03,2014-07-03 00:00:00,47.79584038250228,47.80628527769076,47.79584038250228,47.79584038250228,74100,0.0
BIL.US,道富SPDR彭博1-3个月美国国债ETF,1404705600000,2014-07-07,2014-07-07 00:00:00,47.79584038250228,47.80628527769076,47.79584038250228,47.80628527769076,357200,0.0
BIL.US,道富SPDR彭博1-3个月美国国债ETF,1404792000000,2014-07-08,2014-07-08 00:00:00,47.80628527769076,47.80628527769076,47.79584038250228,47.80628527769076,230900,0.0
BIL.US,道富SPDR彭博1-3个月美国国债ETF,1404878400000,2014-07-09,2014-07-09 00:00:00,47.80628527769076,47.80628527769076,47.79584038250228,47.79584038250228,84150,0.0
BIL.US,道富SPDR彭博1-3个月美国国债ETF,1404964800000,2014-07-10,2014-07-10 00:00:00,47.79584038250228,47.80628527769076,47.79584038250228,47.79584038250228,444400,0.0
BIL.US,道富SPDR彭博1-3个月美国国债ETF,1405051200000,2014-07-11,2014-07-11 00:00:00,47.79584038250228,47.80628527769076,47.78539548731379,47.79584038250228,63350,0.0
BIL.US,道富SPDR彭博1-3个月美国国债ETF,1405310400000,2014-07-14,2014-07-14 00:00:00,47.79584038250228,47.79584038250228,47.78539548731379,47.79584038250228,137450,0.0
BIL.US,道富SPDR彭博1-3个月美国国债ETF,1405396800000,2014-07-15,2014-07-15 00:00:00,47.78539548731379,47.79584038250228,47.78539548731379,47.79584038250228,122150,0.0
BIL.US,道富SPDR彭博1-3个月美国国债ETF,1405483200000,2014-07-16,2014-07-16 00:00:00,47.78539548731379,47.79584038250228,47.78539548731379,47.79584038250228,89250,0.0
BIL.US,道富SPDR彭博1-3个月美国国债ETF,1405569600000,2014-07-17,2014-07-17 00:00:00,47.78539548731379,47.79584038250228,47.78539548731379,47.79584038250228,69450,0.0
BIL.US,道富SPDR彭博1-3个月美国国债ETF,1405656000000,2014-07-18,2014-07-18 00:00:00,47.79584038250228,47.79584038250228,47.78539548731379,47.78539548731379,99150,0.0
BIL.US,道富SPDR彭博1-3个月美国国债ETF,1405915200000,2014-07-21,2014-07-21 00:00:00,47.78539548731379,47.79584038250228,47.78539548731379,47.79584038250228,190300,0.0
BIL.US,道富SPDR彭博1-3个月美国国债ETF,1406001600000,2014-07-22,2014-07-22 00:00:00,47.79584038250228,47.79584038250228,47.78539548731379,47.78539548731379,347500,0.0
BIL.US,道富SPDR彭博1-3个月美国国债ETF,1406088000000,2014-07-23,2014-07-23 00:00:00,47.78539548731379,47.79584038250228,47.78539548731379,47.79584038250228,167400,0.0
BIL.US,道富SPDR彭博1-3个月美国国债ETF,1406174400000,2014-07-24,2014-07-24 00:00:00,47.79584038250228,47.79584038250228,47.78539548731379,47.79584038250228,441050,0.0
BIL.US,道富SPDR彭博1-3个月美国国债ETF,1406260800000,2014-07-25,2014-07-25 00:00:00,47.78539548731379,47.79584038250228,47.78539548731379,47.79584038250228,73150,0.0
BIL.US,道富SPDR彭博1-3个月美国国债ETF,1406520000000,2014-07-28,2014-07-28 00:00:00,47.78539548731379,47.79584038250228,47.78539548731379,47.79584038250228,73150,0.0
BIL.US,道富SPDR彭博1-3个月美国国债ETF,1406606400000,2014-07-29,2014-07-29 00:00:00,47.79584038250228,47.79584038250228,47.78539548731379,47.79584038250228,123900,0.0
BIL.US,道富SPDR彭博1-3个月美国国债ETF,1406692800000,2014-07-30,2014-07-30 00:00:00,47.79584038250228,47.79584038250228,47.78539548731379,47.79584038250228,48500,0.0
BIL.US,道富SPDR彭博1-3个月美国国债ETF,1406779200000,2014-07-31,2014-07-31 00:00:00,47.79584038250228,47.79584038250228,47.78539548731379,47.78539548731379,185050,0.0
BIL.US,道富SPDR彭博1-3个月美国国债ETF,1406865600000,2014-08-01,2014-08-01 00:00:00,47.79584038250228,47.79584038250228,47.78539548731379,47.79584038250228,809650,0.0
BIL.US,道富SPDR彭博1-3个月美国国债ETF,1407124800000,2014-08-04,2014-08-04 00:00:00,47.78539548731379,47.79584038250228,47.78539548731379,47.79584038250228,385750,0.0
BIL.US,道富SPDR彭博1-3个月美国国债ETF,1407211200000,2014-08-05,2014-08-05 00:00:00,47.78539548731379,47.79584038250228,47.78539548731379,47.78539548731379,175300,0.0
BIL.US,道富SPDR彭博1-3个月美国国债ETF,1407297600000,2014-08-06,2014-08-06 00:00:00,47.78539548731379,47.79584038250228,47.78539548731379,47.78539548731379,108550,0.0
BIL.US,道富SPDR彭博1-3个月美国国债ETF,1407384000000,2014-08-07,2014-08-07 00:00:00,47.78539548731379,47.79584038250228,47.78539548731379,47.79584038250228,115550,0.0
BIL.US,道富SPDR彭博1-3个月美国国债ETF,1407470400000,2014-08-08,2014-08-08 00:00:00,47.79584038250228,47.79584038250228,47.78539548731379,47.78539548731379,351600,0.0
BIL.US,道富SPDR彭博1-3个月美国国债ETF,1407729600000,2014-08-11,2014-08-11 00:00:00,47.79584038250228,47.79584038250228,47.78539548731379,47.78539548731379,475700,0.0
BIL.US,道富SPDR彭博1-3个月美国国债ETF,1407816000000,2014-08-12,2014-08-12 00:00:00,47.78539548731379,47.79584038250228,47.78539548731379,47.78539548731379,103950,0.0
BIL.US,道富SPDR彭博1-3个月美国国债ETF,1407902400000,2014-08-13,2014-08-13 00:00:00,47.78539548731379,47.79584038250228,47.78539548731379,47.79584038250228,234700,0.0
BIL.US,道富SPDR彭博1-3个月美国国债ETF,1407988800000,2014-08-14,2014-08-14 00:00:00,47.79584038250228,47.79584038250228,47.78539548731379,47.78539548731379,463700,0.0
BIL.US,道富SPDR彭博1-3个月美国国债ETF,1408075200000,2014-08-15,2014-08-15 00:00:00,47.79584038250228,47.79584038250228,47.78539548731379,47.79584038250228,223000,0.0
BIL.US,道富SPDR彭博1-3个月美国国债ETF,1408334400000,2014-08-18,2014-08-18 00:00:00,47.78539548731379,47.79584038250228,47.78539548731379,47.78539548731379,526850,0.0
BIL.US,道富SPDR彭博1-3个月美国国债ETF,1408420800000,2014-08-19,2014-08-19 00:00:00,47.78539548731379,47.79584038250228,47.78539548731379,47.79584038250228,502550,0.0
BIL.US,道富SPDR彭博1-3个月美国国债ETF,1408507200000,2014-08-20,2014-08-20 00:00:00,47.78539548731379,47.79584038250228,47.78539548731379,47.78539548731379,63650,0.0
BIL.US,道富SPDR彭博1-3个月美国国债ETF,1408593600000,2014-08-21,2014-08-21 00:00:00,47.78539548731379,47.79584038250228,47.78539548731379,47.79584038250228,214700,0.0
BIL.US,道富SPDR彭博1-3个月美国国债ETF,1408680000000,2014-08-22,2014-08-22 00:00:00,47.79584038250228,47.79584038250228,47.78539548731379,47.79584038250228,84050,0.0
BIL.US,道富SPDR彭博1-3个月美国国债ETF,1408939200000,2014-08-25,2014-08-25 00:00:00,47.78539548731379,47.79584038250228,47.78539548731379,47.79584038250228,587300,0.0
BIL.US,道富SPDR彭博1-3个月美国国债ETF,1409025600000,2014-08-26,2014-08-26 00:00:00,47.78539548731379,47.79584038250228,47.78539548731379,47.79584038250228,100350,0.0
BIL.US,道富SPDR彭博1-3个月美国国债ETF,1409112000000,2014-08-27,2014-08-27 00:00:00,47.78539548731379,47.79584038250228,47.78539548731379,47.78539548731379,348050,0.0
BIL.US,道富SPDR彭博1-3个月美国国债ETF,1409198400000,2014-08-28,2014-08-28 00:00:00,47.78539548731379,47.79584038250228,47.78539548731379,47.79584038250228,145100,0.0
BIL.US,道富SPDR彭博1-3个月美国国债ETF,1409284800000,2014-08-29,2014-08-29 00:00:00,47.78539548731379,47.79584038250228,47.78539548731379,47.79584038250228,66950,0.0
BIL.US,道富SPDR彭博1-3个月美国国债ETF,1409630400000,2014-09-02,2014-09-02 00:00:00,47.78539548731379,47.79584038250228,47.78539548731379,47.78539548731379,598400,0.0
BIL.US,道富SPDR彭博1-3个月美国国债ETF,1409716800000,2014-09-03,2014-09-03 00:00:00,47.78539548731379,47.79584038250228,47.78539548731379,47.79584038250228,39450,0.0
BIL.US,道富SPDR彭博1-3个月美国国债ETF,1409803200000,2014-09-04,2014-09-04 00:00:00,47.78539548731379,47.79584038250228,47.78539548731379,47.78539548731379,105250,0.0
BIL.US,道富SPDR彭博1-3个月美国国债ETF,1409889600000,2014-09-05,2014-09-05 00:00:00,47.79584038250228,47.79584038250228,47.78539548731379,47.79584038250228,105200,0.0
BIL.US,道富SPDR彭博1-3个月美国国债ETF,1410148800000,2014-09-08,2014-09-08 00:00:00,47.79584038250228,47.79584038250228,47.78539548731379,47.78539548731379,116700,0.0
BIL.US,道富SPDR彭博1-3个月美国国债ETF,1410235200000,2014-09-09,2014-09-09 00:00:00,47.78539548731379,47.79584038250228,47.78539548731379,47.78539548731379,64600,0.0
BIL.US,道富SPDR彭博1-3个月美国国债ETF,1410321600000,2014-09-10,2014-09-10 00:00:00,47.78539548731379,47.79584038250228,47.78539548731379,47.79584038250228,78350,0.0
BIL.US,道富SPDR彭博1-3个月美国国债ETF,1410408000000,2014-09-11,2014-09-11 00:00:00,47.78539548731379,47.79584038250228,47.78539548731379,47.78539548731379,70400,0.0
BIL.US,道富SPDR彭博1-3个月美国国债ETF,1410494400000,2014-09-12,2014-09-12 00:00:00,47.78539548731379,47.79584038250228,47.78539548731379,47.78539548731379,163750,0.0
BIL.US,道富SPDR彭博1-3个月美国国债ETF,1410753600000,2014-09-15,2014-09-15 00:00:00,47.78539548731379,47.79584038250228,47.78539548731379,47.78539548731379,143250,0.0
BIL.US,道富SPDR彭博1-3个月美国国债ETF,1410840000000,2014-09-16,2014-09-16 00:00:00,47.79584038250228,47.79584038250228,47.78539548731379,47.78539548731379,115400,0.0
BIL.US,道富SPDR彭博1-3个月美国国债ETF,1410926400000,2014-09-17,2014-09-17 00:00:00,47.79584038250228,47.79584038250228,47.78539548731379,47.78539548731379,359300,0.0
BIL.US,道富SPDR彭博1-3个月美国国债ETF,1411012800000,2014-09-18,2014-09-18 00:00:00,47.79584038250228,47.79584038250228,47.78539548731379,47.79584038250228,92100,0.0
BIL.US,道富SPDR彭博1-3个月美国国债ETF,1411099200000,2014-09-19,2014-09-19 00:00:00,47.78539548731379,47.79584038250228,47.78539548731379,47.79584038250228,146050,0.0
BIL.US,道富SPDR彭博1-3个月美国国债ETF,1411358400000,2014-09-22,2014-09-22 00:00:00,47.78539548731379,47.79584038250228,47.78539548731379,47.79584038250228,1013800,0.0
BIL.US,道富SPDR彭博1-3个月美国国债ETF,1411444800000,2014-09-23,2014-09-23 00:00:00,47.78539548731379,47.79584038250228,47.78539548731379,47.79584038250228,112100,0.0
BIL.US,道富SPDR彭博1-3个月美国国债ETF,1411531200000,2014-09-24,2014-09-24 00:00:00,47.79584038250228,47.79584038250228,47.78539548731379,47.79584038250228,65150,0.0
BIL.US,道富SPDR彭博1-3个月美国国债ETF,1411617600000,2014-09-25,2014-09-25 00:00:00,47.78539548731379,47.79584038250228,47.78539548731379,47.79584038250228,109700,0.0
BIL.US,道富SPDR彭博1-3个月美国国债ETF,1411704000000,2014-09-26,2014-09-26 00:00:00,47.78539548731379,47.79584038250228,47.78539548731379,47.79584038250228,54750,0.0
BIL.US,道富SPDR彭博1-3个月美国国债ETF,1411963200000,2014-09-29,2014-09-29 00:00:00,47.79584038250228,47.79584038250228,47.78539548731379,47.78539548731379,139600,0.0
BIL.US,道富SPDR彭博1-3个月美国国债ETF,1412049600000,2014-09-30,2014-09-30 00:00:00,47.78539548731379,47.79584038250228,47.78539548731379,47.79584038250228,251150,0.0
BIL.US,道富SPDR彭博1-3个月美国国债ETF,1412136000000,2014-10-01,2014-10-01 00:00:00,47.79584038250228,47.79584038250228,47.78539548731379,47.79584038250228,663450,0.0
BIL.US,道富SPDR彭博1-3个月美国国债ETF,1412222400000,2014-10-02,2014-10-02 00:00:00,47.78539548731379,47.79584038250228,47.78539548731379,47.79584038250228,269900,0.0
BIL.US,道富SPDR彭博1-3个月美国国债ETF,1412308800000,2014-10-03,2014-10-03 00:00:00,47.79584038250228,47.79584038250228,47.774950592125315,47.774950592125315,650100,0.0
BIL.US,道富SPDR彭博1-3个月美国国债ETF,1412568000000,2014-10-06,2014-10-06 00:00:00,47.774950592125315,47.78539548731379,47.774950592125315,47.774950592125315,237100,0.0
BIL.US,道富SPDR彭博1-3个月美国国债ETF,1412654400000,2014-10-07,2014-10-07 00:00:00,47.78539548731379,47.78539548731379,47.774950592125315,47.78539548731379,134150,0.0
BIL.US,道富SPDR彭博1-3个月美国国债ETF,1412740800000,2014-10-08,2014-10-08 00:00:00,47.78539548731379,47.78539548731379,47.774950592125315,47.78539548731379,147550,0.0
BIL.US,道富SPDR彭博1-3个月美国国债ETF,1412827200000,2014-10-09,2014-10-09 00:00:00,47.774950592125315,47.78539548731379,47.774950592125315,47.78539548731379,978250,0.0
BIL.US,道富SPDR彭博1-3个月美国国债ETF,1412913600000,2014-10-10,2014-10-10 00:00:00,47.774950592125315,47.78539548731379,47.774950592125315,47.78539548731379,581100,0.0
BIL.US,道富SPDR彭博1-3个月美国国债ETF,1413172800000,2014-10-13,2014-10-13 00:00:00,47.78539548731379,47.78539548731379,47.774950592125315,47.78539548731379,722250,0.0
BIL.US,道富SPDR彭博1-3个月美国国债ETF,1413259200000,2014-10-14,2014-10-14 00:00:00,47.774950592125315,47.78539548731379,47.774950592125315,47.774950592125315,424150,0.0
BIL.US,道富SPDR彭博1-3个月美国国债ETF,1413345600000,2014-10-15,2014-10-15 00:00:00,47.774950592125315,47.78539548731379,47.774950592125315,47.774950592125315,369600,0.0
BIL.US,道富SPDR彭博1-3个月美国国债ETF,1413432000000,2014-10-16,2014-10-16 00:00:00,47.78539548731379,47.78539548731379,47.774950592125315,47.78539548731379,601100,0.0
BIL.US,道富SPDR彭博1-3个月美国国债ETF,1413518400000,2014-10-17,2014-10-17 00:00:00,47.78539548731379,47.78539548731379,47.774950592125315,47.78539548731379,683350,0.0
BIL.US,道富SPDR彭博1-3个月美国国债ETF,1413777600000,2014-10-20,2014-10-20 00:00:00,47.78539548731379,47.79584038250228,47.774950592125315,47.78539548731379,4556600,0.0
BIL.US,道富SPDR彭博1-3个月美国国债ETF,1413864000000,2014-10-21,2014-10-21 00:00:00,47.78539548731379,47.78539548731379,47.774950592125315,47.774950592125315,2076600,0.0
BIL.US,道富SPDR彭博1-3个月美国国债ETF,1413950400000,2014-10-22,2014-10-22 00:00:00,47.774950592125315,47.78539548731379,47.774950592125315,47.78539548731379,1261150,0.0
BIL.US,道富SPDR彭博1-3个月美国国债ETF,1414036800000,2014-10-23,2014-10-23 00:00:00,47.774950592125315,47.78539548731379,47.774950592125315,47.774950592125315,218100,0.0
BIL.US,道富SPDR彭博1-3个月美国国债ETF,1414123200000,2014-10-24,2014-10-24 00:00:00,47.774950592125315,47.78539548731379,47.774950592125315,47.774950592125315,197200,0.0
BIL.US,道富SPDR彭博1-3个月美国国债ETF,1414382400000,2014-10-27,2014-10-27 00:00:00,47.774950592125315,47.78539548731379,47.774950592125315,47.774950592125315,1660850,0.0
BIL.US,道富SPDR彭博1-3个月美国国债ETF,1414468800000,2014-10-28,2014-10-28 00:00:00,47.78539548731379,47.78539548731379,47.774950592125315,47.774950592125315,2536000,0.0
BIL.US,道富SPDR彭博1-3个月美国国债ETF,1414555200000,2014-10-29,2014-10-29 00:00:00,47.78539548731379,47.78539548731379,47.774950592125315,47.78539548731379,725950,0.0
BIL.US,道富SPDR彭博1-3个月美国国债ETF,1414641600000,2014-10-30,2014-10-30 00:00:00,47.774950592125315,47.78539548731379,47.774950592125315,47.774950592125315,284950,0.0
BIL.US,道富SPDR彭博1-3个月美国国债ETF,1414728000000,2014-10-31,2014-10-31 00:00:00,47.774950592125315,47.78539548731379,47.774950592125315,47.78539548731379,1133200,0.0
BIL.US,道富SPDR彭博1-3个月美国国债ETF,1414990800000,2014-11-03,2014-11-03 00:00:00,47.78539548731379,47.78539548731379,47.774950592125315,47.774950592125315,9501200,0.0
BIL.US,道富SPDR彭博1-3个月美国国债ETF,1415077200000,2014-11-04,2014-11-04 00:00:00,47.774950592125315,47.78539548731379,47.774950592125315,47.78539548731379,322350,0.0
BIL.US,道富SPDR彭博1-3个月美国国债ETF,1415163600000,2014-11-05,2014-11-05 00:00:00,47.78539548731379,47.78539548731379,47.774950592125315,47.774950592125315,663100,0.0
BIL.US,道富SPDR彭博1-3个月美国国债ETF,1415250000000,2014-11-06,2014-11-06 00:00:00,47.78539548731379,47.78539548731379,47.774950592125315,47.78539548731379,407200,0.0
BIL.US,道富SPDR彭博1-3个月美国国债ETF,1415336400000,2014-11-07,2014-11-07 00:00:00,47.78539548731379,47.78539548731379,47.774950592125315,47.774950592125315,114000,0.0
BIL.US,道富SPDR彭博1-3个月美国国债ETF,1415595600000,2014-11-10,2014-11-10 00:00:00,47.78539548731379,47.78539548731379,47.774950592125315,47.78539548731379,185550,0.0
BIL.US,道富SPDR彭博1-3个月美国国债ETF,1415682000000,2014-11-11,2014-11-11 00:00:00,47.774950592125315,47.78539548731379,47.774950592125315,47.78539548731379,128400,0.0
BIL.US,道富SPDR彭博1-3个月美国国债ETF,1415768400000,2014-11-12,2014-11-12 00:00:00,47.78539548731379,47.78539548731379,47.774950592125315,47.78539548731379,645000,0.0
BIL.US,道富SPDR彭博1-3个月美国国债ETF,1415854800000,2014-11-13,2014-11-13 00:00:00,47.78539548731379,47.78539548731379,47.774950592125315,47.774950592125315,245250,0.0
BIL.US,道富SPDR彭博1-3个月美国国债ETF,1415941200000,2014-11-14,2014-11-14 00:00:00,47.774950592125315,47.78539548731379,47.774950592125315,47.774950592125315,231900,0.0
BIL.US,道富SPDR彭博1-3个月美国国债ETF,1416200400000,2014-11-17,2014-11-17 00:00:00,47.78539548731379,47.78539548731379,47.774950592125315,47.78539548731379,126500,0.0
BIL.US,道富SPDR彭博1-3个月美国国债ETF,1416286800000,2014-11-18,2014-11-18 00:00:00,47.774950592125315,47.78539548731379,47.774950592125315,47.774950592125315,794700,0.0
BIL.US,道富SPDR彭博1-3个月美国国债ETF,1416373200000,2014-11-19,2014-11-19 00:00:00,47.78539548731379,47.78539548731379,47.774950592125315,47.774950592125315,272750,0.0
BIL.US,道富SPDR彭博1-3个月美国国债ETF,1416459600000,2014-11-20,2014-11-20 00:00:00,47.774950592125315,47.78539548731379,47.774950592125315,47.774950592125315,276000,0.0
BIL.US,道富SPDR彭博1-3个月美国国债ETF,1416546000000,2014-11-21,2014-11-21 00:00:00,47.774950592125315,47.78539548731379,47.774950592125315,47.774950592125315,292700,0.0
BIL.US,道富SPDR彭博1-3个月美国国债ETF,1416805200000,2014-11-24,2014-11-24 00:00:00,47.774950592125315,47.78539548731379,47.774950592125315,47.78539548731379,891550,0.0
BIL.US,道富SPDR彭博1-3个月美国国债ETF,1416891600000,2014-11-25,2014-11-25 00:00:00,47.774950592125315,47.78539548731379,47.774950592125315,47.78539548731379,209000,0.0
BIL.US,道富SPDR彭博1-3个月美国国债ETF,1416978000000,2014-11-26,2014-11-26 00:00:00,47.774950592125315,47.78539548731379,47.774950592125315,47.774950592125315,897100,0.0
BIL.US,道富SPDR彭博1-3个月美国国债ETF,1417150800000,2014-11-28,2014-11-28 00:00:00,47.774950592125315,47.78539548731379,47.774950592125315,47.78539548731379,383200,0.0
BIL.US,道富SPDR彭博1-3个月美国国债ETF,1417410000000,2014-12-01,2014-12-01 00:00:00,47.774950592125315,47.78539548731379,47.774950592125315,47.774950592125315,424600,0.0
BIL.US,道富SPDR彭博1-3个月美国国债ETF,1417496400000,2014-12-02,2014-12-02 00:00:00,47.78539548731379,47.78539548731379,47.774950592125315,47.774950592125315,179150,0.0
BIL.US,道富SPDR彭博1-3个月美国国债ETF,1417582800000,2014-12-03,2014-12-03 00:00:00,47.774950592125315,47.78539548731379,47.774950592125315,47.774950592125315,685850,0.0
BIL.US,道富SPDR彭博1-3个月美国国债ETF,1417669200000,2014-12-04,2014-12-04 00:00:00,47.774950592125315,47.774950592125315,47.76450569693682,47.774950592125315,298650,0.0
BIL.US,道富SPDR彭博1-3个月美国国债ETF,1417755600000,2014-12-05,2014-12-05 00:00:00,47.774950592125315,47.78539548731379,47.76450569693682,47.78539548731379,540700,0.0
BIL.US,道富SPDR彭博1-3个月美国国债ETF,1418014800000,2014-12-08,2014-12-08 00:00:00,47.78539548731379,47.78539548731379,47.774950592125315,47.78539548731379,511500,0.0
BIL.US,道富SPDR彭博1-3个月美国国债ETF,1418101200000,2014-12-09,2014-12-09 00:00:00,47.78539548731379,47.78539548731379,47.774950592125315,47.774950592125315,672150,0.0
BIL.US,道富SPDR彭博1-3个月美国国债ETF,1418187600000,2014-12-10,2014-12-10 00:00:00,47.774950592125315,47.78539548731379,47.774950592125315,47.774950592125315,1242800,0.0
BIL.US,道富SPDR彭博1-3个月美国国债ETF,1418274000000,2014-12-11,2014-12-11 00:00:00,47.774950592125315,47.78539548731379,47.774950592125315,47.774950592125315,409400,0.0
BIL.US,道富SPDR彭博1-3个月美国国债ETF,1418360400000,2014-12-12,2014-12-12 00:00:00,47.774950592125315,47.78539548731379,47.76450569693682,47.78539548731379,1708100,0.0
BIL.US,道富SPDR彭博1-3个月美国国债ETF,1418619600000,2014-12-15,2014-12-15 00:00:00,47.78539548731379,47.78539548731379,47.76450569693682,47.76450569693682,1886200,0.0
BIL.US,道富SPDR彭博1-3个月美国国债ETF,1418706000000,2014-12-16,2014-12-16 00:00:00,47.774950592125315,47.774950592125315,47.76450569693682,47.76450569693682,1782450,0.0
BIL.US,道富SPDR彭博1-3个月美国国债ETF,1418792400000,2014-12-17,2014-12-17 00:00:00,47.78539548731379,47.78539548731379,47.76450569693682,47.76450569693682,2119950,0.0
BIL.US,道富SPDR彭博1-3个月美国国债ETF,1418878800000,2014-12-18,2014-12-18 00:00:00,47.76450569693682,47.774950592125315,47.76450569693682,47.774950592125315,3397250,0.0
BIL.US,道富SPDR彭博1-3个月美国国债ETF,1418965200000,2014-12-19,2014-12-19 00:00:00,47.76450569693682,47.774950592125315,47.76450569693682,47.76450569693682,692250,0.0
BIL.US,道富SPDR彭博1-3个月美国国债ETF,1419224400000,2014-12-22,2014-12-22 00:00:00,47.76450569693682,47.774950592125315,47.76450569693682,47.76450569693682,5710200,0.0
BIL.US,道富SPDR彭博1-3个月美国国债ETF,1419310800000,2014-12-23,2014-12-23 00:00:00,47.774950592125315,47.774950592125315,47.76450569693682,47.76450569693682,1548400,0.0
BIL.US,道富SPDR彭博1-3个月美国国债ETF,1419397200000,2014-12-24,2014-12-24 00:00:00,47.76450569693682,47.774950592125315,47.76450569693682,47.774950592125315,769050,0.0
BIL.US,道富SPDR彭博1-3个月美国国债ETF,1419570000000,2014-12-26,2014-12-26 00:00:00,47.76450569693682,47.774950592125315,47.76450569693682,47.76450569693682,147500,0.0
BIL.US,道富SPDR彭博1-3个月美国国债ETF,1419829200000,2014-12-29,2014-12-29 00:00:00,47.76450569693682,47.774950592125315,47.76450569693682,47.76450569693682,1374000,0.0
BIL.US,道富SPDR彭博1-3个月美国国债ETF,1419915600000,2014-12-30,2014-12-30 00:00:00,47.774950592125315,47.774950592125315,47.76450569693682,47.76450569693682,1417950,0.0
BIL.US,道富SPDR彭博1-3个月美国国债ETF,1420002000000,2014-12-31,2014-12-31 00:00:00,47.774950592125315,47.774950592125315,47.76450569693682,47.774950592125315,348100,0.0
BIL.US,道富SPDR彭博1-3个月美国国债ETF,1420174800000,2015-01-02,2015-01-02 00:00:00,47.76450569693682,47.774950592125315,47.76450569693682,47.76450569693682,341000,0.0
BIL.US,道富SPDR彭博1-3个月美国国债ETF,1420434000000,2015-01-05,2015-01-05 00:00:00,47.76450569693682,47.774950592125315,47.76450569693682,47.774950592125315,2518350,0.0
BIL.US,道富SPDR彭博1-3个月美国国债ETF,1420520400000,2015-01-06,2015-01-06 00:00:00,47.76450569693682,47.774950592125315,47.76450569693682,47.76450569693682,541250,0.0
BIL.US,道富SPDR彭博1-3个月美国国债ETF,1420606800000,2015-01-07,2015-01-07 00:00:00,47.774950592125315,47.774950592125315,47.76450569693682,47.76450569693682,153800,0.0
BIL.US,道富SPDR彭博1-3个月美国国债ETF,1420693200000,2015-01-08,2015-01-08 00:00:00,47.774950592125315,47.774950592125315,47.76450569693682,47.76450569693682,236450,0.0
BIL.US,道富SPDR彭博1-3个月美国国债ETF,1420779600000,2015-01-09,2015-01-09 00:00:00,47.774950592125315,47.774950592125315,47.76450569693682,47.76450569693682,109650,0.0
BIL.US,道富SPDR彭博1-3个月美国国债ETF,1421038800000,2015-01-12,2015-01-12 00:00:00,47.76450569693682,47.774950592125315,47.76450569693682,47.76450569693682,221000,0.0
BIL.US,道富SPDR彭博1-3个月美国国债ETF,1421125200000,2015-01-13,2015-01-13 00:00:00,47.774950592125315,47.774950592125315,47.76450569693682,47.76450569693682,517300,0.0
BIL.US,道富SPDR彭博1-3个月美国国债ETF,1421211600000,2015-01-14,2015-01-14 00:00:00,47.76450569693682,47.774950592125315,47.76450569693682,47.76450569693682,57500,0.0
BIL.US,道富SPDR彭博1-3个月美国国债ETF,1421298000000,2015-01-15,2015-01-15 00:00:00,47.76450569693682,47.774950592125315,47.76450569693682,47.76450569693682,270150,0.0
BIL.US,道富SPDR彭博1-3个月美国国债ETF,1421384400000,2015-01-16,2015-01-16 00:00:00,47.76450569693682,47.774950592125315,47.76450569693682,47.76450569693682,738950,0.0
BIL.US,道富SPDR彭博1-3个月美国国债ETF,1421730000000,2015-01-20,2015-01-20 00:00:00,47.76450569693682,47.774950592125315,47.76450569693682,47.76450569693682,629400,0.0
BIL.US,道富SPDR彭博1-3个月美国国债ETF,1421816400000,2015-01-21,2015-01-21 00:00:00,47.76450569693682,47.774950592125315,47.76450569693682,47.774950592125315,952400,0.0
BIL.US,道富SPDR彭博1-3个月美国国债ETF,1421902800000,2015-01-22,2015-01-22 00:00:00,47.76450569693682,47.774950592125315,47.76450569693682,47.76450569693682,1430950,0.0
BIL.US,道富SPDR彭博1-3个月美国国债ETF,1421989200000,2015-01-23,2015-01-23 00:00:00,47.76450569693682,47.774950592125315,47.76450569693682,47.774950592125315,508000,0.0
BIL.US,道富SPDR彭博1-3个月美国国债ETF,1422248400000,2015-01-26,2015-01-26 00:00:00,47.774950592125315,47.774950592125315,47.76450569693682,47.774950592125315,320600,0.0
BIL.US,道富SPDR彭博1-3个月美国国债ETF,1422334800000,2015-01-27,2015-01-27 00:00:00,47.76450569693682,47.774950592125315,47.76450569693682,47.774950592125315,191400,0.0
BIL.US,道富SPDR彭博1-3个月美国国债ETF,1422421200000,2015-01-28,2015-01-28 00:00:00,47.76450569693682,47.774950592125315,47.76450569693682,47.76450569693682,268900,0.0
BIL.US,道富SPDR彭博1-3个月美国国债ETF,1422507600000,2015-01-29,2015-01-29 00:00:00,47.75406080174834,47.774950592125315,47.75406080174834,47.76450569693682,554550,0.0
BIL.US,道富SPDR彭博1-3个月美国国债ETF,1422594000000,2015-01-30,2015-01-30 00:00:00,47.76450569693682,47.774950592125315,47.76450569693682,47.76450569693682,205700,0.0
BIL.US,道富SPDR彭博1-3个月美国国债ETF,1422853200000,2015-02-02,2015-02-02 00:00:00,47.774950592125315,47.774950592125315,47.76450569693682,47.76450569693682,3557500,0.0
BIL.US,道富SPDR彭博1-3个月美国国债ETF,1422939600000,2015-02-03,2015-02-03 00:00:00,47.76450569693682,47.774950592125315,47.76450569693682,47.774950592125315,266100,0.0
BIL.US,道富SPDR彭博1-3个月美国国债ETF,1423026000000,2015-02-04,2015-02-04 00:00:00,47.76450569693682,47.774950592125315,47.76450569693682,47.76450569693682,214200,0.0
BIL.US,道富SPDR彭博1-3个月美国国债ETF,1423112400000,2015-02-05,2015-02-05 00:00:00,47.76450569693682,47.774950592125315,47.76450569693682,47.76450569693682,414800,0.0
BIL.US,道富SPDR彭博1-3个月美国国债ETF,1423198800000,2015-02-06,2015-02-06 00:00:00,47.774950592125315,47.774950592125315,47.76450569693682,47.76450569693682,291750,0.0
BIL.US,道富SPDR彭博1-3个月美国国债ETF,1423458000000,2015-02-09,2015-02-09 00:00:00,47.76450569693682,47.76450569693682,47.75406080174834,47.75406080174834,147050,0.0
BIL.US,道富SPDR彭博1-3个月美国国债ETF,1423544400000,2015-02-10,2015-02-10 00:00:00,47.76450569693682,47.76450569693682,47.75406080174834,47.76450569693682,170450,0.0
BIL.US,道富SPDR彭博1-3个月美国国债ETF,1423630800000,2015-02-11,2015-02-11 00:00:00,47.75406080174834,47.76450569693682,47.75406080174834,47.75406080174834,493200,0.0
BIL.US,道富SPDR彭博1-3个月美国国债ETF,1423717200000,2015-02-12,2015-02-12 00:00:00,47.75406080174834,47.76450569693682,47.75406080174834,47.75406080174834,87100,0.0
BIL.US,道富SPDR彭博1-3个月美国国债ETF,1423803600000,2015-02-13,2015-02-13 00:00:00,47.75406080174834,47.76450569693682,47.75406080174834,47.76450569693682,383100,0.0
BIL.US,道富SPDR彭博1-3个月美国国债ETF,1424149200000,2015-02-17,2015-02-17 00:00:00,47.76450569693682,47.76450569693682,47.75406080174834,47.76450569693682,402400,0.0
BIL.US,道富SPDR彭博1-3个月美国国债ETF,1424235600000,2015-02-18,2015-02-18 00:00:00,47.76450569693682,47.76450569693682,47.75406080174834,47.76450569693682,143050,0.0
BIL.US,道富SPDR彭博1-3个月美国国债ETF,1424322000000,2015-02-19,2015-02-19 00:00:00,47.75406080174834,47.76450569693682,47.75406080174834,47.76450569693682,167200,0.0
BIL.US,道富SPDR彭博1-3个月美国国债ETF,1424408400000,2015-02-20,2015-02-20 00:00:00,47.75406080174834,47.76450569693682,47.75406080174834,47.75406080174834,145450,0.0
BIL.US,道富SPDR彭博1-3个月美国国债ETF,1424667600000,2015-02-23,2015-02-23 00:00:00,47.76450569693682,47.76450569693682,47.75406080174834,47.76450569693682,607650,0.0
BIL.US,道富SPDR彭博1-3个月美国国债ETF,1424754000000,2015-02-24,2015-02-24 00:00:00,47.75406080174834,47.76450569693682,47.75406080174834,47.75406080174834,330250,0.0
BIL.US,道富SPDR彭博1-3个月美国国债ETF,1424840400000,2015-02-25,2015-02-25 00:00:00,47.75406080174834,47.76450569693682,47.75406080174834,47.76450569693682,522850,0.0
BIL.US,道富SPDR彭博1-3个月美国国债ETF,1424926800000,2015-02-26,2015-02-26 00:00:00,47.75406080174834,47.76450569693682,47.75406080174834,47.75406080174834,167000,0.0
BIL.US,道富SPDR彭博1-3个月美国国债ETF,1425013200000,2015-02-27,2015-02-27 00:00:00,47.76450569693682,47.76450569693682,47.75406080174834,47.76450569693682,200450,0.0
BIL.US,道富SPDR彭博1-3个月美国国债ETF,1425272400000,2015-03-02,2015-03-02 00:00:00,47.75406080174834,47.76450569693682,47.75406080174834,47.75406080174834,462650,0.0
BIL.US,道富SPDR彭博1-3个月美国国债ETF,1425358800000,2015-03-03,2015-03-03 00:00:00,47.76450569693682,47.76450569693682,47.75406080174834,47.76450569693682,503200,0.0
BIL.US,道富SPDR彭博1-3个月美国国债ETF,1425445200000,2015-03-04,2015-03-04 00:00:00,47.75406080174834,47.76450569693682,47.75406080174834,47.76450569693682,124500,0.0
BIL.US,道富SPDR彭博1-3个月美国国债ETF,1425531600000,2015-03-05,2015-03-05 00:00:00,47.75406080174834,47.76450569693682,47.75406080174834,47.76450569693682,130450,0.0
BIL.US,道富SPDR彭博1-3个月美国国债ETF,1425618000000,2015-03-06,2015-03-06 00:00:00,47.75406080174834,47.76450569693682,47.75406080174834,47.75406080174834,262500,0.0
BIL.US,道富SPDR彭博1-3个月美国国债ETF,1425873600000,2015-03-09,2015-03-09 00:00:00,47.76450569693682,47.76450569693682,47.75406080174834,47.76450569693682,986450,0.0
BIL.US,道富SPDR彭博1-3个月美国国债ETF,1425960000000,2015-03-10,2015-03-10 00:00:00,47.76450569693682,47.76450569693682,47.75406080174834,47.76450569693682,232150,0.0
BIL.US,道富SPDR彭博1-3个月美国国债ETF,1426046400000,2015-03-11,2015-03-11 00:00:00,47.75406080174834,47.76450569693682,47.75406080174834,47.76450569693682,170050,0.0
BIL.US,道富SPDR彭博1-3个月美国国债ETF,1426132800000,2015-03-12,2015-03-12 00:00:00,47.76450569693682,47.76450569693682,47.75406080174834,47.75406080174834,812300,0.0
BIL.US,道富SPDR彭博1-3个月美国国债ETF,1426219200000,2015-03-13,2015-03-13 00:00:00,47.75406080174834,47.76450569693682,47.75406080174834,47.76450569693682,415650,0.0
BIL.US,道富SPDR彭博1-3个月美国国债ETF,1426478400000,2015-03-16,2015-03-16 00:00:00,47.75406080174834,47.76450569693682,47.75406080174834,47.76450569693682,491350,0.0
BIL.US,道富SPDR彭博1-3个月美国国债ETF,1426564800000,2015-03-17,2015-03-17 00:00:00,47.75406080174834,47.76450569693682,47.75406080174834,47.76450569693682,429350,0.0
BIL.US,道富SPDR彭博1-3个月美国国债ETF,1426651200000,2015-03-18,2015-03-18 00:00:00,47.75406080174834,47.76450569693682,47.75406080174834,47.76450569693682,672550,0.0
BIL.US,道富SPDR彭博1-3个月美国国债ETF,1426737600000,2015-03-19,2015-03-19 00:00:00,47.75406080174834,47.76450569693682,47.75406080174834,47.76450569693682,459750,0.0
BIL.US,道富SPDR彭博1-3个月美国国债ETF,1426824000000,2015-03-20,2015-03-20 00:00:00,47.75406080174834,47.76450569693682,47.75406080174834,47.76450569693682,183450,0.0
BIL.US,道富SPDR彭博1-3个月美国国债ETF,1427083200000,2015-03-23,2015-03-23 00:00:00,47.75406080174834,47.76450569693682,47.75406080174834,47.75406080174834,552400,0.0
BIL.US,道富SPDR彭博1-3个月美国国债ETF,1427169600000,2015-03-24,2015-03-24 00:00:00,47.75406080174834,47.76450569693682,47.75406080174834,47.76450569693682,590450,0.0
BIL.US,道富SPDR彭博1-3个月美国国债ETF,1427256000000,2015-03-25,2015-03-25 00:00:00,47.75406080174834,47.76450569693682,47.75406080174834,47.75406080174834,983250,0.0
BIL.US,道富SPDR彭博1-3个月美国国债ETF,1427342400000,2015-03-26,2015-03-26 00:00:00,47.75406080174834,47.76450569693682,47.75406080174834,47.75406080174834,782950,0.0
BIL.US,道富SPDR彭博1-3个月美国国债ETF,1427428800000,2015-03-27,2015-03-27 00:00:00,47.75406080174834,47.76450569693682,47.75406080174834,47.75406080174834,254350,0.0
BIL.US,道富SPDR彭博1-3个月美国国债ETF,1427688000000,2015-03-30,2015-03-30 00:00:00,47.76450569693682,47.76450569693682,47.74361590655986,47.74361590655986,648400,0.0
BIL.US,道富SPDR彭博1-3个月美国国债ETF,1427774400000,2015-03-31,2015-03-31 00:00:00,47.74361590655986,47.76450569693682,47.74361590655986,47.76450569693682,704400,0.0
BIL.US,道富SPDR彭博1-3个月美国国债ETF,1427860800000,2015-04-01,2015-04-01 00:00:00,47.75406080174834,47.75406080174834,47.74361590655986,47.74361590655986,598050,0.0
BIL.US,道富SPDR彭博1-3个月美国国债ETF,1427947200000,2015-04-02,2015-04-02 00:00:00,47.74361590655986,47.75406080174834,47.74361590655986,47.75406080174834,126500,0.0
BIL.US,道富SPDR彭博1-3个月美国国债ETF,1428292800000,2015-04-06,2015-04-06 00:00:00,47.75406080174834,47.75406080174834,47.74361590655986,47.75406080174834,302550,0.0
BIL.US,道富SPDR彭博1-3个月美国国债ETF,1428379200000,2015-04-07,2015-04-07 00:00:00,47.76450569693682,47.76450569693682,47.75406080174834,47.76450569693682,128100,0.0
BIL.US,道富SPDR彭博1-3个月美国国债ETF,1428465600000,2015-04-08,2015-04-08 00:00:00,47.76450569693682,47.76450569693682,47.75406080174834,47.76450569693682,244900,0.0
BIL.US,道富SPDR彭博1-3个月美国国债ETF,1428552000000,2015-04-09,2015-04-09 00:00:00,47.75406080174834,47.76450569693682,47.74361590655986,47.75406080174834,257750,0.0
BIL.US,道富SPDR彭博1-3个月美国国债ETF,1428638400000,2015-04-10,2015-04-10 00:00:00,47.74361590655986,47.75406080174834,47.74361590655986,47.75406080174834,159800,0.0
BIL.US,道富SPDR彭博1-3个月美国国债ETF,1428897600000,2015-04-13,2015-04-13 00:00:00,47.74361590655986,47.75406080174834,47.74361590655986,47.74361590655986,84550,0.0
BIL.US,道富SPDR彭博1-3个月美国国债ETF,1428984000000,2015-04-14,2015-04-14 00:00:00,47.75406080174834,47.75406080174834,47.74361590655986,47.75406080174834,72500,0.0
BIL.US,道富SPDR彭博1-3个月美国国债ETF,1429070400000,2015-04-15,2015-04-15 00:00:00,47.74361590655986,47.75406080174834,47.74361590655986,47.74361590655986,105950,0.0
BIL.US,道富SPDR彭博1-3个月美国国债ETF,1429156800000,2015-04-16,2015-04-16 00:00:00,47.74361590655986,47.75406080174834,47.74361590655986,47.75406080174834,187450,0.0
BIL.US,道富SPDR彭博1-3个月美国国债ETF,1429243200000,2015-04-17,2015-04-17 00:00:00,47.74361590655986,47.75406080174834,47.74361590655986,47.74361590655986,182550,0.0
BIL.US,道富SPDR彭博1-3个月美国国债ETF,1429502400000,2015-04-20,2015-04-20 00:00:00,47.75406080174834,47.75406080174834,47.74361590655986,47.74361590655986,130500,0.0
BIL.US,道富SPDR彭博1-3个月美国国债ETF,1429588800000,2015-04-21,2015-04-21 00:00:00,47.74361590655986,47.75406080174834,47.74361590655986,47.75406080174834,125850,0.0
BIL.US,道富SPDR彭博1-3个月美国国债ETF,1429675200000,2015-04-22,2015-04-22 00:00:00,47.75406080174834,47.75406080174834,47.74361590655986,47.74361590655986,186350,0.0
BIL.US,道富SPDR彭博1-3个月美国国债ETF,1429761600000,2015-04-23,2015-04-23 00:00:00,47.74361590655986,47.75406080174834,47.74361590655986,47.74361590655986,132150,0.0
BIL.US,道富SPDR彭博1-3个月美国国债ETF,1429848000000,2015-04-24,2015-04-24 00:00:00,47.74361590655986,47.75406080174834,47.74361590655986,47.74361590655986,119600,0.0
BIL.US,道富SPDR彭博1-3个月美国国债ETF,1430107200000,2015-04-27,2015-04-27 00:00:00,47.74361590655986,47.75406080174834,47.74361590655986,47.75406080174834,79500,0.0
BIL.US,道富SPDR彭博1-3个月美国国债ETF,1430193600000,2015-04-28,2015-04-28 00:00:00,47.74361590655986,47.75406080174834,47.74361590655986,47.75406080174834,79650,0.0
BIL.US,道富SPDR彭博1-3个月美国国债ETF,1430280000000,2015-04-29,2015-04-29 00:00:00,47.75406080174834,47.75406080174834,47.74361590655986,47.75406080174834,182600,0.0
BIL.US,道富SPDR彭博1-3个月美国国债ETF,1430366400000,2015-04-30,2015-04-30 00:00:00,47.74361590655986,47.75406080174834,47.74361590655986,47.75406080174834,388650,0.0
BIL.US,道富SPDR彭博1-3个月美国国债ETF,1430452800000,2015-05-01,2015-05-01 00:00:00,47.74361590655986,47.75406080174834,47.74361590655986,47.74361590655986,365700,0.0
BIL.US,道富SPDR彭博1-3个月美国国债ETF,1430712000000,2015-05-04,2015-05-04 00:00:00,47.75406080174834,47.75406080174834,47.74361590655986,47.75406080174834,296250,0.0
BIL.US,道富SPDR彭博1-3个月美国国债ETF,1430798400000,2015-05-05,2015-05-05 00:00:00,47.75406080174834,47.75406080174834,47.74361590655986,47.75406080174834,326750,0.0
BIL.US,道富SPDR彭博1-3个月美国国债ETF,1430884800000,2015-05-06,2015-05-06 00:00:00,47.75406080174834,47.75406080174834,47.74361590655986,47.75406080174834,442550,0.0
BIL.US,道富SPDR彭博1-3个月美国国债ETF,1430971200000,2015-05-07,2015-05-07 00:00:00,47.75406080174834,47.75406080174834,47.74361590655986,47.74361590655986,112850,0.0
BIL.US,道富SPDR彭博1-3个月美国国债ETF,1431057600000,2015-05-08,2015-05-08 00:00:00,47.74361590655986,47.75406080174834,47.74361590655986,47.75406080174834,289750,0.0
BIL.US,道富SPDR彭博1-3个月美国国债ETF,1431316800000,2015-05-11,2015-05-11 00:00:00,47.74361590655986,47.75406080174834,47.74361590655986,47.74361590655986,1544150,0.0
BIL.US,道富SPDR彭博1-3个月美国国债ETF,1431403200000,2015-05-12,2015-05-12 00:00:00,47.74361590655986,47.75406080174834,47.74361590655986,47.75406080174834,72450,0.0
BIL.US,道富SPDR彭博1-3个月美国国债ETF,1431489600000,2015-05-13,2015-05-13 00:00:00,47.74361590655986,47.75406080174834,47.74361590655986,47.75406080174834,173600,0.0
BIL.US,道富SPDR彭博1-3个月美国国债ETF,1431576000000,2015-05-14,2015-05-14 00:00:00,47.74361590655986,47.75406080174834,47.74361590655986,47.74361590655986,175950,0.0
BIL.US,道富SPDR彭博1-3个月美国国债ETF,1431662400000,2015-05-15,2015-05-15 00:00:00,47.75406080174834,47.75406080174834,47.74361590655986,47.74361590655986,101650,0.0
BIL.US,道富SPDR彭博1-3个月美国国债ETF,1431921600000,2015-05-18,2015-05-18 00:00:00,47.75406080174834,47.75406080174834,47.74361590655986,47.74361590655986,135000,0.0
BIL.US,道富SPDR彭博1-3个月美国国债ETF,1432008000000,2015-05-19,2015-05-19 00:00:00,47.75406080174834,47.75406080174834,47.74361590655986,47.74361590655986,470250,0.0
BIL.US,道富SPDR彭博1-3个月美国国债ETF,1432094400000,2015-05-20,2015-05-20 00:00:00,47.74361590655986,47.75406080174834,47.74361590655986,47.74361590655986,119050,0.0
BIL.US,道富SPDR彭博1-3个月美国国债ETF,1432180800000,2015-05-21,2015-05-21 00:00:00,47.74361590655986,47.75406080174834,47.74361590655986,47.75406080174834,651750,0.0
BIL.US,道富SPDR彭博1-3个月美国国债ETF,1432267200000,2015-05-22,2015-05-22 00:00:00,47.74361590655986,47.75406080174834,47.74361590655986,47.75406080174834,152300,0.0
BIL.US,道富SPDR彭博1-3个月美国国债ETF,1432612800000,2015-05-26,2015-05-26 00:00:00,47.75406080174834,47.75406080174834,47.74361590655986,47.75406080174834,503600,0.0
BIL.US,道富SPDR彭博1-3个月美国国债ETF,1432699200000,2015-05-27,2015-05-27 00:00:00,47.74361590655986,47.75406080174834,47.74361590655986,47.75406080174834,351200,0.0
BIL.US,道富SPDR彭博1-3个月美国国债ETF,1432785600000,2015-05-28,2015-05-28 00:00:00,47.75406080174834,47.75406080174834,47.74361590655986,47.74361590655986,148950,0.0
BIL.US,道富SPDR彭博1-3个月美国国债ETF,1432872000000,2015-05-29,2015-05-29 00:00:00,47.75406080174834,47.75406080174834,47.74361590655986,47.74361590655986,181050,0.0
BIL.US,道富SPDR彭博1-3个月美国国债ETF,1433131200000,2015-06-01,2015-06-01 00:00:00,47.75406080174834,47.75406080174834,47.74361590655986,47.74361590655986,352100,0.0
BIL.US,道富SPDR彭博1-3个月美国国债ETF,1433217600000,2015-06-02,2015-06-02 00:00:00,47.75406080174834,47.75406080174834,47.74361590655986,47.75406080174834,169700,0.0
BIL.US,道富SPDR彭博1-3个月美国国债ETF,1433304000000,2015-06-03,2015-06-03 00:00:00,47.75406080174834,47.75406080174834,47.74361590655986,47.75406080174834,2925700,0.0
BIL.US,道富SPDR彭博1-3个月美国国债ETF,1433390400000,2015-06-04,2015-06-04 00:00:00,47.75406080174834,47.75406080174834,47.74361590655986,47.74361590655986,241400,0.0
BIL.US,道富SPDR彭博1-3个月美国国债ETF,1433476800000,2015-06-05,2015-06-05 00:00:00,47.75406080174834,47.75406080174834,47.733171011371375,47.74361590655986,360750,0.0
BIL.US,道富SPDR彭博1-3个月美国国债ETF,1433736000000,2015-06-08,2015-06-08 00:00:00,47.74361590655986,47.74361590655986,47.733171011371375,47.733171011371375,209150,0.0
BIL.US,道富SPDR彭博1-3个月美国国债ETF,1433822400000,2015-06-09,2015-06-09 00:00:00,47.74361590655986,47.74361590655986,47.733171011371375,47.733171011371375,143850,0.0
BIL.US,道富SPDR彭博1-3个月美国国债ETF,1433908800000,2015-06-10,2015-06-10 00:00:00,47.733171011371375,47.74361590655986,47.733171011371375,47.74361590655986,664400,0.0
BIL.US,道富SPDR彭博1-3个月美国国债ETF,1433995200000,2015-06-11,2015-06-11 00:00:00,47.74361590655986,47.75406080174834,47.74361590655986,47.75406080174834,330100,0.0
BIL.US,道富SPDR彭博1-3个月美国国债ETF,1434081600000,2015-06-12,2015-06-12 00:00:00,47.75406080174834,47.75406080174834,47.74361590655986,47.74361590655986,66900,0.0
BIL.US,道富SPDR彭博1-3个月美国国债ETF,1434340800000,2015-06-15,2015-06-15 00:00:00,47.75406080174834,47.75406080174834,47.74361590655986,47.75406080174834,170800,0.0
BIL.US,道富SPDR彭博1-3个月美国国债ETF,1434427200000,2015-06-16,2015-06-16 00:00:00,47.733171011371375,47.74361590655986,47.733171011371375,47.733171011371375,177700,0.0
BIL.US,道富SPDR彭博1-3个月美国国债ETF,1434513600000,2015-06-17,2015-06-17 00:00:00,47.74361590655986,47.75406080174834,47.74361590655986,47.75406080174834,315600,0.0
BIL.US,道富SPDR彭博1-3个月美国国债ETF,1434600000000,2015-06-18,2015-06-18 00:00:00,47.75406080174834,47.75406080174834,47.733171011371375,47.733171011371375,208000,0.0
BIL.US,道富SPDR彭博1-3个月美国国债ETF,1434686400000,2015-06-19,2015-06-19 00:00:00,47.74361590655986,47.74361590655986,47.733171011371375,47.733171011371375,59050,0.0
BIL.US,道富SPDR彭博1-3个月美国国债ETF,1434945600000,2015-06-22,2015-06-22 00:00:00,47.733171011371375,47.74361590655986,47.733171011371375,47.74361590655986,253550,0.0
BIL.US,道富SPDR彭博1-3个月美国国债ETF,1435032000000,2015-06-23,2015-06-23 00:00:00,47.733171011371375,47.74361590655986,47.733171011371375,47.733171011371375,423750,0.0
BIL.US,道富SPDR彭博1-3个月美国国债ETF,1435118400000,2015-06-24,2015-06-24 00:00:00,47.74361590655986,47.74361590655986,47.733171011371375,47.733171011371375,60750,0.0
BIL.US,道富SPDR彭博1-3个月美国国债ETF,1435204800000,2015-06-25,2015-06-25 00:00:00,47.74361590655986,47.74361590655986,47.733171011371375,47.74361590655986,240050,0.0
BIL.US,道富SPDR彭博1-3个月美国国债ETF,1435291200000,2015-06-26,2015-06-26 00:00:00,47.733171011371375,47.75406080174834,47.733171011371375,47.733171011371375,113450,0.0
BIL.US,道富SPDR彭博1-3个月美国国债ETF,1435550400000,2015-06-29,2015-06-29 00:00:00,47.733171011371375,47.74361590655986,47.733171011371375,47.74361590655986,2018150,0.0
BIL.US,道富SPDR彭博1-3个月美国国债ETF,1435636800000,2015-06-30,2015-06-30 00:00:00,47.74361590655986,47.74361590655986,47.733171011371375,47.74361590655986,363000,0.0
BIL.US,道富SPDR彭博1-3个月美国国债ETF,1435723200000,2015-07-01,2015-07-01 00:00:00,47.74361590655986,47.74361590655986,47.733171011371375,47.74361590655986,555650,0.0
BIL.US,道富SPDR彭博1-3个月美国国债ETF,1435809600000,2015-07-02,2015-07-02 00:00:00,47.74361590655986,47.74361590655986,47.733171011371375,47.74361590655986,623300,0.0
BIL.US,道富SPDR彭博1-3个月美国国债ETF,1436155200000,2015-07-06,2015-07-06 00:00:00,47.733171011371375,47.74361590655986,47.733171011371375,47.74361590655986,178400,0.0
BIL.US,道富SPDR彭博1-3个月美国国债ETF,1436241600000,2015-07-07,2015-07-07 00:00:00,47.733171011371375,47.74361590655986,47.733171011371375,47.733171011371375,430250,0.0
BIL.US,道富SPDR彭博1-3个月美国国债ETF,1436328000000,2015-07-08,2015-07-08 00:00:00,47.74361590655986,47.74361590655986,47.733171011371375,47.733171011371375,408150,0.0
BIL.US,道富SPDR彭博1-3个月美国国债ETF,1436414400000,2015-07-09,2015-07-09 00:00:00,47.733171011371375,47.74361590655986,47.733171011371375,47.733171011371375,228900,0.0
BIL.US,道富SPDR彭博1-3个月美国国债ETF,1436500800000,2015-07-10,2015-07-10 00:00:00,47.74361590655986,47.74361590655986,47.733171011371375,47.733171011371375,208650,0.0
BIL.US,道富SPDR彭博1-3个月美国国债ETF,1436760000000,2015-07-13,2015-07-13 00:00:00,47.733171011371375,47.74361590655986,47.733171011371375,47.733171011371375,438200,0.0
BIL.US,道富SPDR彭博1-3个月美国国债ETF,1436846400000,2015-07-14,2015-07-14 00:00:00,47.733171011371375,47.74361590655986,47.733171011371375,47.74361590655986,482900,0.0
BIL.US,道富SPDR彭博1-3个月美国国债ETF,1436932800000,2015-07-15,2015-07-15 00:00:00,47.74361590655986,47.74361590655986,47.733171011371375,47.733171011371375,77250,0.0
BIL.US,道富SPDR彭博1-3个月美国国债ETF,1437019200000,2015-07-16,2015-07-16 00:00:00,47.733171011371375,47.74361590655986,47.733171011371375,47.733171011371375,680000,0.0
BIL.US,道富SPDR彭博1-3个月美国国债ETF,1437105600000,2015-07-17,2015-07-17 00:00:00,47.74361590655986,47.74361590655986,47.733171011371375,47.74361590655986,347200,0.0
BIL.US,道富SPDR彭博1-3个月美国国债ETF,1437364800000,2015-07-20,2015-07-20 00:00:00,47.733171011371375,47.74361590655986,47.733171011371375,47.733171011371375,299400,0.0
BIL.US,道富SPDR彭博1-3个月美国国债ETF,1437451200000,2015-07-21,2015-07-21 00:00:00,47.74361590655986,47.74361590655986,47.733171011371375,47.74361590655986,530500,0.0
BIL.US,道富SPDR彭博1-3个月美国国债ETF,1437537600000,2015-07-22,2015-07-22 00:00:00,47.74361590655986,47.74361590655986,47.733171011371375,47.733171011371375,941000,0.0
BIL.US,道富SPDR彭博1-3个月美国国债ETF,1437624000000,2015-07-23,2015-07-23 00:00:00,47.733171011371375,47.74361590655986,47.733171011371375,47.733171011371375,111100,0.0
BIL.US,道富SPDR彭博1-3个月美国国债ETF,1437710400000,2015-07-24,2015-07-24 00:00:00,47.733171011371375,47.74361590655986,47.733171011371375,47.74361590655986,148250,0.0
BIL.US,道富SPDR彭博1-3个月美国国债ETF,1437969600000,2015-07-27,2015-07-27 00:00:00,47.733171011371375,47.74361590655986,47.733171011371375,47.733171011371375,436900,0.0
BIL.US,道富SPDR彭博1-3个月美国国债ETF,1438056000000,2015-07-28,2015-07-28 00:00:00,47.74361590655986,47.74361590655986,47.733171011371375,47.733171011371375,471900,0.0
BIL.US,道富SPDR彭博1-3个月美国国债ETF,1438142400000,2015-07-29,2015-07-29 00:00:00,47.74361590655986,47.74361590655986,47.733171011371375,47.74361590655986,264400,0.0
BIL.US,道富SPDR彭博1-3个月美国国债ETF,1438228800000,2015-07-30,2015-07-30 00:00:00,47.733171011371375,47.74361590655986,47.733171011371375,47.74361590655986,125550,0.0
BIL.US,道富SPDR彭博1-3个月美国国债ETF,1438315200000,2015-07-31,2015-07-31 00:00:00,47.733171011371375,47.74361590655986,47.733171011371375,47.74361590655986,788850,0.0
BIL.US,道富SPDR彭博1-3个月美国国债ETF,1438574400000,2015-08-03,2015-08-03 00:00:00,47.74361590655986,47.74361590655986,47.733171011371375,47.74361590655986,501750,0.0
BIL.US,道富SPDR彭博1-3个月美国国债ETF,1438660800000,2015-08-04,2015-08-04 00:00:00,47.733171011371375,47.74361590655986,47.733171011371375,47.733171011371375,2544550,0.0
BIL.US,道富SPDR彭博1-3个月美国国债ETF,1438747200000,2015-08-05,2015-08-05 00:00:00,47.733171011371375,47.74361590655986,47.733171011371375,47.733171011371375,235700,0.0
BIL.US,道富SPDR彭博1-3个月美国国债ETF,1438833600000,2015-08-06,2015-08-06 00:00:00,47.74361590655986,47.74361590655986,47.733171011371375,47.733171011371375,147700,0.0
BIL.US,道富SPDR彭博1-3个月美国国债ETF,1438920000000,2015-08-07,2015-08-07 00:00:00,47.74361590655986,47.74361590655986,47.733171011371375,47.733171011371375,86700,0.0
BIL.US,道富SPDR彭博1-3个月美国国债ETF,1439179200000,2015-08-10,2015-08-10 00:00:00,47.733171011371375,47.74361590655986,47.733171011371375,47.74361590655986,396250,0.0
BIL.US,道富SPDR彭博1-3个月美国国债ETF,1439265600000,2015-08-11,2015-08-11 00:00:00,47.733171011371375,47.74361590655986,47.733171011371375,47.733171011371375,31100,0.0
BIL.US,道富SPDR彭博1-3个月美国国债ETF,1439352000000,2015-08-12,2015-08-12 00:00:00,47.74361590655986,47.74361590655986,47.733171011371375,47.733171011371375,258300,0.0
BIL.US,道富SPDR彭博1-3个月美国国债ETF,1439438400000,2015-08-13,2015-08-13 00:00:00,47.74361590655986,47.74361590655986,47.733171011371375,47.733171011371375,57450,0.0
BIL.US,道富SPDR彭博1-3个月美国国债ETF,1439524800000,2015-08-14,2015-08-14 00:00:00,47.733171011371375,47.733171011371375,47.72272611618289,47.72272611618289,275200,0.0
BIL.US,道富SPDR彭博1-3个月美国国债ETF,1439784000000,2015-08-17,2015-08-17 00:00:00,47.72272611618289,47.733171011371375,47.72272611618289,47.72272611618289,198950,0.0
BIL.US,道富SPDR彭博1-3个月美国国债ETF,1439870400000,2015-08-18,2015-08-18 00:00:00,47.72272611618289,47.74361590655986,47.72272611618289,47.733171011371375,196700,0.0
BIL.US,道富SPDR彭博1-3个月美国国债ETF,1439956800000,2015-08-19,2015-08-19 00:00:00,47.733171011371375,47.74361590655986,47.733171011371375,47.74361590655986,219200,0.0
BIL.US,道富SPDR彭博1-3个月美国国债ETF,1440043200000,2015-08-20,2015-08-20 00:00:00,47.72272611618289,47.733171011371375,47.72272611618289,47.733171011371375,117100,0.0
BIL.US,道富SPDR彭博1-3个月美国国债ETF,1440129600000,2015-08-21,2015-08-21 00:00:00,47.74361590655986,47.74361590655986,47.733171011371375,47.733171011371375,1321450,0.0
BIL.US,道富SPDR彭博1-3个月美国国债ETF,1440388800000,2015-08-24,2015-08-24 00:00:00,47.74361590655986,47.75406080174834,47.733171011371375,47.733171011371375,3923250,0.0
BIL.US,道富SPDR彭博1-3个月美国国债ETF,1440475200000,2015-08-25,2015-08-25 00:00:00,47.733171011371375,47.74361590655986,47.733171011371375,47.733171011371375,3951700,0.0
BIL.US,道富SPDR彭博1-3个月美国国债ETF,1440561600000,2015-08-26,2015-08-26 00:00:00,47.733171011371375,47.74361590655986,47.733171011371375,47.74361590655986,1379650,0.0
BIL.US,道富SPDR彭博1-3个月美国国债ETF,1440648000000,2015-08-27,2015-08-27 00:00:00,47.74361590655986,47.74361590655986,47.733171011371375,47.733171011371375,303350,0.0
BIL.US,道富SPDR彭博1-3个月美国国债ETF,1440734400000,2015-08-28,2015-08-28 00:00:00,47.74361590655986,47.74361590655986,47.733171011371375,47.74361590655986,2947150,0.0
BIL.US,道富SPDR彭博1-3个月美国国债ETF,1440993600000,2015-08-31,2015-08-31 00:00:00,47.74361590655986,47.74361590655986,47.733171011371375,47.74361590655986,2775450,0.0
BIL.US,道富SPDR彭博1-3个月美国国债ETF,1441080000000,2015-09-01,2015-09-01 00:00:00,47.74361590655986,47.74361590655986,47.733171011371375,47.74361590655986,1368350,0.0
BIL.US,道富SPDR彭博1-3个月美国国债ETF,1441166400000,2015-09-02,2015-09-02 00:00:00,47.733171011371375,47.74361590655986,47.733171011371375,47.733171011371375,610700,0.0
BIL.US,道富SPDR彭博1-3个月美国国债ETF,1441252800000,2015-09-03,2015-09-03 00:00:00,47.74361590655986,47.74361590655986,47.733171011371375,47.74361590655986,313500,0.0
BIL.US,道富SPDR彭博1-3个月美国国债ETF,1441339200000,2015-09-04,2015-09-04 00:00:00,47.733171011371375,47.74361590655986,47.733171011371375,47.733171011371375,461550,0.0
BIL.US,道富SPDR彭博1-3个月美国国债ETF,1441684800000,2015-09-08,2015-09-08 00:00:00,47.733171011371375,47.74361590655986,47.733171011371375,47.733171011371375,1896250,0.0
BIL.US,道富SPDR彭博1-3个月美国国债ETF,1441771200000,2015-09-09,2015-09-09 00:00:00,47.733171011371375,47.74361590655986,47.733171011371375,47.733171011371375,223500,0.0
BIL.US,道富SPDR彭博1-3个月美国国债ETF,1441857600000,2015-09-10,2015-09-10 00:00:00,47.733171011371375,47.74361590655986,47.72272611618289,47.72272611618289,432750,0.0
BIL.US,道富SPDR彭博1-3个月美国国债ETF,1441944000000,2015-09-11,2015-09-11 00:00:00,47.72272611618289,47.733171011371375,47.72272611618289,47.733171011371375,273400,0.0
BIL.US,道富SPDR彭博1-3个月美国国债ETF,1442203200000,2015-09-14,2015-09-14 00:00:00,47.72272611618289,47.733171011371375,47.72272611618289,47.733171011371375,457050,0.0
BIL.US,道富SPDR彭博1-3个月美国国债ETF,1442289600000,2015-09-15,2015-09-15 00:00:00,47.74361590655986,47.74361590655986,47.72272611618289,47.72272611618289,201950,0.0
BIL.US,道富SPDR彭博1-3个月美国国债ETF,1442376000000,2015-09-16,2015-09-16 00:00:00,47.72272611618289,47.733171011371375,47.72272611618289,47.72272611618289,321450,0.0
BIL.US,道富SPDR彭博1-3个月美国国债ETF,1442462400000,2015-09-17,2015-09-17 00:00:00,47.72272611618289,47.733171011371375,47.72272611618289,47.72272611618289,425000,0.0
BIL.US,道富SPDR彭博1-3个月美国国债ETF,1442548800000,2015-09-18,2015-09-18 00:00:00,47.733171011371375,47.733171011371375,47.72272611618289,47.72272611618289,390500,0.0
BIL.US,道富SPDR彭博1-3个月美国国债ETF,1442808000000,2015-09-21,2015-09-21 00:00:00,47.72272611618289,47.733171011371375,47.72272611618289,47.733171011371375,281400,0.0
BIL.US,道富SPDR彭博1-3个月美国国债ETF,1442894400000,2015-09-22,2015-09-22 00:00:00,47.733171011371375,47.733171011371375,47.72272611618289,47.733171011371375,180850,0.0
BIL.US,道富SPDR彭博1-3个月美国国债ETF,1442980800000,2015-09-23,2015-09-23 00:00:00,47.733171011371375,47.733171011371375,47.72272611618289,47.72272611618289,223500,0.0
BIL.US,道富SPDR彭博1-3个月美国国债ETF,1443067200000,2015-09-24,2015-09-24 00:00:00,47.733171011371375,47.733171011371375,47.72272611618289,47.72272611618289,462750,0.0
BIL.US,道富SPDR彭博1-3个月美国国债ETF,1443153600000,2015-09-25,2015-09-25 00:00:00,47.72272611618289,47.733171011371375,47.72272611618289,47.72272611618289,554550,0.0
BIL.US,道富SPDR彭博1-3个月美国国债ETF,1443412800000,2015-09-28,2015-09-28 00:00:00,47.733171011371375,47.733171011371375,47.72272611618289,47.733171011371375,267100,0.0
BIL.US,道富SPDR彭博1-3个月美国国债ETF,1443499200000,2015-09-29,2015-09-29 00:00:00,47.72272611618289,47.733171011371375,47.72272611618289,47.733171011371375,1344350,0.0
BIL.US,道富SPDR彭博1-3个月美国国债ETF,1443585600000,2015-09-30,2015-09-30 00:00:00,47.733171011371375,47.733171011371375,47.72272611618289,47.72272611618289,494800,0.0
BIL.US,道富SPDR彭博1-3个月美国国债ETF,1443672000000,2015-10-01,2015-10-01 00:00:00,47.72272611618289,47.733171011371375,47.72272611618289,47.733171011371375,2686650,0.0
BIL.US,道富SPDR彭博1-3个月美国国债ETF,1443758400000,2015-10-02,2015-10-02 00:00:00,47.733171011371375,47.733171011371375,47.72272611618289,47.733171011371375,2358450,0.0
BIL.US,道富SPDR彭博1-3个月美国国债ETF,1444017600000,2015-10-05,2015-10-05 00:00:00,47.72272611618289,47.733171011371375,47.72272611618289,47.72272611618289,696850,0.0
BIL.US,道富SPDR彭博1-3个月美国国债ETF,1444104000000,2015-10-06,2015-10-06 00:00:00,47.72272611618289,47.733171011371375,47.72272611618289,47.72272611618289,1357750,0.0
BIL.US,道富SPDR彭博1-3个月美国国债ETF,1444190400000,2015-10-07,2015-10-07 00:00:00,47.72272611618289,47.733171011371375,47.72272611618289,47.72272611618289,716550,0.0
BIL.US,道富SPDR彭博1-3个月美国国债ETF,1444276800000,2015-10-08,2015-10-08 00:00:00,47.72272611618289,47.733171011371375,47.72272611618289,47.72272611618289,275100,0.0
BIL.US,道富SPDR彭博1-3个月美国国债ETF,1444363200000,2015-10-09,2015-10-09 00:00:00,47.72272611618289,47.733171011371375,47.72272611618289,47.72272611618289,774950,0.0
BIL.US,道富SPDR彭博1-3个月美国国债ETF,1444622400000,2015-10-12,2015-10-12 00:00:00,47.733171011371375,47.733171011371375,47.712281220994406,47.72272611618289,3216300,0.0
BIL.US,道富SPDR彭博1-3个月美国国债ETF,1444708800000,2015-10-13,2015-10-13 00:00:00,47.72272611618289,47.72272611618289,47.712281220994406,47.72272611618289,736400,0.0
BIL.US,道富SPDR彭博1-3个月美国国债ETF,1444795200000,2015-10-14,2015-10-14 00:00:00,47.72272611618289,47.72272611618289,47.712281220994406,47.72272611618289,370550,0.0
BIL.US,道富SPDR彭博1-3个月美国国债ETF,1444881600000,2015-10-15,2015-10-15 00:00:00,47.72272611618289,47.733171011371375,47.72272611618289,47.72272611618289,151850,0.0
BIL.US,道富SPDR彭博1-3个月美国国债ETF,1444968000000,2015-10-16,2015-10-16 00:00:00,47.733171011371375,47.733171011371375,47.72272611618289,47.72272611618289,577950,0.0
BIL.US,道富SPDR彭博1-3个月美国国债ETF,1445227200000,2015-10-19,2015-10-19 00:00:00,47.72272611618289,47.733171011371375,47.712281220994406,47.72272611618289,917200,0.0
BIL.US,道富SPDR彭博1-3个月美国国债ETF,1445313600000,2015-10-20,2015-10-20 00:00:00,47.72272611618289,47.72272611618289,47.712281220994406,47.712281220994406,546750,0.0
BIL.US,道富SPDR彭博1-3个月美国国债ETF,1445400000000,2015-10-21,2015-10-21 00:00:00,47.712281220994406,47.72272611618289,47.712281220994406,47.72272611618289,277100,0.0
BIL.US,道富SPDR彭博1-3个月美国国债ETF,1445486400000,2015-10-22,2015-10-22 00:00:00,47.72272611618289,47.72272611618289,47.712281220994406,47.72272611618289,327100,0.0
BIL.US,道富SPDR彭博1-3个月美国国债ETF,1445572800000,2015-10-23,2015-10-23 00:00:00,47.712281220994406,47.72272611618289,47.712281220994406,47.72272611618289,743550,0.0
BIL.US,道富SPDR彭博1-3个月美国国债ETF,1445832000000,2015-10-26,2015-10-26 00:00:00,47.72272611618289,47.72272611618289,47.712281220994406,47.712281220994406,1571850,0.0
BIL.US,道富SPDR彭博1-3个月美国国债ETF,1445918400000,2015-10-27,2015-10-27 00:00:00,47.712281220994406,47.72272611618289,47.712281220994406,47.712281220994406,231450,0.0
BIL.US,道富SPDR彭博1-3个月美国国债ETF,1446004800000,2015-10-28,2015-10-28 00:00:00,47.712281220994406,47.72272611618289,47.712281220994406,47.712281220994406,817900,0.0
BIL.US,道富SPDR彭博1-3个月美国国债ETF,1446091200000,2015-10-29,2015-10-29 00:00:00,47.72272611618289,47.72272611618289,47.712281220994406,47.712281220994406,429000,0.0
BIL.US,道富SPDR彭博1-3个月美国国债ETF,1446177600000,2015-10-30,2015-10-30 00:00:00,47.712281220994406,47.72272611618289,47.712281220994406,47.712281220994406,697900,0.0
BIL.US,道富SPDR彭博1-3个月美国国债ETF,1446440400000,2015-11-02,2015-11-02 00:00:00,47.712281220994406,47.72272611618289,47.70183632580592,47.712281220994406,8863450,0.0
BIL.US,道富SPDR彭博1-3个月美国国债ETF,1446526800000,2015-11-03,2015-11-03 00:00:00,47.72272611618289,47.72272611618289,47.712281220994406,47.72272611618289,532200,0.0
BIL.US,道富SPDR彭博1-3个月美国国债ETF,1446613200000,2015-11-04,2015-11-04 00:00:00,47.712281220994406,47.72272611618289,47.712281220994406,47.712281220994406,1298100,0.0
BIL.US,道富SPDR彭博1-3个月美国国债ETF,1446699600000,2015-11-05,2015-11-05 00:00:00,47.712281220994406,47.72272611618289,47.712281220994406,47.712281220994406,156000,0.0
BIL.US,道富SPDR彭博1-3个月美国国债ETF,1446786000000,2015-11-06,2015-11-06 00:00:00,47.712281220994406,47.72272611618289,47.712281220994406,47.712281220994406,956000,0.0
BIL.US,道富SPDR彭博1-3个月美国国债ETF,1447045200000,2015-11-09,2015-11-09 00:00:00,47.712281220994406,47.72272611618289,47.712281220994406,47.72272611618289,341650,0.0
BIL.US,道富SPDR彭博1-3个月美国国债ETF,1447131600000,2015-11-10,2015-11-10 00:00:00,47.72272611618289,47.72272611618289,47.712281220994406,47.712281220994406,1268400,0.0
BIL.US,道富SPDR彭博1-3个月美国国债ETF,1447218000000,2015-11-11,2015-11-11 00:00:00,47.712281220994406,47.72272611618289,47.712281220994406,47.72272611618289,268400,0.0
BIL.US,道富SPDR彭博1-3个月美国国债ETF,1447304400000,2015-11-12,2015-11-12 00:00:00,47.712281220994406,47.72272611618289,47.712281220994406,47.72272611618289,107150,0.0
BIL.US,道富SPDR彭博1-3个月美国国债ETF,1447390800000,2015-11-13,2015-11-13 00:00:00,47.72272611618289,47.72272611618289,47.712281220994406,47.712281220994406,357700,0.0
BIL.US,道富SPDR彭博1-3个月美国国债ETF,1447650000000,2015-11-16,2015-11-16 00:00:00,47.72272611618289,47.72272611618289,47.712281220994406,47.72272611618289,1754800,0.0
BIL.US,道富SPDR彭博1-3个月美国国债ETF,1447736400000,2015-11-17,2015-11-17 00:00:00,47.712281220994406,47.72272611618289,47.712281220994406,47.712281220994406,230100,0.0
BIL.US,道富SPDR彭博1-3个月美国国债ETF,1447822800000,2015-11-18,2015-11-18 00:00:00,47.712281220994406,47.72272611618289,47.712281220994406,47.712281220994406,454100,0.0
BIL.US,道富SPDR彭博1-3个月美国国债ETF,1447909200000,2015-11-19,2015-11-19 00:00:00,47.72272611618289,47.72272611618289,47.712281220994406,47.72272611618289,116100,0.0
BIL.US,道富SPDR彭博1-3个月美国国债ETF,1447995600000,2015-11-20,2015-11-20 00:00:00,47.72272611618289,47.72272611618289,47.712281220994406,47.712281220994406,536200,0.0
BIL.US,道富SPDR彭博1-3个月美国国债ETF,1448254800000,2015-11-23,2015-11-23 00:00:00,47.712281220994406,47.72272611618289,47.712281220994406,47.72272611618289,1124550,0.0
BIL.US,道富SPDR彭博1-3个月美国国债ETF,1448341200000,2015-11-24,2015-11-24 00:00:00,47.712281220994406,47.72272611618289,47.712281220994406,47.712281220994406,686550,0.0
BIL.US,道富SPDR彭博1-3个月美国国债ETF,1448427600000,2015-11-25,2015-11-25 00:00:00,47.712281220994406,47.72272611618289,47.712281220994406,47.712281220994406,695700,0.0
BIL.US,道富SPDR彭博1-3个月美国国债ETF,1448600400000,2015-11-27,2015-11-27 00:00:00,47.712281220994406,47.72272611618289,47.712281220994406,47.72272611618289,3610850,0.0
BIL.US,道富SPDR彭博1-3个月美国国债ETF,1448859600000,2015-11-30,2015-11-30 00:00:00,47.72272611618289,47.72272611618289,47.712281220994406,47.72272611618289,153550,0.0
BIL.US,道富SPDR彭博1-3个月美国国债ETF,1448946000000,2015-12-01,2015-12-01 00:00:00,47.72272611618289,47.72272611618289,47.712281220994406,47.712281220994406,183750,0.0
BIL.US,道富SPDR彭博1-3个月美国国债ETF,1449032400000,2015-12-02,2015-12-02 00:00:00,47.72272611618289,47.72272611618289,47.712281220994406,47.712281220994406,520800,0.0
BIL.US,道富SPDR彭博1-3个月美国国债ETF,1449118800000,2015-12-03,2015-12-03 00:00:00,47.72272611618289,47.72272611618289,47.712281220994406,47.72272611618289,529300,0.0
BIL.US,道富SPDR彭博1-3个月美国国债ETF,1449205200000,2015-12-04,2015-12-04 00:00:00,47.72272611618289,47.72272611618289,47.712281220994406,47.72272611618289,398850,0.0
BIL.US,道富SPDR彭博1-3个月美国国债ETF,1449464400000,2015-12-07,2015-12-07 00:00:00,47.712281220994406,47.72272611618289,47.712281220994406,47.72272611618289,239750,0.0
BIL.US,道富SPDR彭博1-3个月美国国债ETF,1449550800000,2015-12-08,2015-12-08 00:00:00,47.72272611618289,47.72272611618289,47.712281220994406,47.712281220994406,101150,0.0
BIL.US,道富SPDR彭博1-3个月美国国债ETF,1449637200000,2015-12-09,2015-12-09 00:00:00,47.712281220994406,47.712281220994406,47.70183632580592,47.70183632580592,411700,0.0
BIL.US,道富SPDR彭博1-3个月美国国债ETF,1449723600000,2015-12-10,2015-12-10 00:00:00,47.72272611618289,47.72272611618289,47.712281220994406,47.712281220994406,581700,0.0
BIL.US,道富SPDR彭博1-3个月美国国债ETF,1449810000000,2015-12-11,2015-12-11 00:00:00,47.712281220994406,47.72272611618289,47.712281220994406,47.72272611618289,673250,0.0
BIL.US,道富SPDR彭博1-3个月美国国债ETF,1450069200000,2015-12-14,2015-12-14 00:00:00,47.712281220994406,47.72272611618289,47.712281220994406,47.72272611618289,4853350,0.0
BIL.US,道富SPDR彭博1-3个月美国国债ETF,1450155600000,2015-12-15,2015-12-15 00:00:00,47.712281220994406,47.72272611618289,47.712281220994406,47.712281220994406,2550350,0.0
BIL.US,道富SPDR彭博1-3个月美国国债ETF,1450242000000,2015-12-16,2015-12-16 00:00:00,47.72272611618289,47.72272611618289,47.712281220994406,47.72272611618289,623400,0.0
BIL.US,道富SPDR彭博1-3个月美国国债ETF,1450328400000,2015-12-17,2015-12-17 00:00:00,47.712281220994406,47.72272611618289,47.712281220994406,47.712281220994406,1134550,0.0
BIL.US,道富SPDR彭博1-3个月美国国债ETF,1450414800000,2015-12-18,2015-12-18 00:00:00,47.712281220994406,47.72272611618289,47.712281220994406,47.72272611618289,877500,0.0
BIL.US,道富SPDR彭博1-3个月美国国债ETF,1450674000000,2015-12-21,2015-12-21 00:00:00,47.712281220994406,47.72272611618289,47.712281220994406,47.712281220994406,1594500,0.0
BIL.US,道富SPDR彭博1-3个月美国国债ETF,1450760400000,2015-12-22,2015-12-22 00:00:00,47.712281220994406,47.72272611618289,47.712281220994406,47.712281220994406,988400,0.0
BIL.US,道富SPDR彭博1-3个月美国国债ETF,1450846800000,2015-12-23,2015-12-23 00:00:00,47.72272611618289,47.72272611618289,47.712281220994406,47.712281220994406,247900,0.0
BIL.US,道富SPDR彭博1-3个月美国国债ETF,1450933200000,2015-12-24,2015-12-24 00:00:00,47.712281220994406,47.72272611618289,47.712281220994406,47.72272611618289,521050,0.0
BIL.US,道富SPDR彭博1-3个月美国国债ETF,1451278800000,2015-12-28,2015-12-28 00:00:00,47.72272611618289,47.72272611618289,47.712281220994406,47.712281220994406,243750,0.0
BIL.US,道富SPDR彭博1-3个月美国国债ETF,1451365200000,2015-12-29,2015-12-29 00:00:00,47.72272611618289,47.72272611618289,47.712281220994406,47.712281220994406,173050,0.0
BIL.US,道富SPDR彭博1-3个月美国国债ETF,1451451600000,2015-12-30,2015-12-30 00:00:00,47.72272611618289,47.72272611618289,47.712281220994406,47.72272611618289,299100,0.0
BIL.US,道富SPDR彭博1-3个月美国国债ETF,1451538000000,2015-12-31,2015-12-31 00:00:00,47.72272611618289,47.72272611618289,47.712281220994406,47.712281220994406,447800,0.0
BIL.US,道富SPDR彭博1-3个月美国国债ETF,1451883600000,2016-01-04,2016-01-04 00:00:00,47.72272611618289,47.72272611618289,47.712281220994406,47.72272611618289,1065800,0.0
BIL.US,道富SPDR彭博1-3个月美国国债ETF,1451970000000,2016-01-05,2016-01-05 00:00:00,47.712281220994406,47.72272611618289,47.712281220994406,47.72272611618289,4878450,0.0
BIL.US,道富SPDR彭博1-3个月美国国债ETF,1452056400000,2016-01-06,2016-01-06 00:00:00,47.712281220994406,47.712281220994406,47.70183632580592,47.70183632580592,377400,0.0
BIL.US,道富SPDR彭博1-3个月美国国债ETF,1452142800000,2016-01-07,2016-01-07 00:00:00,47.72272611618289,47.72272611618289,47.712281220994406,47.712281220994406,651350,0.0
BIL.US,道富SPDR彭博1-3个月美国国债ETF,1452229200000,2016-01-08,2016-01-08 00:00:00,47.712281220994406,47.72272611618289,47.712281220994406,47.712281220994406,585650,0.0
BIL.US,道富SPDR彭博1-3个月美国国债ETF,1452488400000,2016-01-11,2016-01-11 00:00:00,47.712281220994406,47.72272611618289,47.712281220994406,47.712281220994406,1457550,0.0
BIL.US,道富SPDR彭博1-3个月美国国债ETF,1452574800000,2016-01-12,2016-01-12 00:00:00,47.70183632580592,47.72272611618289,47.70183632580592,47.72272611618289,441900,0.0
BIL.US,道富SPDR彭博1-3个月美国国债ETF,1452661200000,2016-01-13,2016-01-13 00:00:00,47.712281220994406,47.72272611618289,47.70183632580592,47.712281220994406,2031450,0.0
BIL.US,道富SPDR彭博1-3个月美国国债ETF,1452747600000,2016-01-14,2016-01-14 00:00:00,47.72272611618289,47.72272611618289,47.70183632580592,47.70183632580592,1757450,0.0
BIL.US,道富SPDR彭博1-3个月美国国债ETF,1452834000000,2016-01-15,2016-01-15 00:00:00,47.70183632580592,47.712281220994406,47.70183632580592,47.70183632580592,601550,0.0
BIL.US,道富SPDR彭博1-3个月美国国债ETF,1453179600000,2016-01-19,2016-01-19 00:00:00,47.712281220994406,47.712281220994406,47.70183632580592,47.712281220994406,4424450,0.0
BIL.US,道富SPDR彭博1-3个月美国国债ETF,1453266000000,2016-01-20,2016-01-20 00:00:00,47.712281220994406,47.72272611618289,47.712281220994406,47.712281220994406,738700,0.0
BIL.US,道富SPDR彭博1-3个月美国国债ETF,1453352400000,2016-01-21,2016-01-21 00:00:00,47.712281220994406,47.72272611618289,47.712281220994406,47.72272611618289,1290650,0.0
BIL.US,道富SPDR彭博1-3个月美国国债ETF,1453438800000,2016-01-22,2016-01-22 00:00:00,47.72272611618289,47.72272611618289,47.70183632580592,47.70183632580592,1004350,0.0
BIL.US,道富SPDR彭博1-3个月美国国债ETF,1453698000000,2016-01-25,2016-01-25 00:00:00,47.712281220994406,47.712281220994406,47.70183632580592,47.712281220994406,605250,0.0
BIL.US,道富SPDR彭博1-3个月美国国债ETF,1453784400000,2016-01-26,2016-01-26 00:00:00,47.712281220994406,47.712281220994406,47.70183632580592,47.70183632580592,311800,0.0
BIL.US,道富SPDR彭博1-3个月美国国债ETF,1453870800000,2016-01-27,2016-01-27 00:00:00,47.712281220994406,47.712281220994406,47.70183632580592,47.712281220994406,1668300,0.0
BIL.US,道富SPDR彭博1-3个月美国国债ETF,1453957200000,2016-01-28,2016-01-28 00:00:00,47.70183632580592,47.712281220994406,47.70183632580592,47.712281220994406,163800,0.0
BIL.US,道富SPDR彭博1-3个月美国国债ETF,1454043600000,2016-01-29,2016-01-29 00:00:00,47.70183632580592,47.72272611618289,47.70183632580592,47.72272611618289,793200,0.0
BIL.US,道富SPDR彭博1-3个月美国国债ETF,1454302800000,2016-02-01,2016-02-01 00:00:00,47.712281220994406,47.72272611618289,47.70183632580592,47.70183632580592,844900,0.0
BIL.US,道富SPDR彭博1-3个月美国国债ETF,1454389200000,2016-02-02,2016-02-02 00:00:00,47.70183632580592,47.712281220994406,47.70183632580592,47.70183632580592,1627300,0.0
BIL.US,道富SPDR彭博1-3个月美国国债ETF,1454475600000,2016-02-03,2016-02-03 00:00:00,47.712281220994406,47.72272611618289,47.70183632580592,47.712281220994406,2395650,0.0
BIL.US,道富SPDR彭博1-3个月美国国债ETF,1454562000000,2016-02-04,2016-02-04 00:00:00,47.712281220994406,47.72272611618289,47.712281220994406,47.72272611618289,275450,0.0
BIL.US,道富SPDR彭博1-3个月美国国债ETF,1454648400000,2016-02-05,2016-02-05 00:00:00,47.72272611618289,47.72272611618289,47.712281220994406,47.72272611618289,324200,0.0
BIL.US,道富SPDR彭博1-3个月美国国债ETF,1454907600000,2016-02-08,2016-02-08 00:00:00,47.72272611618289,47.72272611618289,47.712281220994406,47.712281220994406,599450,0.0
BIL.US,道富SPDR彭博1-3个月美国国债ETF,1454994000000,2016-02-09,2016-02-09 00:00:00,47.72272611618289,47.72272611618289,47.712281220994406,47.72272611618289,869550,0.0
BIL.US,道富SPDR彭博1-3个月美国国债ETF,1455080400000,2016-02-10,2016-02-10 00:00:00,47.712281220994406,47.72272611618289,47.712281220994406,47.712281220994406,610950,0.0
BIL.US,道富SPDR彭博1-3个月美国国债ETF,1455166800000,2016-02-11,2016-02-11 00:00:00,47.72272611618289,47.72272611618289,47.712281220994406,47.72272611618289,465450,0.0
BIL.US,道富SPDR彭博1-3个月美国国债ETF,1455253200000,2016-02-12,2016-02-12 00:00:00,47.72272611618289,47.72272611618289,47.712281220994406,47.712281220994406,438850,0.0
BIL.US,道富SPDR彭博1-3个月美国国债ETF,1455598800000,2016-02-16,2016-02-16 00:00:00,47.72272611618289,47.72272611618289,47.712281220994406,47.712281220994406,392650,0.0
BIL.US,道富SPDR彭博1-3个月美国国债ETF,1455685200000,2016-02-17,2016-02-17 00:00:00,47.72272611618289,47.72272611618289,47.712281220994406,47.712281220994406,1282250,0.0
BIL.US,道富SPDR彭博1-3个月美国国债ETF,1455771600000,2016-02-18,2016-02-18 00:00:00,47.72272611618289,47.72272611618289,47.712281220994406,47.72272611618289,712250,0.0
BIL.US,道富SPDR彭博1-3个月美国国债ETF,1455858000000,2016-02-19,2016-02-19 00:00:00,47.72272611618289,47.72272611618289,47.712281220994406,47.72272611618289,911150,0.0
BIL.US,道富SPDR彭博1-3个月美国国债ETF,1456117200000,2016-02-22,2016-02-22 00:00:00,47.72272611618289,47.72272611618289,47.712281220994406,47.72272611618289,201600,0.0
BIL.US,道富SPDR彭博1-3个月美国国债ETF,1456203600000,2016-02-23,2016-02-23 00:00:00,47.72272611618289,47.72272611618289,47.712281220994406,47.712281220994406,1000450,0.0
BIL.US,道富SPDR彭博1-3个月美国国债ETF,1456290000000,2016-02-24,2016-02-24 00:00:00,47.72272611618289,47.72272611618289,47.712281220994406,47.72272611618289,664950,0.0
BIL.US,道富SPDR彭博1-3个月美国国债ETF,1456376400000,2016-02-25,2016-02-25 00:00:00,47.712281220994406,47.72272611618289,47.712281220994406,47.712281220994406,1243200,0.0
BIL.US,道富SPDR彭博1-3个月美国国债ETF,1456462800000,2016-02-26,2016-02-26 00:00:00,47.712281220994406,47.72272611618289,47.712281220994406,47.712281220994406,883250,0.0
BIL.US,道富SPDR彭博1-3个月美国国债ETF,1456722000000,2016-02-29,2016-02-29 00:00:00,47.72272611618289,47.72272611618289,47.712281220994406,47.72272611618289,1613200,0.0
BIL.US,道富SPDR彭博1-3个月美国国债ETF,1456808400000,2016-03-01,2016-03-01 00:00:00,47.712281220994406,47.72272611618289,47.712281220994406,47.72272611618289,630600,0.0
BIL.US,道富SPDR彭博1-3个月美国国债ETF,1456894800000,2016-03-02,2016-03-02 00:00:00,47.72272611618289,47.72272611618289,47.712281220994406,47.712281220994406,1869950,0.0
BIL.US,道富SPDR彭博1-3个月美国国债ETF,1456981200000,2016-03-03,2016-03-03 00:00:00,47.712281220994406,47.72272611618289,47.712281220994406,47.72272611618289,1296950,0.0
BIL.US,道富SPDR彭博1-3个月美国国债ETF,1457067600000,2016-03-04,2016-03-04 00:00:00,47.72272611618289,47.72272611618289,47.712281220994406,47.72272611618289,2205550,0.0
BIL.US,道富SPDR彭博1-3个月美国国债ETF,1457326800000,2016-03-07,2016-03-07 00:00:00,47.72272611618289,47.72272611618289,47.712281220994406,47.72272611618289,908700,0.0
BIL.US,道富SPDR彭博1-3个月美国国债ETF,1457413200000,2016-03-08,2016-03-08 00:00:00,47.712281220994406,47.72272611618289,47.712281220994406,47.712281220994406,542200,0.0
BIL.US,道富SPDR彭博1-3个月美国国债ETF,1457499600000,2016-03-09,2016-03-09 00:00:00,47.712281220994406,47.72272611618289,47.712281220994406,47.72272611618289,661400,0.0
BIL.US,道富SPDR彭博1-3个月美国国债ETF,1457586000000,2016-03-10,2016-03-10 00:00:00,47.712281220994406,47.72272611618289,47.712281220994406,47.72272611618289,198500,0.0
BIL.US,道富SPDR彭博1-3个月美国国债ETF,1457672400000,2016-03-11,2016-03-11 00:00:00,47.712281220994406,47.72272611618289,47.712281220994406,47.712281220994406,383600,0.0
BIL.US,道富SPDR彭博1-3个月美国国债ETF,1457928000000,2016-03-14,2016-03-14 00:00:00,47.712281220994406,47.72272611618289,47.712281220994406,47.712281220994406,292700,0.0
BIL.US,道富SPDR彭博1-3个月美国国债ETF,1458014400000,2016-03-15,2016-03-15 00:00:00,47.72272611618289,47.72272611618289,47.712281220994406,47.712281220994406,2669300,0.0
BIL.US,道富SPDR彭博1-3个月美国国债ETF,1458100800000,2016-03-16,2016-03-16 00:00:00,47.712281220994406,47.72272611618289,47.712281220994406,47.72272611618289,306250,0.0
BIL.US,道富SPDR彭博1-3个月美国国债ETF,1458187200000,2016-03-17,2016-03-17 00:00:00,47.72272611618289,47.733171011371375,47.712281220994406,47.712281220994406,199450,0.0
BIL.US,道富SPDR彭博1-3个月美国国债ETF,1458273600000,2016-03-18,2016-03-18 00:00:00,47.72272611618289,47.72272611618289,47.712281220994406,47.712281220994406,598800,0.0
BIL.US,道富SPDR彭博1-3个月美国国债ETF,1458532800000,2016-03-21,2016-03-21 00:00:00,47.712281220994406,47.72272611618289,47.712281220994406,47.72272611618289,1510600,0.0
BIL.US,道富SPDR彭博1-3个月美国国债ETF,1458619200000,2016-03-22,2016-03-22 00:00:00,47.712281220994406,47.72272611618289,47.712281220994406,47.72272611618289,286650,0.0
BIL.US,道富SPDR彭博1-3个月美国国债ETF,1458705600000,2016-03-23,2016-03-23 00:00:00,47.712281220994406,47.72272611618289,47.712281220994406,47.712281220994406,260400,0.0
BIL.US,道富SPDR彭博1-3个月美国国债ETF,1458792000000,2016-03-24,2016-03-24 00:00:00,47.712281220994406,47.72272611618289,47.712281220994406,47.72272611618289,711350,0.0
BIL.US,道富SPDR彭博1-3个月美国国债ETF,1459137600000,2016-03-28,2016-03-28 00:00:00,47.72272611618289,47.733171011371375,47.72272611618289,47.72272611618289,347950,0.0
BIL.US,道富SPDR彭博1-3个月美国国债ETF,1459224000000,2016-03-29,2016-03-29 00:00:00,47.72272611618289,47.733171011371375,47.72272611618289,47.72272611618289,631250,0.0
BIL.US,道富SPDR彭博1-3个月美国国债ETF,1459310400000,2016-03-30,2016-03-30 00:00:00,47.733171011371375,47.733171011371375,47.72272611618289,47.72272611618289,264000,0.0
BIL.US,道富SPDR彭博1-3个月美国国债ETF,1459396800000,2016-03-31,2016-03-31 00:00:00,47.72272611618289,47.733171011371375,47.72272611618289,47.72272611618289,2956800,0.0
BIL.US,道富SPDR彭博1-3个月美国国债ETF,1459483200000,2016-04-01,2016-04-01 00:00:00,47.72272611618289,47.733171011371375,47.72272611618289,47.72272611618289,942500,0.0
BIL.US,道富SPDR彭博1-3个月美国国债ETF,1459742400000,2016-04-04,2016-04-04 00:00:00,47.72272611618289,47.733171011371375,47.72272611618289,47.72272611618289,1619200,0.0
BIL.US,道富SPDR彭博1-3个月美国国债ETF,1459828800000,2016-04-05,2016-04-05 00:00:00,47.733171011371375,47.733171011371375,47.72272611618289,47.733171011371375,1829950,0.0
BIL.US,道富SPDR彭博1-3个月美国国债ETF,1459915200000,2016-04-06,2016-04-06 00:00:00,47.72272611618289,47.733171011371375,47.72272611618289,47.733171011371375,1081800,0.0
BIL.US,道富SPDR彭博1-3个月美国国债ETF,1460001600000,2016-04-07,2016-04-07 00:00:00,47.72272611618289,47.733171011371375,47.72272611618289,47.72272611618289,1307000,0.0
BIL.US,道富SPDR彭博1-3个月美国国债ETF,1460088000000,2016-04-08,2016-04-08 00:00:00,47.72272611618289,47.733171011371375,47.72272611618289,47.733171011371375,191950,0.0
BIL.US,道富SPDR彭博1-3个月美国国债ETF,1460347200000,2016-04-11,2016-04-11 00:00:00,47.72272611618289,47.733171011371375,47.72272611618289,47.72272611618289,587150,0.0
BIL.US,道富SPDR彭博1-3个月美国国债ETF,1460433600000,2016-04-12,2016-04-12 00:00:00,47.733171011371375,47.733171011371375,47.72272611618289,47.72272611618289,169600,0.0
BIL.US,道富SPDR彭博1-3个月美国国债ETF,1460520000000,2016-04-13,2016-04-13 00:00:00,47.72272611618289,47.733171011371375,47.72272611618289,47.733171011371375,182400,0.0
BIL.US,道富SPDR彭博1-3个月美国国债ETF,1460606400000,2016-04-14,2016-04-14 00:00:00,47.72272611618289,47.733171011371375,47.72272611618289,47.733171011371375,143950,0.0
BIL.US,道富SPDR彭博1-3个月美国国债ETF,1460692800000,2016-04-15,2016-04-15 00:00:00,47.733171011371375,47.733171011371375,47.72272611618289,47.72272611618289,219000,0.0
BIL.US,道富SPDR彭博1-3个月美国国债ETF,1460952000000,2016-04-18,2016-04-18 00:00:00,47.72272611618289,47.733171011371375,47.72272611618289,47.733171011371375,1972050,0.0
BIL.US,道富SPDR彭博1-3个月美国国债ETF,1461038400000,2016-04-19,2016-04-19 00:00:00,47.72272611618289,47.733171011371375,47.72272611618289,47.733171011371375,138400,0.0
BIL.US,道富SPDR彭博1-3个月美国国债ETF,1461124800000,2016-04-20,2016-04-20 00:00:00,47.733171011371375,47.733171011371375,47.72272611618289,47.733171011371375,199350,0.0
BIL.US,道富SPDR彭博1-3个月美国国债ETF,1461211200000,2016-04-21,2016-04-21 00:00:00,47.733171011371375,47.733171011371375,47.72272611618289,47.72272611618289,446300,0.0
BIL.US,道富SPDR彭博1-3个月美国国债ETF,1461297600000,2016-04-22,2016-04-22 00:00:00,47.733171011371375,47.733171011371375,47.72272611618289,47.733171011371375,388450,0.0
BIL.US,道富SPDR彭博1-3个月美国国债ETF,1461556800000,2016-04-25,2016-04-25 00:00:00,47.72272611618289,47.733171011371375,47.72272611618289,47.72272611618289,515350,0.0
BIL.US,道富SPDR彭博1-3个月美国国债ETF,1461643200000,2016-04-26,2016-04-26 00:00:00,47.72272611618289,47.733171011371375,47.72272611618289,47.733171011371375,250000,0.0
BIL.US,道富SPDR彭博1-3个月美国国债ETF,1461729600000,2016-04-27,2016-04-27 00:00:00,47.733171011371375,47.733171011371375,47.72272611618289,47.733171011371375,104050,0.0
BIL.US,道富SPDR彭博1-3个月美国国债ETF,1461816000000,2016-04-28,2016-04-28 00:00:00,47.72272611618289,47.733171011371375,47.72272611618289,47.733171011371375,274200,0.0
BIL.US,道富SPDR彭博1-3个月美国国债ETF,1461902400000,2016-04-29,2016-04-29 00:00:00,47.733171011371375,47.74361590655986,47.733171011371375,47.74361590655986,722100,0.0
BIL.US,道富SPDR彭博1-3个月美国国债ETF,1462161600000,2016-05-02,2016-05-02 00:00:00,47.74361590655986,47.74361590655986,47.733171011371375,47.733171011371375,370050,0.0
BIL.US,道富SPDR彭博1-3个月美国国债ETF,1462248000000,2016-05-03,2016-05-03 00:00:00,47.733171011371375,47.74361590655986,47.733171011371375,47.74361590655986,665850,0.0
BIL.US,道富SPDR彭博1-3个月美国国债ETF,1462334400000,2016-05-04,2016-05-04 00:00:00,47.733171011371375,47.74361590655986,47.733171011371375,47.733171011371375,700400,0.0
BIL.US,道富SPDR彭博1-3个月美国国债ETF,1462420800000,2016-05-05,2016-05-05 00:00:00,47.733171011371375,47.74361590655986,47.733171011371375,47.733171011371375,578500,0.0
BIL.US,道富SPDR彭博1-3个月美国国债ETF,1462507200000,2016-05-06,2016-05-06 00:00:00,47.733171011371375,47.74361590655986,47.733171011371375,47.74361590655986,2157200,0.0
BIL.US,道富SPDR彭博1-3个月美国国债ETF,1462766400000,2016-05-09,2016-05-09 00:00:00,47.74361590655986,47.74361590655986,47.733171011371375,47.74361590655986,108850,0.0
BIL.US,道富SPDR彭博1-3个月美国国债ETF,1462852800000,2016-05-10,2016-05-10 00:00:00,47.733171011371375,47.74361590655986,47.733171011371375,47.74361590655986,875050,0.0
BIL.US,道富SPDR彭博1-3个月美国国债ETF,1462939200000,2016-05-11,2016-05-11 00:00:00,47.733171011371375,47.733171011371375,47.72272611618289,47.72272611618289,156800,0.0
BIL.US,道富SPDR彭博1-3个月美国国债ETF,1463025600000,2016-05-12,2016-05-12 00:00:00,47.733171011371375,47.733171011371375,47.72272611618289,47.72272611618289,189900,0.0
BIL.US,道富SPDR彭博1-3个月美国国债ETF,1463112000000,2016-05-13,2016-05-13 00:00:00,47.72272611618289,47.733171011371375,47.72272611618289,47.72272611618289,512850,0.0
BIL.US,道富SPDR彭博1-3个月美国国债ETF,1463371200000,2016-05-16,2016-05-16 00:00:00,47.72272611618289,47.733171011371375,47.72272611618289,47.72272611618289,184500,0.0
BIL.US,道富SPDR彭博1-3个月美国国债ETF,1463457600000,2016-05-17,2016-05-17 00:00:00,47.733171011371375,47.733171011371375,47.72272611618289,47.72272611618289,410200,0.0
BIL.US,道富SPDR彭博1-3个月美国国债ETF,1463544000000,2016-05-18,2016-05-18 00:00:00,47.733171011371375,47.74361590655986,47.733171011371375,47.733171011371375,1319700,0.0
BIL.US,道富SPDR彭博1-3个月美国国债ETF,1463630400000,2016-05-19,2016-05-19 00:00:00,47.72272611618289,47.733171011371375,47.72272611618289,47.72272611618289,122150,0.0
BIL.US,道富SPDR彭博1-3个月美国国债ETF,1463716800000,2016-05-20,2016-05-20 00:00:00,47.733171011371375,47.74361590655986,47.72272611618289,47.733171011371375,389400,0.0
BIL.US,道富SPDR彭博1-3个月美国国债ETF,1463976000000,2016-05-23,2016-05-23 00:00:00,47.733171011371375,47.74361590655986,47.72272611618289,47.74361590655986,827400,0.0
BIL.US,道富SPDR彭博1-3个月美国国债ETF,1464062400000,2016-05-24,2016-05-24 00:00:00,47.733171011371375,47.74361590655986,47.72272611618289,47.72272611618289,612800,0.0
BIL.US,道富SPDR彭博1-3个月美国国债ETF,1464148800000,2016-05-25,2016-05-25 00:00:00,47.733171011371375,47.733171011371375,47.72272611618289,47.733171011371375,242100,0.0
BIL.US,道富SPDR彭博1-3个月美国国债ETF,1464235200000,2016-05-26,2016-05-26 00:00:00,47.733171011371375,47.74361590655986,47.72272611618289,47.733171011371375,284150,0.0
BIL.US,道富SPDR彭博1-3个月美国国债ETF,1464321600000,2016-05-27,2016-05-27 00:00:00,47.733171011371375,47.74361590655986,47.733171011371375,47.74361590655986,270350,0.0
BIL.US,道富SPDR彭博1-3个月美国国债ETF,1464667200000,2016-05-31,2016-05-31 00:00:00,47.74361590655986,47.74361590655986,47.72272611618289,47.74361590655986,498850,0.0
BIL.US,道富SPDR彭博1-3个月美国国债ETF,1464753600000,2016-06-01,2016-06-01 00:00:00,47.733171011371375,47.74361590655986,47.733171011371375,47.74361590655986,578400,0.0
BIL.US,道富SPDR彭博1-3个月美国国债ETF,1464840000000,2016-06-02,2016-06-02 00:00:00,47.733171011371375,47.74361590655986,47.733171011371375,47.733171011371375,175600,0.0
BIL.US,道富SPDR彭博1-3个月美国国债ETF,1464926400000,2016-06-03,2016-06-03 00:00:00,47.74361590655986,47.75406080174834,47.733171011371375,47.74361590655986,735650,0.0
BIL.US,道富SPDR彭博1-3个月美国国债ETF,1465185600000,2016-06-06,2016-06-06 00:00:00,47.74361590655986,47.75406080174834,47.74361590655986,47.75406080174834,365550,0.0
BIL.US,道富SPDR彭博1-3个月美国国债ETF,1465272000000,2016-06-07,2016-06-07 00:00:00,47.74361590655986,47.75406080174834,47.74361590655986,47.75406080174834,154600,0.0
BIL.US,道富SPDR彭博1-3个月美国国债ETF,1465358400000,2016-06-08,2016-06-08 00:00:00,47.74361590655986,47.75406080174834,47.74361590655986,47.75406080174834,250550,0.0
BIL.US,道富SPDR彭博1-3个月美国国债ETF,1465444800000,2016-06-09,2016-06-09 00:00:00,47.75406080174834,47.75406080174834,47.733171011371375,47.733171011371375,1767200,0.0
BIL.US,道富SPDR彭博1-3个月美国国债ETF,1465531200000,2016-06-10,2016-06-10 00:00:00,47.733171011371375,47.74361590655986,47.733171011371375,47.733171011371375,278100,0.0
BIL.US,道富SPDR彭博1-3个月美国国债ETF,1465790400000,2016-06-13,2016-06-13 00:00:00,47.74361590655986,47.74361590655986,47.733171011371375,47.733171011371375,159100,0.0
BIL.US,道富SPDR彭博1-3个月美国国债ETF,1465876800000,2016-06-14,2016-06-14 00:00:00,47.733171011371375,47.74361590655986,47.733171011371375,47.733171011371375,771300,0.0
BIL.US,道富SPDR彭博1-3个月美国国债ETF,1465963200000,2016-06-15,2016-06-15 00:00:00,47.74361590655986,47.74361590655986,47.733171011371375,47.733171011371375,683100,0.0
BIL.US,道富SPDR彭博1-3个月美国国债ETF,1466049600000,2016-06-16,2016-06-16 00:00:00,47.74361590655986,47.75406080174834,47.733171011371375,47.74361590655986,876400,0.0
BIL.US,道富SPDR彭博1-3个月美国国债ETF,1466136000000,2016-06-17,2016-06-17 00:00:00,47.74361590655986,47.75406080174834,47.733171011371375,47.733171011371375,463250,0.0
BIL.US,道富SPDR彭博1-3个月美国国债ETF,1466395200000,2016-06-20,2016-06-20 00:00:00,47.733171011371375,47.74361590655986,47.733171011371375,47.74361590655986,130900,0.0
BIL.US,道富SPDR彭博1-3个月美国国债ETF,1466481600000,2016-06-21,2016-06-21 00:00:00,47.74361590655986,47.75406080174834,47.733171011371375,47.74361590655986,965700,0.0
BIL.US,道富SPDR彭博1-3个月美国国债ETF,1466568000000,2016-06-22,2016-06-22 00:00:00,47.74361590655986,47.74361590655986,47.733171011371375,47.74361590655986,171250,0.0
BIL.US,道富SPDR彭博1-3个月美国国债ETF,1466654400000,2016-06-23,2016-06-23 00:00:00,47.733171011371375,47.74361590655986,47.733171011371375,47.74361590655986,1232700,0.0
BIL.US,道富SPDR彭博1-3个月美国国债ETF,1466740800000,2016-06-24,2016-06-24 00:00:00,47.733171011371375,47.74361590655986,47.733171011371375,47.733171011371375,640800,0.0
BIL.US,道富SPDR彭博1-3个月美国国债ETF,1467000000000,2016-06-27,2016-06-27 00:00:00,47.733171011371375,47.75406080174834,47.733171011371375,47.733171011371375,3124250,0.0
BIL.US,道富SPDR彭博1-3个月美国国债ETF,1467086400000,2016-06-28,2016-06-28 00:00:00,47.74361590655986,47.75406080174834,47.733171011371375,47.733171011371375,794050,0.0
BIL.US,道富SPDR彭博1-3个月美国国债ETF,1467172800000,2016-06-29,2016-06-29 00:00:00,47.75406080174834,47.75406080174834,47.733171011371375,47.733171011371375,1667550,0.0
BIL.US,道富SPDR彭博1-3个月美国国债ETF,1467259200000,2016-06-30,2016-06-30 00:00:00,47.74361590655986,47.75406080174834,47.733171011371375,47.733171011371375,690150,0.0
BIL.US,道富SPDR彭博1-3个月美国国债ETF,1467345600000,2016-07-01,2016-07-01 00:00:00,47.74361590655986,47.75406080174834,47.733171011371375,47.75406080174834,511550,0.0
BIL.US,道富SPDR彭博1-3个月美国国债ETF,1467691200000,2016-07-05,2016-07-05 00:00:00,47.74361590655986,47.75406080174834,47.733171011371375,47.75406080174834,1129200,0.0
BIL.US,道富SPDR彭博1-3个月美国国债ETF,1467777600000,2016-07-06,2016-07-06 00:00:00,47.75406080174834,47.75406080174834,47.733171011371375,47.74361590655986,734450,0.0
BIL.US,道富SPDR彭博1-3个月美国国债ETF,1467864000000,2016-07-07,2016-07-07 00:00:00,47.74361590655986,47.75406080174834,47.74361590655986,47.75406080174834,199950,0.0
BIL.US,道富SPDR彭博1-3个月美国国债ETF,1467950400000,2016-07-08,2016-07-08 00:00:00,47.75406080174834,47.75406080174834,47.733171011371375,47.74361590655986,724150,0.0
BIL.US,道富SPDR彭博1-3个月美国国债ETF,1468209600000,2016-07-11,2016-07-11 00:00:00,47.75406080174834,47.75406080174834,47.733171011371375,47.75406080174834,580150,0.0
BIL.US,道富SPDR彭博1-3个月美国国债ETF,1468296000000,2016-07-12,2016-07-12 00:00:00,47.74361590655986,47.74361590655986,47.733171011371375,47.733171011371375,1158200,0.0
BIL.US,道富SPDR彭博1-3个月美国国债ETF,1468382400000,2016-07-13,2016-07-13 00:00:00,47.733171011371375,47.74361590655986,47.733171011371375,47.74361590655986,422500,0.0
BIL.US,道富SPDR彭博1-3个月美国国债ETF,1468468800000,2016-07-14,2016-07-14 00:00:00,47.74361590655986,47.75406080174834,47.733171011371375,47.75406080174834,2044250,0.0
BIL.US,道富SPDR彭博1-3个月美国国债ETF,1468555200000,2016-07-15,2016-07-15 00:00:00,47.74361590655986,47.75406080174834,47.74361590655986,47.74361590655986,93400,0.0
BIL.US,道富SPDR彭博1-3个月美国国债ETF,1468814400000,2016-07-18,2016-07-18 00:00:00,47.74361590655986,47.75406080174834,47.74361590655986,47.74361590655986,167100,0.0
BIL.US,道富SPDR彭博1-3个月美国国债ETF,1468900800000,2016-07-19,2016-07-19 00:00:00,47.74361590655986,47.75406080174834,47.74361590655986,47.75406080174834,447400,0.0
BIL.US,道富SPDR彭博1-3个月美国国债ETF,1468987200000,2016-07-20,2016-07-20 00:00:00,47.74361590655986,47.75406080174834,47.74361590655986,47.75406080174834,167500,0.0
BIL.US,道富SPDR彭博1-3个月美国国债ETF,1469073600000,2016-07-21,2016-07-21 00:00:00,47.74361590655986,47.75406080174834,47.74361590655986,47.75406080174834,116700,0.0
BIL.US,道富SPDR彭博1-3个月美国国债ETF,1469160000000,2016-07-22,2016-07-22 00:00:00,47.74361590655986,47.75406080174834,47.74361590655986,47.75406080174834,180450,0.0
BIL.US,道富SPDR彭博1-3个月美国国债ETF,1469419200000,2016-07-25,2016-07-25 00:00:00,47.74361590655986,47.75406080174834,47.74361590655986,47.74361590655986,129050,0.0
BIL.US,道富SPDR彭博1-3个月美国国债ETF,1469505600000,2016-07-26,2016-07-26 00:00:00,47.74361590655986,47.75406080174834,47.74361590655986,47.74361590655986,180700,0.0
BIL.US,道富SPDR彭博1-3个月美国国债ETF,1469592000000,2016-07-27,2016-07-27 00:00:00,47.75406080174834,47.75406080174834,47.74361590655986,47.75406080174834,220300,0.0
BIL.US,道富SPDR彭博1-3个月美国国债ETF,1469678400000,2016-07-28,2016-07-28 00:00:00,47.74361590655986,47.75406080174834,47.74361590655986,47.74361590655986,136700,0.0
BIL.US,道富SPDR彭博1-3个月美国国债ETF,1469764800000,2016-07-29,2016-07-29 00:00:00,47.75406080174834,47.75406080174834,47.74361590655986,47.75406080174834,84000,0.0
BIL.US,道富SPDR彭博1-3个月美国国债ETF,1470024000000,2016-08-01,2016-08-01 00:00:00,47.74361590655986,47.75406080174834,47.74361590655986,47.74361590655986,97000,0.0
BIL.US,道富SPDR彭博1-3个月美国国债ETF,1470110400000,2016-08-02,2016-08-02 00:00:00,47.74361590655986,47.75406080174834,47.74361590655986,47.75406080174834,267100,0.0
BIL.US,道富SPDR彭博1-3个月美国国债ETF,1470196800000,2016-08-03,2016-08-03 00:00:00,47.74361590655986,47.75406080174834,47.74361590655986,47.74361590655986,658950,0.0
BIL.US,道富SPDR彭博1-3个月美国国债ETF,1470283200000,2016-08-04,2016-08-04 00:00:00,47.74361590655986,47.75406080174834,47.74361590655986,47.74361590655986,128750,0.0
BIL.US,道富SPDR彭博1-3个月美国国债ETF,1470369600000,2016-08-05,2016-08-05 00:00:00,47.74361590655986,47.75406080174834,47.74361590655986,47.74361590655986,192100,0.0
BIL.US,道富SPDR彭博1-3个月美国国债ETF,1470628800000,2016-08-08,2016-08-08 00:00:00,47.74361590655986,47.75406080174834,47.74361590655986,47.74361590655986,161400,0.0
BIL.US,道富SPDR彭博1-3个月美国国债ETF,1470715200000,2016-08-09,2016-08-09 00:00:00,47.75406080174834,47.75406080174834,47.74361590655986,47.74361590655986,1148800,0.0
BIL.US,道富SPDR彭博1-3个月美国国债ETF,1470801600000,2016-08-10,2016-08-10 00:00:00,47.74361590655986,47.75406080174834,47.74361590655986,47.74361590655986,100450,0.0
BIL.US,道富SPDR彭博1-3个月美国国债ETF,1470888000000,2016-08-11,2016-08-11 00:00:00,47.74361590655986,47.75406080174834,47.74361590655986,47.74361590655986,98900,0.0
BIL.US,道富SPDR彭博1-3个月美国国债ETF,1470974400000,2016-08-12,2016-08-12 00:00:00,47.75406080174834,47.75406080174834,47.74361590655986,47.74361590655986,101150,0.0
BIL.US,道富SPDR彭博1-3个月美国国债ETF,1471233600000,2016-08-15,2016-08-15 00:00:00,47.74361590655986,47.75406080174834,47.74361590655986,47.74361590655986,296650,0.0
BIL.US,道富SPDR彭博1-3个月美国国债ETF,1471320000000,2016-08-16,2016-08-16 00:00:00,47.74361590655986,47.75406080174834,47.74361590655986,47.74361590655986,101000,0.0
BIL.US,道富SPDR彭博1-3个月美国国债ETF,1471406400000,2016-08-17,2016-08-17 00:00:00,47.74361590655986,47.75406080174834,47.74361590655986,47.74361590655986,342800,0.0
BIL.US,道富SPDR彭博1-3个月美国国债ETF,1471492800000,2016-08-18,2016-08-18 00:00:00,47.74361590655986,47.75406080174834,47.74361590655986,47.75406080174834,109350,0.0
BIL.US,道富SPDR彭博1-3个月美国国债ETF,1471579200000,2016-08-19,2016-08-19 00:00:00,47.74361590655986,47.75406080174834,47.74361590655986,47.74361590655986,120200,0.0
BIL.US,道富SPDR彭博1-3个月美国国债ETF,1471838400000,2016-08-22,2016-08-22 00:00:00,47.74361590655986,47.75406080174834,47.74361590655986,47.74361590655986,1466200,0.0
BIL.US,道富SPDR彭博1-3个月美国国债ETF,1471924800000,2016-08-23,2016-08-23 00:00:00,47.75406080174834,47.75406080174834,47.74361590655986,47.74361590655986,124250,0.0
BIL.US,道富SPDR彭博1-3个月美国国债ETF,1472011200000,2016-08-24,2016-08-24 00:00:00,47.74361590655986,47.75406080174834,47.74361590655986,47.75406080174834,85100,0.0
BIL.US,道富SPDR彭博1-3个月美国国债ETF,1472097600000,2016-08-25,2016-08-25 00:00:00,47.75406080174834,47.75406080174834,47.74361590655986,47.74361590655986,154050,0.0
BIL.US,道富SPDR彭博1-3个月美国国债ETF,1472184000000,2016-08-26,2016-08-26 00:00:00,47.74361590655986,47.75406080174834,47.74361590655986,47.74361590655986,182050,0.0
BIL.US,道富SPDR彭博1-3个月美国国债ETF,1472443200000,2016-08-29,2016-08-29 00:00:00,47.75406080174834,47.76450569693682,47.74361590655986,47.75406080174834,330350,0.0
BIL.US,道富SPDR彭博1-3个月美国国债ETF,1472529600000,2016-08-30,2016-08-30 00:00:00,47.75406080174834,47.76450569693682,47.74361590655986,47.75406080174834,299450,0.0
BIL.US,道富SPDR彭博1-3个月美国国债ETF,1472616000000,2016-08-31,2016-08-31 00:00:00,47.75406080174834,47.76450569693682,47.74361590655986,47.75406080174834,190000,0.0
BIL.US,道富SPDR彭博1-3个月美国国债ETF,1472702400000,2016-09-01,2016-09-01 00:00:00,47.75406080174834,47.76450569693682,47.74361590655986,47.75406080174834,174350,0.0
BIL.US,道富SPDR彭博1-3个月美国国债ETF,1472788800000,2016-09-02,2016-09-02 00:00:00,47.75406080174834,47.76450569693682,47.75406080174834,47.76450569693682,307000,0.0
BIL.US,道富SPDR彭博1-3个月美国国债ETF,1473134400000,2016-09-06,2016-09-06 00:00:00,47.75406080174834,47.76450569693682,47.75406080174834,47.76450569693682,352500,0.0
BIL.US,道富SPDR彭博1-3个月美国国债ETF,1473220800000,2016-09-07,2016-09-07 00:00:00,47.76450569693682,47.76450569693682,47.75406080174834,47.75406080174834,790650,0.0
BIL.US,道富SPDR彭博1-3个月美国国债ETF,1473307200000,2016-09-08,2016-09-08 00:00:00,47.75406080174834,47.76450569693682,47.74361590655986,47.75406080174834,497150,0.0
BIL.US,道富SPDR彭博1-3个月美国国债ETF,1473393600000,2016-09-09,2016-09-09 00:00:00,47.76450569693682,47.76450569693682,47.75406080174834,47.76450569693682,342800,0.0
BIL.US,道富SPDR彭博1-3个月美国国债ETF,1473652800000,2016-09-12,2016-09-12 00:00:00,47.76450569693682,47.76450569693682,47.74361590655986,47.74361590655986,725000,0.0
BIL.US,道富SPDR彭博1-3个月美国国债ETF,1473739200000,2016-09-13,2016-09-13 00:00:00,47.76450569693682,47.76450569693682,47.74361590655986,47.75406080174834,264650,0.0
BIL.US,道富SPDR彭博1-3个月美国国债ETF,1473825600000,2016-09-14,2016-09-14 00:00:00,47.76450569693682,47.76450569693682,47.75406080174834,47.75406080174834,202550,0.0
BIL.US,道富SPDR彭博1-3个月美国国债ETF,1473912000000,2016-09-15,2016-09-15 00:00:00,47.75406080174834,47.76450569693682,47.74361590655986,47.75406080174834,374150,0.0
BIL.US,道富SPDR彭博1-3个月美国国债ETF,1473998400000,2016-09-16,2016-09-16 00:00:00,47.76450569693682,47.76450569693682,47.75406080174834,47.75406080174834,425950,0.0
BIL.US,道富SPDR彭博1-3个月美国国债ETF,1474257600000,2016-09-19,2016-09-19 00:00:00,47.76450569693682,47.76450569693682,47.75406080174834,47.75406080174834,1269550,0.0
BIL.US,道富SPDR彭博1-3个月美国国债ETF,1474344000000,2016-09-20,2016-09-20 00:00:00,47.75406080174834,47.76450569693682,47.75406080174834,47.75406080174834,706800,0.0
BIL.US,道富SPDR彭博1-3个月美国国债ETF,1474430400000,2016-09-21,2016-09-21 00:00:00,47.75406080174834,47.76450569693682,47.75406080174834,47.75406080174834,536150,0.0
BIL.US,道富SPDR彭博1-3个月美国国债ETF,1474516800000,2016-09-22,2016-09-22 00:00:00,47.76450569693682,47.76450569693682,47.75406080174834,47.76450569693682,514950,0.0
BIL.US,道富SPDR彭博1-3个月美国国债ETF,1474603200000,2016-09-23,2016-09-23 00:00:00,47.76450569693682,47.774950592125315,47.75406080174834,47.76450569693682,369250,0.0
BIL.US,道富SPDR彭博1-3个月美国国债ETF,1474862400000,2016-09-26,2016-09-26 00:00:00,47.75406080174834,47.76450569693682,47.75406080174834,47.76450569693682,433400,0.0
BIL.US,道富SPDR彭博1-3个月美国国债ETF,1474948800000,2016-09-27,2016-09-27 00:00:00,47.76450569693682,47.76450569693682,47.75406080174834,47.75406080174834,453800,0.0
BIL.US,道富SPDR彭博1-3个月美国国债ETF,1475035200000,2016-09-28,2016-09-28 00:00:00,47.75406080174834,47.76450569693682,47.75406080174834,47.75406080174834,481200,0.0
BIL.US,道富SPDR彭博1-3个月美国国债ETF,1475121600000,2016-09-29,2016-09-29 00:00:00,47.75406080174834,47.76450569693682,47.75406080174834,47.75406080174834,878100,0.0
BIL.US,道富SPDR彭博1-3个月美国国债ETF,1475208000000,2016-09-30,2016-09-30 00:00:00,47.75406080174834,47.76450569693682,47.75406080174834,47.76450569693682,458350,0.0
BIL.US,道富SPDR彭博1-3个月美国国债ETF,1475467200000,2016-10-03,2016-10-03 00:00:00,47.76450569693682,47.76450569693682,47.75406080174834,47.75406080174834,231800,0.0
BIL.US,道富SPDR彭博1-3个月美国国债ETF,1475553600000,2016-10-04,2016-10-04 00:00:00,47.75406080174834,47.76450569693682,47.75406080174834,47.76450569693682,392400,0.0
BIL.US,道富SPDR彭博1-3个月美国国债ETF,1475640000000,2016-10-05,2016-10-05 00:00:00,47.75406080174834,47.76450569693682,47.75406080174834,47.76450569693682,518500,0.0
BIL.US,道富SPDR彭博1-3个月美国国债ETF,1475726400000,2016-10-06,2016-10-06 00:00:00,47.76450569693682,47.76450569693682,47.75406080174834,47.76450569693682,193850,0.0
BIL.US,道富SPDR彭博1-3个月美国国债ETF,1475812800000,2016-10-07,2016-10-07 00:00:00,47.76450569693682,47.76450569693682,47.75406080174834,47.76450569693682,139550,0.0
BIL.US,道富SPDR彭博1-3个月美国国债ETF,1476072000000,2016-10-10,2016-10-10 00:00:00,47.76450569693682,47.76450569693682,47.75406080174834,47.76450569693682,67050,0.0
BIL.US,道富SPDR彭博1-3个月美国国债ETF,1476158400000,2016-10-11,2016-10-11 00:00:00,47.76450569693682,47.76450569693682,47.75406080174834,47.75406080174834,374900,0.0
BIL.US,道富SPDR彭博1-3个月美国国债ETF,1476244800000,2016-10-12,2016-10-12 00:00:00,47.75406080174834,47.76450569693682,47.75406080174834,47.76450569693682,411550,0.0
BIL.US,道富SPDR彭博1-3个月美国国债ETF,1476331200000,2016-10-13,2016-10-13 00:00:00,47.76450569693682,47.76450569693682,47.75406080174834,47.75406080174834,156250,0.0
BIL.US,道富SPDR彭博1-3个月美国国债ETF,1476417600000,2016-10-14,2016-10-14 00:00:00,47.75406080174834,47.76450569693682,47.75406080174834,47.75406080174834,130100,0.0
BIL.US,道富SPDR彭博1-3个月美国国债ETF,1476676800000,2016-10-17,2016-10-17 00:00:00,47.76450569693682,47.76450569693682,47.75406080174834,47.75406080174834,237750,0.0
BIL.US,道富SPDR彭博1-3个月美国国债ETF,1476763200000,2016-10-18,2016-10-18 00:00:00,47.75406080174834,47.76450569693682,47.75406080174834,47.75406080174834,180350,0.0
BIL.US,道富SPDR彭博1-3个月美国国债ETF,1476849600000,2016-10-19,2016-10-19 00:00:00,47.75406080174834,47.76450569693682,47.75406080174834,47.76450569693682,138150,0.0
BIL.US,道富SPDR彭博1-3个月美国国债ETF,1476936000000,2016-10-20,2016-10-20 00:00:00,47.76450569693682,47.76450569693682,47.75406080174834,47.75406080174834,261900,0.0
BIL.US,道富SPDR彭博1-3个月美国国债ETF,1477022400000,2016-10-21,2016-10-21 00:00:00,47.75406080174834,47.76450569693682,47.75406080174834,47.75406080174834,424150,0.0
BIL.US,道富SPDR彭博1-3个月美国国债ETF,1477281600000,2016-10-24,2016-10-24 00:00:00,47.76450569693682,47.76450569693682,47.75406080174834,47.75406080174834,106800,0.0
BIL.US,道富SPDR彭博1-3个月美国国债ETF,1477368000000,2016-10-25,2016-10-25 00:00:00,47.76450569693682,47.76450569693682,47.75406080174834,47.75406080174834,175350,0.0
BIL.US,道富SPDR彭博1-3个月美国国债ETF,1477454400000,2016-10-26,2016-10-26 00:00:00,47.75406080174834,47.76450569693682,47.75406080174834,47.76450569693682,200900,0.0
BIL.US,道富SPDR彭博1-3个月美国国债ETF,1477540800000,2016-10-27,2016-10-27 00:00:00,47.76450569693682,47.76450569693682,47.75406080174834,47.75406080174834,184200,0.0
BIL.US,道富SPDR彭博1-3个月美国国债ETF,1477627200000,2016-10-28,2016-10-28 00:00:00,47.774950592125315,47.774950592125315,47.75406080174834,47.76450569693682,546550,0.0
BIL.US,道富SPDR彭博1-3个月美国国债ETF,1477886400000,2016-10-31,2016-10-31 00:00:00,47.76450569693682,47.774950592125315,47.76450569693682,47.774950592125315,735450,0.0
BIL.US,道富SPDR彭博1-3个月美国国债ETF,1477972800000,2016-11-01,2016-11-01 00:00:00,47.774950592125315,47.774950592125315,47.76450569693682,47.76450569693682,1208600,0.0
BIL.US,道富SPDR彭博1-3个月美国国债ETF,1478059200000,2016-11-02,2016-11-02 00:00:00,47.774950592125315,47.774950592125315,47.76450569693682,47.774950592125315,499750,0.0
BIL.US,道富SPDR彭博1-3个月美国国债ETF,1478145600000,2016-11-03,2016-11-03 00:00:00,47.774950592125315,47.774950592125315,47.76450569693682,47.76450569693682,212400,0.0
BIL.US,道富SPDR彭博1-3个月美国国债ETF,1478232000000,2016-11-04,2016-11-04 00:00:00,47.76450569693682,47.774950592125315,47.76450569693682,47.774950592125315,554100,0.0
BIL.US,道富SPDR彭博1-3个月美国国债ETF,1478494800000,2016-11-07,2016-11-07 00:00:00,47.774950592125315,47.774950592125315,47.76450569693682,47.76450569693682,1122200,0.0
BIL.US,道富SPDR彭博1-3个月美国国债ETF,1478581200000,2016-11-08,2016-11-08 00:00:00,47.76450569693682,47.774950592125315,47.76450569693682,47.774950592125315,360450,0.0
BIL.US,道富SPDR彭博1-3个月美国国债ETF,1478667600000,2016-11-09,2016-11-09 00:00:00,47.76450569693682,47.774950592125315,47.75406080174834,47.75406080174834,596850,0.0
BIL.US,道富SPDR彭博1-3个月美国国债ETF,1478754000000,2016-11-10,2016-11-10 00:00:00,47.75406080174834,47.76450569693682,47.75406080174834,47.75406080174834,966300,0.0
BIL.US,道富SPDR彭博1-3个月美国国债ETF,1478840400000,2016-11-11,2016-11-11 00:00:00,47.76450569693682,47.76450569693682,47.733171011371375,47.733171011371375,1164250,0.0
BIL.US,道富SPDR彭博1-3个月美国国债ETF,1479099600000,2016-11-14,2016-11-14 00:00:00,47.75406080174834,47.76450569693682,47.75406080174834,47.75406080174834,735500,0.0
BIL.US,道富SPDR彭博1-3个月美国国债ETF,1479186000000,2016-11-15,2016-11-15 00:00:00,47.76450569693682,47.76450569693682,47.75406080174834,47.76450569693682,1437100,0.0
BIL.US,道富SPDR彭博1-3个月美国国债ETF,1479272400000,2016-11-16,2016-11-16 00:00:00,47.76450569693682,47.76450569693682,47.75406080174834,47.76450569693682,611850,0.0
BIL.US,道富SPDR彭博1-3个月美国国债ETF,1479358800000,2016-11-17,2016-11-17 00:00:00,47.76450569693682,47.774950592125315,47.75406080174834,47.774950592125315,906650,0.0
BIL.US,道富SPDR彭博1-3个月美国国债ETF,1479445200000,2016-11-18,2016-11-18 00:00:00,47.76450569693682,47.774950592125315,47.76450569693682,47.76450569693682,554550,0.0
BIL.US,道富SPDR彭博1-3个月美国国债ETF,1479704400000,2016-11-21,2016-11-21 00:00:00,47.76450569693682,47.774950592125315,47.75406080174834,47.75406080174834,234800,0.0
BIL.US,道富SPDR彭博1-3个月美国国债ETF,1479790800000,2016-11-22,2016-11-22 00:00:00,47.76450569693682,47.76450569693682,47.75406080174834,47.75406080174834,1102700,0.0
BIL.US,道富SPDR彭博1-3个月美国国债ETF,1479877200000,2016-11-23,2016-11-23 00:00:00,47.75406080174834,47.76450569693682,47.75406080174834,47.75406080174834,454950,0.0
BIL.US,道富SPDR彭博1-3个月美国国债ETF,1480050000000,2016-11-25,2016-11-25 00:00:00,47.76450569693682,47.76450569693682,47.75406080174834,47.76450569693682,171350,0.0
BIL.US,道富SPDR彭博1-3个月美国国债ETF,1480309200000,2016-11-28,2016-11-28 00:00:00,47.774950592125315,47.774950592125315,47.75406080174834,47.75406080174834,122900,0.0
BIL.US,道富SPDR彭博1-3个月美国国债ETF,1480395600000,2016-11-29,2016-11-29 00:00:00,47.76450569693682,47.774950592125315,47.75406080174834,47.75406080174834,122450,0.0
BIL.US,道富SPDR彭博1-3个月美国国债ETF,1480482000000,2016-11-30,2016-11-30 00:00:00,47.75406080174834,47.76450569693682,47.75406080174834,47.75406080174834,503150,0.0
BIL.US,道富SPDR彭博1-3个月美国国债ETF,1480568400000,2016-12-01,2016-12-01 00:00:00,47.733171011371375,47.75406080174834,47.733171011371375,47.75406080174834,2137550,0.0
BIL.US,道富SPDR彭博1-3个月美国国债ETF,1480654800000,2016-12-02,2016-12-02 00:00:00,47.75406080174834,47.75406080174834,47.74361590655986,47.74361590655986,411650,0.0
BIL.US,道富SPDR彭博1-3个月美国国债ETF,1480914000000,2016-12-05,2016-12-05 00:00:00,47.75406080174834,47.75406080174834,47.74361590655986,47.74361590655986,897100,0.0
BIL.US,道富SPDR彭博1-3个月美国国债ETF,1481000400000,2016-12-06,2016-12-06 00:00:00,47.74361590655986,47.75406080174834,47.74361590655986,47.75406080174834,278850,0.0
BIL.US,道富SPDR彭博1-3个月美国国债ETF,1481086800000,2016-12-07,2016-12-07 00:00:00,47.74361590655986,47.75406080174834,47.74361590655986,47.75406080174834,431450,0.0
BIL.US,道富SPDR彭博1-3个月美国国债ETF,1481173200000,2016-12-08,2016-12-08 00:00:00,47.74361590655986,47.75406080174834,47.74361590655986,47.75406080174834,463700,0.0
BIL.US,道富SPDR彭博1-3个月美国国债ETF,1481259600000,2016-12-09,2016-12-09 00:00:00,47.75406080174834,47.75406080174834,47.74361590655986,47.75406080174834,390000,0.0
BIL.US,道富SPDR彭博1-3个月美国国债ETF,1481518800000,2016-12-12,2016-12-12 00:00:00,47.74361590655986,47.75406080174834,47.74361590655986,47.74361590655986,212850,0.0
BIL.US,道富SPDR彭博1-3个月美国国债ETF,1481605200000,2016-12-13,2016-12-13 00:00:00,47.733171011371375,47.75406080174834,47.733171011371375,47.75406080174834,531850,0.0
BIL.US,道富SPDR彭博1-3个月美国国债ETF,1481691600000,2016-12-14,2016-12-14 00:00:00,47.75406080174834,47.75406080174834,47.74361590655986,47.75406080174834,219150,0.0
BIL.US,道富SPDR彭博1-3个月美国国债ETF,1481778000000,2016-12-15,2016-12-15 00:00:00,47.75406080174834,47.75406080174834,47.74361590655986,47.75406080174834,221850,0.0
BIL.US,道富SPDR彭博1-3个月美国国债ETF,1481864400000,2016-12-16,2016-12-16 00:00:00,47.75406080174834,47.75406080174834,47.74361590655986,47.74361590655986,220900,0.0
BIL.US,道富SPDR彭博1-3个月美国国债ETF,1482123600000,2016-12-19,2016-12-19 00:00:00,47.74361590655986,47.75406080174834,47.74361590655986,47.75406080174834,188700,0.0
BIL.US,道富SPDR彭博1-3个月美国国债ETF,1482210000000,2016-12-20,2016-12-20 00:00:00,47.74361590655986,47.75406080174834,47.74361590655986,47.74361590655986,308100,0.0
BIL.US,道富SPDR彭博1-3个月美国国债ETF,1482296400000,2016-12-21,2016-12-21 00:00:00,47.75406080174834,47.75406080174834,47.74361590655986,47.75406080174834,217850,0.0
BIL.US,道富SPDR彭博1-3个月美国国债ETF,1482382800000,2016-12-22,2016-12-22 00:00:00,47.75406080174834,47.75406080174834,47.74361590655986,47.74361590655986,263050,0.0
BIL.US,道富SPDR彭博1-3个月美国国债ETF,1482469200000,2016-12-23,2016-12-23 00:00:00,47.74361590655986,47.75406080174834,47.74361590655986,47.74361590655986,238000,0.0
BIL.US,道富SPDR彭博1-3个月美国国债ETF,1482814800000,2016-12-27,2016-12-27 00:00:00,47.74361590655986,47.75406080174834,47.74361590655986,47.75406080174834,231850,0.0
BIL.US,道富SPDR彭博1-3个月美国国债ETF,1482901200000,2016-12-28,2016-12-28 00:00:00,47.74361590655986,47.74361590655986,47.733171011371375,47.74361590655986,190200,0.0
BIL.US,道富SPDR彭博1-3个月美国国债ETF,1482987600000,2016-12-29,2016-12-29 00:00:00,47.75406080174834,47.75406080174834,47.733171011371375,47.75406080174834,286650,0.0
BIL.US,道富SPDR彭博1-3个月美国国债ETF,1483074000000,2016-12-30,2016-12-30 00:00:00,47.74361590655986,47.74361590655986,47.733171011371375,47.733171011371375,156600,0.0
BIL.US,道富SPDR彭博1-3个月美国国债ETF,1483419600000,2017-01-03,2017-01-03 00:00:00,47.75406080174834,47.75406080174834,47.74361590655986,47.75406080174834,1769500,0.0
BIL.US,道富SPDR彭博1-3个月美国国债ETF,1483506000000,2017-01-04,2017-01-04 00:00:00,47.75406080174834,47.75406080174834,47.74361590655986,47.75406080174834,522750,0.0
BIL.US,道富SPDR彭博1-3个月美国国债ETF,1483592400000,2017-01-05,2017-01-05 00:00:00,47.75406080174834,47.75406080174834,47.74361590655986,47.74361590655986,627500,0.0
BIL.US,道富SPDR彭博1-3个月美国国债ETF,1483678800000,2017-01-06,2017-01-06 00:00:00,47.75406080174834,47.75406080174834,47.74361590655986,47.75406080174834,321550,0.0
BIL.US,道富SPDR彭博1-3个月美国国债ETF,1483938000000,2017-01-09,2017-01-09 00:00:00,47.74361590655986,47.75406080174834,47.74361590655986,47.75406080174834,198600,0.0
BIL.US,道富SPDR彭博1-3个月美国国债ETF,1484024400000,2017-01-10,2017-01-10 00:00:00,47.75406080174834,47.75406080174834,47.74361590655986,47.74361590655986,139000,0.0
BIL.US,道富SPDR彭博1-3个月美国国债ETF,1484110800000,2017-01-11,2017-01-11 00:00:00,47.74361590655986,47.75406080174834,47.74361590655986,47.75406080174834,707250,0.0
BIL.US,道富SPDR彭博1-3个月美国国债ETF,1484197200000,2017-01-12,2017-01-12 00:00:00,47.74361590655986,47.75406080174834,47.74361590655986,47.75406080174834,221350,0.0
BIL.US,道富SPDR彭博1-3个月美国国债ETF,1484283600000,2017-01-13,2017-01-13 00:00:00,47.74361590655986,47.75406080174834,47.74361590655986,47.75406080174834,159800,0.0
BIL.US,道富SPDR彭博1-3个月美国国债ETF,1484629200000,2017-01-17,2017-01-17 00:00:00,47.74361590655986,47.75406080174834,47.74361590655986,47.75406080174834,353250,0.0
BIL.US,道富SPDR彭博1-3个月美国国债ETF,1484715600000,2017-01-18,2017-01-18 00:00:00,47.74361590655986,47.75406080174834,47.74361590655986,47.74361590655986,235400,0.0
BIL.US,道富SPDR彭博1-3个月美国国债ETF,1484802000000,2017-01-19,2017-01-19 00:00:00,47.75406080174834,47.75406080174834,47.74361590655986,47.74361590655986,188700,0.0
BIL.US,道富SPDR彭博1-3个月美国国债ETF,1484888400000,2017-01-20,2017-01-20 00:00:00,47.74361590655986,47.75406080174834,47.74361590655986,47.75406080174834,153650,0.0
BIL.US,道富SPDR彭博1-3个月美国国债ETF,1485147600000,2017-01-23,2017-01-23 00:00:00,47.74361590655986,47.75406080174834,47.74361590655986,47.74361590655986,507200,0.0
BIL.US,道富SPDR彭博1-3个月美国国债ETF,1485234000000,2017-01-24,2017-01-24 00:00:00,47.74361590655986,47.75406080174834,47.74361590655986,47.74361590655986,588300,0.0
BIL.US,道富SPDR彭博1-3个月美国国债ETF,1485320400000,2017-01-25,2017-01-25 00:00:00,47.74361590655986,47.75406080174834,47.74361590655986,47.75406080174834,440100,0.0
BIL.US,道富SPDR彭博1-3个月美国国债ETF,1485406800000,2017-01-26,2017-01-26 00:00:00,47.75406080174834,47.76450569693682,47.74361590655986,47.76450569693682,357350,0.0
BIL.US,道富SPDR彭博1-3个月美国国债ETF,1485493200000,2017-01-27,2017-01-27 00:00:00,47.75406080174834,47.76450569693682,47.74361590655986,47.74361590655986,228000,0.0
BIL.US,道富SPDR彭博1-3个月美国国债ETF,1485752400000,2017-01-30,2017-01-30 00:00:00,47.74361590655986,47.76450569693682,47.74361590655986,47.76450569693682,272650,0.0
BIL.US,道富SPDR彭博1-3个月美国国债ETF,1485838800000,2017-01-31,2017-01-31 00:00:00,47.75406080174834,47.76450569693682,47.75406080174834,47.75406080174834,173800,0.0
BIL.US,道富SPDR彭博1-3个月美国国债ETF,1485925200000,2017-02-01,2017-02-01 00:00:00,47.733171011371375,47.75406080174834,47.733171011371375,47.74361590655986,264050,0.0
BIL.US,道富SPDR彭博1-3个月美国国债ETF,1486011600000,2017-02-02,2017-02-02 00:00:00,47.733171011371375,47.75406080174834,47.733171011371375,47.74361590655986,288000,0.0
BIL.US,道富SPDR彭博1-3个月美国国债ETF,1486098000000,2017-02-03,2017-02-03 00:00:00,47.74361590655986,47.75406080174834,47.733171011371375,47.733171011371375,414700,0.0
BIL.US,道富SPDR彭博1-3个月美国国债ETF,1486357200000,2017-02-06,2017-02-06 00:00:00,47.74361590655986,47.75406080174834,47.733171011371375,47.75406080174834,206550,0.0
BIL.US,道富SPDR彭博1-3个月美国国债ETF,1486443600000,2017-02-07,2017-02-07 00:00:00,47.75406080174834,47.75406080174834,47.74361590655986,47.75406080174834,446850,0.0
BIL.US,道富SPDR彭博1-3个月美国国债ETF,1486530000000,2017-02-08,2017-02-08 00:00:00,47.74361590655986,47.75406080174834,47.74361590655986,47.75406080174834,265100,0.0
BIL.US,道富SPDR彭博1-3个月美国国债ETF,1486616400000,2017-02-09,2017-02-09 00:00:00,47.74361590655986,47.75406080174834,47.74361590655986,47.75406080174834,336550,0.0
BIL.US,道富SPDR彭博1-3个月美国国债ETF,1486702800000,2017-02-10,2017-02-10 00:00:00,47.75406080174834,47.75406080174834,47.74361590655986,47.74361590655986,566050,0.0
BIL.US,道富SPDR彭博1-3个月美国国债ETF,1486962000000,2017-02-13,2017-02-13 00:00:00,47.74361590655986,47.75406080174834,47.74361590655986,47.74361590655986,191000,0.0
BIL.US,道富SPDR彭博1-3个月美国国债ETF,1487048400000,2017-02-14,2017-02-14 00:00:00,47.75406080174834,47.75406080174834,47.74361590655986,47.75406080174834,124500,0.0
BIL.US,道富SPDR彭博1-3个月美国国债ETF,1487134800000,2017-02-15,2017-02-15 00:00:00,47.75406080174834,47.75406080174834,47.74361590655986,47.74361590655986,374350,0.0
BIL.US,道富SPDR彭博1-3个月美国国债ETF,1487221200000,2017-02-16,2017-02-16 00:00:00,47.74361590655986,47.75406080174834,47.74361590655986,47.74361590655986,122400,0.0
BIL.US,道富SPDR彭博1-3个月美国国债ETF,1487307600000,2017-02-17,2017-02-17 00:00:00,47.75406080174834,47.75406080174834,47.74361590655986,47.75406080174834,154300,0.0
BIL.US,道富SPDR彭博1-3个月美国国债ETF,1487653200000,2017-02-21,2017-02-21 00:00:00,47.74361590655986,47.75406080174834,47.74361590655986,47.74361590655986,297000,0.0
BIL.US,道富SPDR彭博1-3个月美国国债ETF,1487739600000,2017-02-22,2017-02-22 00:00:00,47.74361590655986,47.75406080174834,47.74361590655986,47.74361590655986,270350,0.0
BIL.US,道富SPDR彭博1-3个月美国国债ETF,1487826000000,2017-02-23,2017-02-23 00:00:00,47.74361590655986,47.75406080174834,47.74361590655986,47.74361590655986,402350,0.0
BIL.US,道富SPDR彭博1-3个月美国国债ETF,1487912400000,2017-02-24,2017-02-24 00:00:00,47.74361590655986,47.76450569693682,47.74361590655986,47.74361590655986,725450,0.0
BIL.US,道富SPDR彭博1-3个月美国国债ETF,1488171600000,2017-02-27,2017-02-27 00:00:00,47.74361590655986,47.76450569693682,47.74361590655986,47.74361590655986,177650,0.0
BIL.US,道富SPDR彭博1-3个月美国国债ETF,1488258000000,2017-02-28,2017-02-28 00:00:00,47.76450569693682,47.76450569693682,47.75406080174834,47.76450569693682,175150,0.0
BIL.US,道富SPDR彭博1-3个月美国国债ETF,1488344400000,2017-03-01,2017-03-01 00:00:00,47.733171011371375,47.74361590655986,47.733171011371375,47.733171011371375,230950,0.0
BIL.US,道富SPDR彭博1-3个月美国国债ETF,1488430800000,2017-03-02,2017-03-02 00:00:00,47.733171011371375,47.74361590655986,47.733171011371375,47.733171011371375,185850,0.0
BIL.US,道富SPDR彭博1-3个月美国国债ETF,1488517200000,2017-03-03,2017-03-03 00:00:00,47.74361590655986,47.74361590655986,47.733171011371375,47.74361590655986,332050,0.0
BIL.US,道富SPDR彭博1-3个月美国国债ETF,1488776400000,2017-03-06,2017-03-06 00:00:00,47.733171011371375,47.75406080174834,47.733171011371375,47.75406080174834,193950,0.0
BIL.US,道富SPDR彭博1-3个月美国国债ETF,1488862800000,2017-03-07,2017-03-07 00:00:00,47.75406080174834,47.75406080174834,47.733171011371375,47.733171011371375,95600,0.0
BIL.US,道富SPDR彭博1-3个月美国国债ETF,1488949200000,2017-03-08,2017-03-08 00:00:00,47.74361590655986,47.74361590655986,47.733171011371375,47.733171011371375,179950,0.0
BIL.US,道富SPDR彭博1-3个月美国国债ETF,1489035600000,2017-03-09,2017-03-09 00:00:00,47.733171011371375,47.74361590655986,47.733171011371375,47.733171011371375,298200,0.0
BIL.US,道富SPDR彭博1-3个月美国国债ETF,1489122000000,2017-03-10,2017-03-10 00:00:00,47.74361590655986,47.74361590655986,47.733171011371375,47.74361590655986,423800,0.0
BIL.US,道富SPDR彭博1-3个月美国国债ETF,1489377600000,2017-03-13,2017-03-13 00:00:00,47.74361590655986,47.74361590655986,47.733171011371375,47.733171011371375,300950,0.0
BIL.US,道富SPDR彭博1-3个月美国国债ETF,1489464000000,2017-03-14,2017-03-14 00:00:00,47.733171011371375,47.74361590655986,47.733171011371375,47.733171011371375,350700,0.0
BIL.US,道富SPDR彭博1-3个月美国国债ETF,1489550400000,2017-03-15,2017-03-15 00:00:00,47.733171011371375,47.74361590655986,47.733171011371375,47.74361590655986,740300,0.0
BIL.US,道富SPDR彭博1-3个月美国国债ETF,1489636800000,2017-03-16,2017-03-16 00:00:00,47.733171011371375,47.75406080174834,47.733171011371375,47.75406080174834,298300,0.0
BIL.US,道富SPDR彭博1-3个月美国国债ETF,1489723200000,2017-03-17,2017-03-17 00:00:00,47.733171011371375,47.75406080174834,47.733171011371375,47.75406080174834,182950,0.0
BIL.US,道富SPDR彭博1-3个月美国国债ETF,1489982400000,2017-03-20,2017-03-20 00:00:00,47.733171011371375,47.75406080174834,47.733171011371375,47.74361590655986,147200,0.0
BIL.US,道富SPDR彭博1-3个月美国国债ETF,1490068800000,2017-03-21,2017-03-21 00:00:00,47.75406080174834,47.75406080174834,47.733171011371375,47.75406080174834,650300,0.0
BIL.US,道富SPDR彭博1-3个月美国国债ETF,1490155200000,2017-03-22,2017-03-22 00:00:00,47.733171011371375,47.75406080174834,47.733171011371375,47.75406080174834,555550,0.0
BIL.US,道富SPDR彭博1-3个月美国国债ETF,1490241600000,2017-03-23,2017-03-23 00:00:00,47.75406080174834,47.75406080174834,47.74361590655986,47.74361590655986,339550,0.0
BIL.US,道富SPDR彭博1-3个月美国国债ETF,1490328000000,2017-03-24,2017-03-24 00:00:00,47.74361590655986,47.75406080174834,47.74361590655986,47.75406080174834,184750,0.0
BIL.US,道富SPDR彭博1-3个月美国国债ETF,1490587200000,2017-03-27,2017-03-27 00:00:00,47.733171011371375,47.75406080174834,47.733171011371375,47.75406080174834,386850,0.0
BIL.US,道富SPDR彭博1-3个月美国国债ETF,1490673600000,2017-03-28,2017-03-28 00:00:00,47.75406080174834,47.75406080174834,47.74361590655986,47.75406080174834,894350,0.0
BIL.US,道富SPDR彭博1-3个月美国国债ETF,1490760000000,2017-03-29,2017-03-29 00:00:00,47.75406080174834,47.75406080174834,47.74361590655986,47.75406080174834,83400,0.0
BIL.US,道富SPDR彭博1-3个月美国国债ETF,1490846400000,2017-03-30,2017-03-30 00:00:00,47.75406080174834,47.75406080174834,47.74361590655986,47.75406080174834,539400,0.0
BIL.US,道富SPDR彭博1-3个月美国国债ETF,1490932800000,2017-03-31,2017-03-31 00:00:00,47.76450569693682,47.76450569693682,47.74361590655986,47.74361590655986,526650,0.0
BIL.US,道富SPDR彭博1-3个月美国国债ETF,1491192000000,2017-04-03,2017-04-03 00:00:00,47.72272611618289,47.74361590655986,47.72272611618289,47.733171011371375,2097900,0.0
BIL.US,道富SPDR彭博1-3个月美国国债ETF,1491278400000,2017-04-04,2017-04-04 00:00:00,47.733171011371375,47.74361590655986,47.733171011371375,47.733171011371375,714500,0.0
BIL.US,道富SPDR彭博1-3个月美国国债ETF,1491364800000,2017-04-05,2017-04-05 00:00:00,47.74361590655986,47.74361590655986,47.733171011371375,47.733171011371375,581750,0.0
BIL.US,道富SPDR彭博1-3个月美国国债ETF,1491451200000,2017-04-06,2017-04-06 00:00:00,47.733171011371375,47.74361590655986,47.733171011371375,47.733171011371375,246550,0.0
BIL.US,道富SPDR彭博1-3个月美国国债ETF,1491537600000,2017-04-07,2017-04-07 00:00:00,47.74361590655986,47.74361590655986,47.733171011371375,47.733171011371375,129300,0.0
BIL.US,道富SPDR彭博1-3个月美国国债ETF,1491796800000,2017-04-10,2017-04-10 00:00:00,47.75406080174834,47.75406080174834,47.733171011371375,47.733171011371375,429050,0.0
BIL.US,道富SPDR彭博1-3个月美国国债ETF,1491883200000,2017-04-11,2017-04-11 00:00:00,47.74361590655986,47.74361590655986,47.733171011371375,47.74361590655986,161050,0.0
BIL.US,道富SPDR彭博1-3个月美国国债ETF,1491969600000,2017-04-12,2017-04-12 00:00:00,47.75406080174834,47.75406080174834,47.733171011371375,47.733171011371375,270500,0.0
BIL.US,道富SPDR彭博1-3个月美国国债ETF,1492056000000,2017-04-13,2017-04-13 00:00:00,47.733171011371375,47.75406080174834,47.733171011371375,47.74361590655986,953350,0.0
BIL.US,道富SPDR彭博1-3个月美国国债ETF,1492401600000,2017-04-17,2017-04-17 00:00:00,47.733171011371375,47.75406080174834,47.733171011371375,47.74361590655986,753200,0.0
BIL.US,道富SPDR彭博1-3个月美国国债ETF,1492488000000,2017-04-18,2017-04-18 00:00:00,47.74361590655986,47.75406080174834,47.74361590655986,47.75406080174834,100450,0.0
BIL.US,道富SPDR彭博1-3个月美国国债ETF,1492574400000,2017-04-19,2017-04-19 00:00:00,47.74361590655986,47.75406080174834,47.74361590655986,47.75406080174834,114100,0.0
BIL.US,道富SPDR彭博1-3个月美国国债ETF,1492660800000,2017-04-20,2017-04-20 00:00:00,47.74361590655986,47.75406080174834,47.74361590655986,47.75406080174834,243750,0.0
BIL.US,道富SPDR彭博1-3个月美国国债ETF,1492747200000,2017-04-21,2017-04-21 00:00:00,47.75406080174834,47.76450569693682,47.75406080174834,47.75406080174834,250700,0.0
BIL.US,道富SPDR彭博1-3个月美国国债ETF,1493006400000,2017-04-24,2017-04-24 00:00:00,47.75406080174834,47.75406080174834,47.74361590655986,47.74361590655986,479150,0.0
BIL.US,道富SPDR彭博1-3个月美国国债ETF,1493092800000,2017-04-25,2017-04-25 00:00:00,47.75406080174834,47.75406080174834,47.74361590655986,47.74361590655986,405750,0.0
BIL.US,道富SPDR彭博1-3个月美国国债ETF,1493179200000,2017-04-26,2017-04-26 00:00:00,47.74361590655986,47.75406080174834,47.74361590655986,47.75406080174834,355450,0.0
BIL.US,道富SPDR彭博1-3个月美国国债ETF,1493265600000,2017-04-27,2017-04-27 00:00:00,47.74361590655986,47.75406080174834,47.74361590655986,47.74361590655986,376900,0.0
BIL.US,道富SPDR彭博1-3个月美国国债ETF,1493352000000,2017-04-28,2017-04-28 00:00:00,47.75406080174834,47.76450569693682,47.74361590655986,47.76450569693682,212300,0.0
BIL.US,道富SPDR彭博1-3个月美国国债ETF,1493611200000,2017-05-01,2017-05-01 00:00:00,47.75406080174834,47.75406080174834,47.733171011371375,47.74361590655986,390250,0.0
BIL.US,道富SPDR彭博1-3个月美国国债ETF,1493697600000,2017-05-02,2017-05-02 00:00:00,47.733171011371375,47.74361590655986,47.733171011371375,47.733171011371375,70900,0.0
BIL.US,道富SPDR彭博1-3个月美国国债ETF,1493784000000,2017-05-03,2017-05-03 00:00:00,47.733171011371375,47.74361590655986,47.733171011371375,47.733171011371375,226500,0.0
BIL.US,道富SPDR彭博1-3个月美国国债ETF,1493870400000,2017-05-04,2017-05-04 00:00:00,47.733171011371375,47.74361590655986,47.733171011371375,47.74361590655986,163450,0.0
BIL.US,道富SPDR彭博1-3个月美国国债ETF,1493956800000,2017-05-05,2017-05-05 00:00:00,47.733171011371375,47.74361590655986,47.733171011371375,47.733171011371375,254050,0.0
BIL.US,道富SPDR彭博1-3个月美国国债ETF,1494216000000,2017-05-08,2017-05-08 00:00:00,47.74361590655986,47.75406080174834,47.733171011371375,47.74361590655986,217500,0.0
BIL.US,道富SPDR彭博1-3个月美国国债ETF,1494302400000,2017-05-09,2017-05-09 00:00:00,47.75406080174834,47.75406080174834,47.74361590655986,47.74361590655986,493400,0.0
BIL.US,道富SPDR彭博1-3个月美国国债ETF,1494388800000,2017-05-10,2017-05-10 00:00:00,47.75406080174834,47.75406080174834,47.74361590655986,47.75406080174834,309450,0.0
BIL.US,道富SPDR彭博1-3个月美国国债ETF,1494475200000,2017-05-11,2017-05-11 00:00:00,47.74361590655986,47.76450569693682,47.74361590655986,47.75406080174834,397200,0.0
BIL.US,道富SPDR彭博1-3个月美国国债ETF,1494561600000,2017-05-12,2017-05-12 00:00:00,47.75406080174834,47.76450569693682,47.74361590655986,47.74361590655986,129250,0.0
BIL.US,道富SPDR彭博1-3个月美国国债ETF,1494820800000,2017-05-15,2017-05-15 00:00:00,47.75406080174834,47.76450569693682,47.75406080174834,47.75406080174834,376600,0.0
BIL.US,道富SPDR彭博1-3个月美国国债ETF,1494907200000,2017-05-16,2017-05-16 00:00:00,47.75406080174834,47.76450569693682,47.75406080174834,47.75406080174834,166200,0.0
BIL.US,道富SPDR彭博1-3个月美国国债ETF,1494993600000,2017-05-17,2017-05-17 00:00:00,47.75406080174834,47.76450569693682,47.75406080174834,47.76450569693682,1395300,0.0
BIL.US,道富SPDR彭博1-3个月美国国债ETF,1495080000000,2017-05-18,2017-05-18 00:00:00,47.75406080174834,47.76450569693682,47.75406080174834,47.76450569693682,1384900,0.0
BIL.US,道富SPDR彭博1-3个月美国国债ETF,1495166400000,2017-05-19,2017-05-19 00:00:00,47.75406080174834,47.76450569693682,47.75406080174834,47.75406080174834,106700,0.0
BIL.US,道富SPDR彭博1-3个月美国国债ETF,1495425600000,2017-05-22,2017-05-22 00:00:00,47.75406080174834,47.76450569693682,47.75406080174834,47.76450569693682,63900,0.0
BIL.US,道富SPDR彭博1-3个月美国国债ETF,1495512000000,2017-05-23,2017-05-23 00:00:00,47.75406080174834,47.76450569693682,47.75406080174834,47.76450569693682,195150,0.0
BIL.US,道富SPDR彭博1-3个月美国国债ETF,1495598400000,2017-05-24,2017-05-24 00:00:00,47.75406080174834,47.76450569693682,47.75406080174834,47.75406080174834,307000,0.0
BIL.US,道富SPDR彭博1-3个月美国国债ETF,1495684800000,2017-05-25,2017-05-25 00:00:00,47.75406080174834,47.76450569693682,47.75406080174834,47.76450569693682,136350,0.0
BIL.US,道富SPDR彭博1-3个月美国国债ETF,1495771200000,2017-05-26,2017-05-26 00:00:00,47.75406080174834,47.774950592125315,47.75406080174834,47.774950592125315,143650,0.0
BIL.US,道富SPDR彭博1-3个月美国国债ETF,1496116800000,2017-05-30,2017-05-30 00:00:00,47.76450569693682,47.774950592125315,47.75406080174834,47.75406080174834,190450,0.0
BIL.US,道富SPDR彭博1-3个月美国国债ETF,1496203200000,2017-05-31,2017-05-31 00:00:00,47.76450569693682,47.76450569693682,47.75406080174834,47.75406080174834,319600,0.0
BIL.US,道富SPDR彭博1-3个月美国国债ETF,1496289600000,2017-06-01,2017-06-01 00:00:00,47.733171011371375,47.74361590655986,47.733171011371375,47.74361590655986,225100,0.0
BIL.US,道富SPDR彭博1-3个月美国国债ETF,1496376000000,2017-06-02,2017-06-02 00:00:00,47.733171011371375,47.74361590655986,47.733171011371375,47.733171011371375,417900,0.0
BIL.US,道富SPDR彭博1-3个月美国国债ETF,1496635200000,2017-06-05,2017-06-05 00:00:00,47.733171011371375,47.74361590655986,47.733171011371375,47.74361590655986,275800,0.0
BIL.US,道富SPDR彭博1-3个月美国国债ETF,1496721600000,2017-06-06,2017-06-06 00:00:00,47.733171011371375,47.74361590655986,47.733171011371375,47.733171011371375,136350,0.0
BIL.US,道富SPDR彭博1-3个月美国国债ETF,1496808000000,2017-06-07,2017-06-07 00:00:00,47.733171011371375,47.75406080174834,47.733171011371375,47.75406080174834,257750,0.0
BIL.US,道富SPDR彭博1-3个月美国国债ETF,1496894400000,2017-06-08,2017-06-08 00:00:00,47.75406080174834,47.75406080174834,47.74361590655986,47.74361590655986,252500,0.0
BIL.US,道富SPDR彭博1-3个月美国国债ETF,1496980800000,2017-06-09,2017-06-09 00:00:00,47.74361590655986,47.75406080174834,47.74361590655986,47.75406080174834,184700,0.0
BIL.US,道富SPDR彭博1-3个月美国国债ETF,1497240000000,2017-06-12,2017-06-12 00:00:00,47.75406080174834,47.75406080174834,47.74361590655986,47.74361590655986,199600,0.0
BIL.US,道富SPDR彭博1-3个月美国国债ETF,1497326400000,2017-06-13,2017-06-13 00:00:00,47.74361590655986,47.75406080174834,47.74361590655986,47.75406080174834,552550,0.0
BIL.US,道富SPDR彭博1-3个月美国国债ETF,1497412800000,2017-06-14,2017-06-14 00:00:00,47.75406080174834,47.76450569693682,47.74361590655986,47.74361590655986,64350,0.0
BIL.US,道富SPDR彭博1-3个月美国国债ETF,1497499200000,2017-06-15,2017-06-15 00:00:00,47.74361590655986,47.75406080174834,47.74361590655986,47.74361590655986,380800,0.0
BIL.US,道富SPDR彭博1-3个月美国国债ETF,1497585600000,2017-06-16,2017-06-16 00:00:00,47.74361590655986,47.76450569693682,47.74361590655986,47.76450569693682,502600,0.0
BIL.US,道富SPDR彭博1-3个月美国国债ETF,1497844800000,2017-06-19,2017-06-19 00:00:00,47.75406080174834,47.76450569693682,47.75406080174834,47.75406080174834,289700,0.0
BIL.US,道富SPDR彭博1-3个月美国国债ETF,1497931200000,2017-06-20,2017-06-20 00:00:00,47.76450569693682,47.76450569693682,47.75406080174834,47.75406080174834,121050,0.0
BIL.US,道富SPDR彭博1-3个月美国国债ETF,1498017600000,2017-06-21,2017-06-21 00:00:00,47.76450569693682,47.76450569693682,47.76450569693682,47.76450569693682,140600,0.0
BIL.US,道富SPDR彭博1-3个月美国国债ETF,1498104000000,2017-06-22,2017-06-22 00:00:00,47.76450569693682,47.774950592125315,47.75406080174834,47.774950592125315,220000,0.0
BIL.US,道富SPDR彭博1-3个月美国国债ETF,1498190400000,2017-06-23,2017-06-23 00:00:00,47.774950592125315,47.774950592125315,47.76450569693682,47.76450569693682,67200,0.0
BIL.US,道富SPDR彭博1-3个月美国国债ETF,1498449600000,2017-06-26,2017-06-26 00:00:00,47.75406080174834,47.774950592125315,47.75406080174834,47.75406080174834,297850,0.0
BIL.US,道富SPDR彭博1-3个月美国国债ETF,1498536000000,2017-06-27,2017-06-27 00:00:00,47.76450569693682,47.76450569693682,47.75406080174834,47.75406080174834,125000,0.0
BIL.US,道富SPDR彭博1-3个月美国国债ETF,1498622400000,2017-06-28,2017-06-28 00:00:00,47.76450569693682,47.774950592125315,47.75406080174834,47.774950592125315,179200,0.0
BIL.US,道富SPDR彭博1-3个月美国国债ETF,1498708800000,2017-06-29,2017-06-29 00:00:00,47.75406080174834,47.774950592125315,47.75406080174834,47.76450569693682,466100,0.0
BIL.US,道富SPDR彭博1-3个月美国国债ETF,1498795200000,2017-06-30,2017-06-30 00:00:00,47.76450569693682,47.78539548731379,47.76450569693682,47.774950592125315,615300,0.0
BIL.US,道富SPDR彭博1-3个月美国国债ETF,1499054400000,2017-07-03,2017-07-03 00:00:00,47.74361590655986,47.75406080174834,47.74361590655986,47.75406080174834,186100,0.0
BIL.US,道富SPDR彭博1-3个月美国国债ETF,1499227200000,2017-07-05,2017-07-05 00:00:00,47.75406080174834,47.75406080174834,47.74361590655986,47.74361590655986,369400,0.0
BIL.US,道富SPDR彭博1-3个月美国国债ETF,1499313600000,2017-07-06,2017-07-06 00:00:00,47.74361590655986,47.75406080174834,47.74361590655986,47.75406080174834,445500,0.0
BIL.US,道富SPDR彭博1-3个月美国国债ETF,1499400000000,2017-07-07,2017-07-07 00:00:00,47.74361590655986,47.75406080174834,47.74361590655986,47.75406080174834,140950,0.0
BIL.US,道富SPDR彭博1-3个月美国国债ETF,1499659200000,2017-07-10,2017-07-10 00:00:00,47.74361590655986,47.75406080174834,47.74361590655986,47.75406080174834,185600,0.0
BIL.US,道富SPDR彭博1-3个月美国国债ETF,1499745600000,2017-07-11,2017-07-11 00:00:00,47.75406080174834,47.75406080174834,47.74361590655986,47.75406080174834,136900,0.0
BIL.US,道富SPDR彭博1-3个月美国国债ETF,1499832000000,2017-07-12,2017-07-12 00:00:00,47.74361590655986,47.75406080174834,47.74361590655986,47.74361590655986,403200,0.0
BIL.US,道富SPDR彭博1-3个月美国国债ETF,1499918400000,2017-07-13,2017-07-13 00:00:00,47.75406080174834,47.76450569693682,47.74361590655986,47.74361590655986,137300,0.0
BIL.US,道富SPDR彭博1-3个月美国国债ETF,1500004800000,2017-07-14,2017-07-14 00:00:00,47.74361590655986,47.76450569693682,47.74361590655986,47.76450569693682,255950,0.0
BIL.US,道富SPDR彭博1-3个月美国国债ETF,1500264000000,2017-07-17,2017-07-17 00:00:00,47.75406080174834,47.76450569693682,47.75406080174834,47.75406080174834,588900,0.0
BIL.US,道富SPDR彭博1-3个月美国国债ETF,1500350400000,2017-07-18,2017-07-18 00:00:00,47.75406080174834,47.76450569693682,47.75406080174834,47.75406080174834,61150,0.0
BIL.US,道富SPDR彭博1-3个月美国国债ETF,1500436800000,2017-07-19,2017-07-19 00:00:00,47.75406080174834,47.76450569693682,47.75406080174834,47.75406080174834,99350,0.0
BIL.US,道富SPDR彭博1-3个月美国国债ETF,1500523200000,2017-07-20,2017-07-20 00:00:00,47.75406080174834,47.76450569693682,47.75406080174834,47.75406080174834,71950,0.0
BIL.US,道富SPDR彭博1-3个月美国国债ETF,1500609600000,2017-07-21,2017-07-21 00:00:00,47.75406080174834,47.76450569693682,47.75406080174834,47.75406080174834,211000,0.0
BIL.US,道富SPDR彭博1-3个月美国国债ETF,1500868800000,2017-07-24,2017-07-24 00:00:00,47.75406080174834,47.76450569693682,47.75406080174834,47.75406080174834,140600,0.0
BIL.US,道富SPDR彭博1-3个月美国国债ETF,1500955200000,2017-07-25,2017-07-25 00:00:00,47.75406080174834,47.774950592125315,47.75406080174834,47.75406080174834,265850,0.0
BIL.US,道富SPDR彭博1-3个月美国国债ETF,1501041600000,2017-07-26,2017-07-26 00:00:00,47.75406080174834,47.774950592125315,47.75406080174834,47.76450569693682,232100,0.0
BIL.US,道富SPDR彭博1-3个月美国国债ETF,1501128000000,2017-07-27,2017-07-27 00:00:00,47.774950592125315,47.774950592125315,47.76450569693682,47.774950592125315,221700,0.0
BIL.US,道富SPDR彭博1-3个月美国国债ETF,1501214400000,2017-07-28,2017-07-28 00:00:00,47.76450569693682,47.774950592125315,47.76450569693682,47.76450569693682,159600,0.0
BIL.US,道富SPDR彭博1-3个月美国国债ETF,1501473600000,2017-07-31,2017-07-31 00:00:00,47.78539548731379,47.78539548731379,47.76450569693682,47.76450569693682,449600,0.0
BIL.US,道富SPDR彭博1-3个月美国国债ETF,1501560000000,2017-08-01,2017-08-01 00:00:00,47.733171011371375,47.74361590655986,47.733171011371375,47.74361590655986,315600,0.0
BIL.US,道富SPDR彭博1-3个月美国国债ETF,1501646400000,2017-08-02,2017-08-02 00:00:00,47.74361590655986,47.75406080174834,47.733171011371375,47.75406080174834,263800,0.0
BIL.US,道富SPDR彭博1-3个月美国国债ETF,1501732800000,2017-08-03,2017-08-03 00:00:00,47.733171011371375,47.75406080174834,47.733171011371375,47.75406080174834,158400,0.0
BIL.US,道富SPDR彭博1-3个月美国国债ETF,1501819200000,2017-08-04,2017-08-04 00:00:00,47.74361590655986,47.75406080174834,47.733171011371375,47.75406080174834,350700,0.0
BIL.US,道富SPDR彭博1-3个月美国国债ETF,1502078400000,2017-08-07,2017-08-07 00:00:00,47.733171011371375,47.75406080174834,47.733171011371375,47.75406080174834,130400,0.0
BIL.US,道富SPDR彭博1-3个月美国国债ETF,1502164800000,2017-08-08,2017-08-08 00:00:00,47.75406080174834,47.75406080174834,47.74361590655986,47.75406080174834,309800,0.0
BIL.US,道富SPDR彭博1-3个月美国国债ETF,1502251200000,2017-08-09,2017-08-09 00:00:00,47.75406080174834,47.75406080174834,47.74361590655986,47.75406080174834,142200,0.0
BIL.US,道富SPDR彭博1-3个月美国国债ETF,1502337600000,2017-08-10,2017-08-10 00:00:00,47.74361590655986,47.75406080174834,47.74361590655986,47.75406080174834,111150,0.0
BIL.US,道富SPDR彭博1-3个月美国国债ETF,1502424000000,2017-08-11,2017-08-11 00:00:00,47.75406080174834,47.76450569693682,47.74361590655986,47.76450569693682,211350,0.0
BIL.US,道富SPDR彭博1-3个月美国国债ETF,1502683200000,2017-08-14,2017-08-14 00:00:00,47.76450569693682,47.76450569693682,47.75406080174834,47.75406080174834,331150,0.0
BIL.US,道富SPDR彭博1-3个月美国国债ETF,1502769600000,2017-08-15,2017-08-15 00:00:00,47.75406080174834,47.76450569693682,47.75406080174834,47.76450569693682,192600,0.0
BIL.US,道富SPDR彭博1-3个月美国国债ETF,1502856000000,2017-08-16,2017-08-16 00:00:00,47.76450569693682,47.76450569693682,47.75406080174834,47.75406080174834,141250,0.0
BIL.US,道富SPDR彭博1-3个月美国国债ETF,1502942400000,2017-08-17,2017-08-17 00:00:00,47.75406080174834,47.76450569693682,47.75406080174834,47.76450569693682,363050,0.0
BIL.US,道富SPDR彭博1-3个月美国国债ETF,1503028800000,2017-08-18,2017-08-18 00:00:00,47.76450569693682,47.76450569693682,47.75406080174834,47.75406080174834,230900,0.0
BIL.US,道富SPDR彭博1-3个月美国国债ETF,1503288000000,2017-08-21,2017-08-21 00:00:00,47.76450569693682,47.774950592125315,47.76450569693682,47.76450569693682,483800,0.0
BIL.US,道富SPDR彭博1-3个月美国国债ETF,1503374400000,2017-08-22,2017-08-22 00:00:00,47.76450569693682,47.774950592125315,47.76450569693682,47.774950592125315,208800,0.0
BIL.US,道富SPDR彭博1-3个月美国国债ETF,1503460800000,2017-08-23,2017-08-23 00:00:00,47.774950592125315,47.774950592125315,47.76450569693682,47.774950592125315,292750,0.0
BIL.US,道富SPDR彭博1-3个月美国国债ETF,1503547200000,2017-08-24,2017-08-24 00:00:00,47.76450569693682,47.774950592125315,47.76450569693682,47.774950592125315,1055500,0.0
BIL.US,道富SPDR彭博1-3个月美国国债ETF,1503633600000,2017-08-25,2017-08-25 00:00:00,47.76450569693682,47.774950592125315,47.76450569693682,47.76450569693682,310550,0.0
BIL.US,道富SPDR彭博1-3个月美国国债ETF,1503892800000,2017-08-28,2017-08-28 00:00:00,47.774950592125315,47.774950592125315,47.76450569693682,47.774950592125315,102050,0.0
BIL.US,道富SPDR彭博1-3个月美国国债ETF,1503979200000,2017-08-29,2017-08-29 00:00:00,47.774950592125315,47.78539548731379,47.76450569693682,47.774950592125315,130450,0.0
BIL.US,道富SPDR彭博1-3个月美国国债ETF,1504065600000,2017-08-30,2017-08-30 00:00:00,47.774950592125315,47.78539548731379,47.774950592125315,47.774950592125315,291150,0.0
BIL.US,道富SPDR彭博1-3个月美国国债ETF,1504152000000,2017-08-31,2017-08-31 00:00:00,47.774950592125315,47.78539548731379,47.774950592125315,47.78539548731379,1212850,0.0
BIL.US,道富SPDR彭博1-3个月美国国债ETF,1504238400000,2017-09-01,2017-09-01 00:00:00,47.75406080174834,47.75406080174834,47.74361590655986,47.75406080174834,373450,0.0
BIL.US,道富SPDR彭博1-3个月美国国债ETF,1504584000000,2017-09-05,2017-09-05 00:00:00,47.75406080174834,47.75406080174834,47.733171011371375,47.733171011371375,437850,0.0
BIL.US,道富SPDR彭博1-3个月美国国债ETF,1504670400000,2017-09-06,2017-09-06 00:00:00,47.74361590655986,47.75406080174834,47.74361590655986,47.75406080174834,927900,0.0
BIL.US,道富SPDR彭博1-3个月美国国债ETF,1504756800000,2017-09-07,2017-09-07 00:00:00,47.75406080174834,47.75406080174834,47.74361590655986,47.75406080174834,159400,0.0
BIL.US,道富SPDR彭博1-3个月美国国债ETF,1504843200000,2017-09-08,2017-09-08 00:00:00,47.74361590655986,47.75406080174834,47.74361590655986,47.74361590655986,514550,0.0
BIL.US,道富SPDR彭博1-3个月美国国债ETF,1505102400000,2017-09-11,2017-09-11 00:00:00,47.75406080174834,47.75406080174834,47.74361590655986,47.74361590655986,130950,0.0
BIL.US,道富SPDR彭博1-3个月美国国债ETF,1505188800000,2017-09-12,2017-09-12 00:00:00,47.74361590655986,47.76450569693682,47.74361590655986,47.76450569693682,257950,0.0
BIL.US,道富SPDR彭博1-3个月美国国债ETF,1505275200000,2017-09-13,2017-09-13 00:00:00,47.75406080174834,47.76450569693682,47.75406080174834,47.76450569693682,438200,0.0
BIL.US,道富SPDR彭博1-3个月美国国债ETF,1505361600000,2017-09-14,2017-09-14 00:00:00,47.75406080174834,47.76450569693682,47.75406080174834,47.75406080174834,238800,0.0
BIL.US,道富SPDR彭博1-3个月美国国债ETF,1505448000000,2017-09-15,2017-09-15 00:00:00,47.76450569693682,47.76450569693682,47.75406080174834,47.75406080174834,96500,0.0
BIL.US,道富SPDR彭博1-3个月美国国债ETF,1505707200000,2017-09-18,2017-09-18 00:00:00,47.76450569693682,47.774950592125315,47.75406080174834,47.75406080174834,276400,0.0
BIL.US,道富SPDR彭博1-3个月美国国债ETF,1505793600000,2017-09-19,2017-09-19 00:00:00,47.76450569693682,47.774950592125315,47.75406080174834,47.774950592125315,61300,0.0
BIL.US,道富SPDR彭博1-3个月美国国债ETF,1505880000000,2017-09-20,2017-09-20 00:00:00,47.774950592125315,47.774950592125315,47.76450569693682,47.774950592125315,129400,0.0
BIL.US,道富SPDR彭博1-3个月美国国债ETF,1505966400000,2017-09-21,2017-09-21 00:00:00,47.76450569693682,47.774950592125315,47.76450569693682,47.774950592125315,108000,0.0
BIL.US,道富SPDR彭博1-3个月美国国债ETF,1506052800000,2017-09-22,2017-09-22 00:00:00,47.774950592125315,47.774950592125315,47.76450569693682,47.774950592125315,133300,0.0
BIL.US,道富SPDR彭博1-3个月美国国债ETF,1506312000000,2017-09-25,2017-09-25 00:00:00,47.774950592125315,47.774950592125315,47.76450569693682,47.774950592125315,158200,0.0
BIL.US,道富SPDR彭博1-3个月美国国债ETF,1506398400000,2017-09-26,2017-09-26 00:00:00,47.76450569693682,47.774950592125315,47.76450569693682,47.774950592125315,255800,0.0
BIL.US,道富SPDR彭博1-3个月美国国债ETF,1506484800000,2017-09-27,2017-09-27 00:00:00,47.774950592125315,47.774950592125315,47.76450569693682,47.774950592125315,229300,0.0
BIL.US,道富SPDR彭博1-3个月美国国债ETF,1506571200000,2017-09-28,2017-09-28 00:00:00,47.76450569693682,47.774950592125315,47.76450569693682,47.76450569693682,76550,0.0
BIL.US,道富SPDR彭博1-3个月美国国债ETF,1506657600000,2017-09-29,2017-09-29 00:00:00,47.774950592125315,47.78539548731379,47.76450569693682,47.78539548731379,173100,0.0
BIL.US,道富SPDR彭博1-3个月美国国债ETF,1506916800000,2017-10-02,2017-10-02 00:00:00,47.75406080174834,47.75406080174834,47.74361590655986,47.75406080174834,158800,0.0
BIL.US,道富SPDR彭博1-3个月美国国债ETF,1507003200000,2017-10-03,2017-10-03 00:00:00,47.74361590655986,47.75406080174834,47.74361590655986,47.75406080174834,429250,0.0
BIL.US,道富SPDR彭博1-3个月美国国债ETF,1507089600000,2017-10-04,2017-10-04 00:00:00,47.74361590655986,47.75406080174834,47.74361590655986,47.74361590655986,1119400,0.0
BIL.US,道富SPDR彭博1-3个月美国国债ETF,1507176000000,2017-10-05,2017-10-05 00:00:00,47.74361590655986,47.75406080174834,47.74361590655986,47.75406080174834,186250,0.0
BIL.US,道富SPDR彭博1-3个月美国国债ETF,1507262400000,2017-10-06,2017-10-06 00:00:00,47.75406080174834,47.75406080174834,47.74361590655986,47.74361590655986,205400,0.0
BIL.US,道富SPDR彭博1-3个月美国国债ETF,1507521600000,2017-10-09,2017-10-09 00:00:00,47.74361590655986,47.75406080174834,47.74361590655986,47.74361590655986,141250,0.0
BIL.US,道富SPDR彭博1-3个月美国国债ETF,1507608000000,2017-10-10,2017-10-10 00:00:00,47.74361590655986,47.75406080174834,47.74361590655986,47.74361590655986,264050,0.0
BIL.US,道富SPDR彭博1-3个月美国国债ETF,1507694400000,2017-10-11,2017-10-11 00:00:00,47.75406080174834,47.75406080174834,47.74361590655986,47.74361590655986,148300,0.0
BIL.US,道富SPDR彭博1-3个月美国国债ETF,1507780800000,2017-10-12,2017-10-12 00:00:00,47.75406080174834,47.76450569693682,47.74361590655986,47.76450569693682,244300,0.0
BIL.US,道富SPDR彭博1-3个月美国国债ETF,1507867200000,2017-10-13,2017-10-13 00:00:00,47.76450569693682,47.76450569693682,47.75406080174834,47.76450569693682,78450,0.0
BIL.US,道富SPDR彭博1-3个月美国国债ETF,1508126400000,2017-10-16,2017-10-16 00:00:00,47.75406080174834,47.76450569693682,47.75406080174834,47.75406080174834,189900,0.0
BIL.US,道富SPDR彭博1-3个月美国国债ETF,1508212800000,2017-10-17,2017-10-17 00:00:00,47.75406080174834,47.774950592125315,47.75406080174834,47.76450569693682,227500,0.0
BIL.US,道富SPDR彭博1-3个月美国国债ETF,1508299200000,2017-10-18,2017-10-18 00:00:00,47.76450569693682,47.774950592125315,47.76450569693682,47.76450569693682,64150,0.0
BIL.US,道富SPDR彭博1-3个月美国国债ETF,1508385600000,2017-10-19,2017-10-19 00:00:00,47.76450569693682,47.774950592125315,47.75406080174834,47.76450569693682,199850,0.0
BIL.US,道富SPDR彭博1-3个月美国国债ETF,1508472000000,2017-10-20,2017-10-20 00:00:00,47.76450569693682,47.774950592125315,47.76450569693682,47.774950592125315,57150,0.0
BIL.US,道富SPDR彭博1-3个月美国国债ETF,1508731200000,2017-10-23,2017-10-23 00:00:00,47.774950592125315,47.774950592125315,47.76450569693682,47.76450569693682,136250,0.0
BIL.US,道富SPDR彭博1-3个月美国国债ETF,1508817600000,2017-10-24,2017-10-24 00:00:00,47.76450569693682,47.78539548731379,47.76450569693682,47.78539548731379,157350,0.0
BIL.US,道富SPDR彭博1-3个月美国国债ETF,1508904000000,2017-10-25,2017-10-25 00:00:00,47.774950592125315,47.78539548731379,47.774950592125315,47.78539548731379,293900,0.0
BIL.US,道富SPDR彭博1-3个月美国国债ETF,1508990400000,2017-10-26,2017-10-26 00:00:00,47.774950592125315,47.78539548731379,47.774950592125315,47.78539548731379,301050,0.0
BIL.US,道富SPDR彭博1-3个月美国国债ETF,1509076800000,2017-10-27,2017-10-27 00:00:00,47.774950592125315,47.78539548731379,47.774950592125315,47.78539548731379,1063500,0.0
BIL.US,道富SPDR彭博1-3个月美国国债ETF,1509336000000,2017-10-30,2017-10-30 00:00:00,47.774950592125315,47.78539548731379,47.774950592125315,47.774950592125315,286950,0.0
BIL.US,道富SPDR彭博1-3个月美国国债ETF,1509422400000,2017-10-31,2017-10-31 00:00:00,47.774950592125315,47.78539548731379,47.774950592125315,47.78539548731379,430350,0.0
BIL.US,道富SPDR彭博1-3个月美国国债ETF,1509508800000,2017-11-01,2017-11-01 00:00:00,47.75406080174834,47.75406080174834,47.74361590655986,47.75406080174834,586100,0.0
BIL.US,道富SPDR彭博1-3个月美国国债ETF,1509595200000,2017-11-02,2017-11-02 00:00:00,47.75406080174834,47.75406080174834,47.74361590655986,47.74361590655986,137250,0.0
BIL.US,道富SPDR彭博1-3个月美国国债ETF,1509681600000,2017-11-03,2017-11-03 00:00:00,47.74361590655986,47.75406080174834,47.74361590655986,47.74361590655986,222550,0.0
BIL.US,道富SPDR彭博1-3个月美国国债ETF,1509944400000,2017-11-06,2017-11-06 00:00:00,47.74361590655986,47.75406080174834,47.74361590655986,47.75406080174834,95200,0.0
BIL.US,道富SPDR彭博1-3个月美国国债ETF,1510030800000,2017-11-07,2017-11-07 00:00:00,47.74361590655986,47.75406080174834,47.74361590655986,47.75406080174834,89950,0.0
BIL.US,道富SPDR彭博1-3个月美国国债ETF,1510117200000,2017-11-08,2017-11-08 00:00:00,47.75406080174834,47.75406080174834,47.74361590655986,47.75406080174834,238750,0.0
BIL.US,道富SPDR彭博1-3个月美国国债ETF,1510203600000,2017-11-09,2017-11-09 00:00:00,47.75406080174834,47.75406080174834,47.74361590655986,47.74361590655986,518050,0.0
BIL.US,道富SPDR彭博1-3个月美国国债ETF,1510290000000,2017-11-10,2017-11-10 00:00:00,47.75406080174834,47.76450569693682,47.74361590655986,47.75406080174834,278000,0.0
BIL.US,道富SPDR彭博1-3个月美国国债ETF,1510549200000,2017-11-13,2017-11-13 00:00:00,47.76450569693682,47.76450569693682,47.75406080174834,47.75406080174834,229800,0.0
BIL.US,道富SPDR彭博1-3个月美国国债ETF,1510635600000,2017-11-14,2017-11-14 00:00:00,47.76450569693682,47.76450569693682,47.75406080174834,47.75406080174834,119450,0.0
BIL.US,道富SPDR彭博1-3个月美国国债ETF,1510722000000,2017-11-15,2017-11-15 00:00:00,47.75406080174834,47.76450569693682,47.75406080174834,47.75406080174834,278750,0.0
BIL.US,道富SPDR彭博1-3个月美国国债ETF,1510808400000,2017-11-16,2017-11-16 00:00:00,47.75406080174834,47.76450569693682,47.75406080174834,47.76450569693682,232900,0.0
BIL.US,道富SPDR彭博1-3个月美国国债ETF,1510894800000,2017-11-17,2017-11-17 00:00:00,47.75406080174834,47.76450569693682,47.75406080174834,47.75406080174834,164550,0.0
BIL.US,道富SPDR彭博1-3个月美国国债ETF,1511154000000,2017-11-20,2017-11-20 00:00:00,47.75406080174834,47.774950592125315,47.75406080174834,47.76450569693682,372450,0.0
BIL.US,道富SPDR彭博1-3个月美国国债ETF,1511240400000,2017-11-21,2017-11-21 00:00:00,47.76450569693682,47.774950592125315,47.75406080174834,47.774950592125315,259000,0.0
BIL.US,道富SPDR彭博1-3个月美国国债ETF,1511326800000,2017-11-22,2017-11-22 00:00:00,47.76450569693682,47.774950592125315,47.76450569693682,47.774950592125315,153600,0.0
BIL.US,道富SPDR彭博1-3个月美国国债ETF,1511499600000,2017-11-24,2017-11-24 00:00:00,47.774950592125315,47.78539548731379,47.76450569693682,47.76450569693682,577050,0.0
BIL.US,道富SPDR彭博1-3个月美国国债ETF,1511758800000,2017-11-27,2017-11-27 00:00:00,47.76450569693682,47.774950592125315,47.76450569693682,47.76450569693682,373900,0.0
BIL.US,道富SPDR彭博1-3个月美国国债ETF,1511845200000,2017-11-28,2017-11-28 00:00:00,47.76450569693682,47.78539548731379,47.76450569693682,47.78539548731379,244700,0.0
BIL.US,道富SPDR彭博1-3个月美国国债ETF,1511931600000,2017-11-29,2017-11-29 00:00:00,47.774950592125315,47.78539548731379,47.76450569693682,47.774950592125315,366300,0.0
BIL.US,道富SPDR彭博1-3个月美国国债ETF,1512018000000,2017-11-30,2017-11-30 00:00:00,47.78539548731379,47.78539548731379,47.774950592125315,47.774950592125315,288000,0.0
BIL.US,道富SPDR彭博1-3个月美国国债ETF,1512104400000,2017-12-01,2017-12-01 00:00:00,47.7488383541541,47.7488383541541,47.74361590655986,47.74361590655986,283200,0.0
BIL.US,道富SPDR彭博1-3个月美国国债ETF,1512363600000,2017-12-04,2017-12-04 00:00:00,47.74361590655986,47.7488383541541,47.74361590655986,47.7488383541541,142700,0.0
BIL.US,道富SPDR彭博1-3个月美国国债ETF,1512450000000,2017-12-05,2017-12-05 00:00:00,47.7488383541541,47.75406080174834,47.74361590655986,47.75406080174834,532500,0.0
BIL.US,道富SPDR彭博1-3个月美国国债ETF,1512536400000,2017-12-06,2017-12-06 00:00:00,47.75406080174834,47.75406080174834,47.7488383541541,47.7488383541541,544900,0.0
BIL.US,道富SPDR彭博1-3个月美国国债ETF,1512622800000,2017-12-07,2017-12-07 00:00:00,47.7488383541541,47.75406080174834,47.7488383541541,47.75406080174834,145100,0.0
BIL.US,道富SPDR彭博1-3个月美国国债ETF,1512709200000,2017-12-08,2017-12-08 00:00:00,47.75406080174834,47.75928324934259,47.7488383541541,47.75928324934259,196100,0.0
BIL.US,道富SPDR彭博1-3个月美国国债ETF,1512968400000,2017-12-11,2017-12-11 00:00:00,47.75928324934259,47.75928324934259,47.75406080174834,47.75406080174834,138900,0.0
BIL.US,道富SPDR彭博1-3个月美国国债ETF,1513054800000,2017-12-12,2017-12-12 00:00:00,47.76450569693682,47.76450569693682,47.75406080174834,47.75928324934259,184900,0.0
BIL.US,道富SPDR彭博1-3个月美国国债ETF,1513141200000,2017-12-13,2017-12-13 00:00:00,47.75928324934259,47.75928324934259,47.75406080174834,47.75406080174834,375100,0.0
BIL.US,道富SPDR彭博1-3个月美国国债ETF,1513227600000,2017-12-14,2017-12-14 00:00:00,47.75928324934259,47.76450569693682,47.75406080174834,47.75928324934259,143000,0.0
BIL.US,道富SPDR彭博1-3个月美国国债ETF,1513314000000,2017-12-15,2017-12-15 00:00:00,47.75928324934259,47.76450569693682,47.75928324934259,47.76450569693682,389600,0.0
BIL.US,道富SPDR彭博1-3个月美国国债ETF,1513573200000,2017-12-18,2017-12-18 00:00:00,47.75928324934259,47.769728144531065,47.75928324934259,47.769728144531065,288500,0.0
BIL.US,道富SPDR彭博1-3个月美国国债ETF,1513659600000,2017-12-19,2017-12-19 00:00:00,47.72272611618289,47.72794856377713,47.71750366858865,47.72794856377713,287600,0.0
BIL.US,道富SPDR彭博1-3个月美国国债ETF,1513746000000,2017-12-20,2017-12-20 00:00:00,47.71750366858865,47.72794856377713,47.71750366858865,47.72794856377713,614200,0.0
BIL.US,道富SPDR彭博1-3个月美国国债ETF,1513832400000,2017-12-21,2017-12-21 00:00:00,47.72272611618289,47.733171011371375,47.72272611618289,47.72794856377713,233500,0.0
BIL.US,道富SPDR彭博1-3个月美国国债ETF,1513918800000,2017-12-22,2017-12-22 00:00:00,47.733171011371375,47.73839345896561,47.72794856377713,47.73839345896561,1997600,0.0
BIL.US,道富SPDR彭博1-3个月美国国债ETF,1514264400000,2017-12-26,2017-12-26 00:00:00,47.73839345896561,47.73839345896561,47.733171011371375,47.733171011371375,498300,0.0
BIL.US,道富SPDR彭博1-3个月美国国债ETF,1514350800000,2017-12-27,2017-12-27 00:00:00,47.73839345896561,47.74361590655986,47.733171011371375,47.74361590655986,320100,0.0
BIL.US,道富SPDR彭博1-3个月美国国债ETF,1514437200000,2017-12-28,2017-12-28 00:00:00,47.73839345896561,47.74361590655986,47.73839345896561,47.74361590655986,366100,0.0
BIL.US,道富SPDR彭博1-3个月美国国债ETF,1514523600000,2017-12-29,2017-12-29 00:00:00,47.73839345896561,47.7488383541541,47.733171011371375,47.733171011371375,414600,0.0
BIL.US,道富SPDR彭博1-3个月美国国债ETF,1514869200000,2018-01-02,2018-01-02 00:00:00,47.73839345896561,47.7488383541541,47.73839345896561,47.73839345896561,790000,0.0
BIL.US,道富SPDR彭博1-3个月美国国债ETF,1514955600000,2018-01-03,2018-01-03 00:00:00,47.7488383541541,47.7488383541541,47.74361590655986,47.7488383541541,218300,0.0
BIL.US,道富SPDR彭博1-3个月美国国债ETF,1515042000000,2018-01-04,2018-01-04 00:00:00,47.75406080174834,47.75406080174834,47.74361590655986,47.75406080174834,1098100,0.0
BIL.US,道富SPDR彭博1-3个月美国国债ETF,1515128400000,2018-01-05,2018-01-05 00:00:00,47.7488383541541,47.75406080174834,47.7488383541541,47.75406080174834,247600,0.0
BIL.US,道富SPDR彭博1-3个月美国国债ETF,1515387600000,2018-01-08,2018-01-08 00:00:00,47.7488383541541,47.75928324934259,47.7488383541541,47.75928324934259,199800,0.0
BIL.US,道富SPDR彭博1-3个月美国国债ETF,1515474000000,2018-01-09,2018-01-09 00:00:00,47.7488383541541,47.75928324934259,47.7488383541541,47.75928324934259,185900,0.0
BIL.US,道富SPDR彭博1-3个月美国国债ETF,1515560400000,2018-01-10,2018-01-10 00:00:00,47.75406080174834,47.75928324934259,47.75406080174834,47.75928324934259,222400,0.0
BIL.US,道富SPDR彭博1-3个月美国国债ETF,1515646800000,2018-01-11,2018-01-11 00:00:00,47.75928324934259,47.76450569693682,47.75406080174834,47.75406080174834,163800,0.0
BIL.US,道富SPDR彭博1-3个月美国国债ETF,1515733200000,2018-01-12,2018-01-12 00:00:00,47.76450569693682,47.769728144531065,47.75928324934259,47.769728144531065,531300,0.0
BIL.US,道富SPDR彭博1-3个月美国国债ETF,1516078800000,2018-01-16,2018-01-16 00:00:00,47.75928324934259,47.76450569693682,47.75928324934259,47.75928324934259,280200,0.0
BIL.US,道富SPDR彭博1-3个月美国国债ETF,1516165200000,2018-01-17,2018-01-17 00:00:00,47.75928324934259,47.769728144531065,47.75928324934259,47.769728144531065,229000,0.0
BIL.US,道富SPDR彭博1-3个月美国国债ETF,1516251600000,2018-01-18,2018-01-18 00:00:00,47.76450569693682,47.769728144531065,47.76450569693682,47.769728144531065,238900,0.0
BIL.US,道富SPDR彭博1-3个月美国国债ETF,1516338000000,2018-01-19,2018-01-19 00:00:00,47.769728144531065,47.774950592125315,47.769728144531065,47.774950592125315,273300,0.0
BIL.US,道富SPDR彭博1-3个月美国国债ETF,1516597200000,2018-01-22,2018-01-22 00:00:00,47.78017303971955,47.78017303971955,47.774950592125315,47.78017303971955,285200,0.0
BIL.US,道富SPDR彭博1-3个月美国国债ETF,1516683600000,2018-01-23,2018-01-23 00:00:00,47.78017303971955,47.78017303971955,47.774950592125315,47.78017303971955,706900,0.0
BIL.US,道富SPDR彭博1-3个月美国国债ETF,1516770000000,2018-01-24,2018-01-24 00:00:00,47.78539548731379,47.78539548731379,47.774950592125315,47.78539548731379,214600,0.0
BIL.US,道富SPDR彭博1-3个月美国国债ETF,1516856400000,2018-01-25,2018-01-25 00:00:00,47.78539548731379,47.78539548731379,47.78017303971955,47.78539548731379,493200,0.0
BIL.US,道富SPDR彭博1-3个月美国国债ETF,1516942800000,2018-01-26,2018-01-26 00:00:00,47.78539548731379,47.79584038250228,47.78539548731379,47.79584038250228,430600,0.0
BIL.US,道富SPDR彭博1-3个月美国国债ETF,1517202000000,2018-01-29,2018-01-29 00:00:00,47.79584038250228,47.79584038250228,47.78539548731379,47.78539548731379,696400,0.0
BIL.US,道富SPDR彭博1-3个月美国国债ETF,1517288400000,2018-01-30,2018-01-30 00:00:00,47.78017303971955,47.79584038250228,47.78017303971955,47.790617934908035,581300,0.0
BIL.US,道富SPDR彭博1-3个月美国国债ETF,1517374800000,2018-01-31,2018-01-31 00:00:00,47.790617934908035,47.79584038250228,47.790617934908035,47.79584038250228,258900,0.0
BIL.US,道富SPDR彭博1-3个月美国国债ETF,1517461200000,2018-02-01,2018-02-01 00:00:00,47.73839345896561,47.75406080174834,47.73839345896561,47.7488383541541,1016400,0.0
BIL.US,道富SPDR彭博1-3个月美国国债ETF,1517547600000,2018-02-02,2018-02-02 00:00:00,47.75406080174834,47.75406080174834,47.7488383541541,47.75406080174834,459100,0.0
BIL.US,道富SPDR彭博1-3个月美国国债ETF,1517806800000,2018-02-05,2018-02-05 00:00:00,47.75928324934259,47.75928324934259,47.7488383541541,47.7488383541541,757000,0.0
BIL.US,道富SPDR彭博1-3个月美国国债ETF,1517893200000,2018-02-06,2018-02-06 00:00:00,47.74361590655986,47.75928324934259,47.74361590655986,47.75406080174834,1558600,0.0
BIL.US,道富SPDR彭博1-3个月美国国债ETF,1517979600000,2018-02-07,2018-02-07 00:00:00,47.7488383541541,47.78539548731379,47.73839345896561,47.75928324934259,1294900,0.0
BIL.US,道富SPDR彭博1-3个月美国国债ETF,1518066000000,2018-02-08,2018-02-08 00:00:00,47.7488383541541,47.76450569693682,47.7488383541541,47.75406080174834,1547200,0.0
BIL.US,道富SPDR彭博1-3个月美国国债ETF,1518152400000,2018-02-09,2018-02-09 00:00:00,47.7488383541541,47.76450569693682,47.7488383541541,47.76450569693682,2932600,0.0
BIL.US,道富SPDR彭博1-3个月美国国债ETF,1518411600000,2018-02-12,2018-02-12 00:00:00,47.76450569693682,47.76450569693682,47.75928324934259,47.76450569693682,2039300,0.0
BIL.US,道富SPDR彭博1-3个月美国国债ETF,1518498000000,2018-02-13,2018-02-13 00:00:00,47.75406080174834,47.769728144531065,47.75406080174834,47.76450569693682,4352400,0.0
BIL.US,道富SPDR彭博1-3个月美国国债ETF,1518584400000,2018-02-14,2018-02-14 00:00:00,47.75928324934259,47.76450569693682,47.75928324934259,47.76450569693682,549700,0.0
BIL.US,道富SPDR彭博1-3个月美国国债ETF,1518670800000,2018-02-15,2018-02-15 00:00:00,47.769728144531065,47.769728144531065,47.75928324934259,47.769728144531065,924900,0.0
BIL.US,道富SPDR彭博1-3个月美国国债ETF,1518757200000,2018-02-16,2018-02-16 00:00:00,47.76450569693682,47.774950592125315,47.76450569693682,47.774950592125315,920500,0.0
BIL.US,道富SPDR彭博1-3个月美国国债ETF,1519102800000,2018-02-20,2018-02-20 00:00:00,47.769728144531065,47.774950592125315,47.76450569693682,47.774950592125315,590100,0.0
BIL.US,道富SPDR彭博1-3个月美国国债ETF,1519189200000,2018-02-21,2018-02-21 00:00:00,47.774950592125315,47.774950592125315,47.769728144531065,47.769728144531065,1012400,0.0
BIL.US,道富SPDR彭博1-3个月美国国债ETF,1519275600000,2018-02-22,2018-02-22 00:00:00,47.774950592125315,47.78017303971955,47.769728144531065,47.774950592125315,468700,0.0
BIL.US,道富SPDR彭博1-3个月美国国债ETF,1519362000000,2018-02-23,2018-02-23 00:00:00,47.78017303971955,47.78539548731379,47.774950592125315,47.78539548731379,2653500,0.0
BIL.US,道富SPDR彭博1-3个月美国国债ETF,1519621200000,2018-02-26,2018-02-26 00:00:00,47.78017303971955,47.78539548731379,47.774950592125315,47.774950592125315,2981600,0.0
BIL.US,道富SPDR彭博1-3个月美国国债ETF,1519707600000,2018-02-27,2018-02-27 00:00:00,47.774950592125315,47.78539548731379,47.774950592125315,47.78539548731379,373600,0.0
BIL.US,道富SPDR彭博1-3个月美国国债ETF,1519794000000,2018-02-28,2018-02-28 00:00:00,47.78539548731379,47.790617934908035,47.78017303971955,47.790617934908035,882200,0.0
BIL.US,道富SPDR彭博1-3个月美国国债ETF,1519880400000,2018-03-01,2018-03-01 00:00:00,47.74361590655986,47.75406080174834,47.74361590655986,47.75406080174834,1260500,0.0
BIL.US,道富SPDR彭博1-3个月美国国债ETF,1519966800000,2018-03-02,2018-03-02 00:00:00,47.7488383541541,47.75928324934259,47.7488383541541,47.75928324934259,1353900,0.0
BIL.US,道富SPDR彭博1-3个月美国国债ETF,1520226000000,2018-03-05,2018-03-05 00:00:00,47.75928324934259,47.75928324934259,47.7488383541541,47.75928324934259,849200,0.0
BIL.US,道富SPDR彭博1-3个月美国国债ETF,1520312400000,2018-03-06,2018-03-06 00:00:00,47.75928324934259,47.75928324934259,47.7488383541541,47.75928324934259,232700,0.0
BIL.US,道富SPDR彭博1-3个月美国国债ETF,1520398800000,2018-03-07,2018-03-07 00:00:00,47.75406080174834,47.75928324934259,47.75406080174834,47.75928324934259,978700,0.0
BIL.US,道富SPDR彭博1-3个月美国国债ETF,1520485200000,2018-03-08,2018-03-08 00:00:00,47.75406080174834,47.75928324934259,47.75406080174834,47.75406080174834,257400,0.0
BIL.US,道富SPDR彭博1-3个月美国国债ETF,1520571600000,2018-03-09,2018-03-09 00:00:00,47.75928324934259,47.769728144531065,47.75928324934259,47.76450569693682,596500,0.0
BIL.US,道富SPDR彭博1-3个月美国国债ETF,1520827200000,2018-03-12,2018-03-12 00:00:00,47.769728144531065,47.769728144531065,47.75928324934259,47.769728144531065,506300,0.0
BIL.US,道富SPDR彭博1-3个月美国国债ETF,1520913600000,2018-03-13,2018-03-13 00:00:00,47.75928324934259,47.769728144531065,47.75928324934259,47.769728144531065,469400,0.0
BIL.US,道富SPDR彭博1-3个月美国国债ETF,1521000000000,2018-03-14,2018-03-14 00:00:00,47.75928324934259,47.769728144531065,47.75928324934259,47.769728144531065,245000,0.0
BIL.US,道富SPDR彭博1-3个月美国国债ETF,1521086400000,2018-03-15,2018-03-15 00:00:00,47.769728144531065,47.769728144531065,47.76450569693682,47.76450569693682,863800,0.0
BIL.US,道富SPDR彭博1-3个月美国国债ETF,1521172800000,2018-03-16,2018-03-16 00:00:00,47.769728144531065,47.774950592125315,47.769728144531065,47.774950592125315,1216900,0.0
BIL.US,道富SPDR彭博1-3个月美国国债ETF,1521432000000,2018-03-19,2018-03-19 00:00:00,47.769728144531065,47.78017303971955,47.769728144531065,47.774950592125315,466100,0.0
BIL.US,道富SPDR彭博1-3个月美国国债ETF,1521518400000,2018-03-20,2018-03-20 00:00:00,47.774950592125315,47.78017303971955,47.769728144531065,47.769728144531065,444500,0.0
BIL.US,道富SPDR彭博1-3个月美国国债ETF,1521604800000,2018-03-21,2018-03-21 00:00:00,47.774950592125315,47.78017303971955,47.774950592125315,47.78017303971955,336300,0.0
BIL.US,道富SPDR彭博1-3个月美国国债ETF,1521691200000,2018-03-22,2018-03-22 00:00:00,47.774950592125315,47.78539548731379,47.774950592125315,47.78539548731379,305600,0.0
BIL.US,道富SPDR彭博1-3个月美国国债ETF,1521777600000,2018-03-23,2018-03-23 00:00:00,47.78539548731379,47.790617934908035,47.78539548731379,47.790617934908035,633100,0.0
BIL.US,道富SPDR彭博1-3个月美国国债ETF,1522036800000,2018-03-26,2018-03-26 00:00:00,47.78539548731379,47.790617934908035,47.78539548731379,47.78539548731379,451300,0.0
BIL.US,道富SPDR彭博1-3个月美国国债ETF,1522123200000,2018-03-27,2018-03-27 00:00:00,47.79584038250228,47.79584038250228,47.78539548731379,47.79584038250228,1357300,0.0
BIL.US,道富SPDR彭博1-3个月美国国债ETF,1522209600000,2018-03-28,2018-03-28 00:00:00,47.79584038250228,47.80106283009652,47.79584038250228,47.80106283009652,3030200,0.0
BIL.US,道富SPDR彭博1-3个月美国国债ETF,1522296000000,2018-03-29,2018-03-29 00:00:00,47.80106283009652,47.811507725285004,47.80106283009652,47.811507725285004,737400,0.0
BIL.US,道富SPDR彭博1-3个月美国国债ETF,1522641600000,2018-04-02,2018-04-02 00:00:00,47.80890840355458,47.80890840355458,47.798451511952756,47.80890840355458,1681600,0.0
BIL.US,道富SPDR彭博1-3个月美国国债ETF,1522728000000,2018-04-03,2018-04-03 00:00:00,47.80890840355458,47.80890840355458,47.80367995775367,47.80367995775367,1893300,0.0
BIL.US,道富SPDR彭博1-3个月美国国债ETF,1522814400000,2018-04-04,2018-04-04 00:00:00,47.80367995775367,47.8141368493555,47.80367995775367,47.8141368493555,3535400,0.0
BIL.US,道富SPDR彭博1-3个月美国国债ETF,1522900800000,2018-04-05,2018-04-05 00:00:00,47.8193652951564,47.8193652951564,47.8141368493555,47.8193652951564,2245800,0.0
BIL.US,道富SPDR彭博1-3个月美国国债ETF,1522987200000,2018-04-06,2018-04-06 00:00:00,47.8193652951564,47.8193652951564,47.8141368493555,47.8193652951564,310400,0.0
BIL.US,道富SPDR彭博1-3个月美国国债ETF,1523246400000,2018-04-09,2018-04-09 00:00:00,47.82459374095732,47.82459374095732,47.8193652951564,47.82459374095732,238500,0.0
BIL.US,道富SPDR彭博1-3个月美国国债ETF,1523332800000,2018-04-10,2018-04-10 00:00:00,47.82459374095732,47.82459374095732,47.8193652951564,47.8193652951564,491300,0.0
BIL.US,道富SPDR彭博1-3个月美国国债ETF,1523419200000,2018-04-11,2018-04-11 00:00:00,47.829822186758236,47.829822186758236,47.82459374095732,47.829822186758236,249300,0.0
BIL.US,道富SPDR彭博1-3个月美国国债ETF,1523505600000,2018-04-12,2018-04-12 00:00:00,47.82459374095732,47.829822186758236,47.82459374095732,47.829822186758236,8103700,0.0
BIL.US,道富SPDR彭博1-3个月美国国债ETF,1523592000000,2018-04-13,2018-04-13 00:00:00,47.829822186758236,47.835050632559145,47.829822186758236,47.829822186758236,287900,0.0
BIL.US,道富SPDR彭博1-3个月美国国债ETF,1523851200000,2018-04-16,2018-04-16 00:00:00,47.84027907836006,47.84027907836006,47.829822186758236,47.84027907836006,321100,0.0
BIL.US,道富SPDR彭博1-3个月美国国债ETF,1523937600000,2018-04-17,2018-04-17 00:00:00,47.835050632559145,47.84027907836006,47.835050632559145,47.84027907836006,3475000,0.0
BIL.US,道富SPDR彭博1-3个月美国国债ETF,1524024000000,2018-04-18,2018-04-18 00:00:00,47.84027907836006,47.84027907836006,47.835050632559145,47.835050632559145,277900,0.0
BIL.US,道富SPDR彭博1-3个月美国国债ETF,1524110400000,2018-04-19,2018-04-19 00:00:00,47.84550752416098,47.84550752416098,47.84027907836006,47.84550752416098,473200,0.0
BIL.US,道富SPDR彭博1-3个月美国国债ETF,1524196800000,2018-04-20,2018-04-20 00:00:00,47.84027907836006,47.85073596996189,47.84027907836006,47.84550752416098,264000,0.0
BIL.US,道富SPDR彭博1-3个月美国国债ETF,1524456000000,2018-04-23,2018-04-23 00:00:00,47.84550752416098,47.85073596996189,47.84550752416098,47.84550752416098,1125900,0.0
BIL.US,道富SPDR彭博1-3个月美国国债ETF,1524542400000,2018-04-24,2018-04-24 00:00:00,47.84550752416098,47.855964415762806,47.84550752416098,47.85073596996189,1031600,0.0
BIL.US,道富SPDR彭博1-3个月美国国债ETF,1524628800000,2018-04-25,2018-04-25 00:00:00,47.85073596996189,47.855964415762806,47.85073596996189,47.855964415762806,1001600,0.0
BIL.US,道富SPDR彭博1-3个月美国国债ETF,1524715200000,2018-04-26,2018-04-26 00:00:00,47.855964415762806,47.86642130736463,47.855964415762806,47.86119286156372,1484300,0.0
BIL.US,道富SPDR彭博1-3个月美国国债ETF,1524801600000,2018-04-27,2018-04-27 00:00:00,47.86119286156372,47.86642130736463,47.86119286156372,47.86642130736463,295500,0.0
BIL.US,道富SPDR彭博1-3个月美国国债ETF,1525060800000,2018-04-30,2018-04-30 00:00:00,47.86642130736463,47.86642130736463,47.86119286156372,47.86119286156372,325900,0.0
BIL.US,道富SPDR彭博1-3个月美国国债ETF,1525147200000,2018-05-01,2018-05-01 00:00:00,47.859792275815686,47.8702614417953,47.859792275815686,47.865026858805486,1429800,0.0
BIL.US,道富SPDR彭博1-3个月美国国债ETF,1525233600000,2018-05-02,2018-05-02 00:00:00,47.865026858805486,47.8702614417953,47.865026858805486,47.8702614417953,398200,0.0
BIL.US,道富SPDR彭博1-3个月美国国债ETF,1525320000000,2018-05-03,2018-05-03 00:00:00,47.8754960247851,47.8754960247851,47.8702614417953,47.8702614417953,3642700,0.0
BIL.US,道富SPDR彭博1-3个月美国国债ETF,1525406400000,2018-05-04,2018-05-04 00:00:00,47.880730607774915,47.880730607774915,47.8754960247851,47.880730607774915,1208100,0.0
BIL.US,道富SPDR彭博1-3个月美国国债ETF,1525665600000,2018-05-07,2018-05-07 00:00:00,47.8754960247851,47.880730607774915,47.8754960247851,47.880730607774915,365500,0.0
BIL.US,道富SPDR彭博1-3个月美国国债ETF,1525752000000,2018-05-08,2018-05-08 00:00:00,47.880730607774915,47.88596519076472,47.880730607774915,47.88596519076472,432900,0.0
BIL.US,道富SPDR彭博1-3个月美国国债ETF,1525838400000,2018-05-09,2018-05-09 00:00:00,47.8754960247851,47.88596519076472,47.8754960247851,47.88596519076472,807900,0.0
BIL.US,道富SPDR彭博1-3个月美国国债ETF,1525924800000,2018-05-10,2018-05-10 00:00:00,47.88596519076472,47.89119977375452,47.88596519076472,47.88596519076472,4673600,0.0
BIL.US,道富SPDR彭博1-3个月美国国债ETF,1526011200000,2018-05-11,2018-05-11 00:00:00,47.89643435674434,47.89643435674434,47.88596519076472,47.88596519076472,348900,0.0
BIL.US,道富SPDR彭博1-3个月美国国债ETF,1526270400000,2018-05-14,2018-05-14 00:00:00,47.88596519076472,47.89643435674434,47.88596519076472,47.88596519076472,897600,0.0
BIL.US,道富SPDR彭博1-3个月美国国债ETF,1526356800000,2018-05-15,2018-05-15 00:00:00,47.89119977375452,47.89643435674434,47.89119977375452,47.89643435674434,1825800,0.0
BIL.US,道富SPDR彭博1-3个月美国国债ETF,1526443200000,2018-05-16,2018-05-16 00:00:00,47.89643435674434,47.901668939734144,47.89119977375452,47.901668939734144,1147500,0.0
BIL.US,道富SPDR彭博1-3个月美国国债ETF,1526529600000,2018-05-17,2018-05-17 00:00:00,47.901668939734144,47.901668939734144,47.89643435674434,47.901668939734144,2799200,0.0
BIL.US,道富SPDR彭博1-3个月美国国债ETF,1526616000000,2018-05-18,2018-05-18 00:00:00,47.90690352272395,47.90690352272395,47.901668939734144,47.90690352272395,1550100,0.0
BIL.US,道富SPDR彭博1-3个月美国国债ETF,1526875200000,2018-05-21,2018-05-21 00:00:00,47.90690352272395,47.91213810571376,47.901668939734144,47.90690352272395,509500,0.0
BIL.US,道富SPDR彭博1-3个月美国国债ETF,1526961600000,2018-05-22,2018-05-22 00:00:00,47.91213810571376,47.91213810571376,47.90690352272395,47.90690352272395,587800,0.0
BIL.US,道富SPDR彭博1-3个月美国国债ETF,1527048000000,2018-05-23,2018-05-23 00:00:00,47.91737268870357,47.91737268870357,47.90690352272395,47.91213810571376,244900,0.0
BIL.US,道富SPDR彭博1-3个月美国国债ETF,1527134400000,2018-05-24,2018-05-24 00:00:00,47.91737268870357,47.92260727169337,47.91737268870357,47.92260727169337,260000,0.0
BIL.US,道富SPDR彭博1-3个月美国国债ETF,1527220800000,2018-05-25,2018-05-25 00:00:00,47.92260727169337,47.92784185468319,47.92260727169337,47.92784185468319,479400,0.0
BIL.US,道富SPDR彭博1-3个月美国国债ETF,1527566400000,2018-05-29,2018-05-29 00:00:00,47.92260727169337,47.92784185468319,47.92260727169337,47.92784185468319,845400,0.0
BIL.US,道富SPDR彭博1-3个月美国国债ETF,1527652800000,2018-05-30,2018-05-30 00:00:00,47.92260727169337,47.92784185468319,47.92260727169337,47.92260727169337,450400,0.0
BIL.US,道富SPDR彭博1-3个月美国国债ETF,1527739200000,2018-05-31,2018-05-31 00:00:00,47.9383110206628,47.9383110206628,47.92784185468319,47.93307643767299,901800,0.0
BIL.US,道富SPDR彭博1-3个月美国国债ETF,1527825600000,2018-06-01,2018-06-01 00:00:00,47.93639056983728,47.93639056983728,47.93114875566889,47.93639056983728,707400,0.0
BIL.US,道富SPDR彭博1-3个月美国国债ETF,1528084800000,2018-06-04,2018-06-04 00:00:00,47.93639056983728,47.94163238400565,47.93639056983728,47.94163238400565,1174100,0.0
BIL.US,道富SPDR彭博1-3个月美国国债ETF,1528171200000,2018-06-05,2018-06-05 00:00:00,47.94163238400565,47.94163238400565,47.93639056983728,47.94163238400565,726900,0.0
BIL.US,道富SPDR彭博1-3个月美国国债ETF,1528257600000,2018-06-06,2018-06-06 00:00:00,47.94163238400565,47.94163238400565,47.93639056983728,47.93639056983728,594200,0.0
BIL.US,道富SPDR彭博1-3个月美国国债ETF,1528344000000,2018-06-07,2018-06-07 00:00:00,47.94163238400565,47.952116012342415,47.94163238400565,47.94163238400565,1595100,0.0
BIL.US,道富SPDR彭博1-3个月美国国债ETF,1528430400000,2018-06-08,2018-06-08 00:00:00,47.952116012342415,47.952116012342415,47.94687419817404,47.952116012342415,323200,0.0
BIL.US,道富SPDR彭博1-3个月美国国债ETF,1528689600000,2018-06-11,2018-06-11 00:00:00,47.952116012342415,47.957357826510794,47.94687419817404,47.957357826510794,871700,0.0
BIL.US,道富SPDR彭博1-3个月美国国债ETF,1528776000000,2018-06-12,2018-06-12 00:00:00,47.957357826510794,47.957357826510794,47.952116012342415,47.957357826510794,1142100,0.0
BIL.US,道富SPDR彭博1-3个月美国国债ETF,1528862400000,2018-06-13,2018-06-13 00:00:00,47.952116012342415,47.96259964067917,47.952116012342415,47.952116012342415,244100,0.0
BIL.US,道富SPDR彭博1-3个月美国国债ETF,1528948800000,2018-06-14,2018-06-14 00:00:00,47.96259964067917,47.96784145484756,47.96259964067917,47.96784145484756,440900,0.0
BIL.US,道富SPDR彭博1-3个月美国国债ETF,1529035200000,2018-06-15,2018-06-15 00:00:00,47.96784145484756,47.96784145484756,47.96259964067917,47.96784145484756,255400,0.0
BIL.US,道富SPDR彭博1-3个月美国国债ETF,1529294400000,2018-06-18,2018-06-18 00:00:00,47.97308326901593,47.97308326901593,47.96259964067917,47.96259964067917,1502900,0.0
BIL.US,道富SPDR彭博1-3个月美国国债ETF,1529380800000,2018-06-19,2018-06-19 00:00:00,47.97308326901593,47.97308326901593,47.96784145484756,47.97308326901593,207800,0.0
BIL.US,道富SPDR彭博1-3个月美国国债ETF,1529467200000,2018-06-20,2018-06-20 00:00:00,47.978325083184316,47.978325083184316,47.96784145484756,47.96784145484756,616100,0.0
BIL.US,道富SPDR彭博1-3个月美国国债ETF,1529553600000,2018-06-21,2018-06-21 00:00:00,47.9835668973527,47.9835668973527,47.97308326901593,47.97308326901593,782600,0.0
BIL.US,道富SPDR彭博1-3个月美国国债ETF,1529640000000,2018-06-22,2018-06-22 00:00:00,47.9835668973527,47.9835668973527,47.978325083184316,47.978325083184316,289400,0.0
BIL.US,道富SPDR彭博1-3个月美国国债ETF,1529899200000,2018-06-25,2018-06-25 00:00:00,47.988808711521074,47.988808711521074,47.9835668973527,47.988808711521074,1069700,0.0
BIL.US,道富SPDR彭博1-3个月美国国债ETF,1529985600000,2018-06-26,2018-06-26 00:00:00,47.9835668973527,47.99405052568946,47.9835668973527,47.9835668973527,908600,0.0
BIL.US,道富SPDR彭博1-3个月美国国债ETF,1530072000000,2018-06-27,2018-06-27 00:00:00,47.99405052568946,47.99405052568946,47.988808711521074,47.99405052568946,326100,0.0
BIL.US,道富SPDR彭博1-3个月美国国债ETF,1530158400000,2018-06-28,2018-06-28 00:00:00,47.99405052568946,47.99929233985783,47.99405052568946,47.99405052568946,467100,0.0
BIL.US,道富SPDR彭博1-3个月美国国债ETF,1530244800000,2018-06-29,2018-06-29 00:00:00,48.00453415402622,48.00453415402622,47.99929233985783,48.00453415402622,811600,0.0
BIL.US,道富SPDR彭博1-3个月美国国债ETF,1530504000000,2018-07-02,2018-07-02 00:00:00,48.00296003675445,48.00820913025218,47.99771094325672,47.99771094325672,1826900,0.0
BIL.US,道富SPDR彭博1-3个月美国国债ETF,1530590400000,2018-07-03,2018-07-03 00:00:00,48.00296003675445,48.00820913025218,48.00296003675445,48.00820913025218,1022400,0.0
BIL.US,道富SPDR彭博1-3个月美国国债ETF,1530763200000,2018-07-05,2018-07-05 00:00:00,48.00820913025218,48.013458223749915,48.00820913025218,48.00820913025218,1033600,0.0
BIL.US,道富SPDR彭博1-3个月美国国债ETF,1530849600000,2018-07-06,2018-07-06 00:00:00,48.013458223749915,48.018707317247646,48.013458223749915,48.018707317247646,1050600,0.0
BIL.US,道富SPDR彭博1-3个月美国国债ETF,1531108800000,2018-07-09,2018-07-09 00:00:00,48.013458223749915,48.02395641074538,48.013458223749915,48.018707317247646,388200,0.0
BIL.US,道富SPDR彭博1-3个月美国国债ETF,1531195200000,2018-07-10,2018-07-10 00:00:00,48.02395641074538,48.02395641074538,48.013458223749915,48.02395641074538,468100,0.0
BIL.US,道富SPDR彭博1-3个月美国国债ETF,1531281600000,2018-07-11,2018-07-11 00:00:00,48.018707317247646,48.02395641074538,48.018707317247646,48.02395641074538,960700,0.0
BIL.US,道富SPDR彭博1-3个月美国国债ETF,1531368000000,2018-07-12,2018-07-12 00:00:00,48.02395641074538,48.03445459774084,48.02395641074538,48.02395641074538,639200,0.0
BIL.US,道富SPDR彭博1-3个月美国国债ETF,1531454400000,2018-07-13,2018-07-13 00:00:00,48.03445459774084,48.03445459774084,48.02920550424311,48.02920550424311,628900,0.0
BIL.US,道富SPDR彭博1-3个月美国国债ETF,1531713600000,2018-07-16,2018-07-16 00:00:00,48.03445459774084,48.03445459774084,48.02920550424311,48.03445459774084,377800,0.0
BIL.US,道富SPDR彭博1-3个月美国国债ETF,1531800000000,2018-07-17,2018-07-17 00:00:00,48.03970369123857,48.03970369123857,48.02920550424311,48.03445459774084,862800,0.0
BIL.US,道富SPDR彭博1-3个月美国国债ETF,1531886400000,2018-07-18,2018-07-18 00:00:00,48.03445459774084,48.03970369123857,48.03445459774084,48.03970369123857,437400,0.0
BIL.US,道富SPDR彭博1-3个月美国国债ETF,1531972800000,2018-07-19,2018-07-19 00:00:00,48.03970369123857,48.05020187823404,48.03970369123857,48.0449527847363,352200,0.0
BIL.US,道富SPDR彭博1-3个月美国国债ETF,1532059200000,2018-07-20,2018-07-20 00:00:00,48.05020187823404,48.05020187823404,48.0449527847363,48.05020187823404,1845000,0.0
BIL.US,道富SPDR彭博1-3个月美国国债ETF,1532318400000,2018-07-23,2018-07-23 00:00:00,48.055450971731766,48.055450971731766,48.0449527847363,48.0449527847363,293200,0.0
BIL.US,道富SPDR彭博1-3个月美国国债ETF,1532404800000,2018-07-24,2018-07-24 00:00:00,48.05020187823404,48.055450971731766,48.05020187823404,48.055450971731766,450100,0.0
BIL.US,道富SPDR彭博1-3个月美国国债ETF,1532491200000,2018-07-25,2018-07-25 00:00:00,48.055450971731766,48.055450971731766,48.05020187823404,48.05020187823404,316000,0.0
BIL.US,道富SPDR彭博1-3个月美国国债ETF,1532577600000,2018-07-26,2018-07-26 00:00:00,48.06594915872723,48.06594915872723,48.055450971731766,48.055450971731766,269600,0.0
BIL.US,道富SPDR彭博1-3个月美国国债ETF,1532664000000,2018-07-27,2018-07-27 00:00:00,48.06594915872723,48.06594915872723,48.0607000652295,48.06594915872723,457400,0.0
BIL.US,道富SPDR彭博1-3个月美国国债ETF,1532923200000,2018-07-30,2018-07-30 00:00:00,48.07119825222496,48.07119825222496,48.0607000652295,48.0607000652295,377100,0.0
BIL.US,道富SPDR彭博1-3个月美国国债ETF,1533009600000,2018-07-31,2018-07-31 00:00:00,48.07119825222496,48.07119825222496,48.06594915872723,48.07119825222496,778700,0.0
BIL.US,道富SPDR彭博1-3个月美国国债ETF,1533096000000,2018-08-01,2018-08-01 00:00:00,48.06854073331629,48.073797572854055,48.06854073331629,48.073797572854055,1117200,0.0
BIL.US,道富SPDR彭博1-3个月美国国债ETF,1533182400000,2018-08-02,2018-08-02 00:00:00,48.07905441239181,48.07905441239181,48.073797572854055,48.07905441239181,691800,0.0
BIL.US,道富SPDR彭博1-3个月美国国债ETF,1533268800000,2018-08-03,2018-08-03 00:00:00,48.07905441239181,48.08431125192958,48.073797572854055,48.07905441239181,353500,0.0
BIL.US,道富SPDR彭博1-3个月美国国债ETF,1533528000000,2018-08-06,2018-08-06 00:00:00,48.08956809146735,48.08956809146735,48.07905441239181,48.08431125192958,710200,0.0
BIL.US,道富SPDR彭博1-3个月美国国债ETF,1533614400000,2018-08-07,2018-08-07 00:00:00,48.08956809146735,48.08956809146735,48.07905441239181,48.08956809146735,660800,0.0
BIL.US,道富SPDR彭博1-3个月美国国债ETF,1533700800000,2018-08-08,2018-08-08 00:00:00,48.08956809146735,48.08956809146735,48.08431125192958,48.08431125192958,741400,0.0
BIL.US,道富SPDR彭博1-3个月美国国债ETF,1533787200000,2018-08-09,2018-08-09 00:00:00,48.08956809146735,48.09482493100511,48.08956809146735,48.08956809146735,340500,0.0
BIL.US,道富SPDR彭博1-3个月美国国债ETF,1533873600000,2018-08-10,2018-08-10 00:00:00,48.10008177054287,48.10008177054287,48.09482493100511,48.10008177054287,287400,0.0
BIL.US,道富SPDR彭博1-3个月美国国债ETF,1534132800000,2018-08-13,2018-08-13 00:00:00,48.10533861008064,48.10533861008064,48.10008177054287,48.10533861008064,664500,0.0
BIL.US,道富SPDR彭博1-3个月美国国债ETF,1534219200000,2018-08-14,2018-08-14 00:00:00,48.10533861008064,48.10533861008064,48.09482493100511,48.09482493100511,339800,0.0
BIL.US,道富SPDR彭博1-3个月美国国债ETF,1534305600000,2018-08-15,2018-08-15 00:00:00,48.10008177054287,48.10533861008064,48.10008177054287,48.10533861008064,533000,0.0
BIL.US,道富SPDR彭博1-3个月美国国债ETF,1534392000000,2018-08-16,2018-08-16 00:00:00,48.1105954496184,48.115852289156166,48.10533861008064,48.10533861008064,539800,0.0
BIL.US,道富SPDR彭博1-3个月美国国债ETF,1534478400000,2018-08-17,2018-08-17 00:00:00,48.1105954496184,48.115852289156166,48.1105954496184,48.1105954496184,656600,0.0
BIL.US,道富SPDR彭博1-3个月美国国债ETF,1534737600000,2018-08-20,2018-08-20 00:00:00,48.1105954496184,48.115852289156166,48.1105954496184,48.1105954496184,600900,0.0
BIL.US,道富SPDR彭博1-3个月美国国债ETF,1534824000000,2018-08-21,2018-08-21 00:00:00,48.12110912869393,48.12110912869393,48.115852289156166,48.115852289156166,354100,0.0
BIL.US,道富SPDR彭博1-3个月美国国债ETF,1534910400000,2018-08-22,2018-08-22 00:00:00,48.12110912869393,48.12110912869393,48.115852289156166,48.115852289156166,735700,0.0
BIL.US,道富SPDR彭博1-3个月美国国债ETF,1534996800000,2018-08-23,2018-08-23 00:00:00,48.13162280776946,48.13162280776946,48.12110912869393,48.13162280776946,1007000,0.0
BIL.US,道富SPDR彭博1-3个月美国国债ETF,1535083200000,2018-08-24,2018-08-24 00:00:00,48.13162280776946,48.13162280776946,48.126365968231696,48.13162280776946,229800,0.0
BIL.US,道富SPDR彭博1-3个月美国国债ETF,1535342400000,2018-08-27,2018-08-27 00:00:00,48.13162280776946,48.13687964730722,48.126365968231696,48.13687964730722,323800,0.0
BIL.US,道富SPDR彭博1-3个月美国国债ETF,1535428800000,2018-08-28,2018-08-28 00:00:00,48.13162280776946,48.13687964730722,48.13162280776946,48.13687964730722,610700,0.0
BIL.US,道富SPDR彭博1-3个月美国国债ETF,1535515200000,2018-08-29,2018-08-29 00:00:00,48.14213648684499,48.14213648684499,48.13162280776946,48.13162280776946,908800,0.0
BIL.US,道富SPDR彭博1-3个月美国国债ETF,1535601600000,2018-08-30,2018-08-30 00:00:00,48.14213648684499,48.15265016592051,48.14213648684499,48.15265016592051,748500,0.0
BIL.US,道富SPDR彭博1-3个月美国国债ETF,1535688000000,2018-08-31,2018-08-31 00:00:00,48.147393326382755,48.15265016592051,48.147393326382755,48.147393326382755,494800,0.0
BIL.US,道富SPDR彭博1-3个月美国国债ETF,1536033600000,2018-09-04,2018-09-04 00:00:00,48.1466123532452,48.15187715503342,48.1466123532452,48.15187715503342,973900,0.0
BIL.US,道富SPDR彭博1-3个月美国国债ETF,1536120000000,2018-09-05,2018-09-05 00:00:00,48.15187715503342,48.15714195682163,48.1466123532452,48.1466123532452,883300,0.0
BIL.US,道富SPDR彭博1-3个月美国国债ETF,1536206400000,2018-09-06,2018-09-06 00:00:00,48.162406758609855,48.162406758609855,48.15714195682163,48.15714195682163,1809500,0.0
BIL.US,道富SPDR彭博1-3个月美国国债ETF,1536292800000,2018-09-07,2018-09-07 00:00:00,48.162406758609855,48.16767156039807,48.162406758609855,48.16767156039807,472300,0.0
BIL.US,道富SPDR彭博1-3个月美国国债ETF,1536552000000,2018-09-10,2018-09-10 00:00:00,48.162406758609855,48.16767156039807,48.162406758609855,48.16767156039807,593200,0.0
BIL.US,道富SPDR彭博1-3个月美国国债ETF,1536638400000,2018-09-11,2018-09-11 00:00:00,48.162406758609855,48.172936362186284,48.162406758609855,48.172936362186284,1580300,0.0
BIL.US,道富SPDR彭博1-3个月美国国债ETF,1536724800000,2018-09-12,2018-09-12 00:00:00,48.16767156039807,48.172936362186284,48.16767156039807,48.172936362186284,757500,0.0
BIL.US,道富SPDR彭博1-3个月美国国债ETF,1536811200000,2018-09-13,2018-09-13 00:00:00,48.18346596576272,48.18346596576272,48.172936362186284,48.172936362186284,458700,0.0
BIL.US,道富SPDR彭博1-3个月美国国债ETF,1536897600000,2018-09-14,2018-09-14 00:00:00,48.18346596576272,48.18346596576272,48.17820116397451,48.17820116397451,1126400,0.0
BIL.US,道富SPDR彭博1-3个月美国国债ETF,1537156800000,2018-09-17,2018-09-17 00:00:00,48.17820116397451,48.188730767550936,48.17820116397451,48.188730767550936,639100,0.0
BIL.US,道富SPDR彭博1-3个月美国国债ETF,1537243200000,2018-09-18,2018-09-18 00:00:00,48.188730767550936,48.188730767550936,48.18346596576272,48.188730767550936,457500,0.0
BIL.US,道富SPDR彭博1-3个月美国国债ETF,1537329600000,2018-09-19,2018-09-19 00:00:00,48.18346596576272,48.188730767550936,48.18346596576272,48.188730767550936,942300,0.0
BIL.US,道富SPDR彭博1-3个月美国国债ETF,1537416000000,2018-09-20,2018-09-20 00:00:00,48.19399556933916,48.19926037112737,48.19399556933916,48.19926037112737,448700,0.0
BIL.US,道富SPDR彭博1-3个月美国国债ETF,1537502400000,2018-09-21,2018-09-21 00:00:00,48.19399556933916,48.19926037112737,48.19399556933916,48.19926037112737,274400,0.0
BIL.US,道富SPDR彭博1-3个月美国国债ETF,1537761600000,2018-09-24,2018-09-24 00:00:00,48.19926037112737,48.20452517291559,48.19926037112737,48.20452517291559,1329600,0.0
BIL.US,道富SPDR彭博1-3个月美国国债ETF,1537848000000,2018-09-25,2018-09-25 00:00:00,48.19926037112737,48.20452517291559,48.19926037112737,48.20452517291559,662400,0.0
BIL.US,道富SPDR彭博1-3个月美国国债ETF,1537934400000,2018-09-26,2018-09-26 00:00:00,48.2097899747038,48.2097899747038,48.20452517291559,48.20452517291559,256900,0.0
BIL.US,道富SPDR彭博1-3个月美国国债ETF,1538020800000,2018-09-27,2018-09-27 00:00:00,48.215054776492025,48.215054776492025,48.2097899747038,48.215054776492025,343000,0.0
BIL.US,道富SPDR彭博1-3个月美国国债ETF,1538107200000,2018-09-28,2018-09-28 00:00:00,48.2097899747038,48.215054776492025,48.2097899747038,48.215054776492025,409800,0.0
BIL.US,道富SPDR彭博1-3个月美国国债ETF,1538366400000,2018-10-01,2018-10-01 00:00:00,48.21817395946005,48.21817395946005,48.212900755833694,48.21817395946005,3788900,0.0
BIL.US,道富SPDR彭博1-3个月美国国债ETF,1538452800000,2018-10-02,2018-10-02 00:00:00,48.21817395946005,48.22344716308642,48.21817395946005,48.22344716308642,584800,0.0
BIL.US,道富SPDR彭博1-3个月美国国债ETF,1538539200000,2018-10-03,2018-10-03 00:00:00,48.22344716308642,48.22344716308642,48.21817395946005,48.22344716308642,380100,0.0
BIL.US,道富SPDR彭博1-3个月美国国债ETF,1538625600000,2018-10-04,2018-10-04 00:00:00,48.233993570339145,48.233993570339145,48.22872036671278,48.233993570339145,1154500,0.0
BIL.US,道富SPDR彭博1-3个月美国国债ETF,1538712000000,2018-10-05,2018-10-05 00:00:00,48.239266773965504,48.239266773965504,48.233993570339145,48.239266773965504,4664400,0.0
BIL.US,道富SPDR彭博1-3个月美国国债ETF,1538971200000,2018-10-08,2018-10-08 00:00:00,48.239266773965504,48.239266773965504,48.233993570339145,48.239266773965504,638800,0.0
BIL.US,道富SPDR彭博1-3个月美国国债ETF,1539057600000,2018-10-09,2018-10-09 00:00:00,48.239266773965504,48.239266773965504,48.233993570339145,48.233993570339145,506400,0.0
BIL.US,道富SPDR彭博1-3个月美国国债ETF,1539144000000,2018-10-10,2018-10-10 00:00:00,48.24453997759186,48.24453997759186,48.239266773965504,48.24453997759186,2091100,0.0
BIL.US,道富SPDR彭博1-3个月美国国债ETF,1539230400000,2018-10-11,2018-10-11 00:00:00,48.24981318121823,48.24981318121823,48.24453997759186,48.24981318121823,1687600,0.0
BIL.US,道富SPDR彭博1-3个月美国国债ETF,1539316800000,2018-10-12,2018-10-12 00:00:00,48.24981318121823,48.255086384844596,48.24981318121823,48.24981318121823,741500,0.0
BIL.US,道富SPDR彭博1-3个月美国国债ETF,1539576000000,2018-10-15,2018-10-15 00:00:00,48.255086384844596,48.255086384844596,48.24981318121823,48.255086384844596,4029300,0.0
BIL.US,道富SPDR彭博1-3个月美国国债ETF,1539662400000,2018-10-16,2018-10-16 00:00:00,48.255086384844596,48.260359588470955,48.255086384844596,48.260359588470955,1265500,0.0
BIL.US,道富SPDR彭博1-3个月美国国债ETF,1539748800000,2018-10-17,2018-10-17 00:00:00,48.255086384844596,48.260359588470955,48.255086384844596,48.260359588470955,6981000,0.0
BIL.US,道富SPDR彭博1-3个月美国国债ETF,1539835200000,2018-10-18,2018-10-18 00:00:00,48.26563279209732,48.26563279209732,48.260359588470955,48.260359588470955,733900,0.0
BIL.US,道富SPDR彭博1-3个月美国国债ETF,1539921600000,2018-10-19,2018-10-19 00:00:00,48.26563279209732,48.27090599572368,48.26563279209732,48.26563279209732,693400,0.0
BIL.US,道富SPDR彭博1-3个月美国国债ETF,1540180800000,2018-10-22,2018-10-22 00:00:00,48.26563279209732,48.27617919935004,48.26563279209732,48.27617919935004,746900,0.0
BIL.US,道富SPDR彭博1-3个月美国国债ETF,1540267200000,2018-10-23,2018-10-23 00:00:00,48.26563279209732,48.27617919935004,48.26563279209732,48.27617919935004,1982600,0.0
BIL.US,道富SPDR彭博1-3个月美国国债ETF,1540353600000,2018-10-24,2018-10-24 00:00:00,48.281452402976406,48.281452402976406,48.27617919935004,48.281452402976406,1071600,0.0
BIL.US,道富SPDR彭博1-3个月美国国债ETF,1540440000000,2018-10-25,2018-10-25 00:00:00,48.281452402976406,48.29199881022913,48.281452402976406,48.286725606602765,3574800,0.0
BIL.US,道富SPDR彭博1-3个月美国国债ETF,1540526400000,2018-10-26,2018-10-26 00:00:00,48.29199881022913,48.29199881022913,48.286725606602765,48.29199881022913,6698900,0.0
BIL.US,道富SPDR彭博1-3个月美国国债ETF,1540785600000,2018-10-29,2018-10-29 00:00:00,48.29199881022913,48.29199881022913,48.286725606602765,48.29199881022913,1477400,0.0
BIL.US,道富SPDR彭博1-3个月美国国债ETF,1540872000000,2018-10-30,2018-10-30 00:00:00,48.2972720138555,48.2972720138555,48.29199881022913,48.29199881022913,1303100,0.0
BIL.US,道富SPDR彭博1-3个月美国国债ETF,1540958400000,2018-10-31,2018-10-31 00:00:00,48.2972720138555,48.2972720138555,48.29199881022913,48.2972720138555,2389400,0.0
BIL.US,道富SPDR彭博1-3个月美国国债ETF,1541044800000,2018-11-01,2018-11-01 00:00:00,48.308059196775424,48.308059196775424,48.30277731844646,48.308059196775424,2666600,0.0
BIL.US,道富SPDR彭博1-3个月美国国债ETF,1541131200000,2018-11-02,2018-11-02 00:00:00,48.30277731844646,48.308059196775424,48.30277731844646,48.308059196775424,2036700,0.0
BIL.US,道富SPDR彭博1-3个月美国国债ETF,1541394000000,2018-11-05,2018-11-05 00:00:00,48.308059196775424,48.313341075104404,48.308059196775424,48.313341075104404,2684100,0.0
BIL.US,道富SPDR彭博1-3个月美国国债ETF,1541480400000,2018-11-06,2018-11-06 00:00:00,48.313341075104404,48.313341075104404,48.308059196775424,48.313341075104404,1105200,0.0
BIL.US,道富SPDR彭博1-3个月美国国债ETF,1541566800000,2018-11-07,2018-11-07 00:00:00,48.318622953433376,48.318622953433376,48.313341075104404,48.318622953433376,1135100,0.0
BIL.US,道富SPDR彭博1-3个月美国国债ETF,1541653200000,2018-11-08,2018-11-08 00:00:00,48.32390483176234,48.33446858842029,48.32390483176234,48.32390483176234,1624800,0.0
BIL.US,道富SPDR彭博1-3个月美国国债ETF,1541739600000,2018-11-09,2018-11-09 00:00:00,48.329186710091314,48.33446858842029,48.32390483176234,48.33446858842029,3348300,0.0
BIL.US,道富SPDR彭博1-3个月美国国债ETF,1541998800000,2018-11-12,2018-11-12 00:00:00,48.33446858842029,48.33446858842029,48.329186710091314,48.329186710091314,601500,0.0
BIL.US,道富SPDR彭博1-3个月美国国债ETF,1542085200000,2018-11-13,2018-11-13 00:00:00,48.329186710091314,48.33446858842029,48.329186710091314,48.33446858842029,802200,0.0
BIL.US,道富SPDR彭博1-3个月美国国债ETF,1542171600000,2018-11-14,2018-11-14 00:00:00,48.33446858842029,48.33446858842029,48.329186710091314,48.329186710091314,2459500,0.0
BIL.US,道富SPDR彭博1-3个月美国国债ETF,1542258000000,2018-11-15,2018-11-15 00:00:00,48.34503234507823,48.34503234507823,48.33975046674926,48.34503234507823,1448300,0.0
BIL.US,道富SPDR彭博1-3个月美国国债ETF,1542344400000,2018-11-16,2018-11-16 00:00:00,48.35031422340721,48.35031422340721,48.34503234507823,48.35031422340721,7584300,0.0
BIL.US,道富SPDR彭博1-3个月美国国债ETF,1542603600000,2018-11-19,2018-11-19 00:00:00,48.35031422340721,48.35031422340721,48.34503234507823,48.34503234507823,1754300,0.0
BIL.US,道富SPDR彭博1-3个月美国国债ETF,1542690000000,2018-11-20,2018-11-20 00:00:00,48.355596101736175,48.355596101736175,48.35031422340721,48.355596101736175,5355400,0.0
BIL.US,道富SPDR彭博1-3个月美国国债ETF,1542776400000,2018-11-21,2018-11-21 00:00:00,48.37144173672309,48.37144173672309,48.36087798006515,48.36615985839411,1683200,0.0
BIL.US,道富SPDR彭博1-3个月美国国债ETF,1542949200000,2018-11-23,2018-11-23 00:00:00,48.36615985839411,48.37144173672309,48.36087798006515,48.36615985839411,544500,0.0
BIL.US,道富SPDR彭博1-3个月美国国债ETF,1543208400000,2018-11-26,2018-11-26 00:00:00,48.37144173672309,48.37144173672309,48.36615985839411,48.37144173672309,945300,0.0
BIL.US,道富SPDR彭博1-3个月美国国债ETF,1543294800000,2018-11-27,2018-11-27 00:00:00,48.37144173672309,48.376723615052065,48.36615985839411,48.37144173672309,701300,0.0
BIL.US,道富SPDR彭博1-3个月美国国债ETF,1543381200000,2018-11-28,2018-11-28 00:00:00,48.37144173672309,48.376723615052065,48.37144173672309,48.376723615052065,1463800,0.0
BIL.US,道富SPDR彭博1-3个月美国国债ETF,1543467600000,2018-11-29,2018-11-29 00:00:00,48.38200549338103,48.38728737171,48.38200549338103,48.38200549338103,5720200,0.0
BIL.US,道富SPDR彭博1-3个月美国国债ETF,1543554000000,2018-11-30,2018-11-30 00:00:00,48.39256925003898,48.39256925003898,48.38200549338103,48.38728737171,1795600,0.0
BIL.US,道富SPDR彭博1-3个月美国国债ETF,1543813200000,2018-12-03,2018-12-03 00:00:00,48.385792761097576,48.391083717113005,48.385792761097576,48.385792761097576,2369700,0.0
BIL.US,道富SPDR彭博1-3个月美国国债ETF,1543899600000,2018-12-04,2018-12-04 00:00:00,48.391083717113005,48.391083717113005,48.385792761097576,48.391083717113005,1610600,0.0
BIL.US,道富SPDR彭博1-3个月美国国债ETF,1544072400000,2018-12-06,2018-12-06 00:00:00,48.401665629143864,48.40695658515929,48.396374673128435,48.401665629143864,4606200,0.0
BIL.US,道富SPDR彭博1-3个月美国国债ETF,1544158800000,2018-12-07,2018-12-07 00:00:00,48.40695658515929,48.40695658515929,48.401665629143864,48.40695658515929,1924600,0.0
BIL.US,道富SPDR彭博1-3个月美国国债ETF,1544418000000,2018-12-10,2018-12-10 00:00:00,48.41224754117472,48.41224754117472,48.40695658515929,48.41224754117472,1474800,0.0
BIL.US,道富SPDR彭博1-3个月美国国债ETF,1544504400000,2018-12-11,2018-12-11 00:00:00,48.41224754117472,48.41224754117472,48.40695658515929,48.40695658515929,1734600,0.0
BIL.US,道富SPDR彭博1-3个月美国国债ETF,1544590800000,2018-12-12,2018-12-12 00:00:00,48.41753849719016,48.41753849719016,48.41224754117472,48.41753849719016,959200,0.0
BIL.US,道富SPDR彭博1-3个月美国国债ETF,1544677200000,2018-12-13,2018-12-13 00:00:00,48.42282945320558,48.42282945320558,48.41753849719016,48.42282945320558,1410000,0.0
BIL.US,道富SPDR彭博1-3个月美国国债ETF,1544763600000,2018-12-14,2018-12-14 00:00:00,48.42282945320558,48.42812040922101,48.42282945320558,48.42812040922101,939300,0.0
BIL.US,道富SPDR彭博1-3个月美国国债ETF,1545022800000,2018-12-17,2018-12-17 00:00:00,48.42812040922101,48.433411365236445,48.42282945320558,48.433411365236445,3563400,0.0
BIL.US,道富SPDR彭博1-3个月美国国债ETF,1545109200000,2018-12-18,2018-12-18 00:00:00,48.433411365236445,48.433411365236445,48.42812040922101,48.433411365236445,2394700,0.0
BIL.US,道富SPDR彭博1-3个月美国国债ETF,1545195600000,2018-12-19,2018-12-19 00:00:00,48.438683192736896,48.438683192736896,48.42808275873039,48.42808275873039,2636300,0.0
BIL.US,道富SPDR彭博1-3个月美国国债ETF,1545282000000,2018-12-20,2018-12-20 00:00:00,48.438683192736896,48.44398340974015,48.438683192736896,48.438683192736896,2938700,0.0
BIL.US,道富SPDR彭博1-3个月美国国债ETF,1545368400000,2018-12-21,2018-12-21 00:00:00,48.4492836267434,48.4492836267434,48.44398340974015,48.4492836267434,2612300,0.0
BIL.US,道富SPDR彭博1-3个月美国国债ETF,1545627600000,2018-12-24,2018-12-24 00:00:00,48.454583843746654,48.454583843746654,48.4492836267434,48.454583843746654,2979200,0.0
BIL.US,道富SPDR彭博1-3个月美国国债ETF,1545800400000,2018-12-26,2018-12-26 00:00:00,48.454583843746654,48.454583843746654,48.4492836267434,48.4492836267434,2751600,0.0
BIL.US,道富SPDR彭博1-3个月美国国债ETF,1545886800000,2018-12-27,2018-12-27 00:00:00,48.459884060749914,48.46518427775316,48.459884060749914,48.46518427775316,3096100,0.0
BIL.US,道富SPDR彭博1-3个月美国国债ETF,1545973200000,2018-12-28,2018-12-28 00:00:00,48.47048449475642,48.47048449475642,48.46518427775316,48.47048449475642,1835800,0.0
BIL.US,道富SPDR彭博1-3个月美国国债ETF,1546232400000,2018-12-31,2018-12-31 00:00:00,48.475784711759665,48.475784711759665,48.46518427775316,48.475784711759665,3490000,0.0
BIL.US,道富SPDR彭博1-3个月美国国债ETF,1546405200000,2019-01-02,2019-01-02 00:00:00,48.481084928762925,48.481084928762925,48.47048449475642,48.47048449475642,15671600,0.0
BIL.US,道富SPDR彭博1-3个月美国国债ETF,1546491600000,2019-01-03,2019-01-03 00:00:00,48.481084928762925,48.49168536276943,48.481084928762925,48.48638514576618,3316200,0.0
BIL.US,道富SPDR彭博1-3个月美国国债ETF,1546578000000,2019-01-04,2019-01-04 00:00:00,48.49168536276943,48.49168536276943,48.481084928762925,48.49168536276943,5483000,0.0
BIL.US,道富SPDR彭博1-3个月美国国债ETF,1546837200000,2019-01-07,2019-01-07 00:00:00,48.48638514576618,48.49168536276943,48.48638514576618,48.49168536276943,2840200,0.0
BIL.US,道富SPDR彭博1-3个月美国国债ETF,1546923600000,2019-01-08,2019-01-08 00:00:00,48.49168536276943,48.49168536276943,48.48638514576618,48.49168536276943,1923100,0.0
BIL.US,道富SPDR彭博1-3个月美国国债ETF,1547010000000,2019-01-09,2019-01-09 00:00:00,48.496985579772684,48.496985579772684,48.49168536276943,48.49168536276943,1486900,0.0
BIL.US,道富SPDR彭博1-3个月美国国债ETF,1547096400000,2019-01-10,2019-01-10 00:00:00,48.50758601377919,48.50758601377919,48.496985579772684,48.496985579772684,1865800,0.0
BIL.US,道富SPDR彭博1-3个月美国国债ETF,1547182800000,2019-01-11,2019-01-11 00:00:00,48.50758601377919,48.50758601377919,48.50228579677594,48.50758601377919,1329200,0.0
BIL.US,道富SPDR彭博1-3个月美国国债ETF,1547442000000,2019-01-14,2019-01-14 00:00:00,48.51288623078245,48.51288623078245,48.50228579677594,48.50228579677594,1986900,0.0
BIL.US,道富SPDR彭博1-3个月美国国债ETF,1547528400000,2019-01-15,2019-01-15 00:00:00,48.51288623078245,48.51288623078245,48.50758601377919,48.51288623078245,1177800,0.0
BIL.US,道富SPDR彭博1-3个月美国国债ETF,1547614800000,2019-01-16,2019-01-16 00:00:00,48.5181864477857,48.5181864477857,48.51288623078245,48.5181864477857,1310100,0.0
BIL.US,道富SPDR彭博1-3个月美国国债ETF,1547701200000,2019-01-17,2019-01-17 00:00:00,48.523486664788955,48.52878688179221,48.523486664788955,48.52878688179221,809400,0.0
BIL.US,道富SPDR彭博1-3个月美国国债ETF,1547787600000,2019-01-18,2019-01-18 00:00:00,48.52878688179221,48.53408709879546,48.523486664788955,48.52878688179221,1950700,0.0
BIL.US,道富SPDR彭博1-3个月美国国债ETF,1548133200000,2019-01-22,2019-01-22 00:00:00,48.52878688179221,48.53408709879546,48.523486664788955,48.53408709879546,1930700,0.0
BIL.US,道富SPDR彭博1-3个月美国国债ETF,1548219600000,2019-01-23,2019-01-23 00:00:00,48.53938731579871,48.53938731579871,48.53408709879546,48.53408709879546,1637700,0.0
BIL.US,道富SPDR彭博1-3个月美国国债ETF,1548306000000,2019-01-24,2019-01-24 00:00:00,48.54468753280197,48.54998774980522,48.54468753280197,48.54998774980522,1200800,0.0
BIL.US,道富SPDR彭博1-3个月美国国债ETF,1548392400000,2019-01-25,2019-01-25 00:00:00,48.54468753280197,48.54998774980522,48.54468753280197,48.54468753280197,2123700,0.0
BIL.US,道富SPDR彭博1-3个月美国国债ETF,1548651600000,2019-01-28,2019-01-28 00:00:00,48.55528796680848,48.55528796680848,48.54998774980522,48.54998774980522,1286100,0.0
BIL.US,道富SPDR彭博1-3个月美国国债ETF,1548738000000,2019-01-29,2019-01-29 00:00:00,48.54998774980522,48.55528796680848,48.54998774980522,48.54998774980522,965000,0.0
BIL.US,道富SPDR彭博1-3个月美国国债ETF,1548824400000,2019-01-30,2019-01-30 00:00:00,48.55528796680848,48.56058818381173,48.55528796680848,48.56058818381173,1784900,0.0
BIL.US,道富SPDR彭博1-3个月美国国债ETF,1548910800000,2019-01-31,2019-01-31 00:00:00,48.56058818381173,48.57118861781824,48.56058818381173,48.56058818381173,4576700,0.0
BIL.US,道富SPDR彭博1-3个月美国国债ETF,1548997200000,2019-02-01,2019-02-01 00:00:00,48.57077251260178,48.57077251260178,48.565461909877904,48.565461909877904,2534500,0.0
BIL.US,道富SPDR彭博1-3个月美国国债ETF,1549256400000,2019-02-04,2019-02-04 00:00:00,48.565461909877904,48.57077251260178,48.565461909877904,48.57077251260178,3375400,0.0
BIL.US,道富SPDR彭博1-3个月美国国债ETF,1549342800000,2019-02-05,2019-02-05 00:00:00,48.57077251260178,48.57608311532566,48.57077251260178,48.57077251260178,2471300,0.0
BIL.US,道富SPDR彭博1-3个月美国国债ETF,1549429200000,2019-02-06,2019-02-06 00:00:00,48.57608311532566,48.58139371804954,48.57608311532566,48.58139371804954,2135400,0.0
BIL.US,道富SPDR彭博1-3个月美国国债ETF,1549515600000,2019-02-07,2019-02-07 00:00:00,48.58139371804954,48.586704320773414,48.58139371804954,48.58139371804954,1894000,0.0
BIL.US,道富SPDR彭博1-3个月美国国债ETF,1549602000000,2019-02-08,2019-02-08 00:00:00,48.592014923497295,48.592014923497295,48.586704320773414,48.592014923497295,584400,0.0
BIL.US,道富SPDR彭博1-3个月美国国债ETF,1549861200000,2019-02-11,2019-02-11 00:00:00,48.592014923497295,48.592014923497295,48.586704320773414,48.586704320773414,1328200,0.0
BIL.US,道富SPDR彭博1-3个月美国国债ETF,1549947600000,2019-02-12,2019-02-12 00:00:00,48.592014923497295,48.597325526221184,48.592014923497295,48.597325526221184,986400,0.0
BIL.US,道富SPDR彭博1-3个月美国国债ETF,1550034000000,2019-02-13,2019-02-13 00:00:00,48.597325526221184,48.597325526221184,48.592014923497295,48.597325526221184,818800,0.0
BIL.US,道富SPDR彭博1-3个月美国国债ETF,1550120400000,2019-02-14,2019-02-14 00:00:00,48.60794673166894,48.61325733439282,48.60794673166894,48.60794673166894,2038600,0.0
BIL.US,道富SPDR彭博1-3个月美国国债ETF,1550206800000,2019-02-15,2019-02-15 00:00:00,48.61325733439282,48.61325733439282,48.60794673166894,48.60794673166894,1547700,0.0
BIL.US,道富SPDR彭博1-3个月美国国债ETF,1550552400000,2019-02-19,2019-02-19 00:00:00,48.618567937116694,48.618567937116694,48.61325733439282,48.618567937116694,1858700,0.0
BIL.US,道富SPDR彭博1-3个月美国国债ETF,1550638800000,2019-02-20,2019-02-20 00:00:00,48.618567937116694,48.618567937116694,48.61325733439282,48.618567937116694,4086700,0.0
BIL.US,道富SPDR彭博1-3个月美国国债ETF,1550725200000,2019-02-21,2019-02-21 00:00:00,48.62918914256445,48.62918914256445,48.623878539840575,48.623878539840575,1288200,0.0
BIL.US,道富SPDR彭博1-3个月美国国债ETF,1550811600000,2019-02-22,2019-02-22 00:00:00,48.62918914256445,48.63449974528833,48.62918914256445,48.63449974528833,3265500,0.0
BIL.US,道富SPDR彭博1-3个月美国国债ETF,1551070800000,2019-02-25,2019-02-25 00:00:00,48.63449974528833,48.63449974528833,48.62918914256445,48.62918914256445,1026500,0.0
BIL.US,道富SPDR彭博1-3个月美国国债ETF,1551157200000,2019-02-26,2019-02-26 00:00:00,48.63449974528833,48.63981034801222,48.63449974528833,48.63449974528833,1202400,0.0
BIL.US,道富SPDR彭博1-3个月美国国债ETF,1551243600000,2019-02-27,2019-02-27 00:00:00,48.63981034801222,48.63981034801222,48.63449974528833,48.63981034801222,1260300,0.0
BIL.US,道富SPDR彭博1-3个月美国国债ETF,1551330000000,2019-02-28,2019-02-28 00:00:00,48.64512095073609,48.650431553459974,48.64512095073609,48.650431553459974,1073800,0.0
BIL.US,道富SPDR彭博1-3个月美国国债ETF,1551416400000,2019-03-01,2019-03-01 00:00:00,48.655760158861554,48.655760158861554,48.65043968208092,48.655760158861554,2044200,0.0
BIL.US,道富SPDR彭博1-3个月美国国债ETF,1551675600000,2019-03-04,2019-03-04 00:00:00,48.65043968208092,48.655760158861554,48.65043968208092,48.65043968208092,1554500,0.0
BIL.US,道富SPDR彭博1-3个月美国国债ETF,1551762000000,2019-03-05,2019-03-05 00:00:00,48.655760158861554,48.66108063564218,48.655760158861554,48.655760158861554,2614100,0.0
BIL.US,道富SPDR彭博1-3个月美国国债ETF,1551848400000,2019-03-06,2019-03-06 00:00:00,48.66108063564218,48.66108063564218,48.655760158861554,48.66108063564218,706100,0.0
BIL.US,道富SPDR彭博1-3个月美国国债ETF,1551934800000,2019-03-07,2019-03-07 00:00:00,48.67172158920345,48.67172158920345,48.66640111242281,48.67172158920345,1106400,0.0
BIL.US,道富SPDR彭博1-3个月美国国债ETF,1552021200000,2019-03-08,2019-03-08 00:00:00,48.677042065984075,48.677042065984075,48.67172158920345,48.677042065984075,1061100,0.0
BIL.US,道富SPDR彭博1-3个月美国国债ETF,1552276800000,2019-03-11,2019-03-11 00:00:00,48.677042065984075,48.677042065984075,48.67172158920345,48.677042065984075,861100,0.0
BIL.US,道富SPDR彭博1-3个月美国国债ETF,1552363200000,2019-03-12,2019-03-12 00:00:00,48.68236254276471,48.68236254276471,48.677042065984075,48.68236254276471,938300,0.0
BIL.US,道富SPDR彭博1-3个月美国国债ETF,1552449600000,2019-03-13,2019-03-13 00:00:00,48.68768301954534,48.68768301954534,48.68236254276471,48.68768301954534,1796500,0.0
BIL.US,道富SPDR彭博1-3个月美国国债ETF,1552536000000,2019-03-14,2019-03-14 00:00:00,48.68768301954534,48.693003496325964,48.68768301954534,48.68768301954534,520100,0.0
BIL.US,道富SPDR彭博1-3个月美国国债ETF,1552622400000,2019-03-15,2019-03-15 00:00:00,48.693003496325964,48.698323973106596,48.68768301954534,48.693003496325964,1115400,0.0
BIL.US,道富SPDR彭博1-3个月美国国债ETF,1552881600000,2019-03-18,2019-03-18 00:00:00,48.693003496325964,48.698323973106596,48.693003496325964,48.698323973106596,1144100,0.0
BIL.US,道富SPDR彭博1-3个月美国国债ETF,1552968000000,2019-03-19,2019-03-19 00:00:00,48.70364444988723,48.70364444988723,48.698323973106596,48.698323973106596,3794400,0.0
BIL.US,道富SPDR彭博1-3个月美国国债ETF,1553054400000,2019-03-20,2019-03-20 00:00:00,48.70364444988723,48.70364444988723,48.698323973106596,48.698323973106596,1988500,0.0
BIL.US,道富SPDR彭博1-3个月美国国债ETF,1553140800000,2019-03-21,2019-03-21 00:00:00,48.70896492666785,48.714285403448486,48.70896492666785,48.714285403448486,1957600,0.0
BIL.US,道富SPDR彭博1-3个月美国国债ETF,1553227200000,2019-03-22,2019-03-22 00:00:00,48.714285403448486,48.714285403448486,48.70896492666785,48.714285403448486,2049600,0.0
BIL.US,道富SPDR彭博1-3个月美国国债ETF,1553486400000,2019-03-25,2019-03-25 00:00:00,48.71960588022911,48.71960588022911,48.714285403448486,48.714285403448486,1231800,0.0
BIL.US,道富SPDR彭博1-3个月美国国债ETF,1553572800000,2019-03-26,2019-03-26 00:00:00,48.71960588022911,48.72492635700974,48.71960588022911,48.71960588022911,661600,0.0
BIL.US,道富SPDR彭博1-3个月美国国债ETF,1553659200000,2019-03-27,2019-03-27 00:00:00,48.71960588022911,48.72492635700974,48.71960588022911,48.72492635700974,2214100,0.0
BIL.US,道富SPDR彭博1-3个月美国国债ETF,1553745600000,2019-03-28,2019-03-28 00:00:00,48.735567310571,48.735567310571,48.730246833790375,48.735567310571,924100,0.0
BIL.US,道富SPDR彭博1-3个月美国国债ETF,1553832000000,2019-03-29,2019-03-29 00:00:00,48.735567310571,48.74088778735163,48.735567310571,48.735567310571,1576100,0.0
BIL.US,道富SPDR彭博1-3个月美国国债ETF,1554091200000,2019-04-01,2019-04-01 00:00:00,48.738554439626675,48.74388513572638,48.738554439626675,48.74388513572638,2419200,0.0
BIL.US,道富SPDR彭博1-3个月美国国债ETF,1554177600000,2019-04-02,2019-04-02 00:00:00,48.74388513572638,48.74388513572638,48.738554439626675,48.738554439626675,1138800,0.0
BIL.US,道富SPDR彭博1-3个月美国国债ETF,1554264000000,2019-04-03,2019-04-03 00:00:00,48.74388513572638,48.749215831826085,48.74388513572638,48.74388513572638,1422400,0.0
BIL.US,道富SPDR彭博1-3个月美国国债ETF,1554350400000,2019-04-04,2019-04-04 00:00:00,48.75454652792579,48.7598772240255,48.75454652792579,48.7598772240255,1208000,0.0
BIL.US,道富SPDR彭博1-3个月美国国债ETF,1554436800000,2019-04-05,2019-04-05 00:00:00,48.75454652792579,48.7598772240255,48.75454652792579,48.7598772240255,655700,0.0
BIL.US,道富SPDR彭博1-3个月美国国债ETF,1554696000000,2019-04-08,2019-04-08 00:00:00,48.76520792012521,48.76520792012521,48.7598772240255,48.7598772240255,1349200,0.0
BIL.US,道富SPDR彭博1-3个月美国国债ETF,1554782400000,2019-04-09,2019-04-09 00:00:00,48.7598772240255,48.76520792012521,48.7598772240255,48.76520792012521,1438000,0.0
BIL.US,道富SPDR彭博1-3个月美国国债ETF,1554868800000,2019-04-10,2019-04-10 00:00:00,48.77053861622491,48.77053861622491,48.76520792012521,48.76520792012521,2261600,0.0
BIL.US,道富SPDR彭博1-3个月美国国债ETF,1554955200000,2019-04-11,2019-04-11 00:00:00,48.77586931232462,48.781200008424335,48.77586931232462,48.781200008424335,674900,0.0
BIL.US,道富SPDR彭博1-3个月美国国债ETF,1555041600000,2019-04-12,2019-04-12 00:00:00,48.77586931232462,48.781200008424335,48.77586931232462,48.781200008424335,890600,0.0
BIL.US,道富SPDR彭博1-3个月美国国债ETF,1555300800000,2019-04-15,2019-04-15 00:00:00,48.781200008424335,48.78653070452404,48.781200008424335,48.78653070452404,1087900,0.0
BIL.US,道富SPDR彭博1-3个月美国国债ETF,1555387200000,2019-04-16,2019-04-16 00:00:00,48.78653070452404,48.78653070452404,48.781200008424335,48.78653070452404,767900,0.0
BIL.US,道富SPDR彭博1-3个月美国国债ETF,1555473600000,2019-04-17,2019-04-17 00:00:00,48.79719209672346,48.80252279282316,48.79719209672346,48.79719209672346,691500,0.0
BIL.US,道富SPDR彭博1-3个月美国国债ETF,1555560000000,2019-04-18,2019-04-18 00:00:00,48.80252279282316,48.80252279282316,48.79719209672346,48.80252279282316,2976400,0.0
BIL.US,道富SPDR彭博1-3个月美国国债ETF,1555905600000,2019-04-22,2019-04-22 00:00:00,48.80252279282316,48.80785348892287,48.80252279282316,48.80252279282316,1171400,0.0
BIL.US,道富SPDR彭博1-3个月美国国债ETF,1555992000000,2019-04-23,2019-04-23 00:00:00,48.80252279282316,48.80785348892287,48.80252279282316,48.80252279282316,912100,0.0
BIL.US,道富SPDR彭博1-3个月美国国债ETF,1556078400000,2019-04-24,2019-04-24 00:00:00,48.81318418502257,48.81318418502257,48.80785348892287,48.81318418502257,1103500,0.0
BIL.US,道富SPDR彭博1-3个月美国国债ETF,1556164800000,2019-04-25,2019-04-25 00:00:00,48.823845577221995,48.823845577221995,48.81851488112228,48.823845577221995,1838500,0.0
BIL.US,道富SPDR彭博1-3个月美国国债ETF,1556251200000,2019-04-26,2019-04-26 00:00:00,48.823845577221995,48.823845577221995,48.81851488112228,48.81851488112228,2449400,0.0
BIL.US,道富SPDR彭博1-3个月美国国债ETF,1556510400000,2019-04-29,2019-04-29 00:00:00,48.823845577221995,48.8291762733217,48.823845577221995,48.823845577221995,667700,0.0
BIL.US,道富SPDR彭博1-3个月美国国债ETF,1556596800000,2019-04-30,2019-04-30 00:00:00,48.8291762733217,48.8291762733217,48.823845577221995,48.8291762733217,1161400,0.0
BIL.US,道富SPDR彭博1-3个月美国国债ETF,1556683200000,2019-05-01,2019-05-01 00:00:00,48.83125573066422,48.83125573066422,48.82591489551922,48.83125573066422,1237600,0.0
BIL.US,道富SPDR彭博1-3个月美国国债ETF,1556769600000,2019-05-02,2019-05-02 00:00:00,48.841937400954194,48.841937400954194,48.8365965658092,48.8365965658092,856100,0.0
BIL.US,道富SPDR彭博1-3个月美国国债ETF,1556856000000,2019-05-03,2019-05-03 00:00:00,48.841937400954194,48.847278236099186,48.841937400954194,48.841937400954194,1443500,0.0
BIL.US,道富SPDR彭博1-3个月美国国债ETF,1557115200000,2019-05-06,2019-05-06 00:00:00,48.847278236099186,48.847278236099186,48.841937400954194,48.847278236099186,879800,0.0
BIL.US,道富SPDR彭博1-3个月美国国债ETF,1557201600000,2019-05-07,2019-05-07 00:00:00,48.85261907124418,48.85261907124418,48.847278236099186,48.85261907124418,1217900,0.0
BIL.US,道富SPDR彭博1-3个月美国国债ETF,1557288000000,2019-05-08,2019-05-08 00:00:00,48.85261907124418,48.85261907124418,48.847278236099186,48.85261907124418,980900,0.0
BIL.US,道富SPDR彭博1-3个月美国国债ETF,1557374400000,2019-05-09,2019-05-09 00:00:00,48.86330074153416,48.86330074153416,48.857959906389176,48.857959906389176,2029800,0.0
BIL.US,道富SPDR彭博1-3个月美国国债ETF,1557460800000,2019-05-10,2019-05-10 00:00:00,48.86864157667916,48.86864157667916,48.86330074153416,48.86864157667916,966600,0.0
BIL.US,道富SPDR彭博1-3个月美国国债ETF,1557720000000,2019-05-13,2019-05-13 00:00:00,48.86864157667916,48.86864157667916,48.86330074153416,48.86330074153416,1953000,0.0
BIL.US,道富SPDR彭博1-3个月美国国债ETF,1557806400000,2019-05-14,2019-05-14 00:00:00,48.87398241182415,48.87398241182415,48.86864157667916,48.86864157667916,1097000,0.0
BIL.US,道富SPDR彭博1-3个月美国国债ETF,1557892800000,2019-05-15,2019-05-15 00:00:00,48.87398241182415,48.87398241182415,48.86864157667916,48.87398241182415,1061900,0.0
BIL.US,道富SPDR彭博1-3个月美国国债ETF,1557979200000,2019-05-16,2019-05-16 00:00:00,48.879323246969136,48.884664082114135,48.879323246969136,48.879323246969136,1681600,0.0
BIL.US,道富SPDR彭博1-3个月美国国债ETF,1558065600000,2019-05-17,2019-05-17 00:00:00,48.89000491725913,48.89000491725913,48.884664082114135,48.884664082114135,339300,0.0
BIL.US,道富SPDR彭博1-3个月美国国债ETF,1558324800000,2019-05-20,2019-05-20 00:00:00,48.89534575240412,48.89534575240412,48.89000491725913,48.89000491725913,524300,0.0
BIL.US,道富SPDR彭博1-3个月美国国债ETF,1558411200000,2019-05-21,2019-05-21 00:00:00,48.89534575240412,48.89534575240412,48.89000491725913,48.89000491725913,673700,0.0
BIL.US,道富SPDR彭博1-3个月美国国债ETF,1558497600000,2019-05-22,2019-05-22 00:00:00,48.90068658754911,48.90068658754911,48.89534575240412,48.90068658754911,1218500,0.0
BIL.US,道富SPDR彭博1-3个月美国国债ETF,1558584000000,2019-05-23,2019-05-23 00:00:00,48.9060274226941,48.911368257839094,48.9060274226941,48.911368257839094,1198800,0.0
BIL.US,道富SPDR彭博1-3个月美国国债ETF,1558670400000,2019-05-24,2019-05-24 00:00:00,48.911368257839094,48.916709092984085,48.911368257839094,48.911368257839094,1337100,0.0
BIL.US,道富SPDR彭博1-3个月美国国债ETF,1559016000000,2019-05-28,2019-05-28 00:00:00,48.916709092984085,48.916709092984085,48.911368257839094,48.916709092984085,981000,0.0
BIL.US,道富SPDR彭博1-3个月美国国债ETF,1559102400000,2019-05-29,2019-05-29 00:00:00,48.92204992812908,48.92204992812908,48.916709092984085,48.916709092984085,4239400,0.0
BIL.US,道富SPDR彭博1-3个月美国国债ETF,1559188800000,2019-05-30,2019-05-30 00:00:00,48.92739076327407,48.93273159841907,48.92739076327407,48.93273159841907,1223300,0.0
BIL.US,道富SPDR彭博1-3个月美国国债ETF,1559275200000,2019-05-31,2019-05-31 00:00:00,48.93273159841907,48.93273159841907,48.92739076327407,48.93273159841907,2770300,0.0
BIL.US,道富SPDR彭博1-3个月美国国债ETF,1559534400000,2019-06-03,2019-06-03 00:00:00,48.93065213921361,48.93600326040119,48.93065213921361,48.93065213921361,3486900,0.0
BIL.US,道富SPDR彭博1-3个月美国国债ETF,1559620800000,2019-06-04,2019-06-04 00:00:00,48.93600326040119,48.941354381588766,48.93600326040119,48.941354381588766,9008800,0.0
BIL.US,道富SPDR彭博1-3个月美国国债ETF,1559707200000,2019-06-05,2019-06-05 00:00:00,48.941354381588766,48.941354381588766,48.93600326040119,48.941354381588766,2028500,0.0
BIL.US,道富SPDR彭博1-3个月美国国债ETF,1559793600000,2019-06-06,2019-06-06 00:00:00,48.94670550277635,48.9574077451515,48.94670550277635,48.9574077451515,7013200,0.0
BIL.US,道富SPDR彭博1-3个月美国国债ETF,1559880000000,2019-06-07,2019-06-07 00:00:00,48.9574077451515,48.9574077451515,48.95205662396393,48.95205662396393,2299000,0.0
BIL.US,道富SPDR彭博1-3个月美国国债ETF,1560139200000,2019-06-10,2019-06-10 00:00:00,48.96275886633908,48.96275886633908,48.9574077451515,48.96275886633908,2795300,0.0
BIL.US,道富SPDR彭博1-3个月美国国债ETF,1560225600000,2019-06-11,2019-06-11 00:00:00,48.9574077451515,48.96275886633908,48.9574077451515,48.9574077451515,1563700,0.0
BIL.US,道富SPDR彭博1-3个月美国国债ETF,1560312000000,2019-06-12,2019-06-12 00:00:00,48.96275886633908,48.96810998752666,48.96275886633908,48.96275886633908,2308800,0.0
BIL.US,道富SPDR彭博1-3个月美国国债ETF,1560398400000,2019-06-13,2019-06-13 00:00:00,48.97346110871424,48.97881222990182,48.97346110871424,48.97881222990182,4044200,0.0
BIL.US,道富SPDR彭博1-3个月美国国债ETF,1560484800000,2019-06-14,2019-06-14 00:00:00,48.9841633510894,48.9841633510894,48.97881222990182,48.9841633510894,601300,0.0
BIL.US,道富SPDR彭博1-3个月美国国债ETF,1560744000000,2019-06-17,2019-06-17 00:00:00,48.9841633510894,48.98951447227697,48.9841633510894,48.9841633510894,3386000,0.0
BIL.US,道富SPDR彭博1-3个月美国国债ETF,1560830400000,2019-06-18,2019-06-18 00:00:00,48.9841633510894,48.98951447227697,48.9841633510894,48.9841633510894,3183100,0.0
BIL.US,道富SPDR彭博1-3个月美国国债ETF,1560916800000,2019-06-19,2019-06-19 00:00:00,48.98951447227697,48.99486559346455,48.98951447227697,48.99486559346455,521300,0.0
BIL.US,道富SPDR彭博1-3个月美国国债ETF,1561003200000,2019-06-20,2019-06-20 00:00:00,49.000216714652126,49.005567835839706,49.000216714652126,49.000216714652126,2524000,0.0
BIL.US,道富SPDR彭博1-3个月美国国债ETF,1561089600000,2019-06-21,2019-06-21 00:00:00,49.000216714652126,49.005567835839706,49.000216714652126,49.000216714652126,2016700,0.0
BIL.US,道富SPDR彭博1-3个月美国国债ETF,1561348800000,2019-06-24,2019-06-24 00:00:00,49.005567835839706,49.010918957027286,49.005567835839706,49.005567835839706,1223700,0.0
BIL.US,道富SPDR彭博1-3个月美国国债ETF,1561435200000,2019-06-25,2019-06-25 00:00:00,49.010918957027286,49.010918957027286,49.005567835839706,49.005567835839706,826600,0.0
BIL.US,道富SPDR彭博1-3个月美国国债ETF,1561521600000,2019-06-26,2019-06-26 00:00:00,49.010918957027286,49.01627007821486,49.010918957027286,49.01627007821486,1006400,0.0
BIL.US,道富SPDR彭博1-3个月美国国债ETF,1561608000000,2019-06-27,2019-06-27 00:00:00,49.01627007821486,49.02162119940244,49.01627007821486,49.01627007821486,615800,0.0
BIL.US,道富SPDR彭博1-3个月美国国债ETF,1561694400000,2019-06-28,2019-06-28 00:00:00,49.02697232059002,49.02697232059002,49.02162119940244,49.02162119940244,1112800,0.0
BIL.US,道富SPDR彭博1-3个月美国国债ETF,1561953600000,2019-07-01,2019-07-01 00:00:00,49.02438266100955,49.029743446429,49.01902187559008,49.01902187559008,3984100,0.0
BIL.US,道富SPDR彭博1-3个月美国国债ETF,1562040000000,2019-07-02,2019-07-02 00:00:00,49.02438266100955,49.029743446429,49.02438266100955,49.02438266100955,5031700,0.0
BIL.US,道富SPDR彭博1-3个月美国国债ETF,1562126400000,2019-07-03,2019-07-03 00:00:00,49.04046501726794,49.04046501726794,49.03510423184847,49.04046501726794,1988600,0.0
BIL.US,道富SPDR彭博1-3个月美国国债ETF,1562299200000,2019-07-05,2019-07-05 00:00:00,49.03510423184847,49.04046501726794,49.03510423184847,49.03510423184847,1294500,0.0
BIL.US,道富SPDR彭博1-3个月美国国债ETF,1562558400000,2019-07-08,2019-07-08 00:00:00,49.04046501726794,49.04046501726794,49.03510423184847,49.03510423184847,3557000,0.0
BIL.US,道富SPDR彭博1-3个月美国国债ETF,1562644800000,2019-07-09,2019-07-09 00:00:00,49.04046501726794,49.04046501726794,49.03510423184847,49.04046501726794,1612400,0.0
BIL.US,道富SPDR彭博1-3个月美国国债ETF,1562731200000,2019-07-10,2019-07-10 00:00:00,49.04046501726794,49.0458258026874,49.04046501726794,49.0458258026874,1257200,0.0
BIL.US,道富SPDR彭博1-3个月美国国债ETF,1562817600000,2019-07-11,2019-07-11 00:00:00,49.051186588106866,49.056547373526335,49.051186588106866,49.056547373526335,1230400,0.0
BIL.US,道富SPDR彭博1-3个月美国国债ETF,1562904000000,2019-07-12,2019-07-12 00:00:00,49.0619081589458,49.0619081589458,49.056547373526335,49.0619081589458,792900,0.0
BIL.US,道富SPDR彭博1-3个月美国国债ETF,1563163200000,2019-07-15,2019-07-15 00:00:00,49.0619081589458,49.0619081589458,49.056547373526335,49.0619081589458,521000,0.0
BIL.US,道富SPDR彭博1-3个月美国国债ETF,1563249600000,2019-07-16,2019-07-16 00:00:00,49.0619081589458,49.06726894436527,49.0619081589458,49.06726894436527,731500,0.0
BIL.US,道富SPDR彭博1-3个月美国国债ETF,1563336000000,2019-07-17,2019-07-17 00:00:00,49.06726894436527,49.06726894436527,49.0619081589458,49.06726894436527,650700,0.0
BIL.US,道富SPDR彭博1-3个月美国国债ETF,1563422400000,2019-07-18,2019-07-18 00:00:00,49.07262972978474,49.08335130062366,49.07262972978474,49.08335130062366,1130400,0.0
BIL.US,道富SPDR彭博1-3个月美国国债ETF,1563508800000,2019-07-19,2019-07-19 00:00:00,49.07799051520419,49.08335130062366,49.07799051520419,49.08335130062366,1509200,0.0
BIL.US,道富SPDR彭博1-3个月美国国债ETF,1563768000000,2019-07-22,2019-07-22 00:00:00,49.07799051520419,49.08335130062366,49.07799051520419,49.08335130062366,524400,0.0
BIL.US,道富SPDR彭博1-3个月美国国债ETF,1563854400000,2019-07-23,2019-07-23 00:00:00,49.07799051520419,49.08335130062366,49.07799051520419,49.07799051520419,1703300,0.0
BIL.US,道富SPDR彭博1-3个月美国国债ETF,1563940800000,2019-07-24,2019-07-24 00:00:00,49.08335130062366,49.088712086043124,49.08335130062366,49.088712086043124,793900,0.0
BIL.US,道富SPDR彭博1-3个月美国国债ETF,1564027200000,2019-07-25,2019-07-25 00:00:00,49.088712086043124,49.099433656882056,49.088712086043124,49.099433656882056,1428400,0.0
BIL.US,道富SPDR彭博1-3个月美国国债ETF,1564113600000,2019-07-26,2019-07-26 00:00:00,49.099433656882056,49.099433656882056,49.09407287146259,49.09407287146259,1202800,0.0
BIL.US,道富SPDR彭博1-3个月美国国债ETF,1564372800000,2019-07-29,2019-07-29 00:00:00,49.10479444230152,49.10479444230152,49.099433656882056,49.10479444230152,871300,0.0
BIL.US,道富SPDR彭博1-3个月美国国债ETF,1564459200000,2019-07-30,2019-07-30 00:00:00,49.099433656882056,49.10479444230152,49.099433656882056,49.10479444230152,2294000,0.0
BIL.US,道富SPDR彭博1-3个月美国国债ETF,1564545600000,2019-07-31,2019-07-31 00:00:00,49.11015522772099,49.11015522772099,49.10479444230152,49.11015522772099,3291100,0.0
BIL.US,道富SPDR彭博1-3个月美国国债ETF,1564632000000,2019-08-01,2019-08-01 00:00:00,49.11797695613301,49.123346801651344,49.11260711061469,49.123346801651344,5657100,0.0
BIL.US,道富SPDR彭博1-3个月美国国债ETF,1564718400000,2019-08-02,2019-08-02 00:00:00,49.123346801651344,49.123346801651344,49.11797695613301,49.123346801651344,5480500,0.0
BIL.US,道富SPDR彭博1-3个月美国国债ETF,1564977600000,2019-08-05,2019-08-05 00:00:00,49.123346801651344,49.12871664716967,49.11797695613301,49.11797695613301,2182900,0.0
BIL.US,道富SPDR彭博1-3个月美国国债ETF,1565064000000,2019-08-06,2019-08-06 00:00:00,49.123346801651344,49.12871664716967,49.123346801651344,49.123346801651344,4955000,0.0
BIL.US,道富SPDR彭博1-3个月美国国债ETF,1565150400000,2019-08-07,2019-08-07 00:00:00,49.123346801651344,49.134086492688,49.123346801651344,49.134086492688,2365100,0.0
BIL.US,道富SPDR彭博1-3个月美国国债ETF,1565236800000,2019-08-08,2019-08-08 00:00:00,49.13945633820632,49.13945633820632,49.134086492688,49.13945633820632,1279000,0.0
BIL.US,道富SPDR彭博1-3个月美国国债ETF,1565323200000,2019-08-09,2019-08-09 00:00:00,49.134086492688,49.13945633820632,49.134086492688,49.134086492688,2542200,0.0
BIL.US,道富SPDR彭博1-3个月美国国债ETF,1565582400000,2019-08-12,2019-08-12 00:00:00,49.13945633820632,49.144826183724646,49.13945633820632,49.144826183724646,2547400,0.0
BIL.US,道富SPDR彭博1-3个月美国国债ETF,1565668800000,2019-08-13,2019-08-13 00:00:00,49.13945633820632,49.15019602924298,49.13945633820632,49.15019602924298,904300,0.0
BIL.US,道富SPDR彭博1-3个月美国国债ETF,1565755200000,2019-08-14,2019-08-14 00:00:00,49.15019602924298,49.15556587476131,49.144826183724646,49.144826183724646,1988000,0.0
BIL.US,道富SPDR彭博1-3个月美国国债ETF,1565841600000,2019-08-15,2019-08-15 00:00:00,49.160935720279625,49.166305565797956,49.15556587476131,49.166305565797956,2998300,0.0
BIL.US,道富SPDR彭博1-3个月美国国债ETF,1565928000000,2019-08-16,2019-08-16 00:00:00,49.166305565797956,49.166305565797956,49.160935720279625,49.160935720279625,2471500,0.0
BIL.US,道富SPDR彭博1-3个月美国国债ETF,1566187200000,2019-08-19,2019-08-19 00:00:00,49.17167541131628,49.17167541131628,49.160935720279625,49.160935720279625,4949900,0.0
BIL.US,道富SPDR彭博1-3个月美国国债ETF,1566273600000,2019-08-20,2019-08-20 00:00:00,49.166305565797956,49.166305565797956,49.160935720279625,49.166305565797956,1675500,0.0
BIL.US,道富SPDR彭博1-3个月美国国债ETF,1566360000000,2019-08-21,2019-08-21 00:00:00,49.166305565797956,49.17167541131628,49.160935720279625,49.160935720279625,1433700,0.0
BIL.US,道富SPDR彭博1-3个月美国国债ETF,1566446400000,2019-08-22,2019-08-22 00:00:00,49.17167541131628,49.17704525683461,49.17167541131628,49.17704525683461,1162700,0.0
BIL.US,道富SPDR彭博1-3个月美国国债ETF,1566532800000,2019-08-23,2019-08-23 00:00:00,49.17704525683461,49.17704525683461,49.166305565797956,49.17167541131628,10788500,0.0
BIL.US,道富SPDR彭博1-3个月美国国债ETF,1566792000000,2019-08-26,2019-08-26 00:00:00,49.182415102352934,49.182415102352934,49.17704525683461,49.17704525683461,2234600,0.0
BIL.US,道富SPDR彭博1-3个月美国国债ETF,1566878400000,2019-08-27,2019-08-27 00:00:00,49.182415102352934,49.182415102352934,49.17704525683461,49.182415102352934,1616900,0.0
BIL.US,道富SPDR彭博1-3个月美国国债ETF,1566964800000,2019-08-28,2019-08-28 00:00:00,49.182415102352934,49.182415102352934,49.17704525683461,49.17704525683461,3861800,0.0
BIL.US,道富SPDR彭博1-3个月美国国债ETF,1567051200000,2019-08-29,2019-08-29 00:00:00,49.18778494787126,49.19315479338959,49.18778494787126,49.18778494787126,2276800,0.0
BIL.US,道富SPDR彭博1-3个月美国国债ETF,1567137600000,2019-08-30,2019-08-30 00:00:00,49.19315479338959,49.19852463890792,49.19315479338959,49.19315479338959,3418100,0.0
BIL.US,道富SPDR彭博1-3个月美国国债ETF,1567483200000,2019-09-03,2019-09-03 00:00:00,49.203227183600966,49.203227183600966,49.19784742991809,49.203227183600966,4842500,0.0
BIL.US,道富SPDR彭博1-3个月美国国债ETF,1567569600000,2019-09-04,2019-09-04 00:00:00,49.203227183600966,49.203227183600966,49.19784742991809,49.19784742991809,1895600,0.0
BIL.US,道富SPDR彭博1-3个月美国国债ETF,1567656000000,2019-09-05,2019-09-05 00:00:00,49.20860693728385,49.20860693728385,49.203227183600966,49.203227183600966,4888800,0.0
BIL.US,道富SPDR彭博1-3个月美国国债ETF,1567742400000,2019-09-06,2019-09-06 00:00:00,49.20860693728385,49.21398669096673,49.203227183600966,49.20860693728385,2094700,0.0
BIL.US,道富SPDR彭博1-3个月美国国债ETF,1568001600000,2019-09-09,2019-09-09 00:00:00,49.20860693728385,49.21398669096673,49.20860693728385,49.20860693728385,1064400,0.0
BIL.US,道富SPDR彭博1-3个月美国国债ETF,1568088000000,2019-09-10,2019-09-10 00:00:00,49.2193664446496,49.2193664446496,49.21398669096673,49.2193664446496,2325200,0.0
BIL.US,道富SPDR彭博1-3个月美国国债ETF,1568174400000,2019-09-11,2019-09-11 00:00:00,49.21398669096673,49.2193664446496,49.21398669096673,49.21398669096673,1437400,0.0
BIL.US,道富SPDR彭博1-3个月美国国债ETF,1568260800000,2019-09-12,2019-09-12 00:00:00,49.22474619833248,49.230125952015364,49.22474619833248,49.22474619833248,1867500,0.0
BIL.US,道富SPDR彭博1-3个月美国国债ETF,1568347200000,2019-09-13,2019-09-13 00:00:00,49.230125952015364,49.230125952015364,49.22474619833248,49.22474619833248,1638200,0.0
BIL.US,道富SPDR彭博1-3个月美国国债ETF,1568606400000,2019-09-16,2019-09-16 00:00:00,49.230125952015364,49.23550570569824,49.22474619833248,49.22474619833248,1119300,0.0
BIL.US,道富SPDR彭博1-3个月美国国债ETF,1568692800000,2019-09-17,2019-09-17 00:00:00,49.230125952015364,49.23550570569824,49.22474619833248,49.230125952015364,1032800,0.0
BIL.US,道富SPDR彭博1-3个月美国国债ETF,1568779200000,2019-09-18,2019-09-18 00:00:00,49.23550570569824,49.24088545938112,49.230125952015364,49.24088545938112,1094500,0.0
BIL.US,道富SPDR彭博1-3个月美国国债ETF,1568865600000,2019-09-19,2019-09-19 00:00:00,49.25164496674687,49.25164496674687,49.24088545938112,49.24088545938112,1980600,0.0
BIL.US,道富SPDR彭博1-3个月美国国债ETF,1568952000000,2019-09-20,2019-09-20 00:00:00,49.246265213064,49.246265213064,49.24088545938112,49.246265213064,2298500,0.0
BIL.US,道富SPDR彭博1-3个月美国国债ETF,1569211200000,2019-09-23,2019-09-23 00:00:00,49.246265213064,49.25702472042975,49.246265213064,49.25702472042975,1669600,0.0
BIL.US,道富SPDR彭博1-3个月美国国债ETF,1569297600000,2019-09-24,2019-09-24 00:00:00,49.25702472042975,49.25702472042975,49.25164496674687,49.25702472042975,1661700,0.0
BIL.US,道富SPDR彭博1-3个月美国国债ETF,1569384000000,2019-09-25,2019-09-25 00:00:00,49.25702472042975,49.25702472042975,49.25164496674687,49.25702472042975,1362600,0.0
BIL.US,道富SPDR彭博1-3个月美国国债ETF,1569470400000,2019-09-26,2019-09-26 00:00:00,49.26240447411262,49.2677842277955,49.26240447411262,49.2677842277955,1741100,0.0
BIL.US,道富SPDR彭博1-3个月美国国债ETF,1569556800000,2019-09-27,2019-09-27 00:00:00,49.27316398147838,49.27316398147838,49.26240447411262,49.2677842277955,1033000,0.0
BIL.US,道富SPDR彭博1-3个月美国国债ETF,1569816000000,2019-09-30,2019-09-30 00:00:00,49.2677842277955,49.27316398147838,49.2677842277955,49.27316398147838,3144600,0.0
BIL.US,道富SPDR彭博1-3个月美国国债ETF,1569902400000,2019-10-01,2019-10-01 00:00:00,49.27692721166183,49.27692721166183,49.27153939980838,49.27153939980838,2016800,0.0
BIL.US,道富SPDR彭博1-3个月美国国债ETF,1569988800000,2019-10-02,2019-10-02 00:00:00,49.27692721166183,49.27692721166183,49.27153939980838,49.27153939980838,2410000,0.0
BIL.US,道富SPDR彭博1-3个月美国国债ETF,1570075200000,2019-10-03,2019-10-03 00:00:00,49.28231502351528,49.287702835368734,49.28231502351528,49.287702835368734,1101300,0.0
BIL.US,道富SPDR彭博1-3个月美国国债ETF,1570161600000,2019-10-04,2019-10-04 00:00:00,49.28231502351528,49.287702835368734,49.28231502351528,49.287702835368734,924300,0.0
BIL.US,道富SPDR彭博1-3个月美国国债ETF,1570420800000,2019-10-07,2019-10-07 00:00:00,49.29309064722218,49.29309064722218,49.287702835368734,49.29309064722218,686900,0.0
BIL.US,道富SPDR彭博1-3个月美国国债ETF,1570507200000,2019-10-08,2019-10-08 00:00:00,49.29309064722218,49.29309064722218,49.287702835368734,49.29309064722218,1207500,0.0
BIL.US,道富SPDR彭博1-3个月美国国债ETF,1570593600000,2019-10-09,2019-10-09 00:00:00,49.29847845907563,49.29847845907563,49.29309064722218,49.29309064722218,1714000,0.0
BIL.US,道富SPDR彭博1-3个月美国国债ETF,1570680000000,2019-10-10,2019-10-10 00:00:00,49.30925408278253,49.30925408278253,49.303866270929085,49.303866270929085,1404600,0.0
BIL.US,道富SPDR彭博1-3个月美国国债ETF,1570766400000,2019-10-11,2019-10-11 00:00:00,49.30925408278253,49.30925408278253,49.303866270929085,49.30925408278253,1446100,0.0
BIL.US,道富SPDR彭博1-3个月美国国债ETF,1571025600000,2019-10-14,2019-10-14 00:00:00,49.303866270929085,49.31464189463599,49.27153939980838,49.303866270929085,2720500,0.0
BIL.US,道富SPDR彭博1-3个月美国国债ETF,1571112000000,2019-10-15,2019-10-15 00:00:00,49.303866270929085,49.30925408278253,49.303866270929085,49.30925408278253,1621300,0.0
BIL.US,道富SPDR彭博1-3个月美国国债ETF,1571198400000,2019-10-16,2019-10-16 00:00:00,49.30925408278253,49.31464189463599,49.30925408278253,49.31464189463599,1620400,0.0
BIL.US,道富SPDR彭博1-3个月美国国债ETF,1571284800000,2019-10-17,2019-10-17 00:00:00,49.31464189463599,49.32002970648944,49.31464189463599,49.32002970648944,1350600,0.0
BIL.US,道富SPDR彭博1-3个月美国国债ETF,1571371200000,2019-10-18,2019-10-18 00:00:00,49.31464189463599,49.32002970648944,49.31464189463599,49.32002970648944,3141500,0.0
BIL.US,道富SPDR彭博1-3个月美国国债ETF,1571630400000,2019-10-21,2019-10-21 00:00:00,49.32541751834289,49.32541751834289,49.32002970648944,49.32541751834289,820500,0.0
BIL.US,道富SPDR彭博1-3个月美国国债ETF,1571716800000,2019-10-22,2019-10-22 00:00:00,49.32541751834289,49.32541751834289,49.32002970648944,49.32541751834289,1818900,0.0
BIL.US,道富SPDR彭博1-3个月美国国债ETF,1571803200000,2019-10-23,2019-10-23 00:00:00,49.32002970648944,49.32541751834289,49.32002970648944,49.32541751834289,707600,0.0
BIL.US,道富SPDR彭博1-3个月美国国债ETF,1571889600000,2019-10-24,2019-10-24 00:00:00,49.33080533019634,49.33619314204979,49.33080533019634,49.33619314204979,734400,0.0
BIL.US,道富SPDR彭博1-3个月美国国债ETF,1571976000000,2019-10-25,2019-10-25 00:00:00,49.33080533019634,49.33619314204979,49.33080533019634,49.33619314204979,857300,0.0
BIL.US,道富SPDR彭博1-3个月美国国债ETF,1572235200000,2019-10-28,2019-10-28 00:00:00,49.33619314204979,49.33619314204979,49.33080533019634,49.33080533019634,1936500,0.0
BIL.US,道富SPDR彭博1-3个月美国国债ETF,1572321600000,2019-10-29,2019-10-29 00:00:00,49.33619314204979,49.34158095390324,49.33619314204979,49.34158095390324,486100,0.0
BIL.US,道富SPDR彭博1-3个月美国国债ETF,1572408000000,2019-10-30,2019-10-30 00:00:00,49.34158095390324,49.34696876575669,49.33619314204979,49.34696876575669,1025500,0.0
BIL.US,道富SPDR彭博1-3个月美国国债ETF,1572494400000,2019-10-31,2019-10-31 00:00:00,49.34696876575669,49.35235657761014,49.34696876575669,49.35235657761014,1240700,0.0
BIL.US,道富SPDR彭博1-3个月美国国债ETF,1572580800000,2019-11-01,2019-11-01 00:00:00,49.35164176090177,49.35703774185092,49.35164176090177,49.35164176090177,5615400,0.0
BIL.US,道富SPDR彭博1-3个月美国国债ETF,1572843600000,2019-11-04,2019-11-04 00:00:00,49.35164176090177,49.35703774185092,49.35164176090177,49.35703774185092,2305900,0.0
BIL.US,道富SPDR彭博1-3个月美国国债ETF,1572930000000,2019-11-05,2019-11-05 00:00:00,49.35164176090177,49.35703774185092,49.35164176090177,49.35164176090177,1253400,0.0
BIL.US,道富SPDR彭博1-3个月美国国债ETF,1573016400000,2019-11-06,2019-11-06 00:00:00,49.35703774185092,49.36243372280007,49.35703774185092,49.35703774185092,1095800,0.0
BIL.US,道富SPDR彭博1-3个月美国国债ETF,1573102800000,2019-11-07,2019-11-07 00:00:00,49.36243372280007,49.367829703749216,49.36243372280007,49.367829703749216,1334700,0.0
BIL.US,道富SPDR彭博1-3个月美国国债ETF,1573189200000,2019-11-08,2019-11-08 00:00:00,49.367829703749216,49.367829703749216,49.36243372280007,49.367829703749216,727700,0.0
BIL.US,道富SPDR彭博1-3个月美国国债ETF,1573448400000,2019-11-11,2019-11-11 00:00:00,49.367829703749216,49.367829703749216,49.36243372280007,49.367829703749216,464600,0.0
BIL.US,道富SPDR彭博1-3个月美国国债ETF,1573534800000,2019-11-12,2019-11-12 00:00:00,49.37322568469836,49.37322568469836,49.367829703749216,49.37322568469836,1818400,0.0
BIL.US,道富SPDR彭博1-3个月美国国债ETF,1573621200000,2019-11-13,2019-11-13 00:00:00,49.37322568469836,49.37322568469836,49.367829703749216,49.37322568469836,1170700,0.0
BIL.US,道富SPDR彭博1-3个月美国国债ETF,1573707600000,2019-11-14,2019-11-14 00:00:00,49.37322568469836,49.378621665647515,49.37322568469836,49.378621665647515,3100000,0.0
BIL.US,道富SPDR彭博1-3个月美国国债ETF,1573794000000,2019-11-15,2019-11-15 00:00:00,49.378621665647515,49.378621665647515,49.37322568469836,49.37322568469836,2225800,0.0
BIL.US,道富SPDR彭博1-3个月美国国债ETF,1574053200000,2019-11-18,2019-11-18 00:00:00,49.378621665647515,49.384017646596654,49.378621665647515,49.384017646596654,1610600,0.0
BIL.US,道富SPDR彭博1-3个月美国国债ETF,1574139600000,2019-11-19,2019-11-19 00:00:00,49.384017646596654,49.384017646596654,49.378621665647515,49.378621665647515,928000,0.0
BIL.US,道富SPDR彭博1-3个月美国国债ETF,1574226000000,2019-11-20,2019-11-20 00:00:00,49.384017646596654,49.384017646596654,49.378621665647515,49.384017646596654,2396400,0.0
BIL.US,道富SPDR彭博1-3个月美国国债ETF,1574312400000,2019-11-21,2019-11-21 00:00:00,49.38941362754581,49.38941362754581,49.384017646596654,49.384017646596654,975300,0.0
BIL.US,道富SPDR彭博1-3个月美国国债ETF,1574398800000,2019-11-22,2019-11-22 00:00:00,49.38941362754581,49.39480960849495,49.38941362754581,49.38941362754581,1197900,0.0
BIL.US,道富SPDR彭博1-3个月美国国债ETF,1574658000000,2019-11-25,2019-11-25 00:00:00,49.39480960849495,49.39480960849495,49.38941362754581,49.38941362754581,955100,0.0
BIL.US,道富SPDR彭博1-3个月美国国债ETF,1574744400000,2019-11-26,2019-11-26 00:00:00,49.39480960849495,49.4002055894441,49.39480960849495,49.39480960849495,952000,0.0
BIL.US,道富SPDR彭博1-3个月美国国债ETF,1574830800000,2019-11-27,2019-11-27 00:00:00,49.4002055894441,49.405601570393245,49.4002055894441,49.405601570393245,775900,0.0
BIL.US,道富SPDR彭博1-3个月美国国债ETF,1575003600000,2019-11-29,2019-11-29 00:00:00,49.4002055894441,49.405601570393245,49.4002055894441,49.405601570393245,687500,0.0
BIL.US,道富SPDR彭博1-3个月美国国债ETF,1575262800000,2019-12-02,2019-12-02 00:00:00,49.40409766336344,49.409500561183144,49.40409766336344,49.409500561183144,985300,0.0
BIL.US,道富SPDR彭博1-3个月美国国债ETF,1575349200000,2019-12-03,2019-12-03 00:00:00,49.409500561183144,49.409500561183144,49.40409766336344,49.40409766336344,2002400,0.0
BIL.US,道富SPDR彭博1-3个月美国国债ETF,1575435600000,2019-12-04,2019-12-04 00:00:00,49.409500561183144,49.41490345900284,49.409500561183144,49.409500561183144,1008000,0.0
BIL.US,道富SPDR彭博1-3个月美国国债ETF,1575522000000,2019-12-05,2019-12-05 00:00:00,49.42030635682254,49.42030635682254,49.41490345900284,49.42030635682254,866100,0.0
BIL.US,道富SPDR彭博1-3个月美国国债ETF,1575608400000,2019-12-06,2019-12-06 00:00:00,49.41490345900284,49.42030635682254,49.41490345900284,49.42030635682254,1171300,0.0
BIL.US,道富SPDR彭博1-3个月美国国债ETF,1575867600000,2019-12-09,2019-12-09 00:00:00,49.42030635682254,49.42570925464225,49.42030635682254,49.42570925464225,776200,0.0
BIL.US,道富SPDR彭博1-3个月美国国债ETF,1575954000000,2019-12-10,2019-12-10 00:00:00,49.42570925464225,49.42570925464225,49.42030635682254,49.42570925464225,1040700,0.0
BIL.US,道富SPDR彭博1-3个月美国国债ETF,1576040400000,2019-12-11,2019-12-11 00:00:00,49.42570925464225,49.42570925464225,49.42030635682254,49.42570925464225,1288600,0.0
BIL.US,道富SPDR彭博1-3个月美国国债ETF,1576126800000,2019-12-12,2019-12-12 00:00:00,49.436515050281656,49.436515050281656,49.43111215246195,49.436515050281656,601800,0.0
BIL.US,道富SPDR彭博1-3个月美国国债ETF,1576213200000,2019-12-13,2019-12-13 00:00:00,49.43111215246195,49.436515050281656,49.42570925464225,49.42570925464225,753100,0.0
BIL.US,道富SPDR彭博1-3个月美国国债ETF,1576472400000,2019-12-16,2019-12-16 00:00:00,49.43111215246195,49.436515050281656,49.43111215246195,49.436515050281656,702700,0.0
BIL.US,道富SPDR彭博1-3个月美国国债ETF,1576558800000,2019-12-17,2019-12-17 00:00:00,49.436515050281656,49.44191794810136,49.43111215246195,49.43111215246195,2353000,0.0
BIL.US,道富SPDR彭博1-3个月美国国债ETF,1576645200000,2019-12-18,2019-12-18 00:00:00,49.44191794810136,49.44191794810136,49.436515050281656,49.44191794810136,1059900,0.0
BIL.US,道富SPDR彭博1-3个月美国国债ETF,1576731600000,2019-12-19,2019-12-19 00:00:00,49.44191794810136,49.44732084592106,49.44191794810136,49.44732084592106,1412900,0.0
BIL.US,道富SPDR彭博1-3个月美国国债ETF,1576818000000,2019-12-20,2019-12-20 00:00:00,49.450050137496724,49.450050137496724,49.44464043941802,49.450050137496724,1375800,0.0
BIL.US,道富SPDR彭博1-3个月美国国债ETF,1577077200000,2019-12-23,2019-12-23 00:00:00,49.44464043941802,49.450050137496724,49.44464043941802,49.450050137496724,2846500,0.0
BIL.US,道富SPDR彭博1-3个月美国国债ETF,1577163600000,2019-12-24,2019-12-24 00:00:00,49.45545983557544,49.45545983557544,49.450050137496724,49.45545983557544,1042700,0.0
BIL.US,道富SPDR彭博1-3个月美国国债ETF,1577336400000,2019-12-26,2019-12-26 00:00:00,49.450050137496724,49.460869533654154,49.450050137496724,49.460869533654154,956200,0.0
BIL.US,道富SPDR彭博1-3个月美国国债ETF,1577422800000,2019-12-27,2019-12-27 00:00:00,49.45545983557544,49.460869533654154,49.45545983557544,49.45545983557544,1325600,0.0
BIL.US,道富SPDR彭博1-3个月美国国债ETF,1577682000000,2019-12-30,2019-12-30 00:00:00,49.46627923173286,49.46627923173286,49.460869533654154,49.460869533654154,1381300,0.0
BIL.US,道富SPDR彭博1-3个月美国国债ETF,1577768400000,2019-12-31,2019-12-31 00:00:00,49.47168892981157,49.47168892981157,49.460869533654154,49.460869533654154,1406200,0.0
BIL.US,道富SPDR彭博1-3个月美国国债ETF,1577941200000,2020-01-02,2020-01-02 00:00:00,49.47168892981157,49.47709862789028,49.46627923173286,49.47709862789028,3167200,0.0
BIL.US,道富SPDR彭博1-3个月美国国债ETF,1578027600000,2020-01-03,2020-01-03 00:00:00,49.47709862789028,49.47709862789028,49.47168892981157,49.47709862789028,853200,0.0
BIL.US,道富SPDR彭博1-3个月美国国债ETF,1578286800000,2020-01-06,2020-01-06 00:00:00,49.47709862789028,49.48250832596899,49.47168892981157,49.47168892981157,2471900,0.0
BIL.US,道富SPDR彭博1-3个月美国国债ETF,1578373200000,2020-01-07,2020-01-07 00:00:00,49.47709862789028,49.47709862789028,49.47168892981157,49.47168892981157,1267300,0.0
BIL.US,道富SPDR彭博1-3个月美国国债ETF,1578459600000,2020-01-08,2020-01-08 00:00:00,49.47709862789028,49.48250832596899,49.47709862789028,49.48250832596899,1286100,0.0
BIL.US,道富SPDR彭博1-3个月美国国债ETF,1578546000000,2020-01-09,2020-01-09 00:00:00,49.48791802404771,49.48791802404771,49.48250832596899,49.48791802404771,984300,0.0
BIL.US,道富SPDR彭博1-3个月美国国债ETF,1578632400000,2020-01-10,2020-01-10 00:00:00,49.48250832596899,49.48791802404771,49.48250832596899,49.48791802404771,1137100,0.0
BIL.US,道富SPDR彭博1-3个月美国国债ETF,1578891600000,2020-01-13,2020-01-13 00:00:00,49.48791802404771,49.48791802404771,49.48250832596899,49.48791802404771,1459100,0.0
BIL.US,道富SPDR彭博1-3个月美国国债ETF,1578978000000,2020-01-14,2020-01-14 00:00:00,49.48791802404771,49.49332772212641,49.48791802404771,49.48791802404771,1055400,0.0
BIL.US,道富SPDR彭博1-3个月美国国债ETF,1579064400000,2020-01-15,2020-01-15 00:00:00,49.49332772212641,49.49332772212641,49.48791802404771,49.49332772212641,862300,0.0
BIL.US,道富SPDR彭博1-3个月美国国债ETF,1579150800000,2020-01-16,2020-01-16 00:00:00,49.49332772212641,49.50414711828384,49.49332772212641,49.50414711828384,1104100,0.0
BIL.US,道富SPDR彭博1-3个月美国国债ETF,1579237200000,2020-01-17,2020-01-17 00:00:00,49.50414711828384,49.50414711828384,49.498737420205124,49.498737420205124,1323200,0.0
BIL.US,道富SPDR彭博1-3个月美国国债ETF,1579582800000,2020-01-21,2020-01-21 00:00:00,49.50414711828384,49.50414711828384,49.498737420205124,49.50414711828384,3170700,0.0
BIL.US,道富SPDR彭博1-3个月美国国债ETF,1579669200000,2020-01-22,2020-01-22 00:00:00,49.50414711828384,49.50414711828384,49.498737420205124,49.50414711828384,1156800,0.0
BIL.US,道富SPDR彭博1-3个月美国国债ETF,1579755600000,2020-01-23,2020-01-23 00:00:00,49.50955681636255,49.51496651444126,49.50955681636255,49.50955681636255,893000,0.0
BIL.US,道富SPDR彭博1-3个月美国国债ETF,1579842000000,2020-01-24,2020-01-24 00:00:00,49.51496651444126,49.51496651444126,49.50955681636255,49.50955681636255,1243700,0.0
BIL.US,道富SPDR彭博1-3个月美国国债ETF,1580101200000,2020-01-27,2020-01-27 00:00:00,49.50955681636255,49.51496651444126,49.50955681636255,49.51496651444126,1463500,0.0
BIL.US,道富SPDR彭博1-3个月美国国债ETF,1580187600000,2020-01-28,2020-01-28 00:00:00,49.51496651444126,49.52037621251997,49.51496651444126,49.51496651444126,1708000,0.0
BIL.US,道富SPDR彭博1-3个月美国国债ETF,1580274000000,2020-01-29,2020-01-29 00:00:00,49.51496651444126,49.52037621251997,49.51496651444126,49.52037621251997,845200,0.0
BIL.US,道富SPDR彭博1-3个月美国国债ETF,1580360400000,2020-01-30,2020-01-30 00:00:00,49.52037621251997,49.52578591059868,49.52037621251997,49.52037621251997,787300,0.0
BIL.US,道富SPDR彭博1-3个月美国国债ETF,1580446800000,2020-01-31,2020-01-31 00:00:00,49.52578591059868,49.52578591059868,49.52037621251997,49.52037621251997,1760700,0.0
BIL.US,道富SPDR彭博1-3个月美国国债ETF,1580706000000,2020-02-03,2020-02-03 00:00:00,49.53027615341155,49.53027615341155,49.524860048856766,49.524860048856766,1826500,0.0
BIL.US,道富SPDR彭博1-3个月美国国债ETF,1580792400000,2020-02-04,2020-02-04 00:00:00,49.53027615341155,49.53027615341155,49.524860048856766,49.524860048856766,1013700,0.0
BIL.US,道富SPDR彭博1-3个月美国国债ETF,1580878800000,2020-02-05,2020-02-05 00:00:00,49.53027615341155,49.53569225796632,49.524860048856766,49.53569225796632,1015900,0.0
BIL.US,道富SPDR彭博1-3个月美国国债ETF,1580965200000,2020-02-06,2020-02-06 00:00:00,49.53569225796632,49.54110836252109,49.53569225796632,49.54110836252109,1156000,0.0
BIL.US,道富SPDR彭博1-3个月美国国债ETF,1581051600000,2020-02-07,2020-02-07 00:00:00,49.54110836252109,49.54110836252109,49.53569225796632,49.54110836252109,873000,0.0
BIL.US,道富SPDR彭博1-3个月美国国债ETF,1581310800000,2020-02-10,2020-02-10 00:00:00,49.54110836252109,49.54652446707587,49.53569225796632,49.53569225796632,635800,0.0
BIL.US,道富SPDR彭博1-3个月美国国债ETF,1581397200000,2020-02-11,2020-02-11 00:00:00,49.53569225796632,49.54110836252109,49.53569225796632,49.54110836252109,1152900,0.0
BIL.US,道富SPDR彭博1-3个月美国国债ETF,1581483600000,2020-02-12,2020-02-12 00:00:00,49.54110836252109,49.54652446707587,49.54110836252109,49.54652446707587,823600,0.0
BIL.US,道富SPDR彭博1-3个月美国国债ETF,1581570000000,2020-02-13,2020-02-13 00:00:00,49.55194057163064,49.55194057163064,49.54652446707587,49.55194057163064,1231100,0.0
BIL.US,道富SPDR彭博1-3个月美国国债ETF,1581656400000,2020-02-14,2020-02-14 00:00:00,49.557356676185414,49.557356676185414,49.54652446707587,49.55194057163064,1200800,0.0
BIL.US,道富SPDR彭博1-3个月美国国债ETF,1582002000000,2020-02-18,2020-02-18 00:00:00,49.55194057163064,49.557356676185414,49.55194057163064,49.557356676185414,894900,0.0
BIL.US,道富SPDR彭博1-3个月美国国债ETF,1582088400000,2020-02-19,2020-02-19 00:00:00,49.557356676185414,49.557356676185414,49.55194057163064,49.557356676185414,1327300,0.0
BIL.US,道富SPDR彭博1-3个月美国国债ETF,1582174800000,2020-02-20,2020-02-20 00:00:00,49.5627727807402,49.5627727807402,49.557356676185414,49.557356676185414,2327900,0.0
BIL.US,道富SPDR彭博1-3个月美国国债ETF,1582261200000,2020-02-21,2020-02-21 00:00:00,49.5627727807402,49.568188885294965,49.5627727807402,49.568188885294965,865100,0.0
BIL.US,道富SPDR彭博1-3个月美国国债ETF,1582520400000,2020-02-24,2020-02-24 00:00:00,49.568188885294965,49.568188885294965,49.5627727807402,49.5627727807402,3162600,0.0
BIL.US,道富SPDR彭博1-3个月美国国债ETF,1582606800000,2020-02-25,2020-02-25 00:00:00,49.568188885294965,49.568188885294965,49.5627727807402,49.5627727807402,4337200,0.0
BIL.US,道富SPDR彭博1-3个月美国国债ETF,1582693200000,2020-02-26,2020-02-26 00:00:00,49.57360498984974,49.57360498984974,49.568188885294965,49.57360498984974,4843100,0.0
BIL.US,道富SPDR彭博1-3个月美国国债ETF,1582779600000,2020-02-27,2020-02-27 00:00:00,49.57360498984974,49.584437198959286,49.57360498984974,49.584437198959286,7014300,0.0
BIL.US,道富SPDR彭博1-3个月美国国债ETF,1582866000000,2020-02-28,2020-02-28 00:00:00,49.57902109440452,49.584437198959286,49.57902109440452,49.57902109440452,10079400,0.0
BIL.US,道富SPDR彭博1-3个月美国国债ETF,1583125200000,2020-03-02,2020-03-02 00:00:00,49.588415383785446,49.599259122115605,49.588415383785446,49.59383725295052,8320700,0.0
BIL.US,道富SPDR彭博1-3个月美国国债ETF,1583211600000,2020-03-03,2020-03-03 00:00:00,49.59383725295052,49.61552472961083,49.588415383785446,49.604680991280674,6196300,0.0
BIL.US,道富SPDR彭博1-3个月美国国债ETF,1583298000000,2020-03-04,2020-03-04 00:00:00,49.61552472961083,49.626368467940985,49.61010286044576,49.626368467940985,7400300,0.0
BIL.US,道富SPDR彭博1-3个月美国国债ETF,1583384400000,2020-03-05,2020-03-05 00:00:00,49.63179033710606,49.63721220627113,49.626368467940985,49.63721220627113,4722200,0.0
BIL.US,道富SPDR彭博1-3个月美国国债ETF,1583470800000,2020-03-06,2020-03-06 00:00:00,49.63179033710606,49.64805594460128,49.63179033710606,49.63721220627113,4562200,0.0
BIL.US,道富SPDR彭博1-3个月美国国债ETF,1583726400000,2020-03-09,2020-03-09 00:00:00,49.65347781376636,49.68058715959174,49.64263407543621,49.65889968293144,14089900,0.0
BIL.US,道富SPDR彭博1-3个月美国国债ETF,1583812800000,2020-03-10,2020-03-10 00:00:00,49.64805594460128,49.66974342126159,49.64263407543621,49.64805594460128,10764300,0.0
BIL.US,道富SPDR彭博1-3个月美国国债ETF,1583899200000,2020-03-11,2020-03-11 00:00:00,49.64805594460128,49.66974342126159,49.64805594460128,49.65889968293144,19939900,0.0
BIL.US,道富SPDR彭博1-3个月美国国债ETF,1583985600000,2020-03-12,2020-03-12 00:00:00,49.64805594460128,52.03367837723474,49.64805594460128,49.66432155209651,20352200,0.0
BIL.US,道富SPDR彭博1-3个月美国国债ETF,1584072000000,2020-03-13,2020-03-13 00:00:00,49.66432155209651,49.68058715959174,49.65889968293144,49.67516529042667,11069000,0.0
BIL.US,道富SPDR彭博1-3个月美国国债ETF,1584331200000,2020-03-16,2020-03-16 00:00:00,49.68600902875682,49.68600902875682,49.66432155209651,49.68058715959174,11009100,0.0
BIL.US,道富SPDR彭博1-3个月美国国债ETF,1584417600000,2020-03-17,2020-03-17 00:00:00,49.68600902875682,49.68600902875682,49.66432155209651,49.68058715959174,10016900,0.0
BIL.US,道富SPDR彭博1-3个月美国国债ETF,1584504000000,2020-03-18,2020-03-18 00:00:00,49.6914308979219,49.70227463625205,49.67516529042667,49.6914308979219,11352300,0.0
BIL.US,道富SPDR彭博1-3个月美国国债ETF,1584590400000,2020-03-19,2020-03-19 00:00:00,49.68600902875682,49.6914308979219,49.66432155209651,49.68058715959174,10002900,0.0
BIL.US,道富SPDR彭博1-3个月美国国债ETF,1584676800000,2020-03-20,2020-03-20 00:00:00,49.68058715959174,49.696852767086966,49.67516529042667,49.696852767086966,14884700,0.0
BIL.US,道富SPDR彭博1-3个月美国国债ETF,1584936000000,2020-03-23,2020-03-23 00:00:00,49.67516529042667,49.68600902875682,49.66974342126159,49.68600902875682,7880900,0.0
BIL.US,道富SPDR彭博1-3个月美国国债ETF,1585022400000,2020-03-24,2020-03-24 00:00:00,49.67516529042667,49.68600902875682,49.65347781376636,49.68600902875682,7108400,0.0
BIL.US,道富SPDR彭博1-3个月美国国债ETF,1585108800000,2020-03-25,2020-03-25 00:00:00,49.68058715959174,49.68600902875682,49.67516529042667,49.68600902875682,6265900,0.0
BIL.US,道富SPDR彭博1-3个月美国国债ETF,1585195200000,2020-03-26,2020-03-26 00:00:00,49.67516529042667,49.68600902875682,49.67516529042667,49.68600902875682,5907600,0.0
BIL.US,道富SPDR彭博1-3个月美国国债ETF,1585281600000,2020-03-27,2020-03-27 00:00:00,49.68600902875682,49.68600902875682,49.67516529042667,49.67516529042667,5413800,0.0
BIL.US,道富SPDR彭博1-3个月美国国债ETF,1585540800000,2020-03-30,2020-03-30 00:00:00,49.68058715959174,49.68058715959174,49.67516529042667,49.67516529042667,4208600,0.0
BIL.US,道富SPDR彭博1-3个月美国国债ETF,1585627200000,2020-03-31,2020-03-31 00:00:00,49.68058715959174,49.68058715959174,49.66974342126159,49.68058715959174,6837900,0.0
BIL.US,道富SPDR彭博1-3个月美国国债ETF,1585713600000,2020-04-01,2020-04-01 00:00:00,49.65347781376636,49.65347781376636,49.64263407543621,49.64805594460128,3865800,0.0
BIL.US,道富SPDR彭博1-3个月美国国债ETF,1585800000000,2020-04-02,2020-04-02 00:00:00,49.64805594460128,49.65347781376636,49.64263407543621,49.65347781376636,4489300,0.0
BIL.US,道富SPDR彭博1-3个月美国国债ETF,1585886400000,2020-04-03,2020-04-03 00:00:00,49.64263407543621,49.64805594460128,49.63721220627113,49.63721220627113,4371000,0.0
BIL.US,道富SPDR彭博1-3个月美国国债ETF,1586145600000,2020-04-06,2020-04-06 00:00:00,49.64805594460128,49.64805594460128,49.63721220627113,49.64263407543621,3804200,0.0
BIL.US,道富SPDR彭博1-3个月美国国债ETF,1586232000000,2020-04-07,2020-04-07 00:00:00,49.64805594460128,49.64805594460128,49.63179033710606,49.63179033710606,4866200,0.0
BIL.US,道富SPDR彭博1-3个月美国国债ETF,1586318400000,2020-04-08,2020-04-08 00:00:00,49.63721220627113,49.64263407543621,49.63721220627113,49.63721220627113,3326600,0.0
BIL.US,道富SPDR彭博1-3个月美国国债ETF,1586404800000,2020-04-09,2020-04-09 00:00:00,49.63721220627113,49.64263407543621,49.626368467940985,49.626368467940985,7432700,0.0
BIL.US,道富SPDR彭博1-3个月美国国债ETF,1586750400000,2020-04-13,2020-04-13 00:00:00,49.626368467940985,49.64263407543621,49.626368467940985,49.63721220627113,4806700,0.0
BIL.US,道富SPDR彭博1-3个月美国国债ETF,1586836800000,2020-04-14,2020-04-14 00:00:00,49.626368467940985,49.64263407543621,49.626368467940985,49.64263407543621,7368800,0.0
BIL.US,道富SPDR彭博1-3个月美国国债ETF,1586923200000,2020-04-15,2020-04-15 00:00:00,49.63721220627113,49.64263407543621,49.63179033710606,49.63721220627113,5840100,0.0
BIL.US,道富SPDR彭博1-3个月美国国债ETF,1587009600000,2020-04-16,2020-04-16 00:00:00,49.63721220627113,49.64263407543621,49.63179033710606,49.63179033710606,5563300,0.0
BIL.US,道富SPDR彭博1-3个月美国国债ETF,1587096000000,2020-04-17,2020-04-17 00:00:00,49.63721220627113,49.64263407543621,49.63721220627113,49.64263407543621,4217400,0.0
BIL.US,道富SPDR彭博1-3个月美国国债ETF,1587355200000,2020-04-20,2020-04-20 00:00:00,49.64263407543621,49.64263407543621,49.63721220627113,49.63721220627113,5258700,0.0
BIL.US,道富SPDR彭博1-3个月美国国债ETF,1587441600000,2020-04-21,2020-04-21 00:00:00,49.64805594460128,49.64805594460128,49.63721220627113,49.63721220627113,3527200,0.0
BIL.US,道富SPDR彭博1-3个月美国国债ETF,1587528000000,2020-04-22,2020-04-22 00:00:00,49.64263407543621,49.64263407543621,49.63721220627113,49.63721220627113,2065200,0.0
BIL.US,道富SPDR彭博1-3个月美国国债ETF,1587614400000,2020-04-23,2020-04-23 00:00:00,49.64263407543621,49.64263407543621,49.63721220627113,49.64263407543621,1928700,0.0
BIL.US,道富SPDR彭博1-3个月美国国债ETF,1587700800000,2020-04-24,2020-04-24 00:00:00,49.64263407543621,49.64263407543621,49.63721220627113,49.63721220627113,1618100,0.0
BIL.US,道富SPDR彭博1-3个月美国国债ETF,1587960000000,2020-04-27,2020-04-27 00:00:00,49.63721220627113,49.64263407543621,49.63179033710606,49.63721220627113,2244700,0.0
BIL.US,道富SPDR彭博1-3个月美国国债ETF,1588046400000,2020-04-28,2020-04-28 00:00:00,49.64263407543621,49.64263407543621,49.63721220627113,49.63721220627113,2744800,0.0
BIL.US,道富SPDR彭博1-3个月美国国债ETF,1588132800000,2020-04-29,2020-04-29 00:00:00,49.64263407543621,49.64263407543621,49.63179033710606,49.63179033710606,5313500,0.0
BIL.US,道富SPDR彭博1-3个月美国国债ETF,1588219200000,2020-04-30,2020-04-30 00:00:00,49.63179033710606,49.64263407543621,49.63179033710606,49.64263407543621,7305600,0.0
BIL.US,道富SPDR彭博1-3个月美国国债ETF,1588305600000,2020-05-01,2020-05-01 00:00:00,49.63721220627113,49.63721220627113,49.626368467940985,49.626368467940985,3710300,0.0
BIL.US,道富SPDR彭博1-3个月美国国债ETF,1588564800000,2020-05-04,2020-05-04 00:00:00,49.63721220627113,49.63721220627113,49.626368467940985,49.626368467940985,5973500,0.0
BIL.US,道富SPDR彭博1-3个月美国国债ETF,1588651200000,2020-05-05,2020-05-05 00:00:00,49.626368467940985,49.63721220627113,49.626368467940985,49.626368467940985,2949300,0.0
BIL.US,道富SPDR彭博1-3个月美国国债ETF,1588737600000,2020-05-06,2020-05-06 00:00:00,49.63721220627113,49.63721220627113,49.626368467940985,49.63179033710606,1716300,0.0
BIL.US,道富SPDR彭博1-3个月美国国债ETF,1588824000000,2020-05-07,2020-05-07 00:00:00,49.63721220627113,49.63721220627113,49.626368467940985,49.626368467940985,2271200,0.0
BIL.US,道富SPDR彭博1-3个月美国国债ETF,1588910400000,2020-05-08,2020-05-08 00:00:00,49.626368467940985,49.63721220627113,49.626368467940985,49.626368467940985,3100700,0.0
BIL.US,道富SPDR彭博1-3个月美国国债ETF,1589169600000,2020-05-11,2020-05-11 00:00:00,49.626368467940985,49.63179033710606,49.626368467940985,49.63179033710606,3903700,0.0
BIL.US,道富SPDR彭博1-3个月美国国债ETF,1589256000000,2020-05-12,2020-05-12 00:00:00,49.626368467940985,49.63179033710606,49.626368467940985,49.63179033710606,3110500,0.0
BIL.US,道富SPDR彭博1-3个月美国国债ETF,1589342400000,2020-05-13,2020-05-13 00:00:00,49.63179033710606,49.63179033710606,49.626368467940985,49.63179033710606,3524800,0.0
BIL.US,道富SPDR彭博1-3个月美国国债ETF,1589428800000,2020-05-14,2020-05-14 00:00:00,49.63179033710606,49.63721220627113,49.626368467940985,49.63721220627113,4505200,0.0
BIL.US,道富SPDR彭博1-3个月美国国债ETF,1589515200000,2020-05-15,2020-05-15 00:00:00,49.63179033710606,49.63179033710606,49.626368467940985,49.626368467940985,2361800,0.0
BIL.US,道富SPDR彭博1-3个月美国国债ETF,1589774400000,2020-05-18,2020-05-18 00:00:00,49.626368467940985,49.63179033710606,49.626368467940985,49.626368467940985,2297500,0.0
BIL.US,道富SPDR彭博1-3个月美国国债ETF,1589860800000,2020-05-19,2020-05-19 00:00:00,49.63179033710606,49.63179033710606,49.626368467940985,49.626368467940985,6505800,0.0
BIL.US,道富SPDR彭博1-3个月美国国债ETF,1589947200000,2020-05-20,2020-05-20 00:00:00,49.63179033710606,49.63179033710606,49.626368467940985,49.626368467940985,1722400,0.0
BIL.US,道富SPDR彭博1-3个月美国国债ETF,1590033600000,2020-05-21,2020-05-21 00:00:00,49.626368467940985,49.63179033710606,49.626368467940985,49.63179033710606,2400900,0.0
BIL.US,道富SPDR彭博1-3个月美国国债ETF,1590120000000,2020-05-22,2020-05-22 00:00:00,49.63179033710606,49.63179033710606,49.626368467940985,49.626368467940985,1935600,0.0
BIL.US,道富SPDR彭博1-3个月美国国债ETF,1590465600000,2020-05-26,2020-05-26 00:00:00,49.63179033710606,49.63179033710606,49.626368467940985,49.63179033710606,4214200,0.0
BIL.US,道富SPDR彭博1-3个月美国国债ETF,1590552000000,2020-05-27,2020-05-27 00:00:00,49.626368467940985,49.63179033710606,49.626368467940985,49.626368467940985,3887400,0.0
BIL.US,道富SPDR彭博1-3个月美国国债ETF,1590638400000,2020-05-28,2020-05-28 00:00:00,49.626368467940985,49.63179033710606,49.626368467940985,49.626368467940985,5061200,0.0
BIL.US,道富SPDR彭博1-3个月美国国债ETF,1590724800000,2020-05-29,2020-05-29 00:00:00,49.626368467940985,49.63179033710606,49.626368467940985,49.626368467940985,3714600,0.0
BIL.US,道富SPDR彭博1-3个月美国国债ETF,1590984000000,2020-06-01,2020-06-01 00:00:00,49.626368467940985,49.63179033710606,49.61552472961083,49.63179033710606,2919600,0.0
BIL.US,道富SPDR彭博1-3个月美国国债ETF,1591070400000,2020-06-02,2020-06-02 00:00:00,49.63179033710606,49.63179033710606,49.626368467940985,49.63179033710606,4644600,0.0
BIL.US,道富SPDR彭博1-3个月美国国债ETF,1591156800000,2020-06-03,2020-06-03 00:00:00,49.626368467940985,49.63179033710606,49.6209465987759,49.63179033710606,5447700,0.0
BIL.US,道富SPDR彭博1-3个月美国国债ETF,1591243200000,2020-06-04,2020-06-04 00:00:00,49.63179033710606,49.63179033710606,49.626368467940985,49.63179033710606,3574600,0.0
BIL.US,道富SPDR彭博1-3个月美国国债ETF,1591329600000,2020-06-05,2020-06-05 00:00:00,49.626368467940985,49.63179033710606,49.6209465987759,49.6209465987759,4808800,0.0
BIL.US,道富SPDR彭博1-3个月美国国债ETF,1591588800000,2020-06-08,2020-06-08 00:00:00,49.63179033710606,49.63179033710606,49.6209465987759,49.626368467940985,3937200,0.0
BIL.US,道富SPDR彭博1-3个月美国国债ETF,1591675200000,2020-06-09,2020-06-09 00:00:00,49.626368467940985,49.63179033710606,49.6209465987759,49.626368467940985,8989100,0.0
BIL.US,道富SPDR彭博1-3个月美国国债ETF,1591761600000,2020-06-10,2020-06-10 00:00:00,49.6209465987759,49.63179033710606,49.6209465987759,49.63179033710606,3090200,0.0
BIL.US,道富SPDR彭博1-3个月美国国债ETF,1591848000000,2020-06-11,2020-06-11 00:00:00,49.626368467940985,49.63179033710606,49.6209465987759,49.6209465987759,10544900,0.0
BIL.US,道富SPDR彭博1-3个月美国国债ETF,1591934400000,2020-06-12,2020-06-12 00:00:00,49.63179033710606,49.63179033710606,49.6209465987759,49.63179033710606,8819400,0.0
BIL.US,道富SPDR彭博1-3个月美国国债ETF,1592193600000,2020-06-15,2020-06-15 00:00:00,49.63179033710606,49.63179033710606,49.626368467940985,49.63179033710606,3391500,0.0
BIL.US,道富SPDR彭博1-3个月美国国债ETF,1592280000000,2020-06-16,2020-06-16 00:00:00,49.626368467940985,49.63179033710606,49.6209465987759,49.63179033710606,2413600,0.0
BIL.US,道富SPDR彭博1-3个月美国国债ETF,1592366400000,2020-06-17,2020-06-17 00:00:00,49.626368467940985,49.63179033710606,49.6209465987759,49.63179033710606,3992000,0.0
BIL.US,道富SPDR彭博1-3个月美国国债ETF,1592452800000,2020-06-18,2020-06-18 00:00:00,49.63179033710606,49.63179033710606,49.626368467940985,49.626368467940985,1837800,0.0
BIL.US,道富SPDR彭博1-3个月美国国债ETF,1592539200000,2020-06-19,2020-06-19 00:00:00,49.626368467940985,49.63179033710606,49.626368467940985,49.626368467940985,3115500,0.0
BIL.US,道富SPDR彭博1-3个月美国国债ETF,1592798400000,2020-06-22,2020-06-22 00:00:00,49.626368467940985,49.63179033710606,49.626368467940985,49.626368467940985,3091900,0.0
BIL.US,道富SPDR彭博1-3个月美国国债ETF,1592884800000,2020-06-23,2020-06-23 00:00:00,49.626368467940985,49.63179033710606,49.626368467940985,49.626368467940985,2898000,0.0
BIL.US,道富SPDR彭博1-3个月美国国债ETF,1592971200000,2020-06-24,2020-06-24 00:00:00,49.626368467940985,49.63179033710606,49.626368467940985,49.626368467940985,3779000,0.0
BIL.US,道富SPDR彭博1-3个月美国国债ETF,1593057600000,2020-06-25,2020-06-25 00:00:00,49.626368467940985,49.63179033710606,49.626368467940985,49.63179033710606,1767500,0.0
BIL.US,道富SPDR彭博1-3个月美国国债ETF,1593144000000,2020-06-26,2020-06-26 00:00:00,49.626368467940985,49.63179033710606,49.626368467940985,49.626368467940985,1350100,0.0
BIL.US,道富SPDR彭博1-3个月美国国债ETF,1593403200000,2020-06-29,2020-06-29 00:00:00,49.626368467940985,49.63179033710606,49.626368467940985,49.626368467940985,2431500,0.0
BIL.US,道富SPDR彭博1-3个月美国国债ETF,1593489600000,2020-06-30,2020-06-30 00:00:00,49.626368467940985,49.63179033710606,49.626368467940985,49.626368467940985,3381100,0.0
BIL.US,道富SPDR彭博1-3个月美国国债ETF,1593576000000,2020-07-01,2020-07-01 00:00:00,49.626368467940985,49.63179033710606,49.6209465987759,49.626368467940985,3160000,0.0
BIL.US,道富SPDR彭博1-3个月美国国债ETF,1593662400000,2020-07-02,2020-07-02 00:00:00,49.63179033710606,49.63179033710606,49.626368467940985,49.63179033710606,2639700,0.0
BIL.US,道富SPDR彭博1-3个月美国国债ETF,1594008000000,2020-07-06,2020-07-06 00:00:00,49.626368467940985,49.63179033710606,49.626368467940985,49.626368467940985,4064700,0.0
BIL.US,道富SPDR彭博1-3个月美国国债ETF,1594094400000,2020-07-07,2020-07-07 00:00:00,49.626368467940985,49.63179033710606,49.626368467940985,49.626368467940985,2092700,0.0
BIL.US,道富SPDR彭博1-3个月美国国债ETF,1594180800000,2020-07-08,2020-07-08 00:00:00,49.63179033710606,49.63179033710606,49.626368467940985,49.626368467940985,4376800,0.0
BIL.US,道富SPDR彭博1-3个月美国国债ETF,1594267200000,2020-07-09,2020-07-09 00:00:00,49.626368467940985,49.63179033710606,49.626368467940985,49.626368467940985,1516600,0.0
BIL.US,道富SPDR彭博1-3个月美国国债ETF,1594353600000,2020-07-10,2020-07-10 00:00:00,49.63179033710606,49.63179033710606,49.626368467940985,49.63179033710606,1241800,0.0
BIL.US,道富SPDR彭博1-3个月美国国债ETF,1594612800000,2020-07-13,2020-07-13 00:00:00,49.626368467940985,49.63179033710606,49.626368467940985,49.63179033710606,2126500,0.0
BIL.US,道富SPDR彭博1-3个月美国国债ETF,1594699200000,2020-07-14,2020-07-14 00:00:00,49.63179033710606,49.63179033710606,49.626368467940985,49.63179033710606,1326000,0.0
BIL.US,道富SPDR彭博1-3个月美国国债ETF,1594785600000,2020-07-15,2020-07-15 00:00:00,49.626368467940985,49.63179033710606,49.626368467940985,49.63179033710606,2793100,0.0
BIL.US,道富SPDR彭博1-3个月美国国债ETF,1594872000000,2020-07-16,2020-07-16 00:00:00,49.63179033710606,49.63179033710606,49.6209465987759,49.626368467940985,2395500,0.0
BIL.US,道富SPDR彭博1-3个月美国国债ETF,1594958400000,2020-07-17,2020-07-17 00:00:00,49.626368467940985,49.63179033710606,49.626368467940985,49.63179033710606,2551400,0.0
BIL.US,道富SPDR彭博1-3个月美国国债ETF,1595217600000,2020-07-20,2020-07-20 00:00:00,49.63179033710606,49.63179033710606,49.626368467940985,49.63179033710606,1276700,0.0
BIL.US,道富SPDR彭博1-3个月美国国债ETF,1595304000000,2020-07-21,2020-07-21 00:00:00,49.63179033710606,49.63179033710606,49.626368467940985,49.63179033710606,1882700,0.0
BIL.US,道富SPDR彭博1-3个月美国国债ETF,1595390400000,2020-07-22,2020-07-22 00:00:00,49.626368467940985,49.63179033710606,49.626368467940985,49.626368467940985,1479200,0.0
BIL.US,道富SPDR彭博1-3个月美国国债ETF,1595476800000,2020-07-23,2020-07-23 00:00:00,49.626368467940985,49.63179033710606,49.626368467940985,49.63179033710606,1118300,0.0
BIL.US,道富SPDR彭博1-3个月美国国债ETF,1595563200000,2020-07-24,2020-07-24 00:00:00,49.63179033710606,49.63179033710606,49.626368467940985,49.626368467940985,1009900,0.0
BIL.US,道富SPDR彭博1-3个月美国国债ETF,1595822400000,2020-07-27,2020-07-27 00:00:00,49.626368467940985,49.63179033710606,49.626368467940985,49.626368467940985,1412400,0.0
BIL.US,道富SPDR彭博1-3个月美国国债ETF,1595908800000,2020-07-28,2020-07-28 00:00:00,49.626368467940985,49.63179033710606,49.626368467940985,49.63179033710606,2012800,0.0
BIL.US,道富SPDR彭博1-3个月美国国债ETF,1595995200000,2020-07-29,2020-07-29 00:00:00,49.626368467940985,49.63179033710606,49.626368467940985,49.63179033710606,1418100,0.0
BIL.US,道富SPDR彭博1-3个月美国国债ETF,1596081600000,2020-07-30,2020-07-30 00:00:00,49.63179033710606,49.63179033710606,49.626368467940985,49.626368467940985,2403300,0.0
BIL.US,道富SPDR彭博1-3个月美国国债ETF,1596168000000,2020-07-31,2020-07-31 00:00:00,49.626368467940985,49.63179033710606,49.626368467940985,49.63179033710606,1099800,0.0
BIL.US,道富SPDR彭博1-3个月美国国债ETF,1596427200000,2020-08-03,2020-08-03 00:00:00,49.626368467940985,49.63721220627113,49.626368467940985,49.626368467940985,1564800,0.0
BIL.US,道富SPDR彭博1-3个月美国国债ETF,1596513600000,2020-08-04,2020-08-04 00:00:00,49.63179033710606,49.63179033710606,49.626368467940985,49.63179033710606,1654700,0.0
BIL.US,道富SPDR彭博1-3个月美国国债ETF,1596600000000,2020-08-05,2020-08-05 00:00:00,49.626368467940985,49.63179033710606,49.626368467940985,49.626368467940985,1980000,0.0
BIL.US,道富SPDR彭博1-3个月美国国债ETF,1596686400000,2020-08-06,2020-08-06 00:00:00,49.626368467940985,49.63179033710606,49.626368467940985,49.626368467940985,1591300,0.0
BIL.US,道富SPDR彭博1-3个月美国国债ETF,1596772800000,2020-08-07,2020-08-07 00:00:00,49.63179033710606,49.63179033710606,49.626368467940985,49.63179033710606,2105100,0.0
BIL.US,道富SPDR彭博1-3个月美国国债ETF,1597032000000,2020-08-10,2020-08-10 00:00:00,49.626368467940985,49.63179033710606,49.626368467940985,49.63179033710606,887500,0.0
BIL.US,道富SPDR彭博1-3个月美国国债ETF,1597118400000,2020-08-11,2020-08-11 00:00:00,49.626368467940985,49.63179033710606,49.626368467940985,49.626368467940985,1734100,0.0
BIL.US,道富SPDR彭博1-3个月美国国债ETF,1597204800000,2020-08-12,2020-08-12 00:00:00,49.626368467940985,49.63179033710606,49.626368467940985,49.626368467940985,2876300,0.0
BIL.US,道富SPDR彭博1-3个月美国国债ETF,1597291200000,2020-08-13,2020-08-13 00:00:00,49.63179033710606,49.63179033710606,49.626368467940985,49.63179033710606,2350800,0.0
BIL.US,道富SPDR彭博1-3个月美国国债ETF,1597377600000,2020-08-14,2020-08-14 00:00:00,49.626368467940985,49.63179033710606,49.626368467940985,49.626368467940985,1206000,0.0
BIL.US,道富SPDR彭博1-3个月美国国债ETF,1597636800000,2020-08-17,2020-08-17 00:00:00,49.63179033710606,49.63721220627113,49.626368467940985,49.626368467940985,2250100,0.0
BIL.US,道富SPDR彭博1-3个月美国国债ETF,1597723200000,2020-08-18,2020-08-18 00:00:00,49.63179033710606,49.63179033710606,49.626368467940985,49.63179033710606,3536200,0.0
BIL.US,道富SPDR彭博1-3个月美国国债ETF,1597809600000,2020-08-19,2020-08-19 00:00:00,49.63179033710606,49.63179033710606,49.626368467940985,49.63179033710606,1785500,0.0
BIL.US,道富SPDR彭博1-3个月美国国债ETF,1597896000000,2020-08-20,2020-08-20 00:00:00,49.626368467940985,49.63179033710606,49.626368467940985,49.63179033710606,1091000,0.0
BIL.US,道富SPDR彭博1-3个月美国国债ETF,1597982400000,2020-08-21,2020-08-21 00:00:00,49.63179033710606,49.63179033710606,49.626368467940985,49.63179033710606,1877100,0.0
BIL.US,道富SPDR彭博1-3个月美国国债ETF,1598241600000,2020-08-24,2020-08-24 00:00:00,49.626368467940985,49.63179033710606,49.626368467940985,49.63179033710606,1276800,0.0
BIL.US,道富SPDR彭博1-3个月美国国债ETF,1598328000000,2020-08-25,2020-08-25 00:00:00,49.626368467940985,49.63179033710606,49.626368467940985,49.626368467940985,1318300,0.0
BIL.US,道富SPDR彭博1-3个月美国国债ETF,1598414400000,2020-08-26,2020-08-26 00:00:00,49.626368467940985,49.63179033710606,49.626368467940985,49.626368467940985,1058400,0.0
BIL.US,道富SPDR彭博1-3个月美国国债ETF,1598500800000,2020-08-27,2020-08-27 00:00:00,49.626368467940985,49.63179033710606,49.626368467940985,49.626368467940985,1314500,0.0
BIL.US,道富SPDR彭博1-3个月美国国债ETF,1598587200000,2020-08-28,2020-08-28 00:00:00,49.626368467940985,49.63179033710606,49.626368467940985,49.63179033710606,1023000,0.0
BIL.US,道富SPDR彭博1-3个月美国国债ETF,1598846400000,2020-08-31,2020-08-31 00:00:00,49.626368467940985,49.63179033710606,49.626368467940985,49.63179033710606,1467200,0.0
BIL.US,道富SPDR彭博1-3个月美国国债ETF,1598932800000,2020-09-01,2020-09-01 00:00:00,49.63179033710606,49.63179033710606,49.6209465987759,49.63179033710606,1091500,0.0
BIL.US,道富SPDR彭博1-3个月美国国债ETF,1599019200000,2020-09-02,2020-09-02 00:00:00,49.63179033710606,49.63179033710606,49.626368467940985,49.63179033710606,1550000,0.0
BIL.US,道富SPDR彭博1-3个月美国国债ETF,1599105600000,2020-09-03,2020-09-03 00:00:00,49.63179033710606,49.63179033710606,49.626368467940985,49.626368467940985,1942600,0.0
BIL.US,道富SPDR彭博1-3个月美国国债ETF,1599192000000,2020-09-04,2020-09-04 00:00:00,49.626368467940985,49.63179033710606,49.626368467940985,49.63179033710606,1946100,0.0
BIL.US,道富SPDR彭博1-3个月美国国债ETF,1599537600000,2020-09-08,2020-09-08 00:00:00,49.626368467940985,49.63179033710606,49.6209465987759,49.63179033710606,3647900,0.0
BIL.US,道富SPDR彭博1-3个月美国国债ETF,1599624000000,2020-09-09,2020-09-09 00:00:00,49.63179033710606,49.63179033710606,49.626368467940985,49.626368467940985,2260900,0.0
BIL.US,道富SPDR彭博1-3个月美国国债ETF,1599710400000,2020-09-10,2020-09-10 00:00:00,49.626368467940985,49.63179033710606,49.626368467940985,49.626368467940985,1667000,0.0
BIL.US,道富SPDR彭博1-3个月美国国债ETF,1599796800000,2020-09-11,2020-09-11 00:00:00,49.63179033710606,49.63179033710606,49.6209465987759,49.6209465987759,1213400,0.0
BIL.US,道富SPDR彭博1-3个月美国国债ETF,1600056000000,2020-09-14,2020-09-14 00:00:00,49.626368467940985,49.63179033710606,49.6209465987759,49.63179033710606,2103900,0.0
BIL.US,道富SPDR彭博1-3个月美国国债ETF,1600142400000,2020-09-15,2020-09-15 00:00:00,49.626368467940985,49.626368467940985,49.6209465987759,49.6209465987759,1512900,0.0
BIL.US,道富SPDR彭博1-3个月美国国债ETF,1600228800000,2020-09-16,2020-09-16 00:00:00,49.6209465987759,49.63179033710606,49.6209465987759,49.63179033710606,1248300,0.0
BIL.US,道富SPDR彭博1-3个月美国国债ETF,1600315200000,2020-09-17,2020-09-17 00:00:00,49.626368467940985,49.63179033710606,49.6209465987759,49.63179033710606,2402500,0.0
BIL.US,道富SPDR彭博1-3个月美国国债ETF,1600401600000,2020-09-18,2020-09-18 00:00:00,49.626368467940985,49.63179033710606,49.6209465987759,49.6209465987759,841400,0.0
BIL.US,道富SPDR彭博1-3个月美国国债ETF,1600660800000,2020-09-21,2020-09-21 00:00:00,49.6209465987759,49.63179033710606,49.6209465987759,49.6209465987759,1605700,0.0
BIL.US,道富SPDR彭博1-3个月美国国债ETF,1600747200000,2020-09-22,2020-09-22 00:00:00,49.63179033710606,49.63179033710606,49.6209465987759,49.6209465987759,1571600,0.0
BIL.US,道富SPDR彭博1-3个月美国国债ETF,1600833600000,2020-09-23,2020-09-23 00:00:00,49.626368467940985,49.63179033710606,49.6209465987759,49.6209465987759,2503300,0.0
BIL.US,道富SPDR彭博1-3个月美国国债ETF,1600920000000,2020-09-24,2020-09-24 00:00:00,49.626368467940985,49.63179033710606,49.626368467940985,49.626368467940985,2325600,0.0
BIL.US,道富SPDR彭博1-3个月美国国债ETF,1601006400000,2020-09-25,2020-09-25 00:00:00,49.626368467940985,49.63179033710606,49.6209465987759,49.6209465987759,1971200,0.0
BIL.US,道富SPDR彭博1-3个月美国国债ETF,1601265600000,2020-09-28,2020-09-28 00:00:00,49.626368467940985,49.63179033710606,49.6209465987759,49.626368467940985,4095200,0.0
BIL.US,道富SPDR彭博1-3个月美国国债ETF,1601352000000,2020-09-29,2020-09-29 00:00:00,49.6209465987759,49.626368467940985,49.6209465987759,49.626368467940985,2004100,0.0
BIL.US,道富SPDR彭博1-3个月美国国债ETF,1601438400000,2020-09-30,2020-09-30 00:00:00,49.626368467940985,49.626368467940985,49.6209465987759,49.6209465987759,2507800,0.0
BIL.US,道富SPDR彭博1-3个月美国国债ETF,1601524800000,2020-10-01,2020-10-01 00:00:00,49.6209465987759,49.63179033710606,49.61552472961083,49.6209465987759,1030700,0.0
BIL.US,道富SPDR彭博1-3个月美国国债ETF,1601611200000,2020-10-02,2020-10-02 00:00:00,49.626368467940985,49.626368467940985,49.6209465987759,49.6209465987759,2053700,0.0
BIL.US,道富SPDR彭博1-3个月美国国债ETF,1601870400000,2020-10-05,2020-10-05 00:00:00,49.626368467940985,49.626368467940985,49.6209465987759,49.6209465987759,1286100,0.0
BIL.US,道富SPDR彭博1-3个月美国国债ETF,1601956800000,2020-10-06,2020-10-06 00:00:00,49.6209465987759,49.626368467940985,49.6209465987759,49.626368467940985,2457600,0.0
BIL.US,道富SPDR彭博1-3个月美国国债ETF,1602043200000,2020-10-07,2020-10-07 00:00:00,49.6209465987759,49.626368467940985,49.6209465987759,49.6209465987759,945100,0.0
BIL.US,道富SPDR彭博1-3个月美国国债ETF,1602129600000,2020-10-08,2020-10-08 00:00:00,49.6209465987759,49.626368467940985,49.6209465987759,49.6209465987759,832100,0.0
BIL.US,道富SPDR彭博1-3个月美国国债ETF,1602216000000,2020-10-09,2020-10-09 00:00:00,49.6209465987759,49.626368467940985,49.6209465987759,49.6209465987759,965400,0.0
BIL.US,道富SPDR彭博1-3个月美国国债ETF,1602475200000,2020-10-12,2020-10-12 00:00:00,49.6209465987759,49.626368467940985,49.6209465987759,49.626368467940985,2242500,0.0
BIL.US,道富SPDR彭博1-3个月美国国债ETF,1602561600000,2020-10-13,2020-10-13 00:00:00,49.626368467940985,49.626368467940985,49.6209465987759,49.6209465987759,1903900,0.0
BIL.US,道富SPDR彭博1-3个月美国国债ETF,1602648000000,2020-10-14,2020-10-14 00:00:00,49.6209465987759,49.626368467940985,49.6209465987759,49.6209465987759,1505200,0.0
BIL.US,道富SPDR彭博1-3个月美国国债ETF,1602734400000,2020-10-15,2020-10-15 00:00:00,49.626368467940985,49.626368467940985,49.6209465987759,49.6209465987759,1188800,0.0
BIL.US,道富SPDR彭博1-3个月美国国债ETF,1602820800000,2020-10-16,2020-10-16 00:00:00,49.626368467940985,49.626368467940985,49.6209465987759,49.626368467940985,1251400,0.0
BIL.US,道富SPDR彭博1-3个月美国国债ETF,1603080000000,2020-10-19,2020-10-19 00:00:00,49.626368467940985,49.626368467940985,49.6209465987759,49.626368467940985,788900,0.0
BIL.US,道富SPDR彭博1-3个月美国国债ETF,1603166400000,2020-10-20,2020-10-20 00:00:00,49.6209465987759,49.626368467940985,49.6209465987759,49.6209465987759,1401400,0.0
BIL.US,道富SPDR彭博1-3个月美国国债ETF,1603252800000,2020-10-21,2020-10-21 00:00:00,49.6209465987759,49.626368467940985,49.6209465987759,49.6209465987759,1065100,0.0
BIL.US,道富SPDR彭博1-3个月美国国债ETF,1603339200000,2020-10-22,2020-10-22 00:00:00,49.6209465987759,49.626368467940985,49.6209465987759,49.626368467940985,926900,0.0
BIL.US,道富SPDR彭博1-3个月美国国债ETF,1603425600000,2020-10-23,2020-10-23 00:00:00,49.626368467940985,49.626368467940985,49.6209465987759,49.626368467940985,995700,0.0
BIL.US,道富SPDR彭博1-3个月美国国债ETF,1603684800000,2020-10-26,2020-10-26 00:00:00,49.6209465987759,49.626368467940985,49.6209465987759,49.626368467940985,3162400,0.0
BIL.US,道富SPDR彭博1-3个月美国国债ETF,1603771200000,2020-10-27,2020-10-27 00:00:00,49.6209465987759,49.626368467940985,49.6209465987759,49.6209465987759,1034700,0.0
BIL.US,道富SPDR彭博1-3个月美国国债ETF,1603857600000,2020-10-28,2020-10-28 00:00:00,49.626368467940985,49.626368467940985,49.6209465987759,49.6209465987759,2147600,0.0
BIL.US,道富SPDR彭博1-3个月美国国债ETF,1603944000000,2020-10-29,2020-10-29 00:00:00,49.6209465987759,49.626368467940985,49.6209465987759,49.626368467940985,2664200,0.0
BIL.US,道富SPDR彭博1-3个月美国国债ETF,1604030400000,2020-10-30,2020-10-30 00:00:00,49.626368467940985,49.626368467940985,49.6209465987759,49.626368467940985,2486300,0.0
BIL.US,道富SPDR彭博1-3个月美国国债ETF,1604293200000,2020-11-02,2020-11-02 00:00:00,49.6209465987759,49.626368467940985,49.6209465987759,49.626368467940985,1380500,0.0
BIL.US,道富SPDR彭博1-3个月美国国债ETF,1604379600000,2020-11-03,2020-11-03 00:00:00,49.6209465987759,49.626368467940985,49.6209465987759,49.626368467940985,920100,0.0
BIL.US,道富SPDR彭博1-3个月美国国债ETF,1604466000000,2020-11-04,2020-11-04 00:00:00,49.626368467940985,49.626368467940985,49.6209465987759,49.6209465987759,2331100,0.0
BIL.US,道富SPDR彭博1-3个月美国国债ETF,1604552400000,2020-11-05,2020-11-05 00:00:00,49.6209465987759,49.626368467940985,49.6209465987759,49.626368467940985,2171400,0.0
BIL.US,道富SPDR彭博1-3个月美国国债ETF,1604638800000,2020-11-06,2020-11-06 00:00:00,49.626368467940985,49.626368467940985,49.6209465987759,49.6209465987759,1638900,0.0
BIL.US,道富SPDR彭博1-3个月美国国债ETF,1604898000000,2020-11-09,2020-11-09 00:00:00,49.626368467940985,49.626368467940985,49.6209465987759,49.626368467940985,3195700,0.0
BIL.US,道富SPDR彭博1-3个月美国国债ETF,1604984400000,2020-11-10,2020-11-10 00:00:00,49.6209465987759,49.626368467940985,49.6209465987759,49.6209465987759,2775700,0.0
BIL.US,道富SPDR彭博1-3个月美国国债ETF,1605070800000,2020-11-11,2020-11-11 00:00:00,49.6209465987759,49.626368467940985,49.6209465987759,49.6209465987759,960500,0.0
BIL.US,道富SPDR彭博1-3个月美国国债ETF,1605157200000,2020-11-12,2020-11-12 00:00:00,49.626368467940985,49.626368467940985,49.6209465987759,49.6209465987759,1124800,0.0
BIL.US,道富SPDR彭博1-3个月美国国债ETF,1605243600000,2020-11-13,2020-11-13 00:00:00,49.6209465987759,49.626368467940985,49.6209465987759,49.626368467940985,1039100,0.0
BIL.US,道富SPDR彭博1-3个月美国国债ETF,1605502800000,2020-11-16,2020-11-16 00:00:00,49.6209465987759,49.626368467940985,49.6209465987759,49.626368467940985,1092400,0.0
BIL.US,道富SPDR彭博1-3个月美国国债ETF,1605589200000,2020-11-17,2020-11-17 00:00:00,49.6209465987759,49.626368467940985,49.6209465987759,49.626368467940985,1679100,0.0
BIL.US,道富SPDR彭博1-3个月美国国债ETF,1605675600000,2020-11-18,2020-11-18 00:00:00,49.626368467940985,49.626368467940985,49.6209465987759,49.626368467940985,2600200,0.0
BIL.US,道富SPDR彭博1-3个月美国国债ETF,1605762000000,2020-11-19,2020-11-19 00:00:00,49.626368467940985,49.626368467940985,49.6209465987759,49.626368467940985,1110400,0.0
BIL.US,道富SPDR彭博1-3个月美国国债ETF,1605848400000,2020-11-20,2020-11-20 00:00:00,49.6209465987759,49.626368467940985,49.6209465987759,49.626368467940985,896200,0.0
BIL.US,道富SPDR彭博1-3个月美国国债ETF,1606107600000,2020-11-23,2020-11-23 00:00:00,49.626368467940985,49.626368467940985,49.6209465987759,49.626368467940985,1082400,0.0
BIL.US,道富SPDR彭博1-3个月美国国债ETF,1606194000000,2020-11-24,2020-11-24 00:00:00,49.6209465987759,49.626368467940985,49.6209465987759,49.626368467940985,2147000,0.0
BIL.US,道富SPDR彭博1-3个月美国国债ETF,1606280400000,2020-11-25,2020-11-25 00:00:00,49.6209465987759,49.626368467940985,49.6209465987759,49.6209465987759,991600,0.0
BIL.US,道富SPDR彭博1-3个月美国国债ETF,1606453200000,2020-11-27,2020-11-27 00:00:00,49.6209465987759,49.626368467940985,49.6209465987759,49.626368467940985,525100,0.0
BIL.US,道富SPDR彭博1-3个月美国国债ETF,1606712400000,2020-11-30,2020-11-30 00:00:00,49.6209465987759,49.626368467940985,49.6209465987759,49.6209465987759,1224500,0.0
BIL.US,道富SPDR彭博1-3个月美国国债ETF,1606798800000,2020-12-01,2020-12-01 00:00:00,49.61552472961083,49.626368467940985,49.61552472961083,49.61552472961083,2887900,0.0
BIL.US,道富SPDR彭博1-3个月美国国债ETF,1606885200000,2020-12-02,2020-12-02 00:00:00,49.61552472961083,49.626368467940985,49.61552472961083,49.6209465987759,3397400,0.0
BIL.US,道富SPDR彭博1-3个月美国国债ETF,1606971600000,2020-12-03,2020-12-03 00:00:00,49.6209465987759,49.626368467940985,49.6209465987759,49.6209465987759,1342700,0.0
BIL.US,道富SPDR彭博1-3个月美国国债ETF,1607058000000,2020-12-04,2020-12-04 00:00:00,49.6209465987759,49.626368467940985,49.6209465987759,49.626368467940985,1283000,0.0
BIL.US,道富SPDR彭博1-3个月美国国债ETF,1607317200000,2020-12-07,2020-12-07 00:00:00,49.6209465987759,49.626368467940985,49.61552472961083,49.61552472961083,1714900,0.0
BIL.US,道富SPDR彭博1-3个月美国国债ETF,1607403600000,2020-12-08,2020-12-08 00:00:00,49.61552472961083,49.626368467940985,49.61552472961083,49.61552472961083,2136200,0.0
BIL.US,道富SPDR彭博1-3个月美国国债ETF,1607490000000,2020-12-09,2020-12-09 00:00:00,49.6209465987759,49.6209465987759,49.61552472961083,49.61552472961083,2411300,0.0
BIL.US,道富SPDR彭博1-3个月美国国债ETF,1607576400000,2020-12-10,2020-12-10 00:00:00,49.6209465987759,49.6209465987759,49.61552472961083,49.61552472961083,802800,0.0
BIL.US,道富SPDR彭博1-3个月美国国债ETF,1607662800000,2020-12-11,2020-12-11 00:00:00,49.61552472961083,49.6209465987759,49.61552472961083,49.6209465987759,807400,0.0
BIL.US,道富SPDR彭博1-3个月美国国债ETF,1607922000000,2020-12-14,2020-12-14 00:00:00,49.61552472961083,49.6209465987759,49.61552472961083,49.61552472961083,1270300,0.0
BIL.US,道富SPDR彭博1-3个月美国国债ETF,1608008400000,2020-12-15,2020-12-15 00:00:00,49.61552472961083,49.6209465987759,49.61552472961083,49.61552472961083,1235300,0.0
BIL.US,道富SPDR彭博1-3个月美国国债ETF,1608094800000,2020-12-16,2020-12-16 00:00:00,49.61552472961083,49.6209465987759,49.61552472961083,49.6209465987759,1036600,0.0
BIL.US,道富SPDR彭博1-3个月美国国债ETF,1608181200000,2020-12-17,2020-12-17 00:00:00,49.61552472961083,49.6209465987759,49.61552472961083,49.6209465987759,1051500,0.0
BIL.US,道富SPDR彭博1-3个月美国国债ETF,1608267600000,2020-12-18,2020-12-18 00:00:00,49.6209465987759,49.6209465987759,49.61552472961083,49.6209465987759,1041400,0.0
BIL.US,道富SPDR彭博1-3个月美国国债ETF,1608526800000,2020-12-21,2020-12-21 00:00:00,49.61552472961083,49.6209465987759,49.61552472961083,49.6209465987759,1352900,0.0
BIL.US,道富SPDR彭博1-3个月美国国债ETF,1608613200000,2020-12-22,2020-12-22 00:00:00,49.6209465987759,49.6209465987759,49.61552472961083,49.6209465987759,1140800,0.0
BIL.US,道富SPDR彭博1-3个月美国国债ETF,1608699600000,2020-12-23,2020-12-23 00:00:00,49.61552472961083,49.6209465987759,49.61552472961083,49.61552472961083,1066100,0.0
BIL.US,道富SPDR彭博1-3个月美国国债ETF,1608786000000,2020-12-24,2020-12-24 00:00:00,49.6209465987759,49.6209465987759,49.61552472961083,49.6209465987759,580500,0.0
BIL.US,道富SPDR彭博1-3个月美国国债ETF,1609131600000,2020-12-28,2020-12-28 00:00:00,49.61552472961083,49.6209465987759,49.61552472961083,49.6209465987759,794600,0.0
BIL.US,道富SPDR彭博1-3个月美国国债ETF,1609218000000,2020-12-29,2020-12-29 00:00:00,49.6209465987759,49.6209465987759,49.61552472961083,49.6209465987759,1590400,0.0
BIL.US,道富SPDR彭博1-3个月美国国债ETF,1609304400000,2020-12-30,2020-12-30 00:00:00,49.61552472961083,49.6209465987759,49.61552472961083,49.61552472961083,1219400,0.0
BIL.US,道富SPDR彭博1-3个月美国国债ETF,1609390800000,2020-12-31,2020-12-31 00:00:00,49.61552472961083,49.6209465987759,49.61552472961083,49.6209465987759,1343900,0.0
BIL.US,道富SPDR彭博1-3个月美国国债ETF,1609736400000,2021-01-04,2021-01-04 00:00:00,49.6209465987759,49.6209465987759,49.61552472961083,49.6209465987759,1588000,0.0
BIL.US,道富SPDR彭博1-3个月美国国债ETF,1609822800000,2021-01-05,2021-01-05 00:00:00,49.61552472961083,49.6209465987759,49.61552472961083,49.61552472961083,940300,0.0
BIL.US,道富SPDR彭博1-3个月美国国债ETF,1609909200000,2021-01-06,2021-01-06 00:00:00,49.61552472961083,49.6209465987759,49.61552472961083,49.6209465987759,1710800,0.0
BIL.US,道富SPDR彭博1-3个月美国国债ETF,1609995600000,2021-01-07,2021-01-07 00:00:00,49.61552472961083,49.6209465987759,49.61552472961083,49.6209465987759,1249400,0.0
BIL.US,道富SPDR彭博1-3个月美国国债ETF,1610082000000,2021-01-08,2021-01-08 00:00:00,49.61552472961083,49.6209465987759,49.61552472961083,49.61552472961083,1767600,0.0
BIL.US,道富SPDR彭博1-3个月美国国债ETF,1610341200000,2021-01-11,2021-01-11 00:00:00,49.61552472961083,49.6209465987759,49.61552472961083,49.6209465987759,1128800,0.0
BIL.US,道富SPDR彭博1-3个月美国国债ETF,1610427600000,2021-01-12,2021-01-12 00:00:00,49.6209465987759,49.6209465987759,49.61552472961083,49.61552472961083,6770200,0.0
BIL.US,道富SPDR彭博1-3个月美国国债ETF,1610514000000,2021-01-13,2021-01-13 00:00:00,49.61552472961083,49.6209465987759,49.61552472961083,49.61552472961083,3257300,0.0
BIL.US,道富SPDR彭博1-3个月美国国债ETF,1610600400000,2021-01-14,2021-01-14 00:00:00,49.61552472961083,49.6209465987759,49.61552472961083,49.6209465987759,2009300,0.0
BIL.US,道富SPDR彭博1-3个月美国国债ETF,1610686800000,2021-01-15,2021-01-15 00:00:00,49.61552472961083,49.6209465987759,49.61552472961083,49.6209465987759,2250400,0.0
BIL.US,道富SPDR彭博1-3个月美国国债ETF,1611032400000,2021-01-19,2021-01-19 00:00:00,49.61552472961083,49.6209465987759,49.61552472961083,49.6209465987759,1974300,0.0
BIL.US,道富SPDR彭博1-3个月美国国债ETF,1611118800000,2021-01-20,2021-01-20 00:00:00,49.61552472961083,49.6209465987759,49.61552472961083,49.6209465987759,641900,0.0
BIL.US,道富SPDR彭博1-3个月美国国债ETF,1611205200000,2021-01-21,2021-01-21 00:00:00,49.61552472961083,49.6209465987759,49.61552472961083,49.6209465987759,867000,0.0
BIL.US,道富SPDR彭博1-3个月美国国债ETF,1611291600000,2021-01-22,2021-01-22 00:00:00,49.61552472961083,49.6209465987759,49.61552472961083,49.61552472961083,780900,0.0
BIL.US,道富SPDR彭博1-3个月美国国债ETF,1611550800000,2021-01-25,2021-01-25 00:00:00,49.61552472961083,49.6209465987759,49.61552472961083,49.6209465987759,921400,0.0
BIL.US,道富SPDR彭博1-3个月美国国债ETF,1611637200000,2021-01-26,2021-01-26 00:00:00,49.61552472961083,49.6209465987759,49.61552472961083,49.61552472961083,1878400,0.0
BIL.US,道富SPDR彭博1-3个月美国国债ETF,1611723600000,2021-01-27,2021-01-27 00:00:00,49.6209465987759,49.6209465987759,49.61552472961083,49.61552472961083,1615100,0.0
BIL.US,道富SPDR彭博1-3个月美国国债ETF,1611810000000,2021-01-28,2021-01-28 00:00:00,49.61552472961083,49.6209465987759,49.61552472961083,49.6209465987759,1965600,0.0
BIL.US,道富SPDR彭博1-3个月美国国债ETF,1611896400000,2021-01-29,2021-01-29 00:00:00,49.61552472961083,49.6209465987759,49.61552472961083,49.6209465987759,3702300,0.0
BIL.US,道富SPDR彭博1-3个月美国国债ETF,1612155600000,2021-02-01,2021-02-01 00:00:00,49.6209465987759,49.626368467940985,49.61552472961083,49.6209465987759,1563000,0.0
BIL.US,道富SPDR彭博1-3个月美国国债ETF,1612242000000,2021-02-02,2021-02-02 00:00:00,49.61552472961083,49.6209465987759,49.61552472961083,49.61552472961083,1099500,0.0
BIL.US,道富SPDR彭博1-3个月美国国债ETF,1612328400000,2021-02-03,2021-02-03 00:00:00,49.6209465987759,49.6209465987759,49.61552472961083,49.61552472961083,1207900,0.0
BIL.US,道富SPDR彭博1-3个月美国国债ETF,1612414800000,2021-02-04,2021-02-04 00:00:00,49.61552472961083,49.6209465987759,49.61552472961083,49.6209465987759,944000,0.0
BIL.US,道富SPDR彭博1-3个月美国国债ETF,1612501200000,2021-02-05,2021-02-05 00:00:00,49.6209465987759,49.6209465987759,49.61552472961083,49.6209465987759,726400,0.0
BIL.US,道富SPDR彭博1-3个月美国国债ETF,1612760400000,2021-02-08,2021-02-08 00:00:00,49.61552472961083,49.6209465987759,49.61552472961083,49.6209465987759,1505100,0.0
BIL.US,道富SPDR彭博1-3个月美国国债ETF,1612846800000,2021-02-09,2021-02-09 00:00:00,49.61552472961083,49.6209465987759,49.61552472961083,49.6209465987759,1270000,0.0
BIL.US,道富SPDR彭博1-3个月美国国债ETF,1612933200000,2021-02-10,2021-02-10 00:00:00,49.6209465987759,49.6209465987759,49.61552472961083,49.61552472961083,1424400,0.0
BIL.US,道富SPDR彭博1-3个月美国国债ETF,1613019600000,2021-02-11,2021-02-11 00:00:00,49.61552472961083,49.6209465987759,49.61552472961083,49.6209465987759,696900,0.0
BIL.US,道富SPDR彭博1-3个月美国国债ETF,1613106000000,2021-02-12,2021-02-12 00:00:00,49.61552472961083,49.6209465987759,49.61552472961083,49.61552472961083,900900,0.0
BIL.US,道富SPDR彭博1-3个月美国国债ETF,1613451600000,2021-02-16,2021-02-16 00:00:00,49.61552472961083,49.6209465987759,49.61552472961083,49.6209465987759,1026200,0.0
BIL.US,道富SPDR彭博1-3个月美国国债ETF,1613538000000,2021-02-17,2021-02-17 00:00:00,49.61552472961083,49.6209465987759,49.61552472961083,49.6209465987759,781400,0.0
BIL.US,道富SPDR彭博1-3个月美国国债ETF,1613624400000,2021-02-18,2021-02-18 00:00:00,49.61552472961083,49.6209465987759,49.61552472961083,49.61552472961083,1406500,0.0
BIL.US,道富SPDR彭博1-3个月美国国债ETF,1613710800000,2021-02-19,2021-02-19 00:00:00,49.61552472961083,49.6209465987759,49.61552472961083,49.6209465987759,805200,0.0
BIL.US,道富SPDR彭博1-3个月美国国债ETF,1613970000000,2021-02-22,2021-02-22 00:00:00,49.61552472961083,49.6209465987759,49.61552472961083,49.61552472961083,1284500,0.0
BIL.US,道富SPDR彭博1-3个月美国国债ETF,1614056400000,2021-02-23,2021-02-23 00:00:00,49.61552472961083,49.6209465987759,49.61552472961083,49.61552472961083,1169800,0.0
BIL.US,道富SPDR彭博1-3个月美国国债ETF,1614142800000,2021-02-24,2021-02-24 00:00:00,49.61552472961083,49.61552472961083,49.61010286044576,49.61010286044576,861500,0.0
BIL.US,道富SPDR彭博1-3个月美国国债ETF,1614229200000,2021-02-25,2021-02-25 00:00:00,49.61010286044576,49.61552472961083,49.61010286044576,49.61552472961083,1371000,0.0
BIL.US,道富SPDR彭博1-3个月美国国债ETF,1614315600000,2021-02-26,2021-02-26 00:00:00,49.61552472961083,49.61552472961083,49.61010286044576,49.61552472961083,1971100,0.0
BIL.US,道富SPDR彭博1-3个月美国国债ETF,1614574800000,2021-03-01,2021-03-01 00:00:00,49.61552472961083,49.61552472961083,49.61010286044576,49.61010286044576,1287100,0.0
BIL.US,道富SPDR彭博1-3个月美国国债ETF,1614661200000,2021-03-02,2021-03-02 00:00:00,49.61552472961083,49.61552472961083,49.61010286044576,49.61010286044576,1588400,0.0
BIL.US,道富SPDR彭博1-3个月美国国债ETF,1614747600000,2021-03-03,2021-03-03 00:00:00,49.61010286044576,49.61552472961083,49.61010286044576,49.61552472961083,1801400,0.0
BIL.US,道富SPDR彭博1-3个月美国国债ETF,1614834000000,2021-03-04,2021-03-04 00:00:00,49.61552472961083,49.61552472961083,49.61010286044576,49.61552472961083,1452400,0.0
BIL.US,道富SPDR彭博1-3个月美国国债ETF,1614920400000,2021-03-05,2021-03-05 00:00:00,49.61010286044576,49.61552472961083,49.61010286044576,49.61552472961083,1249000,0.0
BIL.US,道富SPDR彭博1-3个月美国国债ETF,1615179600000,2021-03-08,2021-03-08 00:00:00,49.61010286044576,49.61552472961083,49.61010286044576,49.61010286044576,1075500,0.0
BIL.US,道富SPDR彭博1-3个月美国国债ETF,1615266000000,2021-03-09,2021-03-09 00:00:00,49.61010286044576,49.61552472961083,49.61010286044576,49.61010286044576,1518600,0.0
BIL.US,道富SPDR彭博1-3个月美国国债ETF,1615352400000,2021-03-10,2021-03-10 00:00:00,49.61010286044576,49.61552472961083,49.61010286044576,49.61010286044576,1100600,0.0
BIL.US,道富SPDR彭博1-3个月美国国债ETF,1615438800000,2021-03-11,2021-03-11 00:00:00,49.61010286044576,49.61552472961083,49.61010286044576,49.61552472961083,659400,0.0
BIL.US,道富SPDR彭博1-3个月美国国债ETF,1615525200000,2021-03-12,2021-03-12 00:00:00,49.61010286044576,49.61552472961083,49.61010286044576,49.61010286044576,737700,0.0
BIL.US,道富SPDR彭博1-3个月美国国债ETF,1615780800000,2021-03-15,2021-03-15 00:00:00,49.61010286044576,49.61552472961083,49.61010286044576,49.61010286044576,976300,0.0
BIL.US,道富SPDR彭博1-3个月美国国债ETF,1615867200000,2021-03-16,2021-03-16 00:00:00,49.61010286044576,49.61552472961083,49.61010286044576,49.61010286044576,1145000,0.0
BIL.US,道富SPDR彭博1-3个月美国国债ETF,1615953600000,2021-03-17,2021-03-17 00:00:00,49.61010286044576,49.61552472961083,49.61010286044576,49.61552472961083,1021500,0.0
BIL.US,道富SPDR彭博1-3个月美国国债ETF,1616040000000,2021-03-18,2021-03-18 00:00:00,49.61010286044576,49.61552472961083,49.61010286044576,49.61010286044576,955600,0.0
BIL.US,道富SPDR彭博1-3个月美国国债ETF,1616126400000,2021-03-19,2021-03-19 00:00:00,49.61552472961083,49.61552472961083,49.61010286044576,49.61010286044576,704300,0.0
BIL.US,道富SPDR彭博1-3个月美国国债ETF,1616385600000,2021-03-22,2021-03-22 00:00:00,49.61010286044576,49.61552472961083,49.61010286044576,49.61010286044576,676600,0.0
BIL.US,道富SPDR彭博1-3个月美国国债ETF,1616472000000,2021-03-23,2021-03-23 00:00:00,49.61552472961083,49.61552472961083,49.61010286044576,49.61552472961083,1691300,0.0
BIL.US,道富SPDR彭博1-3个月美国国债ETF,1616558400000,2021-03-24,2021-03-24 00:00:00,49.61010286044576,49.61552472961083,49.61010286044576,49.61010286044576,510200,0.0
BIL.US,道富SPDR彭博1-3个月美国国债ETF,1616644800000,2021-03-25,2021-03-25 00:00:00,49.61010286044576,49.61552472961083,49.61010286044576,49.61010286044576,1224000,0.0
BIL.US,道富SPDR彭博1-3个月美国国债ETF,1616731200000,2021-03-26,2021-03-26 00:00:00,49.61010286044576,49.61552472961083,49.61010286044576,49.61010286044576,797900,0.0
BIL.US,道富SPDR彭博1-3个月美国国债ETF,1616990400000,2021-03-29,2021-03-29 00:00:00,49.61010286044576,49.61552472961083,49.61010286044576,49.61010286044576,925500,0.0
BIL.US,道富SPDR彭博1-3个月美国国债ETF,1617076800000,2021-03-30,2021-03-30 00:00:00,49.61010286044576,49.61552472961083,49.61010286044576,49.61552472961083,606500,0.0
BIL.US,道富SPDR彭博1-3个月美国国债ETF,1617163200000,2021-03-31,2021-03-31 00:00:00,49.61010286044576,49.61552472961083,49.61010286044576,49.61010286044576,882400,0.0
BIL.US,道富SPDR彭博1-3个月美国国债ETF,1617249600000,2021-04-01,2021-04-01 00:00:00,49.61552472961083,49.61552472961083,49.604680991280674,49.61552472961083,2289200,0.0
BIL.US,道富SPDR彭博1-3个月美国国债ETF,1617595200000,2021-04-05,2021-04-05 00:00:00,49.61010286044576,49.61010286044576,49.604680991280674,49.61010286044576,1014800,0.0
BIL.US,道富SPDR彭博1-3个月美国国债ETF,1617681600000,2021-04-06,2021-04-06 00:00:00,49.604680991280674,49.61010286044576,49.604680991280674,49.604680991280674,672100,0.0
BIL.US,道富SPDR彭博1-3个月美国国债ETF,1617768000000,2021-04-07,2021-04-07 00:00:00,49.61010286044576,49.61010286044576,49.604680991280674,49.604680991280674,1039700,0.0
BIL.US,道富SPDR彭博1-3个月美国国债ETF,1617854400000,2021-04-08,2021-04-08 00:00:00,49.604680991280674,49.61010286044576,49.604680991280674,49.61010286044576,2910500,0.0
BIL.US,道富SPDR彭博1-3个月美国国债ETF,1617940800000,2021-04-09,2021-04-09 00:00:00,49.604680991280674,49.61010286044576,49.604680991280674,49.604680991280674,735800,0.0
BIL.US,道富SPDR彭博1-3个月美国国债ETF,1618200000000,2021-04-12,2021-04-12 00:00:00,49.604680991280674,49.61010286044576,49.604680991280674,49.604680991280674,866900,0.0
BIL.US,道富SPDR彭博1-3个月美国国债ETF,1618286400000,2021-04-13,2021-04-13 00:00:00,49.61010286044576,49.61010286044576,49.604680991280674,49.604680991280674,2840800,0.0
BIL.US,道富SPDR彭博1-3个月美国国债ETF,1618372800000,2021-04-14,2021-04-14 00:00:00,49.604680991280674,49.61010286044576,49.604680991280674,49.604680991280674,645200,0.0
BIL.US,道富SPDR彭博1-3个月美国国债ETF,1618459200000,2021-04-15,2021-04-15 00:00:00,49.61010286044576,49.61010286044576,49.604680991280674,49.61010286044576,794100,0.0
BIL.US,道富SPDR彭博1-3个月美国国债ETF,1618545600000,2021-04-16,2021-04-16 00:00:00,49.604680991280674,49.61010286044576,49.604680991280674,49.61010286044576,2055200,0.0
BIL.US,道富SPDR彭博1-3个月美国国债ETF,1618804800000,2021-04-19,2021-04-19 00:00:00,49.604680991280674,49.61010286044576,49.604680991280674,49.604680991280674,754300,0.0
BIL.US,道富SPDR彭博1-3个月美国国债ETF,1618891200000,2021-04-20,2021-04-20 00:00:00,49.604680991280674,49.61010286044576,49.604680991280674,49.604680991280674,1548600,0.0
BIL.US,道富SPDR彭博1-3个月美国国债ETF,1618977600000,2021-04-21,2021-04-21 00:00:00,49.604680991280674,49.61010286044576,49.604680991280674,49.604680991280674,980000,0.0
BIL.US,道富SPDR彭博1-3个月美国国债ETF,1619064000000,2021-04-22,2021-04-22 00:00:00,49.604680991280674,49.61010286044576,49.604680991280674,49.61010286044576,1226600,0.0
BIL.US,道富SPDR彭博1-3个月美国国债ETF,1619150400000,2021-04-23,2021-04-23 00:00:00,49.61010286044576,49.61010286044576,49.604680991280674,49.61010286044576,495500,0.0
BIL.US,道富SPDR彭博1-3个月美国国债ETF,1619409600000,2021-04-26,2021-04-26 00:00:00,49.604680991280674,49.61010286044576,49.604680991280674,49.604680991280674,1061300,0.0
BIL.US,道富SPDR彭博1-3个月美国国债ETF,1619496000000,2021-04-27,2021-04-27 00:00:00,49.604680991280674,49.61010286044576,49.604680991280674,49.61010286044576,787900,0.0
BIL.US,道富SPDR彭博1-3个月美国国债ETF,1619582400000,2021-04-28,2021-04-28 00:00:00,49.604680991280674,49.61010286044576,49.604680991280674,49.604680991280674,999200,0.0
BIL.US,道富SPDR彭博1-3个月美国国债ETF,1619668800000,2021-04-29,2021-04-29 00:00:00,49.604680991280674,49.61010286044576,49.604680991280674,49.604680991280674,899800,0.0
BIL.US,道富SPDR彭博1-3个月美国国债ETF,1619755200000,2021-04-30,2021-04-30 00:00:00,49.604680991280674,49.61010286044576,49.604680991280674,49.61010286044576,1064300,0.0
BIL.US,道富SPDR彭博1-3个月美国国债ETF,1620014400000,2021-05-03,2021-05-03 00:00:00,49.604680991280674,49.61010286044576,49.604680991280674,49.61010286044576,1169100,0.0
BIL.US,道富SPDR彭博1-3个月美国国债ETF,1620100800000,2021-05-04,2021-05-04 00:00:00,49.604680991280674,49.61010286044576,49.604680991280674,49.604680991280674,2178200,0.0
BIL.US,道富SPDR彭博1-3个月美国国债ETF,1620187200000,2021-05-05,2021-05-05 00:00:00,49.604680991280674,49.61010286044576,49.604680991280674,49.61010286044576,553500,0.0
BIL.US,道富SPDR彭博1-3个月美国国债ETF,1620273600000,2021-05-06,2021-05-06 00:00:00,49.604680991280674,49.61010286044576,49.604680991280674,49.61010286044576,1066600,0.0
BIL.US,道富SPDR彭博1-3个月美国国债ETF,1620360000000,2021-05-07,2021-05-07 00:00:00,49.599259122115605,49.604680991280674,49.599259122115605,49.604680991280674,1829300,0.0
BIL.US,道富SPDR彭博1-3个月美国国债ETF,1620619200000,2021-05-10,2021-05-10 00:00:00,49.599259122115605,49.604680991280674,49.599259122115605,49.604680991280674,723700,0.0
BIL.US,道富SPDR彭博1-3个月美国国债ETF,1620705600000,2021-05-11,2021-05-11 00:00:00,49.599259122115605,49.604680991280674,49.599259122115605,49.604680991280674,1157100,0.0
BIL.US,道富SPDR彭博1-3个月美国国债ETF,1620792000000,2021-05-12,2021-05-12 00:00:00,49.604680991280674,49.604680991280674,49.599259122115605,49.599259122115605,915700,0.0
BIL.US,道富SPDR彭博1-3个月美国国债ETF,1620878400000,2021-05-13,2021-05-13 00:00:00,49.599259122115605,49.61010286044576,49.599259122115605,49.599259122115605,5954600,0.0
BIL.US,道富SPDR彭博1-3个月美国国债ETF,1620964800000,2021-05-14,2021-05-14 00:00:00,49.599259122115605,49.604680991280674,49.599259122115605,49.599259122115605,1662900,0.0
BIL.US,道富SPDR彭博1-3个月美国国债ETF,1621224000000,2021-05-17,2021-05-17 00:00:00,49.599259122115605,49.604680991280674,49.599259122115605,49.604680991280674,867100,0.0
BIL.US,道富SPDR彭博1-3个月美国国债ETF,1621310400000,2021-05-18,2021-05-18 00:00:00,49.604680991280674,49.604680991280674,49.599259122115605,49.604680991280674,1047800,0.0
BIL.US,道富SPDR彭博1-3个月美国国债ETF,1621396800000,2021-05-19,2021-05-19 00:00:00,49.599259122115605,49.604680991280674,49.599259122115605,49.599259122115605,1675300,0.0
BIL.US,道富SPDR彭博1-3个月美国国债ETF,1621483200000,2021-05-20,2021-05-20 00:00:00,49.599259122115605,49.604680991280674,49.599259122115605,49.599259122115605,852400,0.0
BIL.US,道富SPDR彭博1-3个月美国国债ETF,1621569600000,2021-05-21,2021-05-21 00:00:00,49.599259122115605,49.604680991280674,49.599259122115605,49.604680991280674,785900,0.0
BIL.US,道富SPDR彭博1-3个月美国国债ETF,1621828800000,2021-05-24,2021-05-24 00:00:00,49.599259122115605,49.604680991280674,49.599259122115605,49.599259122115605,1014300,0.0
BIL.US,道富SPDR彭博1-3个月美国国债ETF,1621915200000,2021-05-25,2021-05-25 00:00:00,49.599259122115605,49.604680991280674,49.599259122115605,49.599259122115605,686900,0.0
BIL.US,道富SPDR彭博1-3个月美国国债ETF,1622001600000,2021-05-26,2021-05-26 00:00:00,49.604680991280674,49.604680991280674,49.599259122115605,49.599259122115605,998100,0.0
BIL.US,道富SPDR彭博1-3个月美国国债ETF,1622088000000,2021-05-27,2021-05-27 00:00:00,49.599259122115605,49.604680991280674,49.599259122115605,49.604680991280674,675600,0.0
BIL.US,道富SPDR彭博1-3个月美国国债ETF,1622174400000,2021-05-28,2021-05-28 00:00:00,49.599259122115605,49.604680991280674,49.599259122115605,49.604680991280674,927900,0.0
BIL.US,道富SPDR彭博1-3个月美国国债ETF,1622520000000,2021-06-01,2021-06-01 00:00:00,49.599259122115605,49.604680991280674,49.599259122115605,49.599259122115605,1121200,0.0
BIL.US,道富SPDR彭博1-3个月美国国债ETF,1622606400000,2021-06-02,2021-06-02 00:00:00,49.604680991280674,49.604680991280674,49.599259122115605,49.599259122115605,1752700,0.0
BIL.US,道富SPDR彭博1-3个月美国国债ETF,1622692800000,2021-06-03,2021-06-03 00:00:00,49.599259122115605,49.604680991280674,49.599259122115605,49.599259122115605,517400,0.0
BIL.US,道富SPDR彭博1-3个月美国国债ETF,1622779200000,2021-06-04,2021-06-04 00:00:00,49.599259122115605,49.604680991280674,49.599259122115605,49.604680991280674,962300,0.0
BIL.US,道富SPDR彭博1-3个月美国国债ETF,1623038400000,2021-06-07,2021-06-07 00:00:00,49.599259122115605,49.604680991280674,49.59383725295052,49.59383725295052,983600,0.0
BIL.US,道富SPDR彭博1-3个月美国国债ETF,1623124800000,2021-06-08,2021-06-08 00:00:00,49.59383725295052,49.599259122115605,49.59383725295052,49.59383725295052,833500,0.0
BIL.US,道富SPDR彭博1-3个月美国国债ETF,1623211200000,2021-06-09,2021-06-09 00:00:00,49.599259122115605,49.599259122115605,49.59383725295052,49.59383725295052,1122600,0.0
BIL.US,道富SPDR彭博1-3个月美国国债ETF,1623297600000,2021-06-10,2021-06-10 00:00:00,49.59383725295052,49.599259122115605,49.59383725295052,49.59383725295052,858000,0.0
BIL.US,道富SPDR彭博1-3个月美国国债ETF,1623384000000,2021-06-11,2021-06-11 00:00:00,49.59383725295052,49.599259122115605,49.59383725295052,49.599259122115605,732300,0.0
BIL.US,道富SPDR彭博1-3个月美国国债ETF,1623643200000,2021-06-14,2021-06-14 00:00:00,49.59383725295052,49.599259122115605,49.59383725295052,49.59383725295052,439100,0.0
BIL.US,道富SPDR彭博1-3个月美国国债ETF,1623729600000,2021-06-15,2021-06-15 00:00:00,49.59383725295052,49.599259122115605,49.59383725295052,49.59383725295052,1008600,0.0
BIL.US,道富SPDR彭博1-3个月美国国债ETF,1623816000000,2021-06-16,2021-06-16 00:00:00,49.59383725295052,49.599259122115605,49.59383725295052,49.599259122115605,575400,0.0
BIL.US,道富SPDR彭博1-3个月美国国债ETF,1623902400000,2021-06-17,2021-06-17 00:00:00,49.599259122115605,49.599259122115605,49.59383725295052,49.59383725295052,1458900,0.0
BIL.US,道富SPDR彭博1-3个月美国国债ETF,1623988800000,2021-06-18,2021-06-18 00:00:00,49.59383725295052,49.599259122115605,49.59383725295052,49.599259122115605,885300,0.0
BIL.US,道富SPDR彭博1-3个月美国国债ETF,1624248000000,2021-06-21,2021-06-21 00:00:00,49.599259122115605,49.599259122115605,49.59383725295052,49.59383725295052,846700,0.0
BIL.US,道富SPDR彭博1-3个月美国国债ETF,1624334400000,2021-06-22,2021-06-22 00:00:00,49.59383725295052,49.599259122115605,49.59383725295052,49.59383725295052,386000,0.0
BIL.US,道富SPDR彭博1-3个月美国国债ETF,1624420800000,2021-06-23,2021-06-23 00:00:00,49.59383725295052,49.599259122115605,49.59383725295052,49.59383725295052,651800,0.0
BIL.US,道富SPDR彭博1-3个月美国国债ETF,1624507200000,2021-06-24,2021-06-24 00:00:00,49.59383725295052,49.599259122115605,49.59383725295052,49.599259122115605,912400,0.0
BIL.US,道富SPDR彭博1-3个月美国国债ETF,1624593600000,2021-06-25,2021-06-25 00:00:00,49.59383725295052,49.599259122115605,49.59383725295052,49.599259122115605,1276500,0.0
BIL.US,道富SPDR彭博1-3个月美国国债ETF,1624852800000,2021-06-28,2021-06-28 00:00:00,49.599259122115605,49.599259122115605,49.59383725295052,49.59383725295052,592700,0.0
BIL.US,道富SPDR彭博1-3个月美国国债ETF,1624939200000,2021-06-29,2021-06-29 00:00:00,49.59383725295052,49.599259122115605,49.59383725295052,49.59383725295052,887100,0.0
BIL.US,道富SPDR彭博1-3个月美国国债ETF,1625025600000,2021-06-30,2021-06-30 00:00:00,49.599259122115605,49.599259122115605,49.59383725295052,49.59383725295052,555300,0.0
BIL.US,道富SPDR彭博1-3个月美国国债ETF,1625112000000,2021-07-01,2021-07-01 00:00:00,49.59383725295052,49.599259122115605,49.59383725295052,49.599259122115605,584000,0.0
BIL.US,道富SPDR彭博1-3个月美国国债ETF,1625198400000,2021-07-02,2021-07-02 00:00:00,49.59383725295052,49.59383725295052,49.588415383785446,49.59383725295052,638800,0.0
BIL.US,道富SPDR彭博1-3个月美国国债ETF,1625544000000,2021-07-06,2021-07-06 00:00:00,49.588415383785446,49.59383725295052,49.588415383785446,49.588415383785446,654200,0.0
BIL.US,道富SPDR彭博1-3个月美国国债ETF,1625630400000,2021-07-07,2021-07-07 00:00:00,49.588415383785446,49.59383725295052,49.588415383785446,49.588415383785446,820700,0.0
BIL.US,道富SPDR彭博1-3个月美国国债ETF,1625716800000,2021-07-08,2021-07-08 00:00:00,49.588415383785446,49.59383725295052,49.588415383785446,49.59383725295052,934200,0.0
BIL.US,道富SPDR彭博1-3个月美国国债ETF,1625803200000,2021-07-09,2021-07-09 00:00:00,49.59383725295052,49.59383725295052,49.588415383785446,49.59383725295052,632900,0.0
BIL.US,道富SPDR彭博1-3个月美国国债ETF,1626062400000,2021-07-12,2021-07-12 00:00:00,49.588415383785446,49.59383725295052,49.588415383785446,49.59383725295052,709400,0.0
BIL.US,道富SPDR彭博1-3个月美国国债ETF,1626148800000,2021-07-13,2021-07-13 00:00:00,49.588415383785446,49.59383725295052,49.588415383785446,49.59383725295052,1037700,0.0
BIL.US,道富SPDR彭博1-3个月美国国债ETF,1626235200000,2021-07-14,2021-07-14 00:00:00,49.588415383785446,49.59383725295052,49.588415383785446,49.588415383785446,583500,0.0
BIL.US,道富SPDR彭博1-3个月美国国债ETF,1626321600000,2021-07-15,2021-07-15 00:00:00,49.588415383785446,49.59383725295052,49.588415383785446,49.59383725295052,961800,0.0
BIL.US,道富SPDR彭博1-3个月美国国债ETF,1626408000000,2021-07-16,2021-07-16 00:00:00,49.588415383785446,49.59383725295052,49.588415383785446,49.59383725295052,618600,0.0
BIL.US,道富SPDR彭博1-3个月美国国债ETF,1626667200000,2021-07-19,2021-07-19 00:00:00,49.588415383785446,49.59383725295052,49.588415383785446,49.588415383785446,2751000,0.0
BIL.US,道富SPDR彭博1-3个月美国国债ETF,1626753600000,2021-07-20,2021-07-20 00:00:00,49.588415383785446,49.59383725295052,49.588415383785446,49.588415383785446,1726400,0.0
BIL.US,道富SPDR彭博1-3个月美国国债ETF,1626840000000,2021-07-21,2021-07-21 00:00:00,49.588415383785446,49.59383725295052,49.588415383785446,49.588415383785446,1123100,0.0
BIL.US,道富SPDR彭博1-3个月美国国债ETF,1626926400000,2021-07-22,2021-07-22 00:00:00,49.588415383785446,49.59383725295052,49.588415383785446,49.59383725295052,680500,0.0
BIL.US,道富SPDR彭博1-3个月美国国债ETF,1627012800000,2021-07-23,2021-07-23 00:00:00,49.588415383785446,49.59383725295052,49.588415383785446,49.588415383785446,1078300,0.0
BIL.US,道富SPDR彭博1-3个月美国国债ETF,1627272000000,2021-07-26,2021-07-26 00:00:00,49.588415383785446,49.59383725295052,49.588415383785446,49.59383725295052,712500,0.0
BIL.US,道富SPDR彭博1-3个月美国国债ETF,1627358400000,2021-07-27,2021-07-27 00:00:00,49.59383725295052,49.59383725295052,49.588415383785446,49.588415383785446,878600,0.0
BIL.US,道富SPDR彭博1-3个月美国国债ETF,1627444800000,2021-07-28,2021-07-28 00:00:00,49.588415383785446,49.59383725295052,49.588415383785446,49.588415383785446,1342100,0.0
BIL.US,道富SPDR彭博1-3个月美国国债ETF,1627531200000,2021-07-29,2021-07-29 00:00:00,49.588415383785446,49.59383725295052,49.588415383785446,49.59383725295052,903400,0.0
BIL.US,道富SPDR彭博1-3个月美国国债ETF,1627617600000,2021-07-30,2021-07-30 00:00:00,49.588415383785446,49.59383725295052,49.588415383785446,49.588415383785446,410800,0.0
BIL.US,道富SPDR彭博1-3个月美国国债ETF,1627876800000,2021-08-02,2021-08-02 00:00:00,49.588415383785446,49.59383725295052,49.588415383785446,49.588415383785446,597700,0.0
BIL.US,道富SPDR彭博1-3个月美国国债ETF,1627963200000,2021-08-03,2021-08-03 00:00:00,49.588415383785446,49.59383725295052,49.588415383785446,49.588415383785446,745100,0.0
BIL.US,道富SPDR彭博1-3个月美国国债ETF,1628049600000,2021-08-04,2021-08-04 00:00:00,49.588415383785446,49.59383725295052,49.588415383785446,49.588415383785446,1067700,0.0
BIL.US,道富SPDR彭博1-3个月美国国债ETF,1628136000000,2021-08-05,2021-08-05 00:00:00,49.588415383785446,49.59383725295052,49.588415383785446,49.588415383785446,488300,0.0
BIL.US,道富SPDR彭博1-3个月美国国债ETF,1628222400000,2021-08-06,2021-08-06 00:00:00,49.588415383785446,49.59383725295052,49.588415383785446,49.59383725295052,694200,0.0
BIL.US,道富SPDR彭博1-3个月美国国债ETF,1628481600000,2021-08-09,2021-08-09 00:00:00,49.588415383785446,49.59383725295052,49.588415383785446,49.59383725295052,1642900,0.0
BIL.US,道富SPDR彭博1-3个月美国国债ETF,1628568000000,2021-08-10,2021-08-10 00:00:00,49.59383725295052,49.59383725295052,49.588415383785446,49.588415383785446,937200,0.0
BIL.US,道富SPDR彭博1-3个月美国国债ETF,1628654400000,2021-08-11,2021-08-11 00:00:00,49.588415383785446,49.59383725295052,49.588415383785446,49.588415383785446,1080500,0.0
BIL.US,道富SPDR彭博1-3个月美国国债ETF,1628740800000,2021-08-12,2021-08-12 00:00:00,49.588415383785446,49.59383725295052,49.588415383785446,49.588415383785446,616500,0.0
BIL.US,道富SPDR彭博1-3个月美国国债ETF,1628827200000,2021-08-13,2021-08-13 00:00:00,49.59383725295052,49.59383725295052,49.588415383785446,49.59383725295052,1124700,0.0
BIL.US,道富SPDR彭博1-3个月美国国债ETF,1629086400000,2021-08-16,2021-08-16 00:00:00,49.588415383785446,49.59383725295052,49.58299351462038,49.58299351462038,1689700,0.0
BIL.US,道富SPDR彭博1-3个月美国国债ETF,1629172800000,2021-08-17,2021-08-17 00:00:00,49.59383725295052,49.59383725295052,49.58299351462038,49.58299351462038,1564100,0.0
BIL.US,道富SPDR彭博1-3个月美国国债ETF,1629259200000,2021-08-18,2021-08-18 00:00:00,49.58299351462038,49.59383725295052,49.58299351462038,49.58299351462038,925700,0.0
BIL.US,道富SPDR彭博1-3个月美国国债ETF,1629345600000,2021-08-19,2021-08-19 00:00:00,49.58299351462038,49.59383725295052,49.58299351462038,49.59383725295052,1720600,0.0
BIL.US,道富SPDR彭博1-3个月美国国债ETF,1629432000000,2021-08-20,2021-08-20 00:00:00,49.588415383785446,49.59383725295052,49.58299351462038,49.59383725295052,796200,0.0
BIL.US,道富SPDR彭博1-3个月美国国债ETF,1629691200000,2021-08-23,2021-08-23 00:00:00,49.588415383785446,49.588415383785446,49.58299351462038,49.58299351462038,470700,0.0
BIL.US,道富SPDR彭博1-3个月美国国债ETF,1629777600000,2021-08-24,2021-08-24 00:00:00,49.58299351462038,49.588415383785446,49.58299351462038,49.58299351462038,808200,0.0
BIL.US,道富SPDR彭博1-3个月美国国债ETF,1629864000000,2021-08-25,2021-08-25 00:00:00,49.58299351462038,49.588415383785446,49.58299351462038,49.58299351462038,555200,0.0
BIL.US,道富SPDR彭博1-3个月美国国债ETF,1629950400000,2021-08-26,2021-08-26 00:00:00,49.588415383785446,49.588415383785446,49.58299351462038,49.588415383785446,785600,0.0
BIL.US,道富SPDR彭博1-3个月美国国债ETF,1630036800000,2021-08-27,2021-08-27 00:00:00,49.588415383785446,49.588415383785446,49.58299351462038,49.588415383785446,479900,0.0
BIL.US,道富SPDR彭博1-3个月美国国债ETF,1630296000000,2021-08-30,2021-08-30 00:00:00,49.588415383785446,49.588415383785446,49.58299351462038,49.588415383785446,617900,0.0
BIL.US,道富SPDR彭博1-3个月美国国债ETF,1630382400000,2021-08-31,2021-08-31 00:00:00,49.58299351462038,49.588415383785446,49.58299351462038,49.58299351462038,1021300,0.0
BIL.US,道富SPDR彭博1-3个月美国国债ETF,1630468800000,2021-09-01,2021-09-01 00:00:00,49.588415383785446,49.588415383785446,49.58299351462038,49.58299351462038,1076800,0.0
BIL.US,道富SPDR彭博1-3个月美国国债ETF,1630555200000,2021-09-02,2021-09-02 00:00:00,49.58299351462038,49.59383725295052,49.58299351462038,49.59383725295052,673800,0.0
BIL.US,道富SPDR彭博1-3个月美国国债ETF,1630641600000,2021-09-03,2021-09-03 00:00:00,49.588415383785446,49.588415383785446,49.58299351462038,49.58299351462038,496300,0.0
BIL.US,道富SPDR彭博1-3个月美国国债ETF,1630987200000,2021-09-07,2021-09-07 00:00:00,49.588415383785446,49.588415383785446,49.58299351462038,49.58299351462038,1597100,0.0
BIL.US,道富SPDR彭博1-3个月美国国债ETF,1631073600000,2021-09-08,2021-09-08 00:00:00,49.58299351462038,49.588415383785446,49.58299351462038,49.58299351462038,1053500,0.0
BIL.US,道富SPDR彭博1-3个月美国国债ETF,1631160000000,2021-09-09,2021-09-09 00:00:00,49.58299351462038,49.588415383785446,49.58299351462038,49.58299351462038,735500,0.0
BIL.US,道富SPDR彭博1-3个月美国国债ETF,1631246400000,2021-09-10,2021-09-10 00:00:00,49.58299351462038,49.588415383785446,49.58299351462038,49.588415383785446,521700,0.0
BIL.US,道富SPDR彭博1-3个月美国国债ETF,1631505600000,2021-09-13,2021-09-13 00:00:00,49.58299351462038,49.588415383785446,49.58299351462038,49.588415383785446,5164600,0.0
BIL.US,道富SPDR彭博1-3个月美国国债ETF,1631592000000,2021-09-14,2021-09-14 00:00:00,49.588415383785446,49.588415383785446,49.58299351462038,49.58299351462038,4534300,0.0
BIL.US,道富SPDR彭博1-3个月美国国债ETF,1631678400000,2021-09-15,2021-09-15 00:00:00,49.58299351462038,49.588415383785446,49.58299351462038,49.58299351462038,1465500,0.0
BIL.US,道富SPDR彭博1-3个月美国国债ETF,1631764800000,2021-09-16,2021-09-16 00:00:00,49.588415383785446,49.588415383785446,49.58299351462038,49.588415383785446,1322600,0.0
BIL.US,道富SPDR彭博1-3个月美国国债ETF,1631851200000,2021-09-17,2021-09-17 00:00:00,49.58299351462038,49.588415383785446,49.58299351462038,49.58299351462038,810900,0.0
BIL.US,道富SPDR彭博1-3个月美国国债ETF,1632110400000,2021-09-20,2021-09-20 00:00:00,49.58299351462038,49.588415383785446,49.58299351462038,49.588415383785446,1087100,0.0
BIL.US,道富SPDR彭博1-3个月美国国债ETF,1632196800000,2021-09-21,2021-09-21 00:00:00,49.58299351462038,49.588415383785446,49.58299351462038,49.58299351462038,1462300,0.0
BIL.US,道富SPDR彭博1-3个月美国国债ETF,1632283200000,2021-09-22,2021-09-22 00:00:00,49.58299351462038,49.588415383785446,49.58299351462038,49.58299351462038,1062200,0.0
BIL.US,道富SPDR彭博1-3个月美国国债ETF,1632369600000,2021-09-23,2021-09-23 00:00:00,49.58299351462038,49.588415383785446,49.58299351462038,49.588415383785446,1108400,0.0
BIL.US,道富SPDR彭博1-3个月美国国债ETF,1632456000000,2021-09-24,2021-09-24 00:00:00,49.588415383785446,49.588415383785446,49.58299351462038,49.58299351462038,1912100,0.0
BIL.US,道富SPDR彭博1-3个月美国国债ETF,1632715200000,2021-09-27,2021-09-27 00:00:00,49.588415383785446,49.588415383785446,49.57757164545529,49.58299351462038,2605900,0.0
BIL.US,道富SPDR彭博1-3个月美国国债ETF,1632801600000,2021-09-28,2021-09-28 00:00:00,49.588415383785446,49.588415383785446,49.57757164545529,49.58299351462038,978800,0.0
BIL.US,道富SPDR彭博1-3个月美国国债ETF,1632888000000,2021-09-29,2021-09-29 00:00:00,49.58299351462038,49.588415383785446,49.58299351462038,49.588415383785446,787600,0.0
BIL.US,道富SPDR彭博1-3个月美国国债ETF,1632974400000,2021-09-30,2021-09-30 00:00:00,49.58299351462038,49.588415383785446,49.58299351462038,49.588415383785446,777700,0.0
BIL.US,道富SPDR彭博1-3个月美国国债ETF,1633060800000,2021-10-01,2021-10-01 00:00:00,49.588415383785446,49.588415383785446,49.57757164545529,49.588415383785446,1484700,0.0
BIL.US,道富SPDR彭博1-3个月美国国债ETF,1633320000000,2021-10-04,2021-10-04 00:00:00,49.58299351462038,49.58299351462038,49.57757164545529,49.57757164545529,757500,0.0
BIL.US,道富SPDR彭博1-3个月美国国债ETF,1633406400000,2021-10-05,2021-10-05 00:00:00,49.57757164545529,49.58299351462038,49.57757164545529,49.58299351462038,537800,0.0
BIL.US,道富SPDR彭博1-3个月美国国债ETF,1633492800000,2021-10-06,2021-10-06 00:00:00,49.57757164545529,49.58299351462038,49.57757164545529,49.58299351462038,1394800,0.0
BIL.US,道富SPDR彭博1-3个月美国国债ETF,1633579200000,2021-10-07,2021-10-07 00:00:00,49.57757164545529,49.58299351462038,49.57757164545529,49.58299351462038,775400,0.0
BIL.US,道富SPDR彭博1-3个月美国国债ETF,1633665600000,2021-10-08,2021-10-08 00:00:00,49.58299351462038,49.58299351462038,49.57757164545529,49.58299351462038,487600,0.0
BIL.US,道富SPDR彭博1-3个月美国国债ETF,1633924800000,2021-10-11,2021-10-11 00:00:00,49.57757164545529,49.58299351462038,49.57757164545529,49.58299351462038,622200,0.0
BIL.US,道富SPDR彭博1-3个月美国国债ETF,1634011200000,2021-10-12,2021-10-12 00:00:00,49.57757164545529,49.58299351462038,49.57757164545529,49.58299351462038,580200,0.0
BIL.US,道富SPDR彭博1-3个月美国国债ETF,1634097600000,2021-10-13,2021-10-13 00:00:00,49.57757164545529,49.58299351462038,49.57757164545529,49.58299351462038,934200,0.0
BIL.US,道富SPDR彭博1-3个月美国国债ETF,1634184000000,2021-10-14,2021-10-14 00:00:00,49.58299351462038,49.58299351462038,49.57757164545529,49.57757164545529,610500,0.0
BIL.US,道富SPDR彭博1-3个月美国国债ETF,1634270400000,2021-10-15,2021-10-15 00:00:00,49.57757164545529,49.58299351462038,49.57757164545529,49.58299351462038,798700,0.0
BIL.US,道富SPDR彭博1-3个月美国国债ETF,1634529600000,2021-10-18,2021-10-18 00:00:00,49.57757164545529,49.58299351462038,49.57757164545529,49.57757164545529,650100,0.0
BIL.US,道富SPDR彭博1-3个月美国国债ETF,1634616000000,2021-10-19,2021-10-19 00:00:00,49.57757164545529,49.58299351462038,49.57757164545529,49.57757164545529,585400,0.0
BIL.US,道富SPDR彭博1-3个月美国国债ETF,1634702400000,2021-10-20,2021-10-20 00:00:00,49.58299351462038,49.58299351462038,49.57757164545529,49.57757164545529,2241500,0.0
BIL.US,道富SPDR彭博1-3个月美国国债ETF,1634788800000,2021-10-21,2021-10-21 00:00:00,49.57757164545529,49.58299351462038,49.57757164545529,49.57757164545529,733500,0.0
BIL.US,道富SPDR彭博1-3个月美国国债ETF,1634875200000,2021-10-22,2021-10-22 00:00:00,49.57757164545529,49.58299351462038,49.572149776290225,49.57757164545529,721000,0.0
BIL.US,道富SPDR彭博1-3个月美国国债ETF,1635134400000,2021-10-25,2021-10-25 00:00:00,49.58299351462038,49.58299351462038,49.57757164545529,49.58299351462038,674100,0.0
BIL.US,道富SPDR彭博1-3个月美国国债ETF,1635220800000,2021-10-26,2021-10-26 00:00:00,49.57757164545529,49.58299351462038,49.572149776290225,49.572149776290225,1092600,0.0
BIL.US,道富SPDR彭博1-3个月美国国债ETF,1635307200000,2021-10-27,2021-10-27 00:00:00,49.57757164545529,49.58299351462038,49.572149776290225,49.572149776290225,779600,0.0
BIL.US,道富SPDR彭博1-3个月美国国债ETF,1635393600000,2021-10-28,2021-10-28 00:00:00,49.57757164545529,49.58299351462038,49.57757164545529,49.58299351462038,663800,0.0
BIL.US,道富SPDR彭博1-3个月美国国债ETF,1635480000000,2021-10-29,2021-10-29 00:00:00,49.57757164545529,49.58299351462038,49.572149776290225,49.58299351462038,886900,0.0
BIL.US,道富SPDR彭博1-3个月美国国债ETF,1635739200000,2021-11-01,2021-11-01 00:00:00,49.57757164545529,49.58299351462038,49.57757164545529,49.58299351462038,1121800,0.0
BIL.US,道富SPDR彭博1-3个月美国国债ETF,1635825600000,2021-11-02,2021-11-02 00:00:00,49.57757164545529,49.58299351462038,49.572149776290225,49.572149776290225,699200,0.0
BIL.US,道富SPDR彭博1-3个月美国国债ETF,1635912000000,2021-11-03,2021-11-03 00:00:00,49.57757164545529,49.57757164545529,49.572149776290225,49.572149776290225,1099500,0.0
BIL.US,道富SPDR彭博1-3个月美国国债ETF,1635998400000,2021-11-04,2021-11-04 00:00:00,49.57757164545529,49.58299351462038,49.572149776290225,49.57757164545529,791500,0.0
BIL.US,道富SPDR彭博1-3个月美国国债ETF,1636084800000,2021-11-05,2021-11-05 00:00:00,49.57757164545529,49.57757164545529,49.572149776290225,49.57757164545529,829100,0.0
BIL.US,道富SPDR彭博1-3个月美国国债ETF,1636347600000,2021-11-08,2021-11-08 00:00:00,49.57757164545529,49.58299351462038,49.572149776290225,49.58299351462038,1379300,0.0
BIL.US,道富SPDR彭博1-3个月美国国债ETF,1636434000000,2021-11-09,2021-11-09 00:00:00,49.57757164545529,49.57757164545529,49.572149776290225,49.572149776290225,962800,0.0
BIL.US,道富SPDR彭博1-3个月美国国债ETF,1636520400000,2021-11-10,2021-11-10 00:00:00,49.57757164545529,49.58299351462038,49.572149776290225,49.572149776290225,1147600,0.0
BIL.US,道富SPDR彭博1-3个月美国国债ETF,1636606800000,2021-11-11,2021-11-11 00:00:00,49.57757164545529,49.57757164545529,49.572149776290225,49.57757164545529,789300,0.0
BIL.US,道富SPDR彭博1-3个月美国国债ETF,1636693200000,2021-11-12,2021-11-12 00:00:00,49.572149776290225,49.57757164545529,49.572149776290225,49.57757164545529,558600,0.0
BIL.US,道富SPDR彭博1-3个月美国国债ETF,1636952400000,2021-11-15,2021-11-15 00:00:00,49.57757164545529,49.57757164545529,49.572149776290225,49.57757164545529,670800,0.0
BIL.US,道富SPDR彭博1-3个月美国国债ETF,1637038800000,2021-11-16,2021-11-16 00:00:00,49.57757164545529,49.57757164545529,49.572149776290225,49.572149776290225,1105900,0.0
BIL.US,道富SPDR彭博1-3个月美国国债ETF,1637125200000,2021-11-17,2021-11-17 00:00:00,49.572149776290225,49.57757164545529,49.572149776290225,49.572149776290225,1197200,0.0
BIL.US,道富SPDR彭博1-3个月美国国债ETF,1637211600000,2021-11-18,2021-11-18 00:00:00,49.572149776290225,49.57757164545529,49.572149776290225,49.57757164545529,801900,0.0
BIL.US,道富SPDR彭博1-3个月美国国债ETF,1637298000000,2021-11-19,2021-11-19 00:00:00,49.57757164545529,49.57757164545529,49.572149776290225,49.57757164545529,1430300,0.0
BIL.US,道富SPDR彭博1-3个月美国国债ETF,1637557200000,2021-11-22,2021-11-22 00:00:00,49.572149776290225,49.57757164545529,49.572149776290225,49.57757164545529,778900,0.0
BIL.US,道富SPDR彭博1-3个月美国国债ETF,1637643600000,2021-11-23,2021-11-23 00:00:00,49.572149776290225,49.57757164545529,49.572149776290225,49.572149776290225,771400,0.0
BIL.US,道富SPDR彭博1-3个月美国国债ETF,1637730000000,2021-11-24,2021-11-24 00:00:00,49.572149776290225,49.57757164545529,49.572149776290225,49.57757164545529,677000,0.0
BIL.US,道富SPDR彭博1-3个月美国国债ETF,1637902800000,2021-11-26,2021-11-26 00:00:00,49.572149776290225,49.57757164545529,49.572149776290225,49.572149776290225,735800,0.0
BIL.US,道富SPDR彭博1-3个月美国国债ETF,1638162000000,2021-11-29,2021-11-29 00:00:00,49.572149776290225,49.57757164545529,49.572149776290225,49.57757164545529,1067100,0.0
BIL.US,道富SPDR彭博1-3个月美国国债ETF,1638248400000,2021-11-30,2021-11-30 00:00:00,49.57757164545529,49.57757164545529,49.572149776290225,49.572149776290225,2554800,0.0
BIL.US,道富SPDR彭博1-3个月美国国债ETF,1638334800000,2021-12-01,2021-12-01 00:00:00,49.57757164545529,49.57757164545529,49.572149776290225,49.57757164545529,1989400,0.0
BIL.US,道富SPDR彭博1-3个月美国国债ETF,1638421200000,2021-12-02,2021-12-02 00:00:00,49.57757164545529,49.57757164545529,49.572149776290225,49.57757164545529,1502400,0.0
BIL.US,道富SPDR彭博1-3个月美国国债ETF,1638507600000,2021-12-03,2021-12-03 00:00:00,49.57757164545529,49.57757164545529,49.572149776290225,49.572149776290225,717900,0.0
BIL.US,道富SPDR彭博1-3个月美国国债ETF,1638766800000,2021-12-06,2021-12-06 00:00:00,49.57757164545529,49.57757164545529,49.572149776290225,49.572149776290225,796700,0.0
BIL.US,道富SPDR彭博1-3个月美国国债ETF,1638853200000,2021-12-07,2021-12-07 00:00:00,49.57757164545529,49.57757164545529,49.572149776290225,49.572149776290225,617900,0.0
BIL.US,道富SPDR彭博1-3个月美国国债ETF,1638939600000,2021-12-08,2021-12-08 00:00:00,49.572149776290225,49.57757164545529,49.572149776290225,49.57757164545529,1446600,0.0
BIL.US,道富SPDR彭博1-3个月美国国债ETF,1639026000000,2021-12-09,2021-12-09 00:00:00,49.572149776290225,49.57757164545529,49.572149776290225,49.572149776290225,1110700,0.0
BIL.US,道富SPDR彭博1-3个月美国国债ETF,1639112400000,2021-12-10,2021-12-10 00:00:00,49.57757164545529,49.57757164545529,49.572149776290225,49.57757164545529,935300,0.0
BIL.US,道富SPDR彭博1-3个月美国国债ETF,1639371600000,2021-12-13,2021-12-13 00:00:00,49.572149776290225,49.57757164545529,49.572149776290225,49.57757164545529,462600,0.0
BIL.US,道富SPDR彭博1-3个月美国国债ETF,1639458000000,2021-12-14,2021-12-14 00:00:00,49.57757164545529,49.57757164545529,49.572149776290225,49.57757164545529,817200,0.0
BIL.US,道富SPDR彭博1-3个月美国国债ETF,1639544400000,2021-12-15,2021-12-15 00:00:00,49.572149776290225,49.57757164545529,49.572149776290225,49.57757164545529,1653900,0.0
BIL.US,道富SPDR彭博1-3个月美国国债ETF,1639630800000,2021-12-16,2021-12-16 00:00:00,49.572149776290225,49.57757164545529,49.572149776290225,49.572149776290225,809600,0.0
BIL.US,道富SPDR彭博1-3个月美国国债ETF,1639717200000,2021-12-17,2021-12-17 00:00:00,49.57757164545529,49.57757164545529,49.572149776290225,49.57757164545529,1063900,0.0
BIL.US,道富SPDR彭博1-3个月美国国债ETF,1639976400000,2021-12-20,2021-12-20 00:00:00,49.572149776290225,49.57757164545529,49.572149776290225,49.572149776290225,2235100,0.0
BIL.US,道富SPDR彭博1-3个月美国国债ETF,1640062800000,2021-12-21,2021-12-21 00:00:00,49.572149776290225,49.57757164545529,49.56672790712515,49.56672790712515,2372300,0.0
BIL.US,道富SPDR彭博1-3个月美国国债ETF,1640149200000,2021-12-22,2021-12-22 00:00:00,49.572149776290225,49.57757164545529,49.56672790712515,49.56672790712515,1001900,0.0
BIL.US,道富SPDR彭博1-3个月美国国债ETF,1640235600000,2021-12-23,2021-12-23 00:00:00,49.56672790712515,49.572149776290225,49.56672790712515,49.56672790712515,571400,0.0
BIL.US,道富SPDR彭博1-3个月美国国债ETF,1640581200000,2021-12-27,2021-12-27 00:00:00,49.56672790712515,49.572149776290225,49.56672790712515,49.572149776290225,730400,0.0
BIL.US,道富SPDR彭博1-3个月美国国债ETF,1640667600000,2021-12-28,2021-12-28 00:00:00,49.572149776290225,49.572149776290225,49.56672790712515,49.56672790712515,1933000,0.0
BIL.US,道富SPDR彭博1-3个月美国国债ETF,1640754000000,2021-12-29,2021-12-29 00:00:00,49.56672790712515,49.572149776290225,49.56672790712515,49.56672790712515,1246300,0.0
BIL.US,道富SPDR彭博1-3个月美国国债ETF,1640840400000,2021-12-30,2021-12-30 00:00:00,49.56672790712515,49.572149776290225,49.56672790712515,49.572149776290225,837000,0.0
BIL.US,道富SPDR彭博1-3个月美国国债ETF,1640926800000,2021-12-31,2021-12-31 00:00:00,49.56672790712515,49.572149776290225,49.56672790712515,49.572149776290225,871400,0.0
BIL.US,道富SPDR彭博1-3个月美国国债ETF,1641186000000,2022-01-03,2022-01-03 00:00:00,49.572149776290225,49.572149776290225,49.56672790712515,49.56672790712515,1764000,0.0
BIL.US,道富SPDR彭博1-3个月美国国债ETF,1641272400000,2022-01-04,2022-01-04 00:00:00,49.56672790712515,49.572149776290225,49.56672790712515,49.572149776290225,2511800,0.0
BIL.US,道富SPDR彭博1-3个月美国国债ETF,1641358800000,2022-01-05,2022-01-05 00:00:00,49.572149776290225,49.572149776290225,49.56672790712515,49.572149776290225,1637300,0.0
BIL.US,道富SPDR彭博1-3个月美国国债ETF,1641445200000,2022-01-06,2022-01-06 00:00:00,49.572149776290225,49.572149776290225,49.56672790712515,49.572149776290225,1077900,0.0
BIL.US,道富SPDR彭博1-3个月美国国债ETF,1641531600000,2022-01-07,2022-01-07 00:00:00,49.572149776290225,49.572149776290225,49.56672790712515,49.572149776290225,766900,0.0
BIL.US,道富SPDR彭博1-3个月美国国债ETF,1641790800000,2022-01-10,2022-01-10 00:00:00,49.56672790712515,49.572149776290225,49.56672790712515,49.56672790712515,1846800,0.0
BIL.US,道富SPDR彭博1-3个月美国国债ETF,1641877200000,2022-01-11,2022-01-11 00:00:00,49.56672790712515,49.56672790712515,49.561306037960065,49.561306037960065,1847500,0.0
BIL.US,道富SPDR彭博1-3个月美国国债ETF,1641963600000,2022-01-12,2022-01-12 00:00:00,49.56672790712515,49.572149776290225,49.56672790712515,49.56672790712515,959700,0.0
BIL.US,道富SPDR彭博1-3个月美国国债ETF,1642050000000,2022-01-13,2022-01-13 00:00:00,49.56672790712515,49.572149776290225,49.56672790712515,49.572149776290225,1056500,0.0
BIL.US,道富SPDR彭博1-3个月美国国债ETF,1642136400000,2022-01-14,2022-01-14 00:00:00,49.56672790712515,49.572149776290225,49.56672790712515,49.572149776290225,564000,0.0
BIL.US,道富SPDR彭博1-3个月美国国债ETF,1642482000000,2022-01-18,2022-01-18 00:00:00,49.572149776290225,49.572149776290225,49.561306037960065,49.561306037960065,3068100,0.0
BIL.US,道富SPDR彭博1-3个月美国国债ETF,1642568400000,2022-01-19,2022-01-19 00:00:00,49.572149776290225,49.572149776290225,49.56672790712515,49.572149776290225,2074900,0.0
BIL.US,道富SPDR彭博1-3个月美国国债ETF,1642654800000,2022-01-20,2022-01-20 00:00:00,49.572149776290225,49.572149776290225,49.56672790712515,49.572149776290225,1628700,0.0
BIL.US,道富SPDR彭博1-3个月美国国债ETF,1642741200000,2022-01-21,2022-01-21 00:00:00,49.56672790712515,49.572149776290225,49.561306037960065,49.56672790712515,2937600,0.0
BIL.US,道富SPDR彭博1-3个月美国国债ETF,1643000400000,2022-01-24,2022-01-24 00:00:00,49.561306037960065,49.572149776290225,49.561306037960065,49.572149776290225,4854900,0.0
BIL.US,道富SPDR彭博1-3个月美国国债ETF,1643086800000,2022-01-25,2022-01-25 00:00:00,49.56672790712515,49.572149776290225,49.561306037960065,49.561306037960065,4776800,0.0
BIL.US,道富SPDR彭博1-3个月美国国债ETF,1643173200000,2022-01-26,2022-01-26 00:00:00,49.561306037960065,49.572149776290225,49.561306037960065,49.56672790712515,3694400,0.0
BIL.US,道富SPDR彭博1-3个月美国国债ETF,1643259600000,2022-01-27,2022-01-27 00:00:00,49.561306037960065,49.572149776290225,49.561306037960065,49.572149776290225,6218700,0.0
BIL.US,道富SPDR彭博1-3个月美国国债ETF,1643346000000,2022-01-28,2022-01-28 00:00:00,49.56672790712515,49.572149776290225,49.561306037960065,49.561306037960065,4811100,0.0
BIL.US,道富SPDR彭博1-3个月美国国债ETF,1643605200000,2022-01-31,2022-01-31 00:00:00,49.56672790712515,49.572149776290225,49.561306037960065,49.572149776290225,26333300,0.0
BIL.US,道富SPDR彭博1-3个月美国国债ETF,1643691600000,2022-02-01,2022-02-01 00:00:00,49.561306037960065,49.572149776290225,49.561306037960065,49.56672790712515,6452700,0.0
BIL.US,道富SPDR彭博1-3个月美国国债ETF,1643778000000,2022-02-02,2022-02-02 00:00:00,49.56672790712515,49.572149776290225,49.56672790712515,49.572149776290225,2119800,0.0
BIL.US,道富SPDR彭博1-3个月美国国债ETF,1643864400000,2022-02-03,2022-02-03 00:00:00,49.56672790712515,49.572149776290225,49.561306037960065,49.572149776290225,2323000,0.0
BIL.US,道富SPDR彭博1-3个月美国国债ETF,1643950800000,2022-02-04,2022-02-04 00:00:00,49.56672790712515,49.56672790712515,49.561306037960065,49.561306037960065,6726000,0.0
BIL.US,道富SPDR彭博1-3个月美国国债ETF,1644210000000,2022-02-07,2022-02-07 00:00:00,49.56672790712515,49.56672790712515,49.561306037960065,49.561306037960065,1667500,0.0
BIL.US,道富SPDR彭博1-3个月美国国债ETF,1644296400000,2022-02-08,2022-02-08 00:00:00,49.56672790712515,49.56672790712515,49.561306037960065,49.56672790712515,24173900,0.0
BIL.US,道富SPDR彭博1-3个月美国国债ETF,1644382800000,2022-02-09,2022-02-09 00:00:00,49.561306037960065,49.56672790712515,49.561306037960065,49.561306037960065,4386800,0.0
BIL.US,道富SPDR彭博1-3个月美国国债ETF,1644469200000,2022-02-10,2022-02-10 00:00:00,49.561306037960065,49.56672790712515,49.555884168795,49.561306037960065,6107100,0.0
BIL.US,道富SPDR彭博1-3个月美国国债ETF,1644555600000,2022-02-11,2022-02-11 00:00:00,49.561306037960065,49.56672790712515,49.555884168795,49.561306037960065,3164600,0.0
BIL.US,道富SPDR彭博1-3个月美国国债ETF,1644814800000,2022-02-14,2022-02-14 00:00:00,49.561306037960065,49.56672790712515,49.555884168795,49.555884168795,1876400,0.0
BIL.US,道富SPDR彭博1-3个月美国国债ETF,1644901200000,2022-02-15,2022-02-15 00:00:00,49.561306037960065,49.56672790712515,49.561306037960065,49.56672790712515,923100,0.0
BIL.US,道富SPDR彭博1-3个月美国国债ETF,1644987600000,2022-02-16,2022-02-16 00:00:00,49.56672790712515,49.56672790712515,49.561306037960065,49.56672790712515,1057500,0.0
BIL.US,道富SPDR彭博1-3个月美国国债ETF,1645074000000,2022-02-17,2022-02-17 00:00:00,49.56672790712515,49.56672790712515,49.561306037960065,49.561306037960065,2324900,0.0
BIL.US,道富SPDR彭博1-3个月美国国债ETF,1645160400000,2022-02-18,2022-02-18 00:00:00,49.56672790712515,49.56672790712515,49.561306037960065,49.56672790712515,1485300,0.0
BIL.US,道富SPDR彭博1-3个月美国国债ETF,1645506000000,2022-02-22,2022-02-22 00:00:00,49.561306037960065,49.56672790712515,49.561306037960065,49.56672790712515,2188500,0.0
BIL.US,道富SPDR彭博1-3个月美国国债ETF,1645592400000,2022-02-23,2022-02-23 00:00:00,49.561306037960065,49.56672790712515,49.561306037960065,49.561306037960065,11535000,0.0
BIL.US,道富SPDR彭博1-3个月美国国债ETF,1645678800000,2022-02-24,2022-02-24 00:00:00,49.56672790712515,49.572149776290225,49.561306037960065,49.561306037960065,8393400,0.0
BIL.US,道富SPDR彭博1-3个月美国国债ETF,1645765200000,2022-02-25,2022-02-25 00:00:00,49.56672790712515,49.56672790712515,49.561306037960065,49.561306037960065,1846500,0.0
BIL.US,道富SPDR彭博1-3个月美国国债ETF,1646024400000,2022-02-28,2022-02-28 00:00:00,49.56672790712515,49.56672790712515,49.561306037960065,49.561306037960065,1769300,0.0
BIL.US,道富SPDR彭博1-3个月美国国债ETF,1646110800000,2022-03-01,2022-03-01 00:00:00,49.56672790712515,49.56672790712515,49.561306037960065,49.561306037960065,4195900,0.0
BIL.US,道富SPDR彭博1-3个月美国国债ETF,1646197200000,2022-03-02,2022-03-02 00:00:00,49.56672790712515,49.56672790712515,49.561306037960065,49.561306037960065,2298700,0.0
BIL.US,道富SPDR彭博1-3个月美国国债ETF,1646283600000,2022-03-03,2022-03-03 00:00:00,49.56672790712515,49.56672790712515,49.561306037960065,49.56672790712515,2265500,0.0
BIL.US,道富SPDR彭博1-3个月美国国债ETF,1646370000000,2022-03-04,2022-03-04 00:00:00,49.561306037960065,49.56672790712515,49.561306037960065,49.56672790712515,1231700,0.0
BIL.US,道富SPDR彭博1-3个月美国国债ETF,1646629200000,2022-03-07,2022-03-07 00:00:00,49.555884168795,49.56672790712515,49.555884168795,49.56672790712515,15932100,0.0
BIL.US,道富SPDR彭博1-3个月美国国债ETF,1646715600000,2022-03-08,2022-03-08 00:00:00,49.56672790712515,49.56672790712515,49.561306037960065,49.56672790712515,7738700,0.0
BIL.US,道富SPDR彭博1-3个月美国国债ETF,1646802000000,2022-03-09,2022-03-09 00:00:00,49.56672790712515,49.56672790712515,49.561306037960065,49.56672790712515,2580700,0.0
BIL.US,道富SPDR彭博1-3个月美国国债ETF,1646888400000,2022-03-10,2022-03-10 00:00:00,49.56672790712515,49.56672790712515,49.561306037960065,49.56672790712515,2353100,0.0
BIL.US,道富SPDR彭博1-3个月美国国债ETF,1646974800000,2022-03-11,2022-03-11 00:00:00,49.56672790712515,49.56672790712515,49.561306037960065,49.561306037960065,805100,0.0
BIL.US,道富SPDR彭博1-3个月美国国债ETF,1647230400000,2022-03-14,2022-03-14 00:00:00,49.561306037960065,49.56672790712515,49.561306037960065,49.56672790712515,3886800,0.0
BIL.US,道富SPDR彭博1-3个月美国国债ETF,1647316800000,2022-03-15,2022-03-15 00:00:00,49.56672790712515,49.56672790712515,49.555884168795,49.555884168795,6259700,0.0
BIL.US,道富SPDR彭博1-3个月美国国债ETF,1647403200000,2022-03-16,2022-03-16 00:00:00,49.561306037960065,49.56672790712515,49.555884168795,49.56672790712515,1773200,0.0
BIL.US,道富SPDR彭博1-3个月美国国债ETF,1647489600000,2022-03-17,2022-03-17 00:00:00,49.561306037960065,49.56672790712515,49.561306037960065,49.56672790712515,5463400,0.0
BIL.US,道富SPDR彭博1-3个月美国国债ETF,1647576000000,2022-03-18,2022-03-18 00:00:00,49.56672790712515,49.56672790712515,49.561306037960065,49.561306037960065,3115300,0.0
BIL.US,道富SPDR彭博1-3个月美国国债ETF,1647835200000,2022-03-21,2022-03-21 00:00:00,49.561306037960065,49.56672790712515,49.561306037960065,49.561306037960065,3961400,0.0
BIL.US,道富SPDR彭博1-3个月美国国债ETF,1647921600000,2022-03-22,2022-03-22 00:00:00,49.56672790712515,49.56672790712515,49.561306037960065,49.561306037960065,3440100,0.0
BIL.US,道富SPDR彭博1-3个月美国国债ETF,1648008000000,2022-03-23,2022-03-23 00:00:00,49.561306037960065,49.572149776290225,49.561306037960065,49.572149776290225,2205600,0.0
BIL.US,道富SPDR彭博1-3个月美国国债ETF,1648094400000,2022-03-24,2022-03-24 00:00:00,49.56672790712515,49.572149776290225,49.56672790712515,49.572149776290225,1749600,0.0
BIL.US,道富SPDR彭博1-3个月美国国债ETF,1648180800000,2022-03-25,2022-03-25 00:00:00,49.572149776290225,49.572149776290225,49.561306037960065,49.561306037960065,2840100,0.0
BIL.US,道富SPDR彭博1-3个月美国国债ETF,1648440000000,2022-03-28,2022-03-28 00:00:00,49.56672790712515,49.56672790712515,49.561306037960065,49.561306037960065,2839400,0.0
BIL.US,道富SPDR彭博1-3个月美国国债ETF,1648526400000,2022-03-29,2022-03-29 00:00:00,49.56672790712515,49.572149776290225,49.561306037960065,49.561306037960065,4356400,0.0
BIL.US,道富SPDR彭博1-3个月美国国债ETF,1648612800000,2022-03-30,2022-03-30 00:00:00,49.561306037960065,49.572149776290225,49.561306037960065,49.572149776290225,5278400,0.0
BIL.US,道富SPDR彭博1-3个月美国国债ETF,1648699200000,2022-03-31,2022-03-31 00:00:00,49.572149776290225,49.572149776290225,49.56672790712515,49.572149776290225,4311600,0.0
BIL.US,道富SPDR彭博1-3个月美国国债ETF,1648785600000,2022-04-01,2022-04-01 00:00:00,49.56672790712515,49.572149776290225,49.561306037960065,49.572149776290225,2302500,0.0
BIL.US,道富SPDR彭博1-3个月美国国债ETF,1649044800000,2022-04-04,2022-04-04 00:00:00,49.561306037960065,49.56672790712515,49.561306037960065,49.56672790712515,2478600,0.0
BIL.US,道富SPDR彭博1-3个月美国国债ETF,1649131200000,2022-04-05,2022-04-05 00:00:00,49.561306037960065,49.56672790712515,49.561306037960065,49.561306037960065,2060900,0.0
BIL.US,道富SPDR彭博1-3个月美国国债ETF,1649217600000,2022-04-06,2022-04-06 00:00:00,49.56672790712515,49.56672790712515,49.561306037960065,49.56672790712515,2698700,0.0
BIL.US,道富SPDR彭博1-3个月美国国债ETF,1649304000000,2022-04-07,2022-04-07 00:00:00,49.561306037960065,49.56672790712515,49.561306037960065,49.56672790712515,2615000,0.0
BIL.US,道富SPDR彭博1-3个月美国国债ETF,1649390400000,2022-04-08,2022-04-08 00:00:00,49.561306037960065,49.56672790712515,49.561306037960065,49.561306037960065,4726200,0.0
BIL.US,道富SPDR彭博1-3个月美国国债ETF,1649649600000,2022-04-11,2022-04-11 00:00:00,49.56672790712515,49.56672790712515,49.561306037960065,49.56672790712515,3597100,0.0
BIL.US,道富SPDR彭博1-3个月美国国债ETF,1649736000000,2022-04-12,2022-04-12 00:00:00,49.561306037960065,49.56672790712515,49.561306037960065,49.56672790712515,5780400,0.0
BIL.US,道富SPDR彭博1-3个月美国国债ETF,1649822400000,2022-04-13,2022-04-13 00:00:00,49.561306037960065,49.56672790712515,49.561306037960065,49.56672790712515,3719200,0.0
BIL.US,道富SPDR彭博1-3个月美国国债ETF,1649908800000,2022-04-14,2022-04-14 00:00:00,49.561306037960065,49.56672790712515,49.561306037960065,49.561306037960065,1612700,0.0
BIL.US,道富SPDR彭博1-3个月美国国债ETF,1650254400000,2022-04-18,2022-04-18 00:00:00,49.561306037960065,49.56672790712515,49.561306037960065,49.56672790712515,2689000,0.0
BIL.US,道富SPDR彭博1-3个月美国国债ETF,1650340800000,2022-04-19,2022-04-19 00:00:00,49.561306037960065,49.56672790712515,49.561306037960065,49.561306037960065,3194900,0.0
BIL.US,道富SPDR彭博1-3个月美国国债ETF,1650427200000,2022-04-20,2022-04-20 00:00:00,49.561306037960065,49.572149776290225,49.561306037960065,49.572149776290225,1901700,0.0
BIL.US,道富SPDR彭博1-3个月美国国债ETF,1650513600000,2022-04-21,2022-04-21 00:00:00,49.572149776290225,49.572149776290225,49.56672790712515,49.572149776290225,3573700,0.0
BIL.US,道富SPDR彭博1-3个月美国国债ETF,1650600000000,2022-04-22,2022-04-22 00:00:00,49.561306037960065,49.572149776290225,49.561306037960065,49.56672790712515,2183300,0.0
BIL.US,道富SPDR彭博1-3个月美国国债ETF,1650859200000,2022-04-25,2022-04-25 00:00:00,49.561306037960065,49.572149776290225,49.561306037960065,49.572149776290225,10561900,0.0
BIL.US,道富SPDR彭博1-3个月美国国债ETF,1650945600000,2022-04-26,2022-04-26 00:00:00,49.56672790712515,49.572149776290225,49.56672790712515,49.56672790712515,4266900,0.0
BIL.US,道富SPDR彭博1-3个月美国国债ETF,1651032000000,2022-04-27,2022-04-27 00:00:00,49.56672790712515,49.572149776290225,49.56672790712515,49.56672790712515,7534800,0.0
BIL.US,道富SPDR彭博1-3个月美国国债ETF,1651118400000,2022-04-28,2022-04-28 00:00:00,49.56672790712515,49.57757164545529,49.56672790712515,49.57757164545529,5876900,0.0
BIL.US,道富SPDR彭博1-3个月美国国债ETF,1651204800000,2022-04-29,2022-04-29 00:00:00,49.572149776290225,49.572149776290225,49.56672790712515,49.56672790712515,2678700,0.0
BIL.US,道富SPDR彭博1-3个月美国国债ETF,1651464000000,2022-05-02,2022-05-02 00:00:00,49.57757164545529,49.57757164545529,49.56672790712515,49.572149776290225,7420800,0.0
BIL.US,道富SPDR彭博1-3个月美国国债ETF,1651550400000,2022-05-03,2022-05-03 00:00:00,49.57757164545529,49.57757164545529,49.56672790712515,49.56672790712515,5964300,0.0
BIL.US,道富SPDR彭博1-3个月美国国债ETF,1651636800000,2022-05-04,2022-05-04 00:00:00,49.56672790712515,49.57757164545529,49.56672790712515,49.57757164545529,3019400,0.0
BIL.US,道富SPDR彭博1-3个月美国国债ETF,1651723200000,2022-05-05,2022-05-05 00:00:00,49.57757164545529,49.57757164545529,49.572149776290225,49.57757164545529,4886800,0.0
BIL.US,道富SPDR彭博1-3个月美国国债ETF,1651809600000,2022-05-06,2022-05-06 00:00:00,49.572149776290225,49.57757164545529,49.572149776290225,49.57757164545529,4785800,0.0
BIL.US,道富SPDR彭博1-3个月美国国债ETF,1652068800000,2022-05-09,2022-05-09 00:00:00,49.58299351462038,49.58299351462038,49.572149776290225,49.572149776290225,8826900,0.0
BIL.US,道富SPDR彭博1-3个月美国国债ETF,1652155200000,2022-05-10,2022-05-10 00:00:00,49.57757164545529,49.58299351462038,49.572149776290225,49.572149776290225,8261200,0.0
BIL.US,道富SPDR彭博1-3个月美国国债ETF,1652241600000,2022-05-11,2022-05-11 00:00:00,49.572149776290225,49.58299351462038,49.572149776290225,49.572149776290225,6387100,0.0
BIL.US,道富SPDR彭博1-3个月美国国债ETF,1652328000000,2022-05-12,2022-05-12 00:00:00,49.57757164545529,49.58299351462038,49.572149776290225,49.57757164545529,9010900,0.0
BIL.US,道富SPDR彭博1-3个月美国国债ETF,1652414400000,2022-05-13,2022-05-13 00:00:00,49.572149776290225,49.58299351462038,49.572149776290225,49.58299351462038,14920600,0.0
BIL.US,道富SPDR彭博1-3个月美国国债ETF,1652673600000,2022-05-16,2022-05-16 00:00:00,49.57757164545529,49.57757164545529,49.572149776290225,49.57757164545529,2700400,0.0
BIL.US,道富SPDR彭博1-3个月美国国债ETF,1652760000000,2022-05-17,2022-05-17 00:00:00,49.572149776290225,49.58299351462038,49.572149776290225,49.57757164545529,2456600,0.0
BIL.US,道富SPDR彭博1-3个月美国国债ETF,1652846400000,2022-05-18,2022-05-18 00:00:00,49.57757164545529,49.58299351462038,49.572149776290225,49.57757164545529,4456300,0.0
BIL.US,道富SPDR彭博1-3个月美国国债ETF,1652932800000,2022-05-19,2022-05-19 00:00:00,49.58299351462038,49.588415383785446,49.57757164545529,49.588415383785446,4009000,0.0
BIL.US,道富SPDR彭博1-3个月美国国债ETF,1653019200000,2022-05-20,2022-05-20 00:00:00,49.58299351462038,49.588415383785446,49.57757164545529,49.588415383785446,3051600,0.0
BIL.US,道富SPDR彭博1-3个月美国国债ETF,1653278400000,2022-05-23,2022-05-23 00:00:00,49.58299351462038,49.588415383785446,49.58299351462038,49.588415383785446,2073200,0.0
BIL.US,道富SPDR彭博1-3个月美国国债ETF,1653364800000,2022-05-24,2022-05-24 00:00:00,49.588415383785446,49.588415383785446,49.58299351462038,49.58299351462038,3355300,0.0
BIL.US,道富SPDR彭博1-3个月美国国债ETF,1653451200000,2022-05-25,2022-05-25 00:00:00,49.58299351462038,49.588415383785446,49.58299351462038,49.588415383785446,1700700,0.0
BIL.US,道富SPDR彭博1-3个月美国国债ETF,1653537600000,2022-05-26,2022-05-26 00:00:00,49.58299351462038,49.599259122115605,49.58299351462038,49.599259122115605,3220500,0.0
BIL.US,道富SPDR彭博1-3个月美国国债ETF,1653624000000,2022-05-27,2022-05-27 00:00:00,49.59383725295052,49.59383725295052,49.58299351462038,49.588415383785446,2958500,0.0
BIL.US,道富SPDR彭博1-3个月美国国债ETF,1653969600000,2022-05-31,2022-05-31 00:00:00,49.59383725295052,49.59383725295052,49.57757164545529,49.58299351462038,19779300,0.0
BIL.US,道富SPDR彭博1-3个月美国国债ETF,1654056000000,2022-06-01,2022-06-01 00:00:00,49.57757164545529,49.57757164545529,49.56672790712515,49.56672790712515,18526200,0.0
BIL.US,道富SPDR彭博1-3个月美国国债ETF,1654142400000,2022-06-02,2022-06-02 00:00:00,49.572149776290225,49.57757164545529,49.56672790712515,49.57757164545529,1281900,0.0
BIL.US,道富SPDR彭博1-3个月美国国债ETF,1654228800000,2022-06-03,2022-06-03 00:00:00,49.572149776290225,49.57757164545529,49.56672790712515,49.56672790712515,3104000,0.0
BIL.US,道富SPDR彭博1-3个月美国国债ETF,1654488000000,2022-06-06,2022-06-06 00:00:00,49.572149776290225,49.572149776290225,49.56672790712515,49.572149776290225,1593400,0.0
BIL.US,道富SPDR彭博1-3个月美国国债ETF,1654574400000,2022-06-07,2022-06-07 00:00:00,49.572149776290225,49.57757164545529,49.56672790712515,49.56672790712515,1682100,0.0
BIL.US,道富SPDR彭博1-3个月美国国债ETF,1654660800000,2022-06-08,2022-06-08 00:00:00,49.57757164545529,49.57757164545529,49.572149776290225,49.572149776290225,2004600,0.0
BIL.US,道富SPDR彭博1-3个月美国国债ETF,1654747200000,2022-06-09,2022-06-09 00:00:00,49.57757164545529,49.57757164545529,49.572149776290225,49.57757164545529,1762500,0.0
BIL.US,道富SPDR彭博1-3个月美国国债ETF,1654833600000,2022-06-10,2022-06-10 00:00:00,49.57757164545529,49.57757164545529,49.56672790712515,49.56672790712515,7140300,0.0
BIL.US,道富SPDR彭博1-3个月美国国债ETF,1655092800000,2022-06-13,2022-06-13 00:00:00,49.572149776290225,49.572149776290225,49.56672790712515,49.572149776290225,37231500,0.0
BIL.US,道富SPDR彭博1-3个月美国国债ETF,1655179200000,2022-06-14,2022-06-14 00:00:00,49.56672790712515,49.56672790712515,49.561306037960065,49.56672790712515,8434200,0.0
BIL.US,道富SPDR彭博1-3个月美国国债ETF,1655265600000,2022-06-15,2022-06-15 00:00:00,49.56672790712515,49.572149776290225,49.561306037960065,49.572149776290225,2895100,0.0
BIL.US,道富SPDR彭博1-3个月美国国债ETF,1655352000000,2022-06-16,2022-06-16 00:00:00,49.572149776290225,49.58299351462038,49.56672790712515,49.58299351462038,5284100,0.0
BIL.US,道富SPDR彭博1-3个月美国国债ETF,1655438400000,2022-06-17,2022-06-17 00:00:00,49.57757164545529,49.58299351462038,49.57757164545529,49.57757164545529,3422300,0.0
BIL.US,道富SPDR彭博1-3个月美国国债ETF,1655784000000,2022-06-21,2022-06-21 00:00:00,49.58299351462038,49.588415383785446,49.57757164545529,49.588415383785446,5266300,0.0
BIL.US,道富SPDR彭博1-3个月美国国债ETF,1655870400000,2022-06-22,2022-06-22 00:00:00,49.588415383785446,49.59383725295052,49.58299351462038,49.59383725295052,2871200,0.0
BIL.US,道富SPDR彭博1-3个月美国国债ETF,1655956800000,2022-06-23,2022-06-23 00:00:00,49.59383725295052,49.59383725295052,49.588415383785446,49.59383725295052,4669500,0.0
BIL.US,道富SPDR彭博1-3个月美国国债ETF,1656043200000,2022-06-24,2022-06-24 00:00:00,49.59383725295052,49.59383725295052,49.58299351462038,49.58299351462038,3544200,0.0
BIL.US,道富SPDR彭博1-3个月美国国债ETF,1656302400000,2022-06-27,2022-06-27 00:00:00,49.588415383785446,49.588415383785446,49.58299351462038,49.58299351462038,7641900,0.0
BIL.US,道富SPDR彭博1-3个月美国国债ETF,1656388800000,2022-06-28,2022-06-28 00:00:00,49.588415383785446,49.59383725295052,49.588415383785446,49.59383725295052,2885300,0.0
BIL.US,道富SPDR彭博1-3个月美国国债ETF,1656475200000,2022-06-29,2022-06-29 00:00:00,49.58299351462038,49.599259122115605,49.58299351462038,49.599259122115605,1893500,0.0
BIL.US,道富SPDR彭博1-3个月美国国债ETF,1656561600000,2022-06-30,2022-06-30 00:00:00,49.599259122115605,49.604680991280674,49.59383725295052,49.604680991280674,4423500,0.0
BIL.US,道富SPDR彭博1-3个月美国国债ETF,1656648000000,2022-07-01,2022-07-01 00:00:00,49.572149776290225,49.57757164545529,49.561306037960065,49.572149776290225,35879400,0.0
BIL.US,道富SPDR彭博1-3个月美国国债ETF,1656993600000,2022-07-05,2022-07-05 00:00:00,49.572149776290225,49.572149776290225,49.56672790712515,49.572149776290225,9036600,0.0
BIL.US,道富SPDR彭博1-3个月美国国债ETF,1657080000000,2022-07-06,2022-07-06 00:00:00,49.572149776290225,49.572149776290225,49.56672790712515,49.572149776290225,3783200,0.0
BIL.US,道富SPDR彭博1-3个月美国国债ETF,1657166400000,2022-07-07,2022-07-07 00:00:00,49.57757164545529,49.57757164545529,49.56672790712515,49.572149776290225,1840500,0.0
BIL.US,道富SPDR彭博1-3个月美国国债ETF,1657252800000,2022-07-08,2022-07-08 00:00:00,49.572149776290225,49.572149776290225,49.56672790712515,49.56672790712515,1363900,0.0
BIL.US,道富SPDR彭博1-3个月美国国债ETF,1657512000000,2022-07-11,2022-07-11 00:00:00,49.56672790712515,49.572149776290225,49.56672790712515,49.572149776290225,2316900,0.0
BIL.US,道富SPDR彭博1-3个月美国国债ETF,1657598400000,2022-07-12,2022-07-12 00:00:00,49.572149776290225,49.572149776290225,49.56672790712515,49.56672790712515,15559600,0.0
BIL.US,道富SPDR彭博1-3个月美国国债ETF,1657684800000,2022-07-13,2022-07-13 00:00:00,49.56672790712515,49.572149776290225,49.555884168795,49.56672790712515,12606500,0.0
BIL.US,道富SPDR彭博1-3个月美国国债ETF,1657771200000,2022-07-14,2022-07-14 00:00:00,49.561306037960065,49.572149776290225,49.561306037960065,49.572149776290225,5037600,0.0
BIL.US,道富SPDR彭博1-3个月美国国债ETF,1657857600000,2022-07-15,2022-07-15 00:00:00,49.572149776290225,49.572149776290225,49.56672790712515,49.56672790712515,6939500,0.0
BIL.US,道富SPDR彭博1-3个月美国国债ETF,1658116800000,2022-07-18,2022-07-18 00:00:00,49.56672790712515,49.572149776290225,49.561306037960065,49.56672790712515,3639500,0.0
BIL.US,道富SPDR彭博1-3个月美国国债ETF,1658203200000,2022-07-19,2022-07-19 00:00:00,49.572149776290225,49.572149776290225,49.56672790712515,49.56672790712515,6771200,0.0
BIL.US,道富SPDR彭博1-3个月美国国债ETF,1658289600000,2022-07-20,2022-07-20 00:00:00,49.572149776290225,49.57757164545529,49.56672790712515,49.56672790712515,4695800,0.0
BIL.US,道富SPDR彭博1-3个月美国国债ETF,1658376000000,2022-07-21,2022-07-21 00:00:00,49.572149776290225,49.58299351462038,49.56672790712515,49.58299351462038,3627900,0.0
BIL.US,道富SPDR彭博1-3个月美国国债ETF,1658462400000,2022-07-22,2022-07-22 00:00:00,49.58299351462038,49.588415383785446,49.57757164545529,49.588415383785446,3511300,0.0
BIL.US,道富SPDR彭博1-3个月美国国债ETF,1658721600000,2022-07-25,2022-07-25 00:00:00,49.58299351462038,49.58299351462038,49.57757164545529,49.58299351462038,3172000,0.0
BIL.US,道富SPDR彭博1-3个月美国国债ETF,1658808000000,2022-07-26,2022-07-26 00:00:00,49.58299351462038,49.58299351462038,49.57757164545529,49.58299351462038,1477200,0.0
BIL.US,道富SPDR彭博1-3个月美国国债ETF,1658894400000,2022-07-27,2022-07-27 00:00:00,49.58299351462038,49.588415383785446,49.57757164545529,49.58299351462038,2611200,0.0
BIL.US,道富SPDR彭博1-3个月美国国债ETF,1658980800000,2022-07-28,2022-07-28 00:00:00,49.588415383785446,49.59383725295052,49.588415383785446,49.588415383785446,7732500,0.0
BIL.US,道富SPDR彭博1-3个月美国国债ETF,1659067200000,2022-07-29,2022-07-29 00:00:00,49.588415383785446,49.599259122115605,49.588415383785446,49.59383725295052,6626600,0.0
BIL.US,道富SPDR彭博1-3个月美国国债ETF,1659326400000,2022-08-01,2022-08-01 00:00:00,49.592041707668855,49.60289692091339,49.592041707668855,49.59746931429112,10760700,0.0
BIL.US,道富SPDR彭博1-3个月美国国债ETF,1659412800000,2022-08-02,2022-08-02 00:00:00,49.59746931429112,49.60289692091339,49.59746931429112,49.60289692091339,3115600,0.0
BIL.US,道富SPDR彭博1-3个月美国国债ETF,1659499200000,2022-08-03,2022-08-03 00:00:00,49.60832452753566,49.60832452753566,49.59746931429112,49.59746931429112,4216500,0.0
BIL.US,道富SPDR彭博1-3个月美国国债ETF,1659585600000,2022-08-04,2022-08-04 00:00:00,49.61375213415792,49.6191797407802,49.60832452753566,49.60832452753566,6491000,0.0
BIL.US,道富SPDR彭博1-3个月美国国债ETF,1659672000000,2022-08-05,2022-08-05 00:00:00,49.6191797407802,49.6191797407802,49.61375213415792,49.6191797407802,1852700,0.0
BIL.US,道富SPDR彭博1-3个月美国国债ETF,1659931200000,2022-08-08,2022-08-08 00:00:00,49.61375213415792,49.62460734740247,49.61375213415792,49.62460734740247,2745500,0.0
BIL.US,道富SPDR彭博1-3个月美国国债ETF,1660017600000,2022-08-09,2022-08-09 00:00:00,49.61375213415792,49.62460734740247,49.61375213415792,49.6191797407802,3834300,0.0
BIL.US,道富SPDR彭博1-3个月美国国债ETF,1660104000000,2022-08-10,2022-08-10 00:00:00,49.6191797407802,49.63003495402473,49.6191797407802,49.62460734740247,3782000,0.0
BIL.US,道富SPDR彭博1-3个月美国国债ETF,1660190400000,2022-08-11,2022-08-11 00:00:00,49.63003495402473,49.635462560647,49.62460734740247,49.62460734740247,6543700,0.0
BIL.US,道富SPDR彭博1-3个月美国国债ETF,1660276800000,2022-08-12,2022-08-12 00:00:00,49.63003495402473,49.635462560647,49.63003495402473,49.635462560647,2110900,0.0
BIL.US,道富SPDR彭博1-3个月美国国债ETF,1660536000000,2022-08-15,2022-08-15 00:00:00,49.63003495402473,49.635462560647,49.63003495402473,49.63003495402473,5605700,0.0
BIL.US,道富SPDR彭博1-3个月美国国债ETF,1660622400000,2022-08-16,2022-08-16 00:00:00,49.64089016726926,49.64089016726926,49.635462560647,49.635462560647,4336300,0.0
BIL.US,道富SPDR彭博1-3个月美国国债ETF,1660708800000,2022-08-17,2022-08-17 00:00:00,49.64089016726926,49.64631777389154,49.635462560647,49.635462560647,3673500,0.0
BIL.US,道富SPDR彭博1-3个月美国国债ETF,1660795200000,2022-08-18,2022-08-18 00:00:00,49.65174538051381,49.65717298713607,49.64631777389154,49.65717298713607,2227900,0.0
BIL.US,道富SPDR彭博1-3个月美国国债ETF,1660881600000,2022-08-19,2022-08-19 00:00:00,49.65174538051381,49.65717298713607,49.64631777389154,49.65717298713607,4136800,0.0
BIL.US,道富SPDR彭博1-3个月美国国债ETF,1661140800000,2022-08-22,2022-08-22 00:00:00,49.65174538051381,49.66260059375834,49.65174538051381,49.66260059375834,5597500,0.0
BIL.US,道富SPDR彭博1-3个月美国国债ETF,1661227200000,2022-08-23,2022-08-23 00:00:00,49.66260059375834,49.66260059375834,49.65174538051381,49.65174538051381,6860300,0.0
BIL.US,道富SPDR彭博1-3个月美国国债ETF,1661313600000,2022-08-24,2022-08-24 00:00:00,49.66260059375834,49.66802820038062,49.65717298713607,49.66802820038062,2585800,0.0
BIL.US,道富SPDR彭博1-3个月美国国债ETF,1661400000000,2022-08-25,2022-08-25 00:00:00,49.66802820038062,49.67345580700288,49.66802820038062,49.67345580700288,3997700,0.0
BIL.US,道富SPDR彭博1-3个月美国国债ETF,1661486400000,2022-08-26,2022-08-26 00:00:00,49.66802820038062,49.67888341362515,49.66802820038062,49.67345580700288,5442900,0.0
BIL.US,道富SPDR彭博1-3个月美国国债ETF,1661745600000,2022-08-29,2022-08-29 00:00:00,49.67345580700288,49.67888341362515,49.67345580700288,49.67345580700288,7337600,0.0
BIL.US,道富SPDR彭博1-3个月美国国债ETF,1661832000000,2022-08-30,2022-08-30 00:00:00,49.67888341362515,49.68431102024742,49.67345580700288,49.67888341362515,32133200,0.0
BIL.US,道富SPDR彭博1-3个月美国国债ETF,1661918400000,2022-08-31,2022-08-31 00:00:00,49.68431102024742,49.68973862686968,49.67888341362515,49.68973862686968,9405200,0.0
BIL.US,道富SPDR彭博1-3个月美国国债ETF,1662004800000,2022-09-01,2022-09-01 00:00:00,49.69979164470992,49.69979164470992,49.694355814933616,49.69979164470992,8174900,0.0
BIL.US,道富SPDR彭博1-3个月美国国债ETF,1662091200000,2022-09-02,2022-09-02 00:00:00,49.69979164470992,49.70522747448621,49.694355814933616,49.70522747448621,5871700,0.0
BIL.US,道富SPDR彭博1-3个月美国国债ETF,1662436800000,2022-09-06,2022-09-06 00:00:00,49.69979164470992,49.70522747448621,49.69979164470992,49.70522747448621,7990900,0.0
BIL.US,道富SPDR彭博1-3个月美国国债ETF,1662523200000,2022-09-07,2022-09-07 00:00:00,49.69979164470992,49.71066330426251,49.69979164470992,49.71066330426251,5180700,0.0
BIL.US,道富SPDR彭博1-3个月美国国债ETF,1662609600000,2022-09-08,2022-09-08 00:00:00,49.72153496381511,49.72153496381511,49.71066330426251,49.72153496381511,4564500,0.0
BIL.US,道富SPDR彭博1-3个月美国国债ETF,1662696000000,2022-09-09,2022-09-09 00:00:00,49.71609913403881,49.72153496381511,49.71609913403881,49.72153496381511,1905300,0.0
BIL.US,道富SPDR彭博1-3个月美国国债ETF,1662955200000,2022-09-12,2022-09-12 00:00:00,49.72153496381511,49.72697079359141,49.71609913403881,49.71609913403881,5377000,0.0
BIL.US,道富SPDR彭博1-3个月美国国债ETF,1663041600000,2022-09-13,2022-09-13 00:00:00,49.71609913403881,49.72697079359141,49.71609913403881,49.72697079359141,6223300,0.0
BIL.US,道富SPDR彭博1-3个月美国国债ETF,1663128000000,2022-09-14,2022-09-14 00:00:00,49.72697079359141,49.72697079359141,49.72153496381511,49.72697079359141,4226700,0.0
BIL.US,道富SPDR彭博1-3个月美国国债ETF,1663214400000,2022-09-15,2022-09-15 00:00:00,49.73240662336771,49.743278282920315,49.73240662336771,49.743278282920315,5787100,0.0
BIL.US,道富SPDR彭博1-3个月美国国债ETF,1663300800000,2022-09-16,2022-09-16 00:00:00,49.743278282920315,49.743278282920315,49.73784245314401,49.743278282920315,3512300,0.0
BIL.US,道富SPDR彭博1-3个月美国国债ETF,1663560000000,2022-09-19,2022-09-19 00:00:00,49.743278282920315,49.74871411269661,49.73784245314401,49.743278282920315,5158100,0.0
BIL.US,道富SPDR彭博1-3个月美国国债ETF,1663646400000,2022-09-20,2022-09-20 00:00:00,49.74871411269661,49.74871411269661,49.73784245314401,49.73784245314401,3792700,0.0
BIL.US,道富SPDR彭博1-3个月美国国债ETF,1663732800000,2022-09-21,2022-09-21 00:00:00,49.743278282920315,49.754149942472914,49.743278282920315,49.74871411269661,3739800,0.0
BIL.US,道富SPDR彭博1-3个月美国国债ETF,1663819200000,2022-09-22,2022-09-22 00:00:00,49.75958577224922,49.77045743180181,49.754149942472914,49.77045743180181,10975000,0.0
BIL.US,道富SPDR彭博1-3个月美国国债ETF,1663905600000,2022-09-23,2022-09-23 00:00:00,49.765021602025506,49.77045743180181,49.75958577224922,49.77045743180181,15103200,0.0
BIL.US,道富SPDR彭博1-3个月美国国债ETF,1664164800000,2022-09-26,2022-09-26 00:00:00,49.77045743180181,49.77045743180181,49.75958577224922,49.75958577224922,7695700,0.0
BIL.US,道富SPDR彭博1-3个月美国国债ETF,1664251200000,2022-09-27,2022-09-27 00:00:00,49.77045743180181,49.775893261578105,49.77045743180181,49.775893261578105,5871100,0.0
BIL.US,道富SPDR彭博1-3个月美国国债ETF,1664337600000,2022-09-28,2022-09-28 00:00:00,49.775893261578105,49.78132909135441,49.77045743180181,49.78132909135441,6709900,0.0
BIL.US,道富SPDR彭博1-3个月美国国债ETF,1664424000000,2022-09-29,2022-09-29 00:00:00,49.79220075090701,49.79220075090701,49.78676492113071,49.79220075090701,5973300,0.0
BIL.US,道富SPDR彭博1-3个月美国国债ETF,1664510400000,2022-09-30,2022-09-30 00:00:00,49.79220075090701,49.79220075090701,49.78132909135441,49.79220075090701,9858400,0.0
BIL.US,道富SPDR彭博1-3个月美国国债ETF,1664769600000,2022-10-03,2022-10-03 00:00:00,49.79511028279283,49.79511028279283,49.77877509079191,49.77877509079191,7300900,0.0
BIL.US,道富SPDR彭博1-3个月美国国债ETF,1664856000000,2022-10-04,2022-10-04 00:00:00,49.79511028279283,49.79511028279283,49.78422015479222,49.79511028279283,6583100,0.0
BIL.US,道富SPDR彭博1-3个月美国国债ETF,1664942400000,2022-10-05,2022-10-05 00:00:00,49.79511028279283,49.80055534679313,49.78966521879252,49.79511028279283,6425800,0.0
BIL.US,道富SPDR彭博1-3个月美国国债ETF,1665028800000,2022-10-06,2022-10-06 00:00:00,49.81144547479375,49.81144547479375,49.80600041079344,49.80600041079344,3415600,0.0
BIL.US,道富SPDR彭博1-3个月美国国债ETF,1665115200000,2022-10-07,2022-10-07 00:00:00,49.80600041079344,49.81144547479375,49.80600041079344,49.80600041079344,5033700,0.0
BIL.US,道富SPDR彭博1-3个月美国国债ETF,1665374400000,2022-10-10,2022-10-10 00:00:00,49.81689053879405,49.81689053879405,49.81144547479375,49.81144547479375,5591100,0.0
BIL.US,道富SPDR彭博1-3个月美国国债ETF,1665460800000,2022-10-11,2022-10-11 00:00:00,49.81144547479375,49.81689053879405,49.81144547479375,49.81144547479375,7847100,0.0
BIL.US,道富SPDR彭博1-3个月美国国债ETF,1665547200000,2022-10-12,2022-10-12 00:00:00,49.81689053879405,49.81689053879405,49.81144547479375,49.81144547479375,4389200,0.0
BIL.US,道富SPDR彭博1-3个月美国国债ETF,1665633600000,2022-10-13,2022-10-13 00:00:00,49.822335602794354,49.827780666794666,49.822335602794354,49.827780666794666,5012800,0.0
BIL.US,道富SPDR彭博1-3个月美国国债ETF,1665720000000,2022-10-14,2022-10-14 00:00:00,49.827780666794666,49.827780666794666,49.822335602794354,49.827780666794666,3121700,0.0
BIL.US,道富SPDR彭博1-3个月美国国债ETF,1665979200000,2022-10-17,2022-10-17 00:00:00,49.833225730794965,49.833225730794965,49.827780666794666,49.827780666794666,6373200,0.0
BIL.US,道富SPDR彭博1-3个月美国国债ETF,1666065600000,2022-10-18,2022-10-18 00:00:00,49.827780666794666,49.833225730794965,49.827780666794666,49.827780666794666,4985900,0.0
BIL.US,道富SPDR彭博1-3个月美国国债ETF,1666152000000,2022-10-19,2022-10-19 00:00:00,49.833225730794965,49.833225730794965,49.827780666794666,49.827780666794666,4334600,0.0
BIL.US,道富SPDR彭博1-3个月美国国债ETF,1666238400000,2022-10-20,2022-10-20 00:00:00,49.83867079479527,49.84956092279588,49.83867079479527,49.84956092279588,4561800,0.0
BIL.US,道富SPDR彭博1-3个月美国国债ETF,1666324800000,2022-10-21,2022-10-21 00:00:00,49.84956092279588,49.855005986796186,49.84411585879558,49.855005986796186,4658600,0.0
BIL.US,道富SPDR彭博1-3个月美国国债ETF,1666584000000,2022-10-24,2022-10-24 00:00:00,49.84956092279588,49.855005986796186,49.84956092279588,49.84956092279588,2286700,0.0
BIL.US,道富SPDR彭博1-3个月美国国债ETF,1666670400000,2022-10-25,2022-10-25 00:00:00,49.84956092279588,49.86045105079649,49.84956092279588,49.84956092279588,7035300,0.0
BIL.US,道富SPDR彭博1-3个月美国国债ETF,1666756800000,2022-10-26,2022-10-26 00:00:00,49.855005986796186,49.86045105079649,49.855005986796186,49.86045105079649,8136300,0.0
BIL.US,道富SPDR彭博1-3个月美国国债ETF,1666843200000,2022-10-27,2022-10-27 00:00:00,49.8713411787971,49.87678624279741,49.8658961147968,49.87678624279741,4473800,0.0
BIL.US,道富SPDR彭博1-3个月美国国债ETF,1666929600000,2022-10-28,2022-10-28 00:00:00,49.87678624279741,49.87678624279741,49.8713411787971,49.8713411787971,25494400,0.0
BIL.US,道富SPDR彭博1-3个月美国国债ETF,1667188800000,2022-10-31,2022-10-31 00:00:00,49.87678624279741,49.88223130679771,49.8713411787971,49.8713411787971,6145800,0.0
BIL.US,道富SPDR彭博1-3个月美国国债ETF,1667275200000,2022-11-01,2022-11-01 00:00:00,49.88640697431035,49.88640697431035,49.87549210570203,49.87549210570203,6054500,0.0
BIL.US,道富SPDR彭博1-3个月美国国债ETF,1667361600000,2022-11-02,2022-11-02 00:00:00,49.8918644086145,49.8918644086145,49.88640697431035,49.8918644086145,3264900,0.0
BIL.US,道富SPDR彭博1-3个月美国国债ETF,1667448000000,2022-11-03,2022-11-03 00:00:00,49.90277927722282,49.90823671152698,49.897321842918664,49.90823671152698,8957600,0.0
BIL.US,道富SPDR彭博1-3个月美国国债ETF,1667534400000,2022-11-04,2022-11-04 00:00:00,49.91369414583114,49.91915158013529,49.90823671152698,49.91915158013529,9427700,0.0
BIL.US,道富SPDR彭博1-3个月美国国债ETF,1667797200000,2022-11-07,2022-11-07 00:00:00,49.91915158013529,49.91915158013529,49.91369414583114,49.91369414583114,6503900,0.0
BIL.US,道富SPDR彭博1-3个月美国国债ETF,1667883600000,2022-11-08,2022-11-08 00:00:00,49.91915158013529,49.924609014439454,49.91915158013529,49.91915158013529,5843000,0.0
BIL.US,道富SPDR彭博1-3个月美国国债ETF,1667970000000,2022-11-09,2022-11-09 00:00:00,49.940981317351934,49.94643875165608,49.93552388304777,49.94643875165608,3602500,0.0
BIL.US,道富SPDR彭博1-3个月美国国债ETF,1668056400000,2022-11-10,2022-11-10 00:00:00,49.94643875165608,49.951896185960244,49.94643875165608,49.951896185960244,5835600,0.0
BIL.US,道富SPDR彭博1-3个月美国国债ETF,1668142800000,2022-11-11,2022-11-11 00:00:00,49.951896185960244,49.951896185960244,49.94643875165608,49.94643875165608,6645400,0.0
BIL.US,道富SPDR彭博1-3个月美国国债ETF,1668402000000,2022-11-14,2022-11-14 00:00:00,49.957353620264406,49.957353620264406,49.94643875165608,49.94643875165608,10464400,0.0
BIL.US,道富SPDR彭博1-3个月美国国债ETF,1668488400000,2022-11-15,2022-11-15 00:00:00,49.957353620264406,49.957353620264406,49.951896185960244,49.957353620264406,9800800,0.0
BIL.US,道富SPDR彭博1-3个月美国国债ETF,1668574800000,2022-11-16,2022-11-16 00:00:00,49.957353620264406,49.96281105456856,49.957353620264406,49.96281105456856,7824100,0.0
BIL.US,道富SPDR彭博1-3个月美国国债ETF,1668661200000,2022-11-17,2022-11-17 00:00:00,49.97372592317687,49.979183357481034,49.97372592317687,49.979183357481034,4772400,0.0
BIL.US,道富SPDR彭博1-3个月美国国债ETF,1668747600000,2022-11-18,2022-11-18 00:00:00,49.97372592317687,49.979183357481034,49.97372592317687,49.979183357481034,7062900,0.0
BIL.US,道富SPDR彭博1-3个月美国国债ETF,1669006800000,2022-11-21,2022-11-21 00:00:00,49.984640791785196,49.984640791785196,49.979183357481034,49.984640791785196,3437100,0.0
BIL.US,道富SPDR彭博1-3个月美国国债ETF,1669093200000,2022-11-22,2022-11-22 00:00:00,49.984640791785196,49.995555660393514,49.984640791785196,49.995555660393514,5261000,0.0
BIL.US,道富SPDR彭博1-3个月美国国债ETF,1669179600000,2022-11-23,2022-11-23 00:00:00,50.00101309469767,50.011927963305986,50.00101309469767,50.006470529001824,4144300,0.0
BIL.US,道富SPDR彭博1-3个月美国国债ETF,1669352400000,2022-11-25,2022-11-25 00:00:00,50.011927963305986,50.011927963305986,50.006470529001824,50.006470529001824,2543100,0.0
BIL.US,道富SPDR彭博1-3个月美国国债ETF,1669611600000,2022-11-28,2022-11-28 00:00:00,50.011927963305986,50.01738539761015,50.011927963305986,50.011927963305986,4455700,0.0
BIL.US,道富SPDR彭博1-3个月美国国债ETF,1669698000000,2022-11-29,2022-11-29 00:00:00,50.0228428319143,50.02830026621846,50.01738539761015,50.02830026621846,3754700,0.0
BIL.US,道富SPDR彭博1-3个月美国国债ETF,1669784400000,2022-11-30,2022-11-30 00:00:00,50.0228428319143,50.02830026621846,50.0228428319143,50.02830026621846,5418300,0.0
BIL.US,道富SPDR彭博1-3个月美国国债ETF,1669870800000,2022-12-01,2022-12-01 00:00:00,50.03939102951761,50.04486400239626,50.03939102951761,50.03939102951761,10968000,0.0
BIL.US,道富SPDR彭博1-3个月美国国债ETF,1669957200000,2022-12-02,2022-12-02 00:00:00,50.05033697527491,50.05033697527491,50.04486400239626,50.04486400239626,10316300,0.0
BIL.US,道富SPDR彭博1-3个月美国国债ETF,1670216400000,2022-12-05,2022-12-05 00:00:00,50.05033697527491,50.05580994815356,50.05033697527491,50.05033697527491,8943700,0.0
BIL.US,道富SPDR彭博1-3个月美国国债ETF,1670302800000,2022-12-06,2022-12-06 00:00:00,50.061282921032216,50.066755893910866,50.05580994815356,50.066755893910866,9646800,0.0
BIL.US,道富SPDR彭博1-3个月美国国债ETF,1670389200000,2022-12-07,2022-12-07 00:00:00,50.072228866789516,50.07770183966817,50.066755893910866,50.066755893910866,9798600,0.0
BIL.US,道富SPDR彭博1-3个月美国国债ETF,1670475600000,2022-12-08,2022-12-08 00:00:00,50.08317481254683,50.099593731182786,50.08317481254683,50.099593731182786,3855900,0.0
BIL.US,道富SPDR彭博1-3个月美国国债ETF,1670562000000,2022-12-09,2022-12-09 00:00:00,50.09412075830413,50.099593731182786,50.09412075830413,50.09412075830413,7718900,0.0
BIL.US,道富SPDR彭博1-3个月美国国债ETF,1670821200000,2022-12-12,2022-12-12 00:00:00,50.10506670406143,50.10506670406143,50.099593731182786,50.099593731182786,4383600,0.0
BIL.US,道富SPDR彭博1-3个月美国国债ETF,1670907600000,2022-12-13,2022-12-13 00:00:00,50.10506670406143,50.110539676940085,50.099593731182786,50.099593731182786,6645800,0.0
BIL.US,道富SPDR彭博1-3个月美国国债ETF,1670994000000,2022-12-14,2022-12-14 00:00:00,50.110539676940085,50.116012649818735,50.099593731182786,50.116012649818735,6898400,0.0
BIL.US,道富SPDR彭博1-3个月美国国债ETF,1671080400000,2022-12-15,2022-12-15 00:00:00,50.121485622697385,50.12695859557604,50.121485622697385,50.12695859557604,7768100,0.0
BIL.US,道富SPDR彭博1-3个月美国国债ETF,1671166800000,2022-12-16,2022-12-16 00:00:00,50.13243156845469,50.13243156845469,50.12695859557604,50.12695859557604,4121700,0.0
BIL.US,道富SPDR彭博1-3个月美国国债ETF,1671426000000,2022-12-19,2022-12-19 00:00:00,50.138609361536155,50.138609361536155,50.13312013344752,50.13312013344752,8627100,0.0
BIL.US,道富SPDR彭博1-3个月美国国债ETF,1671512400000,2022-12-20,2022-12-20 00:00:00,50.144098589624775,50.144098589624775,50.138609361536155,50.138609361536155,5204300,0.0
BIL.US,道富SPDR彭博1-3个月美国国债ETF,1671598800000,2022-12-21,2022-12-21 00:00:00,50.14958781771341,50.14958781771341,50.144098589624775,50.144098589624775,6471800,0.0
BIL.US,道富SPDR彭博1-3个月美国国债ETF,1671685200000,2022-12-22,2022-12-22 00:00:00,50.166055501979294,50.17703395815655,50.166055501979294,50.17703395815655,6592400,0.0
BIL.US,道富SPDR彭博1-3个月美国国债ETF,1671771600000,2022-12-23,2022-12-23 00:00:00,50.17154473006793,50.17703395815655,50.17154473006793,50.17703395815655,3683100,0.0
BIL.US,道富SPDR彭博1-3个月美国国债ETF,1672117200000,2022-12-27,2022-12-27 00:00:00,50.17703395815655,50.182523186245184,50.17703395815655,50.17703395815655,4267900,0.0
BIL.US,道富SPDR彭博1-3个月美国国债ETF,1672203600000,2022-12-28,2022-12-28 00:00:00,50.19350164242244,50.19350164242244,50.182523186245184,50.19350164242244,4123200,0.0
BIL.US,道富SPDR彭博1-3个月美国国债ETF,1672290000000,2022-12-29,2022-12-29 00:00:00,50.209969326688324,50.21545855477696,50.209969326688324,50.21545855477696,5637400,0.0
BIL.US,道富SPDR彭博1-3个月美国国债ETF,1672376400000,2022-12-30,2022-12-30 00:00:00,50.209969326688324,50.209969326688324,50.204480098599696,50.209969326688324,6537000,0.0
BIL.US,道富SPDR彭博1-3个月美国国债ETF,1672722000000,2023-01-03,2023-01-03 00:00:00,50.21545855477696,50.21545855477696,50.209969326688324,50.21545855477696,12503100,0.0
BIL.US,道富SPDR彭博1-3个月美国国债ETF,1672808400000,2023-01-04,2023-01-04 00:00:00,50.21545855477696,50.22094778286558,50.209969326688324,50.209969326688324,9074500,0.0
BIL.US,道富SPDR彭博1-3个月美国国债ETF,1672894800000,2023-01-05,2023-01-05 00:00:00,50.226437010954214,50.23192623904284,50.22094778286558,50.226437010954214,6454100,0.0
BIL.US,道富SPDR彭博1-3个月美国国债ETF,1672981200000,2023-01-06,2023-01-06 00:00:00,50.226437010954214,50.23192623904284,50.22094778286558,50.22094778286558,4623500,0.0
BIL.US,道富SPDR彭博1-3个月美国国债ETF,1673240400000,2023-01-09,2023-01-09 00:00:00,50.226437010954214,50.23192623904284,50.226437010954214,50.23192623904284,9734500,0.0
BIL.US,道富SPDR彭博1-3个月美国国债ETF,1673326800000,2023-01-10,2023-01-10 00:00:00,50.23192623904284,50.23741546713147,50.226437010954214,50.226437010954214,5606700,0.0
BIL.US,道富SPDR彭博1-3个月美国国债ETF,1673413200000,2023-01-11,2023-01-11 00:00:00,50.23192623904284,50.23741546713147,50.226437010954214,50.226437010954214,8601300,0.0
BIL.US,道富SPDR彭博1-3个月美国国债ETF,1673499600000,2023-01-12,2023-01-12 00:00:00,50.25937237948599,50.26486160757461,50.25937237948599,50.26486160757461,8086900,0.0
BIL.US,道富SPDR彭博1-3个月美国国债ETF,1673586000000,2023-01-13,2023-01-13 00:00:00,50.26486160757461,50.270350835663244,50.26486160757461,50.270350835663244,5501700,0.0
BIL.US,道富SPDR彭博1-3个月美国国债ETF,1673931600000,2023-01-17,2023-01-17 00:00:00,50.270350835663244,50.27584006375187,50.270350835663244,50.270350835663244,9495400,0.0
BIL.US,道富SPDR彭博1-3个月美国国债ETF,1674018000000,2023-01-18,2023-01-18 00:00:00,50.27584006375187,50.2813292918405,50.27584006375187,50.27584006375187,4944800,0.0
BIL.US,道富SPDR彭博1-3个月美国国债ETF,1674104400000,2023-01-19,2023-01-19 00:00:00,50.29230774801776,50.29779697610638,50.29230774801776,50.29779697610638,6491300,0.0
BIL.US,道富SPDR彭博1-3个月美国国债ETF,1674190800000,2023-01-20,2023-01-20 00:00:00,50.30328620419502,50.30328620419502,50.29779697610638,50.30328620419502,4532400,0.0
BIL.US,道富SPDR彭博1-3个月美国国债ETF,1674450000000,2023-01-23,2023-01-23 00:00:00,50.30877543228365,50.30877543228365,50.30328620419502,50.30328620419502,9166400,0.0
BIL.US,道富SPDR彭博1-3个月美国国债ETF,1674536400000,2023-01-24,2023-01-24 00:00:00,50.314264660372274,50.314264660372274,50.30877543228365,50.30877543228365,5073700,0.0
BIL.US,道富SPDR彭博1-3个月美国国债ETF,1674622800000,2023-01-25,2023-01-25 00:00:00,50.31975388846091,50.32524311654954,50.314264660372274,50.314264660372274,7570300,0.0
BIL.US,道富SPDR彭博1-3个月美国国债ETF,1674709200000,2023-01-26,2023-01-26 00:00:00,50.33622157272679,50.34171080081541,50.33622157272679,50.34171080081541,5116500,0.0
BIL.US,道富SPDR彭博1-3个月美国国债ETF,1674795600000,2023-01-27,2023-01-27 00:00:00,50.34720002890405,50.34720002890405,50.34171080081541,50.34720002890405,5232100,0.0
BIL.US,道富SPDR彭博1-3个月美国国债ETF,1675054800000,2023-01-30,2023-01-30 00:00:00,50.34720002890405,50.35268925699268,50.34720002890405,50.34720002890405,4281500,0.0
BIL.US,道富SPDR彭博1-3个月美国国债ETF,1675141200000,2023-01-31,2023-01-31 00:00:00,50.35268925699268,50.358178485081304,50.35268925699268,50.35268925699268,7362600,0.0
BIL.US,道富SPDR彭博1-3个月美国国债ETF,1675227600000,2023-02-01,2023-02-01 00:00:00,50.3670158454191,50.3670158454191,50.35599702768875,50.35599702768875,9424000,0.0
BIL.US,道富SPDR彭博1-3个月美国国债ETF,1675314000000,2023-02-02,2023-02-02 00:00:00,50.37803466314944,50.38354407201462,50.37803466314944,50.37803466314944,11984500,0.0
BIL.US,道富SPDR彭博1-3个月美国国债ETF,1675400400000,2023-02-03,2023-02-03 00:00:00,50.38905348087979,50.38905348087979,50.38354407201462,50.38905348087979,8934700,0.0
BIL.US,道富SPDR彭博1-3个月美国国债ETF,1675659600000,2023-02-06,2023-02-06 00:00:00,50.39456288974497,50.39456288974497,50.38905348087979,50.39456288974497,5928200,0.0
BIL.US,道富SPDR彭博1-3个月美国国债ETF,1675746000000,2023-02-07,2023-02-07 00:00:00,50.40007229861014,50.40007229861014,50.39456288974497,50.40007229861014,4283200,0.0
BIL.US,道富SPDR彭博1-3个月美国国债ETF,1675832400000,2023-02-08,2023-02-08 00:00:00,50.405581707475314,50.405581707475314,50.40007229861014,50.40007229861014,4101500,0.0
BIL.US,道富SPDR彭博1-3个月美国国债ETF,1675918800000,2023-02-09,2023-02-09 00:00:00,50.416600525205666,50.42210993407083,50.416600525205666,50.416600525205666,4909400,0.0
BIL.US,道富SPDR彭博1-3个月美国国债ETF,1676005200000,2023-02-10,2023-02-10 00:00:00,50.42210993407083,50.42761934293601,50.42210993407083,50.42210993407083,4580800,0.0
BIL.US,道富SPDR彭博1-3个月美国国债ETF,1676264400000,2023-02-13,2023-02-13 00:00:00,50.433128751801185,50.433128751801185,50.42761934293601,50.433128751801185,8904000,0.0
BIL.US,道富SPDR彭博1-3个月美国国债ETF,1676350800000,2023-02-14,2023-02-14 00:00:00,50.433128751801185,50.43863816066636,50.433128751801185,50.433128751801185,4056600,0.0
BIL.US,道富SPDR彭博1-3个月美国国债ETF,1676437200000,2023-02-15,2023-02-15 00:00:00,50.44414756953153,50.44414756953153,50.43863816066636,50.44414756953153,4895700,0.0
BIL.US,道富SPDR彭博1-3个月美国国债ETF,1676523600000,2023-02-16,2023-02-16 00:00:00,50.4716946138574,50.4716946138574,50.46618520499222,50.4716946138574,5556400,0.0
BIL.US,道富SPDR彭博1-3个月美国国债ETF,1676610000000,2023-02-17,2023-02-17 00:00:00,50.477204022722574,50.477204022722574,50.4716946138574,50.477204022722574,4398600,0.0
BIL.US,道富SPDR彭博1-3个月美国国债ETF,1676955600000,2023-02-21,2023-02-21 00:00:00,50.48271343158775,50.48822284045292,50.477204022722574,50.477204022722574,17021300,0.0
BIL.US,道富SPDR彭博1-3个月美国国债ETF,1677042000000,2023-02-22,2023-02-22 00:00:00,50.48271343158775,50.4937322493181,50.48271343158775,50.4937322493181,18697200,0.0
BIL.US,道富SPDR彭博1-3个月美国国债ETF,1677128400000,2023-02-23,2023-02-23 00:00:00,50.51026047591362,50.51026047591362,50.504751067048446,50.51026047591362,4863200,0.0
BIL.US,道富SPDR彭博1-3个月美国国债ETF,1677214800000,2023-02-24,2023-02-24 00:00:00,50.51576988477879,50.51576988477879,50.51026047591362,50.51576988477879,7735500,0.0
BIL.US,道富SPDR彭博1-3个月美国国债ETF,1677474000000,2023-02-27,2023-02-27 00:00:00,50.51576988477879,50.521279293643964,50.51576988477879,50.521279293643964,7477400,0.0
BIL.US,道富SPDR彭博1-3个月美国国债ETF,1677560400000,2023-02-28,2023-02-28 00:00:00,50.52678870250914,50.52678870250914,50.521279293643964,50.52678870250914,8086900,0.0
BIL.US,道富SPDR彭博1-3个月美国国债ETF,1677646800000,2023-03-01,2023-03-01 00:00:00,50.53523211066865,50.53523211066865,50.529707323075925,50.529707323075925,11005600,0.0
BIL.US,道富SPDR彭博1-3个月美国国债ETF,1677733200000,2023-03-02,2023-03-02 00:00:00,50.55180647344684,50.55180647344684,50.546281685854105,50.546281685854105,9631700,0.0
BIL.US,道富SPDR彭博1-3个月美国国债ETF,1677819600000,2023-03-03,2023-03-03 00:00:00,50.55180647344684,50.557331261039565,50.55180647344684,50.557331261039565,7068300,0.0
BIL.US,道富SPDR彭博1-3个月美国国债ETF,1678078800000,2023-03-06,2023-03-06 00:00:00,50.562856048632284,50.562856048632284,50.557331261039565,50.562856048632284,6131200,0.0
BIL.US,道富SPDR彭博1-3个月美国国债ETF,1678165200000,2023-03-07,2023-03-07 00:00:00,50.56838083622502,50.573905623817744,50.562856048632284,50.562856048632284,4330700,0.0
BIL.US,道富SPDR彭博1-3个月美国国债ETF,1678251600000,2023-03-08,2023-03-08 00:00:00,50.573905623817744,50.573905623817744,50.56838083622502,50.573905623817744,8207000,0.0
BIL.US,道富SPDR彭博1-3个月美国国债ETF,1678338000000,2023-03-09,2023-03-09 00:00:00,50.5849551990032,50.590479986595916,50.5849551990032,50.5849551990032,6450500,0.0
BIL.US,道富SPDR彭博1-3个月美国国债ETF,1678424400000,2023-03-10,2023-03-10 00:00:00,50.59600477418864,50.601529561781376,50.59600477418864,50.59600477418864,13475700,0.0
BIL.US,道富SPDR彭博1-3个月美国国债ETF,1678680000000,2023-03-13,2023-03-13 00:00:00,50.623628712152275,50.623628712152275,50.607054349374096,50.607054349374096,21685200,0.0
BIL.US,道富SPDR彭博1-3个月美国国债ETF,1678766400000,2023-03-14,2023-03-14 00:00:00,50.618103924559556,50.623628712152275,50.61257913696682,50.61257913696682,35715200,0.0
BIL.US,道富SPDR彭博1-3个月美国国债ETF,1678852800000,2023-03-15,2023-03-15 00:00:00,50.634678287337735,50.640203074930454,50.62915349974501,50.640203074930454,11411700,0.0
BIL.US,道富SPDR彭博1-3个月美国国债ETF,1678939200000,2023-03-16,2023-03-16 00:00:00,50.656777437708634,50.66230222530137,50.656777437708634,50.66230222530137,9320200,0.0
BIL.US,道富SPDR彭博1-3个月美国国债ETF,1679025600000,2023-03-17,2023-03-17 00:00:00,50.656777437708634,50.67335180048681,50.656777437708634,50.67335180048681,8580300,0.0
BIL.US,道富SPDR彭博1-3个月美国国债ETF,1679284800000,2023-03-20,2023-03-20 00:00:00,50.67335180048681,50.67887658807955,50.66782701289409,50.67887658807955,8169600,0.0
BIL.US,道富SPDR彭博1-3个月美国国债ETF,1679371200000,2023-03-21,2023-03-21 00:00:00,50.67335180048681,50.684401375672266,50.67335180048681,50.67887658807955,7888500,0.0
BIL.US,道富SPDR彭博1-3个月美国国债ETF,1679457600000,2023-03-22,2023-03-22 00:00:00,50.684401375672266,50.68992616326499,50.684401375672266,50.68992616326499,8202600,0.0
BIL.US,道富SPDR彭博1-3个月美国国债ETF,1679544000000,2023-03-23,2023-03-23 00:00:00,50.700975738450445,50.712025313635905,50.700975738450445,50.712025313635905,5769500,0.0
BIL.US,道富SPDR彭博1-3个月美国国债ETF,1679630400000,2023-03-24,2023-03-24 00:00:00,50.717550101228625,50.72307488882136,50.712025313635905,50.72307488882136,7374800,0.0
BIL.US,道富SPDR彭博1-3个月美国国债ETF,1679889600000,2023-03-27,2023-03-27 00:00:00,50.717550101228625,50.72307488882136,50.717550101228625,50.717550101228625,6188600,0.0
BIL.US,道富SPDR彭博1-3个月美国国债ETF,1679976000000,2023-03-28,2023-03-28 00:00:00,50.72859967641408,50.734124464006804,50.72859967641408,50.72859967641408,6215000,0.0
BIL.US,道富SPDR彭博1-3个月美国国债ETF,1680062400000,2023-03-29,2023-03-29 00:00:00,50.72859967641408,50.73964925159954,50.72859967641408,50.72859967641408,4705700,0.0
BIL.US,道富SPDR彭博1-3个月美国国债ETF,1680148800000,2023-03-30,2023-03-30 00:00:00,50.73964925159954,50.74517403919226,50.72859967641408,50.73964925159954,9284700,0.0
BIL.US,道富SPDR彭博1-3个月美国国债ETF,1680235200000,2023-03-31,2023-03-31 00:00:00,50.73964925159954,50.73964925159954,50.72859967641408,50.72859967641408,11615500,0.0
BIL.US,道富SPDR彭博1-3个月美国国债ETF,1680494400000,2023-04-03,2023-04-03 00:00:00,50.74634028168567,50.74634028168567,50.740793021051466,50.740793021051466,12494900,0.0
BIL.US,道富SPDR彭博1-3个月美国国债ETF,1680580800000,2023-04-04,2023-04-04 00:00:00,50.74634028168567,50.75188754231987,50.74634028168567,50.74634028168567,10265800,0.0
BIL.US,道富SPDR彭博1-3个月美国国债ETF,1680667200000,2023-04-05,2023-04-05 00:00:00,50.77407658485668,50.77962384549089,50.77407658485668,50.77407658485668,6913900,0.0
BIL.US,道富SPDR彭博1-3个月美国国债ETF,1680753600000,2023-04-06,2023-04-06 00:00:00,50.785171106125084,50.785171106125084,50.77962384549089,50.77962384549089,4941400,0.0
BIL.US,道富SPDR彭博1-3个月美国国债ETF,1681099200000,2023-04-10,2023-04-10 00:00:00,50.79071836675929,50.79071836675929,50.785171106125084,50.785171106125084,5741900,0.0
BIL.US,道富SPDR彭博1-3个月美国国债ETF,1681185600000,2023-04-11,2023-04-11 00:00:00,50.79071836675929,50.79626562739349,50.79071836675929,50.79071836675929,7722600,0.0
BIL.US,道富SPDR彭博1-3个月美国国债ETF,1681272000000,2023-04-12,2023-04-12 00:00:00,50.80181288802769,50.8073601486619,50.79626562739349,50.80181288802769,8786200,0.0
BIL.US,道富SPDR彭博1-3个月美国国债ETF,1681358400000,2023-04-13,2023-04-13 00:00:00,50.824001930564506,50.8295491911987,50.824001930564506,50.8295491911987,8673900,0.0
BIL.US,道富SPDR彭博1-3个月美国国债ETF,1681444800000,2023-04-14,2023-04-14 00:00:00,50.8295491911987,50.83509645183291,50.824001930564506,50.8295491911987,9391100,0.0
BIL.US,道富SPDR彭博1-3个月美国国债ETF,1681704000000,2023-04-17,2023-04-17 00:00:00,50.83509645183291,50.84064371246711,50.83509645183291,50.84064371246711,5173800,0.0
BIL.US,道富SPDR彭博1-3个月美国国债ETF,1681790400000,2023-04-18,2023-04-18 00:00:00,50.84064371246711,50.85173823373552,50.84064371246711,50.846190973101315,4540700,0.0
BIL.US,道富SPDR彭博1-3个月美国国债ETF,1681876800000,2023-04-19,2023-04-19 00:00:00,50.85728549436973,50.85728549436973,50.85173823373552,50.85173823373552,5901900,0.0
BIL.US,道富SPDR彭博1-3个月美国国债ETF,1681963200000,2023-04-20,2023-04-20 00:00:00,50.87947453690653,50.89056905817493,50.873927276272326,50.89056905817493,6034400,0.0
BIL.US,道富SPDR彭博1-3个月美国国债ETF,1682049600000,2023-04-21,2023-04-21 00:00:00,50.88502179754074,50.88502179754074,50.87947453690653,50.88502179754074,5880900,0.0
BIL.US,道富SPDR彭博1-3个月美国国债ETF,1682308800000,2023-04-24,2023-04-24 00:00:00,50.89611631880914,50.89611631880914,50.88502179754074,50.89056905817493,8195900,0.0
BIL.US,道富SPDR彭博1-3个月美国国债ETF,1682395200000,2023-04-25,2023-04-25 00:00:00,50.89056905817493,50.89611631880914,50.88502179754074,50.88502179754074,4222500,0.0
BIL.US,道富SPDR彭博1-3个月美国国债ETF,1682481600000,2023-04-26,2023-04-26 00:00:00,50.89056905817493,50.89611631880914,50.89056905817493,50.89611631880914,7365200,0.0
BIL.US,道富SPDR彭博1-3个月美国国债ETF,1682568000000,2023-04-27,2023-04-27 00:00:00,50.91275810071175,50.91830536134595,50.90721084007754,50.91275810071175,5585400,0.0
BIL.US,道富SPDR彭博1-3个月美国国债ETF,1682654400000,2023-04-28,2023-04-28 00:00:00,50.90721084007754,50.91275810071175,50.90721084007754,50.91275810071175,6539100,0.0
BIL.US,道富SPDR彭博1-3个月美国国债ETF,1682913600000,2023-05-01,2023-05-01 00:00:00,50.92007796022164,50.92564664766262,50.91450927278068,50.91450927278068,11273300,0.0
BIL.US,道富SPDR彭博1-3个月美国国债ETF,1683000000000,2023-05-02,2023-05-02 00:00:00,50.92007796022164,50.92007796022164,50.90337189789874,50.90337189789874,5495900,0.0
BIL.US,道富SPDR彭博1-3个月美国国债ETF,1683086400000,2023-05-03,2023-05-03 00:00:00,50.91450927278068,50.91450927278068,50.90894058533971,50.90894058533971,5533100,0.0
BIL.US,道富SPDR彭博1-3个月美国国债ETF,1683172800000,2023-05-04,2023-05-04 00:00:00,50.93121533510358,50.93121533510358,50.92007796022164,50.92564664766262,8052700,0.0
BIL.US,道富SPDR彭博1-3个月美国国债ETF,1683259200000,2023-05-05,2023-05-05 00:00:00,50.93678402254455,50.947921397426484,50.93121533510358,50.93678402254455,7170200,0.0
BIL.US,道富SPDR彭博1-3个月美国国债ETF,1683518400000,2023-05-08,2023-05-08 00:00:00,50.94235270998552,50.947921397426484,50.94235270998552,50.94235270998552,5508600,0.0
BIL.US,道富SPDR彭博1-3个月美国国债ETF,1683604800000,2023-05-09,2023-05-09 00:00:00,50.95349008486746,50.95349008486746,50.947921397426484,50.947921397426484,6850300,0.0
BIL.US,道富SPDR彭博1-3个月美国国债ETF,1683691200000,2023-05-10,2023-05-10 00:00:00,50.95905877230843,50.964627459749394,50.95349008486746,50.95349008486746,4831800,0.0
BIL.US,道富SPDR彭博1-3个月美国国债ETF,1683777600000,2023-05-11,2023-05-11 00:00:00,50.986902209513275,50.99247089695424,50.981333522072305,50.986902209513275,6159800,0.0
BIL.US,道富SPDR彭博1-3个月美国国债ETF,1683864000000,2023-05-12,2023-05-12 00:00:00,50.99803958439521,50.99803958439521,50.99247089695424,50.99803958439521,4328600,0.0
BIL.US,道富SPDR彭博1-3个月美国国债ETF,1684123200000,2023-05-15,2023-05-15 00:00:00,50.99803958439521,51.003608271836185,50.99803958439521,51.003608271836185,4056100,0.0
BIL.US,道富SPDR彭博1-3个月美国国债ETF,1684209600000,2023-05-16,2023-05-16 00:00:00,51.003608271836185,51.00917695927715,50.99803958439521,50.99803958439521,8530400,0.0
BIL.US,道富SPDR彭博1-3个月美国国债ETF,1684296000000,2023-05-17,2023-05-17 00:00:00,51.00917695927715,51.01474564671812,51.00917695927715,51.00917695927715,5415400,0.0
BIL.US,道富SPDR彭博1-3个月美国国债ETF,1684382400000,2023-05-18,2023-05-18 00:00:00,51.03145170904103,51.037020396482,51.02588302160005,51.037020396482,6434000,0.0
BIL.US,道富SPDR彭博1-3个月美国国债ETF,1684468800000,2023-05-19,2023-05-19 00:00:00,51.04258908392296,51.04258908392296,51.03145170904103,51.037020396482,6447400,0.0
BIL.US,道富SPDR彭博1-3个月美国国债ETF,1684728000000,2023-05-22,2023-05-22 00:00:00,51.04258908392296,51.04258908392296,51.037020396482,51.04258908392296,8404900,0.0
BIL.US,道富SPDR彭博1-3个月美国国债ETF,1684814400000,2023-05-23,2023-05-23 00:00:00,51.04258908392296,51.04815777136393,51.04258908392296,51.04258908392296,5050500,0.0
BIL.US,道富SPDR彭博1-3个月美国国债ETF,1684900800000,2023-05-24,2023-05-24 00:00:00,51.04815777136393,51.05372645880491,51.04258908392296,51.04258908392296,4762100,0.0
BIL.US,道富SPDR彭博1-3个月美国国债ETF,1684987200000,2023-05-25,2023-05-25 00:00:00,51.08156989600975,51.08156989600975,51.076001208568776,51.076001208568776,5264000,0.0
BIL.US,道富SPDR彭博1-3个月美国国债ETF,1685073600000,2023-05-26,2023-05-26 00:00:00,51.09270727089169,51.09827595833266,51.08713858345072,51.08713858345072,5923200,0.0
BIL.US,道富SPDR彭博1-3个月美国国债ETF,1685419200000,2023-05-30,2023-05-30 00:00:00,51.09827595833266,51.10384464577362,51.09270727089169,51.09270727089169,11529300,0.0
BIL.US,道富SPDR彭博1-3个月美国国债ETF,1685505600000,2023-05-31,2023-05-31 00:00:00,51.10384464577362,51.1094133332146,51.10384464577362,51.10384464577362,9807400,0.0
BIL.US,道富SPDR彭博1-3个月美国国债ETF,1685592000000,2023-06-01,2023-06-01 00:00:00,51.13218767702047,51.13218767702047,51.126596404447795,51.13218767702047,10700500,0.0
BIL.US,道富SPDR彭博1-3个月美国国债ETF,1685678400000,2023-06-02,2023-06-02 00:00:00,51.13777894959313,51.13777894959313,51.126596404447795,51.13777894959313,10257500,0.0
BIL.US,道富SPDR彭博1-3个月美国国债ETF,1685937600000,2023-06-05,2023-06-05 00:00:00,51.14337022216579,51.14337022216579,51.13218767702047,51.13777894959313,9596600,0.0
BIL.US,道富SPDR彭博1-3个月美国国债ETF,1686024000000,2023-06-06,2023-06-06 00:00:00,51.14896149473846,51.15455276731112,51.14337022216579,51.14896149473846,6120900,0.0
BIL.US,道富SPDR彭博1-3个月美国国债ETF,1686110400000,2023-06-07,2023-06-07 00:00:00,51.15455276731112,51.165735312456455,51.15455276731112,51.15455276731112,6483100,0.0
BIL.US,道富SPDR彭博1-3个月美国国债ETF,1686196800000,2023-06-08,2023-06-08 00:00:00,51.17691785760179,51.18250913017445,51.17691785760179,51.18250913017445,8802000,0.0
BIL.US,道富SPDR彭博1-3个月美国国债ETF,1686283200000,2023-06-09,2023-06-09 00:00:00,51.18250913017445,51.18810040274711,51.18250913017445,51.18810040274711,6452300,0.0
BIL.US,道富SPDR彭博1-3个月美国国债ETF,1686542400000,2023-06-12,2023-06-12 00:00:00,51.193691675319776,51.199282947892435,51.193691675319776,51.193691675319776,3776900,0.0
BIL.US,道富SPDR彭博1-3个月美国国债ETF,1686628800000,2023-06-13,2023-06-13 00:00:00,51.199282947892435,51.20487422046511,51.199282947892435,51.20487422046511,6784200,0.0
BIL.US,道富SPDR彭博1-3个月美国国债ETF,1686715200000,2023-06-14,2023-06-14 00:00:00,51.21046549303777,51.21605676561043,51.20487422046511,51.21605676561043,5756300,0.0
BIL.US,道富SPDR彭博1-3个月美国国债ETF,1686801600000,2023-06-15,2023-06-15 00:00:00,51.238421855901095,51.24401312847377,51.238421855901095,51.238421855901095,9827300,0.0
BIL.US,道富SPDR彭博1-3个月美国国债ETF,1686888000000,2023-06-16,2023-06-16 00:00:00,51.249604401046426,51.249604401046426,51.24401312847377,51.24401312847377,4765300,0.0
BIL.US,道富SPDR彭博1-3个月美国国债ETF,1687233600000,2023-06-20,2023-06-20 00:00:00,51.249604401046426,51.25519567361909,51.249604401046426,51.25519567361909,6174300,0.0
BIL.US,道富SPDR彭博1-3个月美国国债ETF,1687320000000,2023-06-21,2023-06-21 00:00:00,51.26078694619176,51.26637821876442,51.25519567361909,51.25519567361909,4945300,0.0
BIL.US,道富SPDR彭博1-3个月美国国债ETF,1687406400000,2023-06-22,2023-06-22 00:00:00,51.27756076390975,51.28315203648241,51.27756076390975,51.27756076390975,4698400,0.0
BIL.US,道富SPDR彭博1-3个月美国国债ETF,1687492800000,2023-06-23,2023-06-23 00:00:00,51.28315203648241,51.288743309055086,51.28315203648241,51.28315203648241,3851500,0.0
BIL.US,道富SPDR彭博1-3个月美国国债ETF,1687752000000,2023-06-26,2023-06-26 00:00:00,51.294334581627744,51.29992585420041,51.288743309055086,51.288743309055086,7241300,0.0
BIL.US,道富SPDR彭博1-3个月美国国债ETF,1687838400000,2023-06-27,2023-06-27 00:00:00,51.29992585420041,51.305517126773076,51.29992585420041,51.29992585420041,5476300,0.0
BIL.US,道富SPDR彭博1-3个月美国国债ETF,1687924800000,2023-06-28,2023-06-28 00:00:00,51.31110839934574,51.31110839934574,51.305517126773076,51.305517126773076,4486800,0.0
BIL.US,道富SPDR彭博1-3个月美国国债ETF,1688011200000,2023-06-29,2023-06-29 00:00:00,51.32788221706373,51.333473489636404,51.32229094449107,51.32229094449107,5728000,0.0
BIL.US,道富SPDR彭博1-3个月美国国债ETF,1688097600000,2023-06-30,2023-06-30 00:00:00,51.33906476220906,51.34465603478173,51.33906476220906,51.33906476220906,8054800,0.0
BIL.US,道富SPDR彭博1-3个月美国国债ETF,1688356800000,2023-07-03,2023-07-03 00:00:00,51.346227756220365,51.351841820046765,51.346227756220365,51.351841820046765,7158200,0.0
BIL.US,道富SPDR彭博1-3个月美国国债ETF,1688529600000,2023-07-05,2023-07-05 00:00:00,51.357455883873165,51.36306994769956,51.351841820046765,51.357455883873165,7981500,0.0
BIL.US,道富SPDR彭博1-3个月美国国债ETF,1688616000000,2023-07-06,2023-07-06 00:00:00,51.37429807535236,51.37991213917875,51.37429807535236,51.37429807535236,7570000,0.0
BIL.US,道富SPDR彭博1-3个月美国国债ETF,1688702400000,2023-07-07,2023-07-07 00:00:00,51.37991213917875,51.38552620300515,51.37991213917875,51.37991213917875,6491000,0.0
BIL.US,道富SPDR彭博1-3个月美国国债ETF,1688961600000,2023-07-10,2023-07-10 00:00:00,51.38552620300515,51.39114026683155,51.38552620300515,51.39114026683155,4186000,0.0
BIL.US,道富SPDR彭博1-3个月美国国债ETF,1689048000000,2023-07-11,2023-07-11 00:00:00,51.396754330657934,51.402368394484334,51.396754330657934,51.396754330657934,5567400,0.0
BIL.US,道富SPDR彭博1-3个月美国国债ETF,1689134400000,2023-07-12,2023-07-12 00:00:00,51.402368394484334,51.40798245831073,51.402368394484334,51.40798245831073,7188100,0.0
BIL.US,道富SPDR彭博1-3个月美国国债ETF,1689220800000,2023-07-13,2023-07-13 00:00:00,51.42482464978992,51.43043871361632,51.42482464978992,51.43043871361632,5902600,0.0
BIL.US,道富SPDR彭博1-3个月美国国债ETF,1689307200000,2023-07-14,2023-07-14 00:00:00,51.43043871361632,51.43605277744271,51.43043871361632,51.43605277744271,6505800,0.0
BIL.US,道富SPDR彭博1-3个月美国国债ETF,1689566400000,2023-07-17,2023-07-17 00:00:00,51.441666841269104,51.441666841269104,51.43605277744271,51.441666841269104,3932600,0.0
BIL.US,道富SPDR彭博1-3个月美国国债ETF,1689652800000,2023-07-18,2023-07-18 00:00:00,51.447280905095504,51.447280905095504,51.441666841269104,51.441666841269104,4775800,0.0
BIL.US,道富SPDR彭博1-3个月美国国债ETF,1689739200000,2023-07-19,2023-07-19 00:00:00,51.4528949689219,51.458509032748296,51.4528949689219,51.4528949689219,5132100,0.0
BIL.US,道富SPDR彭博1-3个月美国国债ETF,1689825600000,2023-07-20,2023-07-20 00:00:00,51.47535122422749,51.48096528805388,51.469737160401095,51.48096528805388,5047600,0.0
BIL.US,道富SPDR彭博1-3个月美国国债ETF,1689912000000,2023-07-21,2023-07-21 00:00:00,51.48096528805388,51.48657935188027,51.48096528805388,51.48096528805388,4087100,0.0
BIL.US,道富SPDR彭博1-3个月美国国债ETF,1690171200000,2023-07-24,2023-07-24 00:00:00,51.48657935188027,51.49219341570667,51.48657935188027,51.48657935188027,3752400,0.0
BIL.US,道富SPDR彭博1-3个月美国国债ETF,1690257600000,2023-07-25,2023-07-25 00:00:00,51.49780747953307,51.49780747953307,51.49219341570667,51.49219341570667,4170500,0.0
BIL.US,道富SPDR彭博1-3个月美国国债ETF,1690344000000,2023-07-26,2023-07-26 00:00:00,51.503421543359465,51.503421543359465,51.49780747953307,51.49780747953307,4700000,0.0
BIL.US,道富SPDR彭博1-3个月美国国债ETF,1690430400000,2023-07-27,2023-07-27 00:00:00,51.52026373483866,51.52587779866505,51.52026373483866,51.52587779866505,4727800,0.0
BIL.US,道富SPDR彭博1-3个月美国国债ETF,1690516800000,2023-07-28,2023-07-28 00:00:00,51.53149186249145,51.53710592631784,51.53149186249145,51.53149186249145,3709200,0.0
BIL.US,道富SPDR彭博1-3个月美国国债ETF,1690776000000,2023-07-31,2023-07-31 00:00:00,51.53710592631784,51.54271999014424,51.53710592631784,51.53710592631784,6716600,0.0
BIL.US,道富SPDR彭博1-3个月美国国债ETF,1690862400000,2023-08-01,2023-08-01 00:00:00,51.55046671547984,51.55046671547984,51.544828471280404,51.55046671547984,13360200,0.0
BIL.US,道富SPDR彭博1-3个月美国国债ETF,1690948800000,2023-08-02,2023-08-02 00:00:00,51.55610495967928,51.55610495967928,51.55046671547984,51.55610495967928,8208300,0.0
BIL.US,道富SPDR彭博1-3个月美国国债ETF,1691035200000,2023-08-03,2023-08-03 00:00:00,51.57865793647704,51.57865793647704,51.5730196922776,51.57865793647704,5681100,0.0
BIL.US,道富SPDR彭博1-3个月美国国债ETF,1691121600000,2023-08-04,2023-08-04 00:00:00,51.584296180676475,51.58993442487592,51.584296180676475,51.58993442487592,6200000,0.0
BIL.US,道富SPDR彭博1-3个月美国国债ETF,1691380800000,2023-08-07,2023-08-07 00:00:00,51.59557266907536,51.59557266907536,51.58993442487592,51.58993442487592,5978000,0.0
BIL.US,道富SPDR彭博1-3个月美国国债ETF,1691467200000,2023-08-08,2023-08-08 00:00:00,51.6012109132748,51.6012109132748,51.59557266907536,51.6012109132748,6517900,0.0
BIL.US,道富SPDR彭博1-3个月美国国债ETF,1691553600000,2023-08-09,2023-08-09 00:00:00,51.606849157474244,51.61248740167368,51.606849157474244,51.606849157474244,4293000,0.0
BIL.US,道富SPDR彭博1-3个月美国国债ETF,1691640000000,2023-08-10,2023-08-10 00:00:00,51.62376389007256,51.63504037847144,51.62376389007256,51.63504037847144,5120600,0.0
BIL.US,道富SPDR彭博1-3个月美国国债ETF,1691726400000,2023-08-11,2023-08-11 00:00:00,51.63504037847144,51.64067862267088,51.63504037847144,51.64067862267088,3669100,0.0
BIL.US,道富SPDR彭博1-3个月美国国债ETF,1691985600000,2023-08-14,2023-08-14 00:00:00,51.64067862267088,51.646316866870315,51.64067862267088,51.646316866870315,6596100,0.0
BIL.US,道富SPDR彭博1-3个月美国国债ETF,1692072000000,2023-08-15,2023-08-15 00:00:00,51.646316866870315,51.65195511106976,51.646316866870315,51.65195511106976,4853100,0.0
BIL.US,道富SPDR彭博1-3个月美国国债ETF,1692158400000,2023-08-16,2023-08-16 00:00:00,51.6575933552692,51.66323159946864,51.6575933552692,51.66323159946864,7890300,0.0
BIL.US,道富SPDR彭博1-3个月美国国债ETF,1692244800000,2023-08-17,2023-08-17 00:00:00,51.680146332066954,51.6857845762664,51.680146332066954,51.6857845762664,5621700,0.0
BIL.US,道富SPDR彭博1-3个月美国国债ETF,1692331200000,2023-08-18,2023-08-18 00:00:00,51.691422820465846,51.691422820465846,51.6857845762664,51.691422820465846,6774400,0.0
BIL.US,道富SPDR彭博1-3个月美国国债ETF,1692590400000,2023-08-21,2023-08-21 00:00:00,51.69706106466528,51.69706106466528,51.691422820465846,51.69706106466528,5959700,0.0
BIL.US,道富SPDR彭博1-3个月美国国债ETF,1692676800000,2023-08-22,2023-08-22 00:00:00,51.708337553064155,51.708337553064155,51.70269930886472,51.70269930886472,5775600,0.0
BIL.US,道富SPDR彭博1-3个月美国国债ETF,1692763200000,2023-08-23,2023-08-23 00:00:00,51.708337553064155,51.7139757972636,51.708337553064155,51.7139757972636,9529300,0.0
BIL.US,道富SPDR彭博1-3个月美国国债ETF,1692849600000,2023-08-24,2023-08-24 00:00:00,51.73089052986192,51.73652877406136,51.73089052986192,51.73089052986192,6746700,0.0
BIL.US,道富SPDR彭博1-3个月美国国债ETF,1692936000000,2023-08-25,2023-08-25 00:00:00,51.73652877406136,51.742167018260794,51.73652877406136,51.742167018260794,4883000,0.0
BIL.US,道富SPDR彭博1-3个月美国国债ETF,1693195200000,2023-08-28,2023-08-28 00:00:00,51.74780526246024,51.753443506659686,51.74780526246024,51.753443506659686,4264100,0.0
BIL.US,道富SPDR彭博1-3个月美国国债ETF,1693281600000,2023-08-29,2023-08-29 00:00:00,51.75908175085912,51.75908175085912,51.74780526246024,51.74780526246024,9168200,0.0
BIL.US,道富SPDR彭博1-3个月美国国债ETF,1693368000000,2023-08-30,2023-08-30 00:00:00,51.75908175085912,51.76471999505856,51.753443506659686,51.75908175085912,6427000,0.0
BIL.US,道富SPDR彭博1-3个月美国国债ETF,1693454400000,2023-08-31,2023-08-31 00:00:00,51.78727297185632,51.79291121605576,51.78727297185632,51.79291121605576,7771500,0.0
BIL.US,道富SPDR彭博1-3个月美国国债ETF,1693540800000,2023-09-01,2023-09-01 00:00:00,51.80127792694231,51.80127792694231,51.79561472830593,51.80127792694231,21540500,0.0
BIL.US,道富SPDR彭博1-3个月美国国债ETF,1693886400000,2023-09-05,2023-09-05 00:00:00,51.812604324215066,51.812604324215066,51.80694112557869,51.812604324215066,8316300,0.0
BIL.US,道富SPDR彭博1-3个月美国国债ETF,1693972800000,2023-09-06,2023-09-06 00:00:00,51.81826752285144,51.81826752285144,51.812604324215066,51.812604324215066,6524800,0.0
BIL.US,道富SPDR彭博1-3个月美国国债ETF,1694059200000,2023-09-07,2023-09-07 00:00:00,51.83525711876057,51.84092031739696,51.83525711876057,51.84092031739696,6808100,0.0
BIL.US,道富SPDR彭博1-3个月美国国债ETF,1694145600000,2023-09-08,2023-09-08 00:00:00,51.84092031739696,51.84658351603333,51.84092031739696,51.84658351603333,6393300,0.0
BIL.US,道富SPDR彭博1-3个月美国国债ETF,1694404800000,2023-09-11,2023-09-11 00:00:00,51.85790991330608,51.85790991330608,51.84658351603333,51.84658351603333,8027100,0.0
BIL.US,道富SPDR彭博1-3个月美国国债ETF,1694491200000,2023-09-12,2023-09-12 00:00:00,51.85790991330608,51.86357311194246,51.85790991330608,51.86357311194246,9948400,0.0
BIL.US,道富SPDR彭博1-3个月美国国债ETF,1694577600000,2023-09-13,2023-09-13 00:00:00,51.86357311194246,51.86923631057884,51.86357311194246,51.86923631057884,4696200,0.0
BIL.US,道富SPDR彭博1-3个月美国国债ETF,1694664000000,2023-09-14,2023-09-14 00:00:00,51.88622590648797,51.89188910512434,51.88622590648797,51.88622590648797,4214800,0.0
BIL.US,道富SPDR彭博1-3个月美国国债ETF,1694750400000,2023-09-15,2023-09-15 00:00:00,51.897552303760726,51.897552303760726,51.89188910512434,51.897552303760726,4688800,0.0
BIL.US,道富SPDR彭博1-3个月美国国债ETF,1695009600000,2023-09-18,2023-09-18 00:00:00,51.90887870103348,51.90887870103348,51.9032155023971,51.9032155023971,7376200,0.0
BIL.US,道富SPDR彭博1-3个月美国国债ETF,1695096000000,2023-09-19,2023-09-19 00:00:00,51.90887870103348,51.91454189966986,51.90887870103348,51.90887870103348,4357400,0.0
BIL.US,道富SPDR彭博1-3个月美国国债ETF,1695182400000,2023-09-20,2023-09-20 00:00:00,51.91454189966986,51.92020509830623,51.91454189966986,51.91454189966986,5946200,0.0
BIL.US,道富SPDR彭博1-3个月美国国债ETF,1695268800000,2023-09-21,2023-09-21 00:00:00,51.937194694215364,51.94285789285174,51.937194694215364,51.94285789285174,7522700,0.0
BIL.US,道富SPDR彭博1-3个月美国国债ETF,1695355200000,2023-09-22,2023-09-22 00:00:00,51.94852109148812,51.954184290124495,51.94852109148812,51.94852109148812,15684400,0.0
BIL.US,道富SPDR彭博1-3个月美国国债ETF,1695614400000,2023-09-25,2023-09-25 00:00:00,51.95984748876087,51.95984748876087,51.954184290124495,51.954184290124495,7492000,0.0
BIL.US,道富SPDR彭博1-3个月美国国债ETF,1695700800000,2023-09-26,2023-09-26 00:00:00,51.95984748876087,51.965510687397256,51.95984748876087,51.95984748876087,7130600,0.0
BIL.US,道富SPDR彭博1-3个月美国国债ETF,1695787200000,2023-09-27,2023-09-27 00:00:00,51.97683708467,51.97683708467,51.965510687397256,51.97683708467,7669700,0.0
BIL.US,道富SPDR彭博1-3个月美国国债ETF,1695873600000,2023-09-28,2023-09-28 00:00:00,51.988163481942756,51.99948987921551,51.988163481942756,51.99382668057914,8426400,0.0
BIL.US,道富SPDR彭博1-3个月美国国债ETF,1695960000000,2023-09-29,2023-09-29 00:00:00,51.99948987921551,52.00515307785189,51.99948987921551,51.99948987921551,9081500,0.0
BIL.US,道富SPDR彭博1-3个月美国国债ETF,1696219200000,2023-10-02,2023-10-02 00:00:00,52.01328477831947,52.01328477831947,52.00759715833278,52.00759715833278,22550400,0.0
BIL.US,道富SPDR彭博1-3个月美国国债ETF,1696305600000,2023-10-03,2023-10-03 00:00:00,52.01897239830617,52.01897239830617,52.01328477831947,52.01897239830617,10648800,0.0
BIL.US,道富SPDR彭博1-3个月美国国债ETF,1696392000000,2023-10-04,2023-10-04 00:00:00,52.01897239830617,52.02466001829286,52.01897239830617,52.02466001829286,26575700,0.0
BIL.US,道富SPDR彭博1-3个月美国国债ETF,1696478400000,2023-10-05,2023-10-05 00:00:00,52.05309811822633,52.05878573821303,52.05309811822633,52.05878573821303,8295300,0.0
BIL.US,道富SPDR彭博1-3个月美国国债ETF,1696564800000,2023-10-06,2023-10-06 00:00:00,52.06447335819973,52.06447335819973,52.05878573821303,52.05878573821303,9856100,0.0
BIL.US,道富SPDR彭博1-3个月美国国债ETF,1696824000000,2023-10-09,2023-10-09 00:00:00,52.06447335819973,52.070160978186415,52.05878573821303,52.06447335819973,5972300,0.0
BIL.US,道富SPDR彭博1-3个月美国国债ETF,1696910400000,2023-10-10,2023-10-10 00:00:00,52.070160978186415,52.07584859817312,52.06447335819973,52.06447335819973,8463700,0.0
BIL.US,道富SPDR彭博1-3个月美国国债ETF,1696996800000,2023-10-11,2023-10-11 00:00:00,52.070160978186415,52.07584859817312,52.070160978186415,52.07584859817312,6839400,0.0
BIL.US,道富SPDR彭博1-3个月美国国债ETF,1697083200000,2023-10-12,2023-10-12 00:00:00,52.09859907811989,52.09859907811989,52.092911458133194,52.09859907811989,7528700,0.0
BIL.US,道富SPDR彭博1-3个月美国国债ETF,1697169600000,2023-10-13,2023-10-13 00:00:00,52.104286698106584,52.10997431809328,52.104286698106584,52.10997431809328,15013900,0.0
BIL.US,道富SPDR彭博1-3个月美国国债ETF,1697428800000,2023-10-16,2023-10-16 00:00:00,52.12134955806667,52.12134955806667,52.10997431809328,52.11566193807997,8181800,0.0
BIL.US,道富SPDR彭博1-3个月美国国债ETF,1697515200000,2023-10-17,2023-10-17 00:00:00,52.12134955806667,52.127037178053364,52.12134955806667,52.12134955806667,5363200,0.0
BIL.US,道富SPDR彭博1-3个月美国国债ETF,1697601600000,2023-10-18,2023-10-18 00:00:00,52.127037178053364,52.13272479804005,52.127037178053364,52.127037178053364,6069500,0.0
BIL.US,道富SPDR彭博1-3个月美国国债ETF,1697688000000,2023-10-19,2023-10-19 00:00:00,52.149787658000136,52.15547527798684,52.149787658000136,52.149787658000136,4551500,0.0
BIL.US,道富SPDR彭博1-3个月美国国债ETF,1697774400000,2023-10-20,2023-10-20 00:00:00,52.161162897973526,52.161162897973526,52.15547527798684,52.161162897973526,4887100,0.0
BIL.US,道富SPDR彭博1-3个月美国国债ETF,1698033600000,2023-10-23,2023-10-23 00:00:00,52.172538137946916,52.172538137946916,52.16685051796022,52.16685051796022,14352700,0.0
BIL.US,道富SPDR彭博1-3个月美国国债ETF,1698120000000,2023-10-24,2023-10-24 00:00:00,52.17822575793361,52.17822575793361,52.172538137946916,52.172538137946916,12544200,0.0
BIL.US,道富SPDR彭博1-3个月美国国债ETF,1698206400000,2023-10-25,2023-10-25 00:00:00,52.183913377920305,52.183913377920305,52.17822575793361,52.17822575793361,12376000,0.0
BIL.US,道富SPDR彭博1-3个月美国国债ETF,1698292800000,2023-10-26,2023-10-26 00:00:00,52.206663857867085,52.206663857867085,52.20097623788039,52.20097623788039,9920000,0.0
BIL.US,道富SPDR彭博1-3个月美国国债ETF,1698379200000,2023-10-27,2023-10-27 00:00:00,52.21235147785377,52.22372671782716,52.21235147785377,52.218039097840474,28351200,0.0
BIL.US,道富SPDR彭博1-3个月美国国债ETF,1698638400000,2023-10-30,2023-10-30 00:00:00,52.218039097840474,52.22372671782716,52.218039097840474,52.22372671782716,25136900,0.0
BIL.US,道富SPDR彭博1-3个月美国国债ETF,1698724800000,2023-10-31,2023-10-31 00:00:00,52.22372671782716,52.22941433781386,52.22372671782716,52.22372671782716,16748400,0.0
BIL.US,道富SPDR彭博1-3个月美国国债ETF,1698811200000,2023-11-01,2023-11-01 00:00:00,52.23955210781469,52.23955210781469,52.23383912092626,52.23955210781469,25791900,0.0
BIL.US,道富SPDR彭博1-3个月美国国债ETF,1698897600000,2023-11-02,2023-11-02 00:00:00,52.25669106847998,52.262404055368414,52.25669106847998,52.25669106847998,11970800,0.0
BIL.US,道富SPDR彭博1-3个月美国国债ETF,1698984000000,2023-11-03,2023-11-03 00:00:00,52.262404055368414,52.26811704225684,52.262404055368414,52.262404055368414,13721100,0.0
BIL.US,道富SPDR彭博1-3个月美国国债ETF,1699246800000,2023-11-06,2023-11-06 00:00:00,52.27383002914527,52.27383002914527,52.26811704225684,52.26811704225684,28039200,0.0
BIL.US,道富SPDR彭博1-3个月美国国债ETF,1699333200000,2023-11-07,2023-11-07 00:00:00,52.279543016033706,52.28525600292213,52.279543016033706,52.279543016033706,6951000,0.0
BIL.US,道富SPDR彭博1-3个月美国国债ETF,1699419600000,2023-11-08,2023-11-08 00:00:00,52.290968989810565,52.290968989810565,52.28525600292213,52.28525600292213,9180800,0.0
BIL.US,道富SPDR彭博1-3个月美国国债ETF,1699506000000,2023-11-09,2023-11-09 00:00:00,52.308107950475865,52.31382093736429,52.308107950475865,52.31382093736429,11886800,0.0
BIL.US,道富SPDR彭博1-3个月美国国债ETF,1699592400000,2023-11-10,2023-11-10 00:00:00,52.319533924252724,52.32524691114116,52.319533924252724,52.319533924252724,5556400,0.0
BIL.US,道富SPDR彭博1-3个月美国国债ETF,1699851600000,2023-11-13,2023-11-13 00:00:00,52.32524691114116,52.33095989802958,52.32524691114116,52.32524691114116,6166700,0.0
BIL.US,道富SPDR彭博1-3个月美国国债ETF,1699938000000,2023-11-14,2023-11-14 00:00:00,52.33095989802958,52.336672884918016,52.33095989802958,52.33095989802958,11126500,0.0
BIL.US,道富SPDR彭博1-3个月美国国债ETF,1700024400000,2023-11-15,2023-11-15 00:00:00,52.348098858694875,52.348098858694875,52.34238587180645,52.34238587180645,10552700,0.0
BIL.US,道富SPDR彭博1-3个月美国国债ETF,1700110800000,2023-11-16,2023-11-16 00:00:00,52.36523781936017,52.3709508062486,52.36523781936017,52.36523781936017,7802900,0.0
BIL.US,道富SPDR彭博1-3个月美国国债ETF,1700197200000,2023-11-17,2023-11-17 00:00:00,52.3709508062486,52.37666379313704,52.3709508062486,52.37666379313704,6783200,0.0
BIL.US,道富SPDR彭博1-3个月美国国债ETF,1700456400000,2023-11-20,2023-11-20 00:00:00,52.38237678002547,52.38237678002547,52.37666379313704,52.37666379313704,8494100,0.0
BIL.US,道富SPDR彭博1-3个月美国国债ETF,1700542800000,2023-11-21,2023-11-21 00:00:00,52.39951574069076,52.39951574069076,52.393802753802326,52.393802753802326,13067100,0.0
BIL.US,道富SPDR彭博1-3个月美国国债ETF,1700629200000,2023-11-22,2023-11-22 00:00:00,52.422367688244485,52.422367688244485,52.41665470135605,52.41665470135605,7626700,0.0
BIL.US,道富SPDR彭博1-3个月美国国债ETF,1700802000000,2023-11-24,2023-11-24 00:00:00,52.422367688244485,52.42808067513291,52.422367688244485,52.422367688244485,2839000,0.0
BIL.US,道富SPDR彭博1-3个月美国国债ETF,1701061200000,2023-11-27,2023-11-27 00:00:00,52.42808067513291,52.433793662021344,52.42808067513291,52.42808067513291,9166000,0.0
BIL.US,道富SPDR彭博1-3个月美国国债ETF,1701147600000,2023-11-28,2023-11-28 00:00:00,52.439506648909784,52.44521963579821,52.439506648909784,52.439506648909784,7244700,0.0
BIL.US,道富SPDR彭博1-3个月美国国债ETF,1701234000000,2023-11-29,2023-11-29 00:00:00,52.44521963579821,52.45093262268664,52.44521963579821,52.44521963579821,6942200,0.0
BIL.US,道富SPDR彭博1-3个月美国国债ETF,1701320400000,2023-11-30,2023-11-30 00:00:00,52.468071583351936,52.47378457024036,52.468071583351936,52.468071583351936,18629900,0.0
BIL.US,道富SPDR彭博1-3个月美国国债ETF,1701406800000,2023-12-01,2023-12-01 00:00:00,52.484771793916835,52.484771793916835,52.47903261712143,52.47903261712143,21247800,0.0
BIL.US,道富SPDR彭博1-3个月美国国债ETF,1701666000000,2023-12-04,2023-12-04 00:00:00,52.484771793916835,52.49051097071223,52.47903261712143,52.47903261712143,15503000,0.0
BIL.US,道富SPDR彭博1-3个月美国国债ETF,1701752400000,2023-12-05,2023-12-05 00:00:00,52.49625014750763,52.49625014750763,52.49051097071223,52.49051097071223,6463400,0.0
BIL.US,道富SPDR彭博1-3个月美国国债ETF,1701838800000,2023-12-06,2023-12-06 00:00:00,52.49625014750763,52.501989324303025,52.49625014750763,52.49625014750763,6941700,0.0
BIL.US,道富SPDR彭博1-3个月美国国债ETF,1701925200000,2023-12-07,2023-12-07 00:00:00,52.51920685468922,52.52494603148462,52.51920685468922,52.51920685468922,7369300,0.0
BIL.US,道富SPDR彭博1-3个月美国国债ETF,1702011600000,2023-12-08,2023-12-08 00:00:00,52.53068520828002,52.53642438507542,52.53068520828002,52.53068520828002,5730100,0.0
BIL.US,道富SPDR彭博1-3个月美国国债ETF,1702270800000,2023-12-11,2023-12-11 00:00:00,52.542163561870815,52.542163561870815,52.53642438507542,52.542163561870815,5613500,0.0
BIL.US,道富SPDR彭博1-3个月美国国债ETF,1702357200000,2023-12-12,2023-12-12 00:00:00,52.54790273866622,52.54790273866622,52.542163561870815,52.542163561870815,7885900,0.0
BIL.US,道富SPDR彭博1-3个月美国国债ETF,1702443600000,2023-12-13,2023-12-13 00:00:00,52.54790273866622,52.553641915461604,52.54790273866622,52.54790273866622,6781800,0.0
BIL.US,道富SPDR彭博1-3个月美国国债ETF,1702530000000,2023-12-14,2023-12-14 00:00:00,52.5708594458478,52.5765986226432,52.5708594458478,52.5708594458478,13475400,0.0
BIL.US,道富SPDR彭博1-3个月美国国债ETF,1702616400000,2023-12-15,2023-12-15 00:00:00,52.582337799438605,52.588076976234,52.582337799438605,52.588076976234,6917600,0.0
BIL.US,道富SPDR彭博1-3个月美国国债ETF,1702875600000,2023-12-18,2023-12-18 00:00:00,52.59462764960268,52.59462764960268,52.58886195922232,52.59462764960268,8910900,0.0
BIL.US,道富SPDR彭博1-3个月美国国债ETF,1702962000000,2023-12-19,2023-12-19 00:00:00,52.60039333998304,52.60615903036339,52.59462764960268,52.59462764960268,6977300,0.0
BIL.US,道富SPDR彭博1-3个月美国国债ETF,1703048400000,2023-12-20,2023-12-20 00:00:00,52.60615903036339,52.61192472074375,52.60615903036339,52.60615903036339,8098700,0.0
BIL.US,道富SPDR彭博1-3个月美国国债ETF,1703134800000,2023-12-21,2023-12-21 00:00:00,52.634987482265174,52.640753172645525,52.634987482265174,52.640753172645525,5055200,0.0
BIL.US,道富SPDR彭博1-3个月美国国债ETF,1703221200000,2023-12-22,2023-12-22 00:00:00,52.640753172645525,52.64651886302588,52.640753172645525,52.64651886302588,7471600,0.0
BIL.US,道富SPDR彭博1-3个月美国国债ETF,1703566800000,2023-12-26,2023-12-26 00:00:00,52.65805024378659,52.65805024378659,52.65228455340623,52.65805024378659,4638800,0.0
BIL.US,道富SPDR彭博1-3个月美国国债ETF,1703653200000,2023-12-27,2023-12-27 00:00:00,52.65805024378659,52.66381593416695,52.65805024378659,52.65805024378659,4717700,0.0
BIL.US,道富SPDR彭博1-3个月美国国债ETF,1703739600000,2023-12-28,2023-12-28 00:00:00,52.686878695688364,52.69264438606873,52.686878695688364,52.69264438606873,5605100,0.0
BIL.US,道富SPDR彭博1-3个月美国国债ETF,1703826000000,2023-12-29,2023-12-29 00:00:00,52.698410076449086,52.698410076449086,52.69264438606873,52.69264438606873,5588600,0.0
BIL.US,道富SPDR彭博1-3个月美国国债ETF,1704171600000,2024-01-02,2024-01-02 00:00:00,52.698410076449086,52.70417576682944,52.698410076449086,52.698410076449086,9445500,0.0
BIL.US,道富SPDR彭博1-3个月美国国债ETF,1704258000000,2024-01-03,2024-01-03 00:00:00,52.70417576682944,52.71570714759015,52.70417576682944,52.71570714759015,6793500,0.0
BIL.US,道富SPDR彭博1-3个月美国国债ETF,1704344400000,2024-01-04,2024-01-04 00:00:00,52.73300421873121,52.73876990911157,52.73300421873121,52.73300421873121,5840200,0.0
BIL.US,道富SPDR彭博1-3个月美国国债ETF,1704430800000,2024-01-05,2024-01-05 00:00:00,52.744535599491925,52.744535599491925,52.73876990911157,52.73876990911157,4991800,0.0
BIL.US,道富SPDR彭博1-3个月美国国债ETF,1704690000000,2024-01-08,2024-01-08 00:00:00,52.744535599491925,52.750301289872276,52.744535599491925,52.744535599491925,4889900,0.0
BIL.US,道富SPDR彭博1-3个月美国国债ETF,1704776400000,2024-01-09,2024-01-09 00:00:00,52.75606698025263,52.75606698025263,52.750301289872276,52.750301289872276,5080800,0.0
BIL.US,道富SPDR彭博1-3个月美国国债ETF,1704862800000,2024-01-10,2024-01-10 00:00:00,52.76183267063299,52.76759836101334,52.76183267063299,52.76183267063299,8798600,0.0
BIL.US,道富SPDR彭博1-3个月美国国债ETF,1704949200000,2024-01-11,2024-01-11 00:00:00,52.79066112253477,52.79642681291512,52.79066112253477,52.79066112253477,5947100,0.0
BIL.US,道富SPDR彭博1-3个月美国国债ETF,1705035600000,2024-01-12,2024-01-12 00:00:00,52.79642681291512,52.80219250329548,52.79642681291512,52.80219250329548,5049200,0.0
BIL.US,道富SPDR彭博1-3个月美国国债ETF,1705381200000,2024-01-16,2024-01-16 00:00:00,52.80795819367584,52.81372388405619,52.80795819367584,52.80795819367584,6485200,0.0
BIL.US,道富SPDR彭博1-3个月美国国债ETF,1705467600000,2024-01-17,2024-01-17 00:00:00,52.81372388405619,52.819489574436545,52.81372388405619,52.819489574436545,5915700,0.0
BIL.US,道富SPDR彭博1-3个月美国国债ETF,1705554000000,2024-01-18,2024-01-18 00:00:00,52.83678664557761,52.84255233595797,52.83678664557761,52.84255233595797,5270500,0.0
BIL.US,道富SPDR彭博1-3个月美国国债ETF,1705640400000,2024-01-19,2024-01-19 00:00:00,52.84831802633832,52.84831802633832,52.84255233595797,52.84831802633832,5444600,0.0
BIL.US,道富SPDR彭博1-3个月美国国债ETF,1705899600000,2024-01-22,2024-01-22 00:00:00,52.85408371671868,52.85984940709904,52.85408371671868,52.85408371671868,6114000,0.0
BIL.US,道富SPDR彭博1-3个月美国国债ETF,1705986000000,2024-01-23,2024-01-23 00:00:00,52.85984940709904,52.86561509747939,52.85984940709904,52.85984940709904,4961800,0.0
BIL.US,道富SPDR彭博1-3个月美国国债ETF,1706072400000,2024-01-24,2024-01-24 00:00:00,52.86561509747939,52.87138078785975,52.86561509747939,52.86561509747939,6486100,0.0
BIL.US,道富SPDR彭博1-3个月美国国债ETF,1706158800000,2024-01-25,2024-01-25 00:00:00,52.894443549381165,52.894443549381165,52.888677859000815,52.894443549381165,6059500,0.0
BIL.US,道富SPDR彭博1-3个月美国国债ETF,1706245200000,2024-01-26,2024-01-26 00:00:00,52.90020923976152,52.90020923976152,52.894443549381165,52.90020923976152,5612900,0.0
BIL.US,道富SPDR彭博1-3个月美国国债ETF,1706504400000,2024-01-29,2024-01-29 00:00:00,52.90597493014188,52.91174062052223,52.90597493014188,52.90597493014188,5646100,0.0
BIL.US,道富SPDR彭博1-3个月美国国债ETF,1706590800000,2024-01-30,2024-01-30 00:00:00,52.91174062052223,52.91750631090259,52.91174062052223,52.91174062052223,30704200,0.0
BIL.US,道富SPDR彭博1-3个月美国国债ETF,1706677200000,2024-01-31,2024-01-31 00:00:00,52.923272001282946,52.923272001282946,52.91750631090259,52.91750631090259,10964400,0.0
BIL.US,道富SPDR彭博1-3个月美国国债ETF,1706763600000,2024-02-01,2024-02-01 00:00:00,52.944357583932316,52.95014891598044,52.944357583932316,52.944357583932316,14759200,0.0
BIL.US,道富SPDR彭博1-3个月美国国债ETF,1706850000000,2024-02-02,2024-02-02 00:00:00,52.95594024802856,52.95594024802856,52.95014891598044,52.95594024802856,8157700,0.0
BIL.US,道富SPDR彭博1-3个月美国国债ETF,1707109200000,2024-02-05,2024-02-05 00:00:00,52.96173158007669,52.96173158007669,52.95594024802856,52.95594024802856,6923400,0.0
BIL.US,道富SPDR彭博1-3个月美国国债ETF,1707195600000,2024-02-06,2024-02-06 00:00:00,52.9675229121248,52.9675229121248,52.96173158007669,52.9675229121248,5037900,0.0
BIL.US,道富SPDR彭博1-3个月美国国债ETF,1707282000000,2024-02-07,2024-02-07 00:00:00,52.97910557622105,52.97910557622105,52.973314244172926,52.973314244172926,8475400,0.0
BIL.US,道富SPDR彭博1-3个月美国国债ETF,1707368400000,2024-02-08,2024-02-08 00:00:00,53.002270904413535,53.002270904413535,52.996479572365416,52.996479572365416,5406300,0.0
BIL.US,道富SPDR彭博1-3个月美国国债ETF,1707454800000,2024-02-09,2024-02-09 00:00:00,53.002270904413535,53.00806223646166,53.002270904413535,53.002270904413535,5087000,0.0
BIL.US,道富SPDR彭博1-3个月美国国债ETF,1707714000000,2024-02-12,2024-02-12 00:00:00,53.01385356850979,53.01385356850979,53.00806223646166,53.01385356850979,7216800,0.0
BIL.US,道富SPDR彭博1-3个月美国国债ETF,1707800400000,2024-02-13,2024-02-13 00:00:00,53.01385356850979,53.0196449005579,53.01385356850979,53.01385356850979,7655100,0.0
BIL.US,道富SPDR彭博1-3个月美国国债ETF,1707886800000,2024-02-14,2024-02-14 00:00:00,53.025436232606026,53.031227564654145,53.025436232606026,53.025436232606026,6028000,0.0
BIL.US,道富SPDR彭博1-3个月美国国债ETF,1707973200000,2024-02-15,2024-02-15 00:00:00,53.06018422489476,53.06018422489476,53.054392892846636,53.054392892846636,4800600,0.0
BIL.US,道富SPDR彭博1-3个月美国国债ETF,1708059600000,2024-02-16,2024-02-16 00:00:00,53.06018422489476,53.06597555694288,53.06018422489476,53.06597555694288,6052600,0.0
BIL.US,道富SPDR彭博1-3个月美国国债ETF,1708405200000,2024-02-20,2024-02-20 00:00:00,53.077558221039126,53.077558221039126,53.07176688899101,53.07176688899101,4841100,0.0
BIL.US,道富SPDR彭博1-3个月美国国债ETF,1708491600000,2024-02-21,2024-02-21 00:00:00,53.077558221039126,53.083349553087245,53.077558221039126,53.077558221039126,5127600,0.0
BIL.US,道富SPDR彭博1-3个月美国国债ETF,1708578000000,2024-02-22,2024-02-22 00:00:00,53.10072354923161,53.106514881279736,53.10072354923161,53.106514881279736,7474000,0.0
BIL.US,道富SPDR彭博1-3个月美国国债ETF,1708664400000,2024-02-23,2024-02-23 00:00:00,53.106514881279736,53.112306213327855,53.106514881279736,53.112306213327855,5608600,0.0
BIL.US,道富SPDR彭博1-3个月美国国债ETF,1708923600000,2024-02-26,2024-02-26 00:00:00,53.11809754537598,53.11809754537598,53.112306213327855,53.112306213327855,4644800,0.0
BIL.US,道富SPDR彭博1-3个月美国国债ETF,1709010000000,2024-02-27,2024-02-27 00:00:00,53.12388887742411,53.12968020947222,53.12388887742411,53.12388887742411,6027500,0.0
BIL.US,道富SPDR彭博1-3个月美国国债ETF,1709096400000,2024-02-28,2024-02-28 00:00:00,53.12968020947222,53.135471541520346,53.12968020947222,53.12968020947222,3917600,0.0
BIL.US,道富SPDR彭博1-3个月美国国债ETF,1709182800000,2024-02-29,2024-02-29 00:00:00,53.15284553766472,53.158636869712836,53.15284553766472,53.15284553766472,13028900,0.0
BIL.US,道富SPDR彭博1-3个月美国国债ETF,1709269200000,2024-03-01,2024-03-01 00:00:00,53.16168965552978,53.16750348860672,53.16168965552978,53.16750348860672,13095400,0.0
BIL.US,道富SPDR彭博1-3个月美国国债ETF,1709528400000,2024-03-04,2024-03-04 00:00:00,53.173317321683655,53.173317321683655,53.16750348860672,53.173317321683655,8628300,0.0
BIL.US,道富SPDR彭博1-3个月美国国债ETF,1709614800000,2024-03-05,2024-03-05 00:00:00,53.1791311547606,53.1791311547606,53.173317321683655,53.173317321683655,10329500,0.0
BIL.US,道富SPDR彭博1-3个月美国国债ETF,1709701200000,2024-03-06,2024-03-06 00:00:00,53.190758820914475,53.190758820914475,53.18494498783754,53.18494498783754,6752000,0.0
BIL.US,道富SPDR彭博1-3个月美国国债ETF,1709787600000,2024-03-07,2024-03-07 00:00:00,53.21401415322223,53.21401415322223,53.20820032014529,53.20820032014529,4388600,0.0
BIL.US,道富SPDR彭博1-3个月美国国债ETF,1709874000000,2024-03-08,2024-03-08 00:00:00,53.21401415322223,53.21982798629917,53.21401415322223,53.21401415322223,4298900,0.0
BIL.US,道富SPDR彭博1-3个月美国国债ETF,1710129600000,2024-03-11,2024-03-11 00:00:00,53.22564181937611,53.22564181937611,53.21982798629917,53.21982798629917,5117900,0.0
BIL.US,道富SPDR彭博1-3个月美国国债ETF,1710216000000,2024-03-12,2024-03-12 00:00:00,53.23145565245305,53.237269485529986,53.23145565245305,53.237269485529986,4136600,0.0
BIL.US,道富SPDR彭博1-3个月美国国债ETF,1710302400000,2024-03-13,2024-03-13 00:00:00,53.24308331860693,53.24308331860693,53.237269485529986,53.237269485529986,4478400,0.0
BIL.US,道富SPDR彭博1-3个月美国国债ETF,1710388800000,2024-03-14,2024-03-14 00:00:00,53.26052481783774,53.26633865091468,53.26052481783774,53.26052481783774,4603000,0.0
BIL.US,道富SPDR彭博1-3个月美国国债ETF,1710475200000,2024-03-15,2024-03-15 00:00:00,53.27215248399162,53.27215248399162,53.26633865091468,53.27215248399162,4445600,0.0
BIL.US,道富SPDR彭博1-3个月美国国债ETF,1710734400000,2024-03-18,2024-03-18 00:00:00,53.27796631706856,53.27796631706856,53.27215248399162,53.27796631706856,5594400,0.0
BIL.US,道富SPDR彭博1-3个月美国国债ETF,1710820800000,2024-03-19,2024-03-19 00:00:00,53.2837801501455,53.28959398322244,53.2837801501455,53.28959398322244,5681900,0.0
BIL.US,道富SPDR彭博1-3个月美国国债ETF,1710907200000,2024-03-20,2024-03-20 00:00:00,53.28959398322244,53.295407816299374,53.28959398322244,53.295407816299374,4398200,0.0
BIL.US,道富SPDR彭博1-3个月美国国债ETF,1710993600000,2024-03-21,2024-03-21 00:00:00,53.312849315530194,53.31866314860713,53.312849315530194,53.312849315530194,7534900,0.0
BIL.US,道富SPDR彭博1-3个月美国国债ETF,1711080000000,2024-03-22,2024-03-22 00:00:00,53.31866314860713,53.32447698168407,53.31866314860713,53.31866314860713,4686400,0.0
BIL.US,道富SPDR彭博1-3个月美国国债ETF,1711339200000,2024-03-25,2024-03-25 00:00:00,53.33610464783795,53.33610464783795,53.330290814761014,53.330290814761014,4050000,0.0
BIL.US,道富SPDR彭博1-3个月美国国债ETF,1711425600000,2024-03-26,2024-03-26 00:00:00,53.33610464783795,53.341918480914885,53.33610464783795,53.33610464783795,4276000,0.0
BIL.US,道富SPDR彭博1-3个月美国国债ETF,1711512000000,2024-03-27,2024-03-27 00:00:00,53.36517381322265,53.37098764629958,53.36517381322265,53.37098764629958,5350700,0.0
BIL.US,道富SPDR彭博1-3个月美国国债ETF,1711598400000,2024-03-28,2024-03-28 00:00:00,53.37098764629958,53.376801479376525,53.37098764629958,53.37098764629958,10199200,0.0
BIL.US,道富SPDR彭博1-3个月美国国债ETF,1711944000000,2024-04-01,2024-04-01 00:00:00,53.386423902671844,53.39226359025691,53.386423902671844,53.386423902671844,14208200,0.0
BIL.US,道富SPDR彭博1-3个月美国国债ETF,1712030400000,2024-04-02,2024-04-02 00:00:00,53.39810327784197,53.39810327784197,53.39226359025691,53.39810327784197,8902500,0.0
BIL.US,道富SPDR彭博1-3个月美国国债ETF,1712116800000,2024-04-03,2024-04-03 00:00:00,53.40394296542704,53.40394296542704,53.39810327784197,53.39810327784197,8433900,0.0
BIL.US,道富SPDR彭博1-3个月美国国债ETF,1712203200000,2024-04-04,2024-04-04 00:00:00,53.42146202818224,53.4273017157673,53.42146202818224,53.42146202818224,6620400,0.0
BIL.US,道富SPDR彭博1-3个月美国国债ETF,1712289600000,2024-04-05,2024-04-05 00:00:00,53.433141403352366,53.433141403352366,53.4273017157673,53.433141403352366,5463200,0.0
BIL.US,道富SPDR彭博1-3个月美国国债ETF,1712548800000,2024-04-08,2024-04-08 00:00:00,53.4448207785225,53.4448207785225,53.43898109093744,53.43898109093744,4983800,0.0
BIL.US,道富SPDR彭博1-3个月美国国债ETF,1712635200000,2024-04-09,2024-04-09 00:00:00,53.4448207785225,53.450660466107564,53.4448207785225,53.4448207785225,5562500,0.0
BIL.US,道富SPDR彭博1-3个月美国国债ETF,1712721600000,2024-04-10,2024-04-10 00:00:00,53.450660466107564,53.45650015369264,53.450660466107564,53.45650015369264,4799700,0.0
BIL.US,道富SPDR彭博1-3个月美国国债ETF,1712808000000,2024-04-11,2024-04-11 00:00:00,53.47401921644782,53.479858904032895,53.47401921644782,53.47401921644782,5081500,0.0
BIL.US,道富SPDR彭博1-3个月美国国债ETF,1712894400000,2024-04-12,2024-04-12 00:00:00,53.479858904032895,53.48569859161796,53.479858904032895,53.479858904032895,7030200,0.0
BIL.US,道富SPDR彭博1-3个月美国国债ETF,1713153600000,2024-04-15,2024-04-15 00:00:00,53.48569859161796,53.49153827920302,53.48569859161796,53.49153827920302,7376700,0.0
BIL.US,道富SPDR彭博1-3个月美国国债ETF,1713240000000,2024-04-16,2024-04-16 00:00:00,53.50321765437316,53.50321765437316,53.49737796678809,53.49737796678809,8427000,0.0
BIL.US,道富SPDR彭博1-3个月美国国债ETF,1713326400000,2024-04-17,2024-04-17 00:00:00,53.50905734195822,53.50905734195822,53.50321765437316,53.50321765437316,10975300,0.0
BIL.US,道富SPDR彭博1-3个月美国国债ETF,1713412800000,2024-04-18,2024-04-18 00:00:00,53.52657640471342,53.53241609229849,53.52657640471342,53.53241609229849,7379200,0.0
BIL.US,道富SPDR彭博1-3个月美国国债ETF,1713499200000,2024-04-19,2024-04-19 00:00:00,53.538255779883556,53.538255779883556,53.53241609229849,53.538255779883556,6855100,0.0
BIL.US,道富SPDR彭博1-3个月美国国债ETF,1713758400000,2024-04-22,2024-04-22 00:00:00,53.54993515505369,53.54993515505369,53.544095467468615,53.54993515505369,6628400,0.0
BIL.US,道富SPDR彭博1-3个月美国国债ETF,1713844800000,2024-04-23,2024-04-23 00:00:00,53.55577484263875,53.55577484263875,53.54993515505369,53.55577484263875,5991900,0.0
BIL.US,道富SPDR彭博1-3个月美国国债ETF,1713931200000,2024-04-24,2024-04-24 00:00:00,53.55577484263875,53.561614530223814,53.55577484263875,53.55577484263875,7103500,0.0
BIL.US,道富SPDR彭博1-3个月美国国债ETF,1714017600000,2024-04-25,2024-04-25 00:00:00,53.584973280564085,53.584973280564085,53.57913359297901,53.584973280564085,5351100,0.0
BIL.US,道富SPDR彭博1-3个月美国国债ETF,1714104000000,2024-04-26,2024-04-26 00:00:00,53.590812968149145,53.590812968149145,53.584973280564085,53.584973280564085,6842800,0.0
BIL.US,道富SPDR彭博1-3个月美国国债ETF,1714363200000,2024-04-29,2024-04-29 00:00:00,53.59665265573421,53.60249234331928,53.59665265573421,53.59665265573421,7880000,0.0
BIL.US,道富SPDR彭博1-3个月美国国债ETF,1714449600000,2024-04-30,2024-04-30 00:00:00,53.60249234331928,53.60833203090434,53.60249234331928,53.60249234331928,13723600,0.0
BIL.US,道富SPDR彭博1-3个月美国国债ETF,1714536000000,2024-05-01,2024-05-01 00:00:00,53.618669255344116,53.618669255344116,53.61280480502634,53.61280480502634,13814700,0.0
BIL.US,道富SPDR彭博1-3个月美国国债ETF,1714622400000,2024-05-02,2024-05-02 00:00:00,53.64212705661518,53.64212705661518,53.63626260629741,53.64212705661518,8928200,0.0
BIL.US,道富SPDR彭博1-3个月美国国债ETF,1714708800000,2024-05-03,2024-05-03 00:00:00,53.64799150693295,53.64799150693295,53.64212705661518,53.64799150693295,7417900,0.0
BIL.US,道富SPDR彭博1-3个月美国国债ETF,1714968000000,2024-05-06,2024-05-06 00:00:00,53.65385595725071,53.65385595725071,53.64799150693295,53.64799150693295,8051000,0.0
BIL.US,道富SPDR彭博1-3个月美国国债ETF,1715054400000,2024-05-07,2024-05-07 00:00:00,53.65972040756848,53.65972040756848,53.65385595725071,53.65385595725071,5471700,0.0
BIL.US,道富SPDR彭博1-3个月美国国债ETF,1715140800000,2024-05-08,2024-05-08 00:00:00,53.66558485788625,53.67144930820401,53.66558485788625,53.66558485788625,4992500,0.0
BIL.US,道富SPDR彭博1-3个月美国国债ETF,1715227200000,2024-05-09,2024-05-09 00:00:00,53.689042659157316,53.69490710947508,53.689042659157316,53.69490710947508,5300400,0.0
BIL.US,道富SPDR彭博1-3个月美国国债ETF,1715313600000,2024-05-10,2024-05-10 00:00:00,53.69490710947508,53.70077155979285,53.69490710947508,53.69490710947508,4157600,0.0
BIL.US,道富SPDR彭博1-3个月美国国债ETF,1715572800000,2024-05-13,2024-05-13 00:00:00,53.70077155979285,53.706636010110614,53.70077155979285,53.706636010110614,4583700,0.0
BIL.US,道富SPDR彭博1-3个月美国国债ETF,1715659200000,2024-05-14,2024-05-14 00:00:00,53.718364910746146,53.718364910746146,53.71250046042839,53.71250046042839,6834400,0.0
BIL.US,道富SPDR彭博1-3个月美国国债ETF,1715745600000,2024-05-15,2024-05-15 00:00:00,53.72422936106392,53.72422936106392,53.718364910746146,53.718364910746146,6416100,0.0
BIL.US,道富SPDR彭博1-3个月美国国债ETF,1715832000000,2024-05-16,2024-05-16 00:00:00,53.74768716233499,53.74768716233499,53.74182271201722,53.74182271201722,8627400,0.0
BIL.US,道富SPDR彭博1-3个月美国国债ETF,1715918400000,2024-05-17,2024-05-17 00:00:00,53.75355161265275,53.75355161265275,53.74768716233499,53.74768716233499,4260500,0.0
BIL.US,道富SPDR彭博1-3个月美国国债ETF,1716177600000,2024-05-20,2024-05-20 00:00:00,53.75941606297052,53.76528051328829,53.75941606297052,53.75941606297052,4460500,0.0
BIL.US,道富SPDR彭博1-3个月美国国债ETF,1716264000000,2024-05-21,2024-05-21 00:00:00,53.771144963606055,53.771144963606055,53.76528051328829,53.76528051328829,3358400,0.0
BIL.US,道富SPDR彭博1-3个月美国国债ETF,1716350400000,2024-05-22,2024-05-22 00:00:00,53.77700941392382,53.78287386424159,53.771144963606055,53.77700941392382,5629600,0.0
BIL.US,道富SPDR彭博1-3个月美国国债ETF,1716436800000,2024-05-23,2024-05-23 00:00:00,53.80633166551266,53.812196115830425,53.80633166551266,53.812196115830425,5210000,0.0
BIL.US,道富SPDR彭博1-3个月美国国债ETF,1716523200000,2024-05-24,2024-05-24 00:00:00,53.812196115830425,53.81806056614819,53.812196115830425,53.81806056614819,4187400,0.0
BIL.US,道富SPDR彭博1-3个月美国国债ETF,1716868800000,2024-05-28,2024-05-28 00:00:00,53.812196115830425,53.81806056614819,53.812196115830425,53.812196115830425,4940900,0.0
BIL.US,道富SPDR彭博1-3个月美国国债ETF,1716955200000,2024-05-29,2024-05-29 00:00:00,53.81806056614819,53.82392501646596,53.81806056614819,53.82392501646596,4961200,0.0
BIL.US,道富SPDR彭博1-3个月美国国债ETF,1717041600000,2024-05-30,2024-05-30 00:00:00,53.82978946678373,53.83565391710149,53.82978946678373,53.83565391710149,5711700,0.0
BIL.US,道富SPDR彭博1-3个月美国国债ETF,1717128000000,2024-05-31,2024-05-31 00:00:00,53.84738281773702,53.853247268054794,53.84738281773702,53.84738281773702,12454800,0.0
BIL.US,道富SPDR彭博1-3个月美国国债ETF,1717387200000,2024-06-03,2024-06-03 00:00:00,53.86804927901389,53.86804927901389,53.8562684043766,53.8562684043766,15275200,0.0
BIL.US,道富SPDR彭博1-3个月美国国债ETF,1717473600000,2024-06-04,2024-06-04 00:00:00,53.86804927901389,53.87393971633253,53.86215884169524,53.86804927901389,8302300,0.0
BIL.US,道富SPDR彭博1-3个月美国国债ETF,1717560000000,2024-06-05,2024-06-05 00:00:00,53.87983015365118,53.87983015365118,53.87393971633253,53.87393971633253,8099300,0.0
BIL.US,道富SPDR彭博1-3个月美国国债ETF,1717646400000,2024-06-06,2024-06-06 00:00:00,53.885720590969825,53.885720590969825,53.87983015365118,53.87983015365118,4720800,0.0
BIL.US,道富SPDR彭博1-3个月美国国债ETF,1717732800000,2024-06-07,2024-06-07 00:00:00,53.90339190292576,53.9092823402444,53.90339190292576,53.90339190292576,5032600,0.0
BIL.US,道富SPDR彭博1-3个月美国国债ETF,1717992000000,2024-06-10,2024-06-10 00:00:00,53.9092823402444,53.91517277756305,53.9092823402444,53.91517277756305,4087500,0.0
BIL.US,道富SPDR彭博1-3个月美国国债ETF,1718078400000,2024-06-11,2024-06-11 00:00:00,53.92695365220034,53.92695365220034,53.9210632148817,53.9210632148817,4831700,0.0
BIL.US,道富SPDR彭博1-3个月美国国债ETF,1718164800000,2024-06-12,2024-06-12 00:00:00,53.93284408951899,53.93284408951899,53.92695365220034,53.93284408951899,6373600,0.0
BIL.US,道富SPDR彭博1-3个月美国国债ETF,1718251200000,2024-06-13,2024-06-13 00:00:00,53.944624964156276,53.944624964156276,53.93873452683763,53.93873452683763,5132600,0.0
BIL.US,道富SPDR彭博1-3个月美国国债ETF,1718337600000,2024-06-14,2024-06-14 00:00:00,53.956405838793565,53.96818671343086,53.956405838793565,53.96818671343086,5226500,0.0
BIL.US,道富SPDR彭博1-3个月美国国债ETF,1718596800000,2024-06-17,2024-06-17 00:00:00,53.9740771507495,53.9740771507495,53.96818671343086,53.9740771507495,5347500,0.0
BIL.US,道富SPDR彭博1-3个月美国国债ETF,1718683200000,2024-06-18,2024-06-18 00:00:00,53.97996758806815,53.9858580253868,53.97996758806815,53.9858580253868,6273200,0.0
BIL.US,道富SPDR彭博1-3个月美国国债ETF,1718856000000,2024-06-20,2024-06-20 00:00:00,53.99174846270544,53.997638900024086,53.99174846270544,53.997638900024086,5238800,0.0
BIL.US,道富SPDR彭博1-3个月美国国债ETF,1718942400000,2024-06-21,2024-06-21 00:00:00,54.01531021198002,54.02120064929866,54.01531021198002,54.01531021198002,5343800,0.0
BIL.US,道富SPDR彭博1-3个月美国国债ETF,1719201600000,2024-06-24,2024-06-24 00:00:00,54.02709108661732,54.02709108661732,54.02120064929866,54.02709108661732,5280400,0.0
BIL.US,道富SPDR彭博1-3个月美国国债ETF,1719288000000,2024-06-25,2024-06-25 00:00:00,54.032981523935966,54.03887196125461,54.02709108661732,54.02709108661732,3518000,0.0
BIL.US,道富SPDR彭博1-3个月美国国债ETF,1719374400000,2024-06-26,2024-06-26 00:00:00,54.032981523935966,54.03887196125461,54.032981523935966,54.032981523935966,4098100,0.0
BIL.US,道富SPDR彭博1-3个月美国国债ETF,1719460800000,2024-06-27,2024-06-27 00:00:00,54.044762398573255,54.0506528358919,54.044762398573255,54.044762398573255,4487200,0.0
BIL.US,道富SPDR彭博1-3个月美国国债ETF,1719547200000,2024-06-28,2024-06-28 00:00:00,54.06243371052919,54.06832414784784,54.06243371052919,54.06243371052919,10410800,0.0
BIL.US,道富SPDR彭博1-3个月美国国债ETF,1719806400000,2024-07-01,2024-07-01 00:00:00,54.08143718714509,54.08143718714509,54.07552147535476,54.08143718714509,11882700,0.0
BIL.US,道富SPDR彭博1-3个月美国国债ETF,1719892800000,2024-07-02,2024-07-02 00:00:00,54.08735289893542,54.08735289893542,54.08143718714509,54.08735289893542,8228100,0.0
BIL.US,道富SPDR彭博1-3个月美国国债ETF,1719979200000,2024-07-03,2024-07-03 00:00:00,54.10510003430638,54.10510003430638,54.09918432251607,54.10510003430638,4240100,0.0
BIL.US,道富SPDR彭博1-3个月美国国债ETF,1720152000000,2024-07-05,2024-07-05 00:00:00,54.128762881467686,54.128762881467686,54.12284716967736,54.12284716967736,4316500,0.0
BIL.US,道富SPDR彭博1-3个月美国国债ETF,1720411200000,2024-07-08,2024-07-08 00:00:00,54.128762881467686,54.14059430504833,54.128762881467686,54.134678593258016,4748100,0.0
BIL.US,道富SPDR彭博1-3个月美国国债ETF,1720497600000,2024-07-09,2024-07-09 00:00:00,54.14059430504833,54.14651001683866,54.134678593258016,54.134678593258016,4311500,0.0
BIL.US,道富SPDR彭博1-3个月美国国债ETF,1720584000000,2024-07-10,2024-07-10 00:00:00,54.152425728628984,54.152425728628984,54.14059430504833,54.14651001683866,4653500,0.0
BIL.US,道富SPDR彭博1-3个月美国国债ETF,1720670400000,2024-07-11,2024-07-11 00:00:00,54.152425728628984,54.158341440419306,54.152425728628984,54.152425728628984,5960300,0.0
BIL.US,道富SPDR彭博1-3个月美国国债ETF,1720756800000,2024-07-12,2024-07-12 00:00:00,54.17608857579028,54.182004287580604,54.17608857579028,54.17608857579028,5872000,0.0
BIL.US,道富SPDR彭博1-3个月美国国债ETF,1721016000000,2024-07-15,2024-07-15 00:00:00,54.182004287580604,54.187919999370926,54.182004287580604,54.187919999370926,6130500,0.0
BIL.US,道富SPDR彭博1-3个月美国国债ETF,1721102400000,2024-07-16,2024-07-16 00:00:00,54.193835711161256,54.193835711161256,54.187919999370926,54.187919999370926,5457000,0.0
BIL.US,道富SPDR彭博1-3个月美国国债ETF,1721188800000,2024-07-17,2024-07-17 00:00:00,54.19975142295158,54.2056671347419,54.193835711161256,54.2056671347419,7883400,0.0
BIL.US,道富SPDR彭博1-3个月美国国债ETF,1721275200000,2024-07-18,2024-07-18 00:00:00,54.2056671347419,54.211582846532224,54.19975142295158,54.211582846532224,5746000,0.0
BIL.US,道富SPDR彭博1-3个月美国国债ETF,1721361600000,2024-07-19,2024-07-19 00:00:00,54.23524569369353,54.23524569369353,54.2293299819032,54.2293299819032,4604900,0.0
BIL.US,道富SPDR彭博1-3个月美国国债ETF,1721620800000,2024-07-22,2024-07-22 00:00:00,54.23524569369353,54.241161405483844,54.23524569369353,54.241161405483844,6777700,0.0
BIL.US,道富SPDR彭博1-3个月美国国债ETF,1721707200000,2024-07-23,2024-07-23 00:00:00,54.241161405483844,54.252992829064496,54.241161405483844,54.241161405483844,8687900,0.0
BIL.US,道富SPDR彭博1-3个月美国国债ETF,1721793600000,2024-07-24,2024-07-24 00:00:00,54.25890854085482,54.25890854085482,54.252992829064496,54.25890854085482,5548000,0.0
BIL.US,道富SPDR彭博1-3个月美国国债ETF,1721880000000,2024-07-25,2024-07-25 00:00:00,54.25890854085482,54.26482425264515,54.25890854085482,54.25890854085482,5926500,0.0
BIL.US,道富SPDR彭博1-3个月美国国债ETF,1721966400000,2024-07-26,2024-07-26 00:00:00,54.28848709980644,54.28848709980644,54.27665567622579,54.28848709980644,4299300,0.0
BIL.US,道富SPDR彭博1-3个月美国国债ETF,1722225600000,2024-07-29,2024-07-29 00:00:00,54.29440281159677,54.29440281159677,54.28848709980644,54.28848709980644,4097400,0.0
BIL.US,道富SPDR彭博1-3个月美国国债ETF,1722312000000,2024-07-30,2024-07-30 00:00:00,54.3003185233871,54.3003185233871,54.29440281159677,54.29440281159677,6748000,0.0
BIL.US,道富SPDR彭博1-3个月美国国债ETF,1722398400000,2024-07-31,2024-07-31 00:00:00,54.3003185233871,54.30623423517741,54.3003185233871,54.30623423517741,12395000,0.0
BIL.US,道富SPDR彭博1-3个月美国国债ETF,1722484800000,2024-08-01,2024-08-01 00:00:00,54.313588428709906,54.319530184363416,54.313588428709906,54.319530184363416,18244900,0.0
BIL.US,道富SPDR彭博1-3个月美国国债ETF,1722571200000,2024-08-02,2024-08-02 00:00:00,54.34329720697744,54.34923896263095,54.33735545132394,54.34923896263095,14492000,0.0
BIL.US,道富SPDR彭博1-3个月美国国债ETF,1722830400000,2024-08-05,2024-08-05 00:00:00,54.34923896263095,54.35518071828446,54.34923896263095,54.34923896263095,21054200,0.0
BIL.US,道富SPDR彭博1-3个月美国国债ETF,1722916800000,2024-08-06,2024-08-06 00:00:00,54.35518071828446,54.36112247393796,54.35518071828446,54.36112247393796,9774300,0.0
BIL.US,道富SPDR彭博1-3个月美国国债ETF,1723003200000,2024-08-07,2024-08-07 00:00:00,54.36706422959147,54.37300598524498,54.36112247393796,54.37300598524498,14277100,0.0
BIL.US,道富SPDR彭博1-3个月美国国债ETF,1723089600000,2024-08-08,2024-08-08 00:00:00,54.37300598524498,54.37894774089848,54.37300598524498,54.37894774089848,6946000,0.0
BIL.US,道富SPDR彭博1-3个月美国国债ETF,1723176000000,2024-08-09,2024-08-09 00:00:00,54.3908312522055,54.396773007859004,54.3908312522055,54.3908312522055,7714500,0.0
BIL.US,道富SPDR彭博1-3个月美国国债ETF,1723435200000,2024-08-12,2024-08-12 00:00:00,54.396773007859004,54.408656519166016,54.396773007859004,54.408656519166016,6167100,0.0
BIL.US,道富SPDR彭博1-3个月美国国债ETF,1723521600000,2024-08-13,2024-08-13 00:00:00,54.408656519166016,54.414598274819525,54.408656519166016,54.414598274819525,7486700,0.0
BIL.US,道富SPDR彭博1-3个月美国国债ETF,1723608000000,2024-08-14,2024-08-14 00:00:00,54.414598274819525,54.426481786126544,54.414598274819525,54.42054003047304,5103800,0.0
BIL.US,道富SPDR彭博1-3个月美国国债ETF,1723694400000,2024-08-15,2024-08-15 00:00:00,54.426481786126544,54.432423541780054,54.42054003047304,54.426481786126544,6865000,0.0
BIL.US,道富SPDR彭博1-3个月美国国债ETF,1723780800000,2024-08-16,2024-08-16 00:00:00,54.444307053087066,54.456190564394085,54.444307053087066,54.456190564394085,8828900,0.0
BIL.US,道富SPDR彭博1-3个月美国国债ETF,1724040000000,2024-08-19,2024-08-19 00:00:00,54.46213232004759,54.46213232004759,54.456190564394085,54.456190564394085,5960000,0.0
BIL.US,道富SPDR彭博1-3个月美国国债ETF,1724126400000,2024-08-20,2024-08-20 00:00:00,54.46213232004759,54.4680740757011,54.46213232004759,54.4680740757011,5868900,0.0
BIL.US,道富SPDR彭博1-3个月美国国债ETF,1724212800000,2024-08-21,2024-08-21 00:00:00,54.47995758700811,54.47995758700811,54.474015831354606,54.47995758700811,4315700,0.0
BIL.US,道富SPDR彭博1-3个月美国国债ETF,1724299200000,2024-08-22,2024-08-22 00:00:00,54.47995758700811,54.48589934266162,54.47995758700811,54.47995758700811,5644000,0.0
BIL.US,道富SPDR彭博1-3个月美国国债ETF,1724385600000,2024-08-23,2024-08-23 00:00:00,54.50372460962214,54.50966636527564,54.50372460962214,54.50372460962214,6458000,0.0
BIL.US,道富SPDR彭博1-3个月美国国债ETF,1724644800000,2024-08-26,2024-08-26 00:00:00,54.50966636527564,54.51560812092915,54.50966636527564,54.50966636527564,6712300,0.0
BIL.US,道富SPDR彭博1-3个月美国国债ETF,1724731200000,2024-08-27,2024-08-27 00:00:00,54.52154987658266,54.52154987658266,54.51560812092915,54.52154987658266,6549600,0.0
BIL.US,道富SPDR彭博1-3个月美国国债ETF,1724817600000,2024-08-28,2024-08-28 00:00:00,54.52749163223616,54.52749163223616,54.52154987658266,54.52749163223616,6373600,0.0
BIL.US,道富SPDR彭博1-3个月美国国债ETF,1724904000000,2024-08-29,2024-08-29 00:00:00,54.53343338788967,54.53937514354318,54.52749163223616,54.52749163223616,4766800,0.0
BIL.US,道富SPDR彭博1-3个月美国国债ETF,1724990400000,2024-08-30,2024-08-30 00:00:00,54.56314216615721,54.56314216615721,54.5572004105037,54.5572004105037,12422200,0.0
BIL.US,道富SPDR彭博1-3个月美国国债ETF,1725336000000,2024-09-03,2024-09-03 00:00:00,54.573738645599185,54.57970624960635,54.56777104159201,54.57970624960635,18003300,0.0
BIL.US,道富SPDR彭博1-3个月美国国债ETF,1725422400000,2024-09-04,2024-09-04 00:00:00,54.58567385361353,54.58567385361353,54.57970624960635,54.58567385361353,6427400,0.0
BIL.US,道富SPDR彭博1-3个月美国国债ETF,1725508800000,2024-09-05,2024-09-05 00:00:00,54.5916414576207,54.59760906162787,54.58567385361353,54.5916414576207,7293000,0.0
BIL.US,道富SPDR彭博1-3个月美国国债ETF,1725595200000,2024-09-06,2024-09-06 00:00:00,54.62147947765657,54.62147947765657,54.615511873649396,54.62147947765657,7105200,0.0
BIL.US,道富SPDR彭博1-3个月美国国债ETF,1725854400000,2024-09-09,2024-09-09 00:00:00,54.627447081663746,54.627447081663746,54.62147947765657,54.62147947765657,5391800,0.0
BIL.US,道富SPDR彭博1-3个月美国国债ETF,1725940800000,2024-09-10,2024-09-10 00:00:00,54.627447081663746,54.63938228967809,54.627447081663746,54.63938228967809,4815300,0.0
BIL.US,道富SPDR彭博1-3个月美国国债ETF,1726027200000,2024-09-11,2024-09-11 00:00:00,54.63938228967809,54.64534989368526,54.63938228967809,54.63938228967809,7429500,0.0
BIL.US,道富SPDR彭博1-3个月美国国债ETF,1726113600000,2024-09-12,2024-09-12 00:00:00,54.64534989368526,54.65131749769243,54.64534989368526,54.64534989368526,5170200,0.0
BIL.US,道富SPDR彭博1-3个月美国国债ETF,1726200000000,2024-09-13,2024-09-13 00:00:00,54.66922030971396,54.67518791372113,54.66922030971396,54.67518791372113,8183500,0.0
BIL.US,道富SPDR彭博1-3个月美国国债ETF,1726459200000,2024-09-16,2024-09-16 00:00:00,54.6811555177283,54.687123121735475,54.6811555177283,54.687123121735475,6037400,0.0
BIL.US,道富SPDR彭博1-3个月美国国债ETF,1726545600000,2024-09-17,2024-09-17 00:00:00,54.69905832974982,54.69905832974982,54.69309072574265,54.69309072574265,9658200,0.0
BIL.US,道富SPDR彭博1-3个月美国国债ETF,1726632000000,2024-09-18,2024-09-18 00:00:00,54.69905832974982,54.710993537764175,54.69905832974982,54.70502593375699,7621200,0.0
BIL.US,道富SPDR彭博1-3个月美国国债ETF,1726718400000,2024-09-19,2024-09-19 00:00:00,54.710993537764175,54.71696114177134,54.710993537764175,54.71696114177134,8001100,0.0
BIL.US,道富SPDR彭博1-3个月美国国债ETF,1726804800000,2024-09-20,2024-09-20 00:00:00,54.73486395379286,54.740831557800036,54.73486395379286,54.740831557800036,6438700,0.0
BIL.US,道富SPDR彭博1-3个月美国国债ETF,1727064000000,2024-09-23,2024-09-23 00:00:00,54.7467991618072,54.7467991618072,54.740831557800036,54.7467991618072,6998800,0.0
BIL.US,道富SPDR彭博1-3个月美国国债ETF,1727150400000,2024-09-24,2024-09-24 00:00:00,54.75276676581438,54.75873436982155,54.75276676581438,54.75276676581438,11580200,0.0
BIL.US,道富SPDR彭博1-3个月美国国债ETF,1727236800000,2024-09-25,2024-09-25 00:00:00,54.75873436982155,54.76470197382872,54.75873436982155,54.76470197382872,5875800,0.0
BIL.US,道富SPDR彭博1-3个月美国国债ETF,1727323200000,2024-09-26,2024-09-26 00:00:00,54.76470197382872,54.7706695778359,54.76470197382872,54.76470197382872,4937700,0.0
BIL.US,道富SPDR彭博1-3个月美国国债ETF,1727409600000,2024-09-27,2024-09-27 00:00:00,54.782604785850246,54.78857238985742,54.782604785850246,54.782604785850246,8616700,0.0
BIL.US,道富SPDR彭博1-3个月美国国债ETF,1727668800000,2024-09-30,2024-09-30 00:00:00,54.78857238985742,54.79453999386459,54.78857238985742,54.78857238985742,11327400,0.0
BIL.US,道富SPDR彭博1-3个月美国国债ETF,1727755200000,2024-10-01,2024-10-01 00:00:00,54.80134948630664,54.80134948630664,54.795357648400866,54.80134948630664,13695700,0.0
BIL.US,道富SPDR彭博1-3个月美国国债ETF,1727841600000,2024-10-02,2024-10-02 00:00:00,54.80734132421243,54.80734132421243,54.80134948630664,54.80734132421243,7391800,0.0
BIL.US,道富SPDR彭博1-3个月美国国债ETF,1727928000000,2024-10-03,2024-10-03 00:00:00,54.81333316211822,54.819325000023994,54.81333316211822,54.819325000023994,5394900,0.0
BIL.US,道富SPDR彭博1-3个月美国国债ETF,1728014400000,2024-10-04,2024-10-04 00:00:00,54.837300513741354,54.837300513741354,54.83130867583557,54.83130867583557,6208000,0.0
BIL.US,道富SPDR彭博1-3个月美国国债ETF,1728273600000,2024-10-07,2024-10-07 00:00:00,54.837300513741354,54.84329235164714,54.837300513741354,54.84329235164714,6735500,0.0
BIL.US,道富SPDR彭博1-3个月美国国债ETF,1728360000000,2024-10-08,2024-10-08 00:00:00,54.849284189552925,54.849284189552925,54.84329235164714,54.84329235164714,5266500,0.0
BIL.US,道富SPDR彭博1-3个月美国国债ETF,1728446400000,2024-10-09,2024-10-09 00:00:00,54.849284189552925,54.85527602745871,54.849284189552925,54.849284189552925,6200800,0.0
BIL.US,道富SPDR彭博1-3个月美国国债ETF,1728532800000,2024-10-10,2024-10-10 00:00:00,54.861267865364496,54.861267865364496,54.85527602745871,54.85527602745871,4717800,0.0
BIL.US,道富SPDR彭博1-3个月美国国债ETF,1728619200000,2024-10-11,2024-10-11 00:00:00,54.88523521698763,54.88523521698763,54.87924337908185,54.88523521698763,6011000,0.0
BIL.US,道富SPDR彭博1-3个月美国国债ETF,1728878400000,2024-10-14,2024-10-14 00:00:00,54.88523521698763,54.89122705489341,54.87924337908185,54.87924337908185,4174900,0.0
BIL.US,道富SPDR彭博1-3个月美国国债ETF,1728964800000,2024-10-15,2024-10-15 00:00:00,54.89122705489341,54.8972188927992,54.88523521698763,54.8972188927992,5906400,0.0
BIL.US,道富SPDR彭博1-3个月美国国债ETF,1729051200000,2024-10-16,2024-10-16 00:00:00,54.903210730704984,54.903210730704984,54.8972188927992,54.8972188927992,5757300,0.0
BIL.US,道富SPDR彭博1-3个月美国国债ETF,1729137600000,2024-10-17,2024-10-17 00:00:00,54.90920256861077,54.90920256861077,54.903210730704984,54.90920256861077,4395800,0.0
BIL.US,道富SPDR彭博1-3个月美国国债ETF,1729224000000,2024-10-18,2024-10-18 00:00:00,54.933169920233915,54.933169920233915,54.92118624442234,54.927178082328126,5286800,0.0
BIL.US,道富SPDR彭博1-3个月美国国债ETF,1729483200000,2024-10-21,2024-10-21 00:00:00,54.933169920233915,54.93916175813969,54.927178082328126,54.93916175813969,5874700,0.0
BIL.US,道富SPDR彭博1-3个月美国国债ETF,1729569600000,2024-10-22,2024-10-22 00:00:00,54.94515359604548,54.94515359604548,54.93916175813969,54.94515359604548,4191500,0.0
BIL.US,道富SPDR彭博1-3个月美国国债ETF,1729656000000,2024-10-23,2024-10-23 00:00:00,54.95114543395126,54.95114543395126,54.94515359604548,54.94515359604548,5462300,0.0
BIL.US,道富SPDR彭博1-3个月美国国债ETF,1729742400000,2024-10-24,2024-10-24 00:00:00,54.95713727185705,54.95713727185705,54.95114543395126,54.95114543395126,4689000,0.0
BIL.US,道富SPDR彭博1-3个月美国国债ETF,1729828800000,2024-10-25,2024-10-25 00:00:00,54.969120947668614,54.9751127855744,54.969120947668614,54.9751127855744,6048400,0.0
BIL.US,道富SPDR彭博1-3个月美国国债ETF,1730088000000,2024-10-28,2024-10-28 00:00:00,54.98110462348019,54.98110462348019,54.9751127855744,54.9751127855744,5718600,0.0
BIL.US,道富SPDR彭博1-3个月美国国债ETF,1730174400000,2024-10-29,2024-10-29 00:00:00,54.98709646138597,54.993088299291756,54.98110462348019,54.98709646138597,4704800,0.0
BIL.US,道富SPDR彭博1-3个月美国国债ETF,1730260800000,2024-10-30,2024-10-30 00:00:00,54.993088299291756,54.999080137197545,54.993088299291756,54.993088299291756,4965800,0.0
BIL.US,道富SPDR彭博1-3个月美国国债ETF,1730347200000,2024-10-31,2024-10-31 00:00:00,54.999080137197545,55.00507197510333,54.999080137197545,55.00507197510333,12141700,0.0
BIL.US,道富SPDR彭博1-3个月美国国债ETF,1730433600000,2024-11-01,2024-11-01 00:00:00,55.02822640654965,55.02822640654965,55.022211077908786,55.02822640654965,15201500,0.0
BIL.US,道富SPDR彭博1-3个月美国国债ETF,1730696400000,2024-11-04,2024-11-04 00:00:00,55.040257063831355,55.040257063831355,55.0342417351905,55.040257063831355,9477100,0.0
BIL.US,道富SPDR彭博1-3个月美国国债ETF,1730782800000,2024-11-05,2024-11-05 00:00:00,55.040257063831355,55.04627239247222,55.040257063831355,55.040257063831355,4689500,0.0
BIL.US,道富SPDR彭博1-3个月美国国债ETF,1730869200000,2024-11-06,2024-11-06 00:00:00,55.04627239247222,55.05228772111307,55.04627239247222,55.05228772111307,9978200,0.0
BIL.US,道富SPDR彭博1-3个月美国国债ETF,1730955600000,2024-11-07,2024-11-07 00:00:00,55.05228772111307,55.058303049753924,55.05228772111307,55.058303049753924,7827900,0.0
BIL.US,道富SPDR彭博1-3个月美国国债ETF,1731042000000,2024-11-08,2024-11-08 00:00:00,55.08236436431734,55.0883796929582,55.07634903567649,55.0883796929582,8280900,0.0
BIL.US,道富SPDR彭博1-3个月美国国债ETF,1731301200000,2024-11-11,2024-11-11 00:00:00,55.08236436431734,55.0883796929582,55.08236436431734,55.08236436431734,8165700,0.0
BIL.US,道富SPDR彭博1-3个月美国国债ETF,1731387600000,2024-11-12,2024-11-12 00:00:00,55.0883796929582,55.09439502159906,55.0883796929582,55.0883796929582,5526300,0.0
BIL.US,道富SPDR彭博1-3个月美国国债ETF,1731474000000,2024-11-13,2024-11-13 00:00:00,55.09439502159906,55.10041035023991,55.09439502159906,55.10041035023991,4860500,0.0
BIL.US,道富SPDR彭博1-3个月美国国债ETF,1731560400000,2024-11-14,2024-11-14 00:00:00,55.10642567888077,55.10642567888077,55.10041035023991,55.10041035023991,6138400,0.0
BIL.US,道富SPDR彭博1-3个月美国国债ETF,1731646800000,2024-11-15,2024-11-15 00:00:00,55.12447166480334,55.12447166480334,55.11845633616248,55.11845633616248,9715700,0.0
BIL.US,道富SPDR彭博1-3个月美国国债ETF,1731906000000,2024-11-18,2024-11-18 00:00:00,55.1304869934442,55.13650232208505,55.12447166480334,55.12447166480334,7387900,0.0
BIL.US,道富SPDR彭博1-3个月美国国债ETF,1731992400000,2024-11-19,2024-11-19 00:00:00,55.13650232208505,55.14251765072591,55.1304869934442,55.14251765072591,7470700,0.0
BIL.US,道富SPDR彭博1-3个月美国国债ETF,1732078800000,2024-11-20,2024-11-20 00:00:00,55.14251765072591,55.14853297936676,55.14251765072591,55.14853297936676,5538200,0.0
BIL.US,道富SPDR彭博1-3个月美国国债ETF,1732165200000,2024-11-21,2024-11-21 00:00:00,55.15454830800762,55.15454830800762,55.14853297936676,55.15454830800762,5889700,0.0
BIL.US,道富SPDR彭博1-3个月美国国债ETF,1732251600000,2024-11-22,2024-11-22 00:00:00,55.166578965289325,55.17259429393018,55.166578965289325,55.17259429393018,6694300,0.0
BIL.US,道富SPDR彭博1-3个月美国国债ETF,1732510800000,2024-11-25,2024-11-25 00:00:00,55.17259429393018,55.178609622571045,55.17259429393018,55.178609622571045,5107700,0.0
BIL.US,道富SPDR彭博1-3个月美国国债ETF,1732597200000,2024-11-26,2024-11-26 00:00:00,55.178609622571045,55.184624951211894,55.178609622571045,55.178609622571045,6692000,0.0
BIL.US,道富SPDR彭博1-3个月美国国债ETF,1732683600000,2024-11-27,2024-11-27 00:00:00,55.19064027985275,55.196655608493614,55.19064027985275,55.196655608493614,6120700,0.0
BIL.US,道富SPDR彭博1-3个月美国国债ETF,1732856400000,2024-11-29,2024-11-29 00:00:00,55.20868626577532,55.22071692305703,55.20868626577532,55.20868626577532,9410500,0.0
BIL.US,道富SPDR彭博1-3个月美国国债ETF,1733115600000,2024-12-02,2024-12-02 00:00:00,55.22353883384256,55.22353883384256,55.21750149495179,55.22353883384256,12973900,0.0
BIL.US,道富SPDR彭博1-3个月美国国债ETF,1733202000000,2024-12-03,2024-12-03 00:00:00,55.22957617273333,55.23561351162409,55.22957617273333,55.23561351162409,5673500,0.0
BIL.US,道富SPDR彭博1-3个月美国国债ETF,1733288400000,2024-12-04,2024-12-04 00:00:00,55.24768818940563,55.24768818940563,55.24165085051486,55.24165085051486,5963400,0.0
BIL.US,道富SPDR彭博1-3个月美国国债ETF,1733374800000,2024-12-05,2024-12-05 00:00:00,55.25372552829639,55.25372552829639,55.24768818940563,55.24768818940563,5880200,0.0
BIL.US,道富SPDR彭博1-3个月美国国债ETF,1733461200000,2024-12-06,2024-12-06 00:00:00,55.27183754496869,55.27183754496869,55.265800206077934,55.27183754496869,5706600,0.0
BIL.US,道富SPDR彭博1-3个月美国国债ETF,1733720400000,2024-12-09,2024-12-09 00:00:00,55.27787488385946,55.283912222750224,55.27787488385946,55.27787488385946,8793100,0.0
BIL.US,道富SPDR彭博1-3个月美国国债ETF,1733806800000,2024-12-10,2024-12-10 00:00:00,55.283912222750224,55.289949561640995,55.283912222750224,55.289949561640995,5400300,0.0
BIL.US,道富SPDR彭博1-3个月美国国债ETF,1733893200000,2024-12-11,2024-12-11 00:00:00,55.289949561640995,55.295986900531766,55.289949561640995,55.295986900531766,5845900,0.0
BIL.US,道富SPDR彭博1-3个月美国国债ETF,1733979600000,2024-12-12,2024-12-12 00:00:00,55.30202423942252,55.30806157831329,55.30202423942252,55.30806157831329,4770200,0.0
BIL.US,道富SPDR彭博1-3个月美国国债ETF,1734066000000,2024-12-13,2024-12-13 00:00:00,55.3261735949856,55.3261735949856,55.32013625609483,55.3261735949856,6271900,0.0
BIL.US,道富SPDR彭博1-3个月美国国债ETF,1734325200000,2024-12-16,2024-12-16 00:00:00,55.33221093387636,55.33221093387636,55.3261735949856,55.33221093387636,6761700,0.0
BIL.US,道富SPDR彭博1-3个月美国国债ETF,1734411600000,2024-12-17,2024-12-17 00:00:00,55.338248272767125,55.338248272767125,55.33221093387636,55.338248272767125,5827400,0.0
BIL.US,道富SPDR彭博1-3个月美国国债ETF,1734498000000,2024-12-18,2024-12-18 00:00:00,55.338248272767125,55.344285611657895,55.338248272767125,55.338248272767125,9268200,0.0
BIL.US,道富SPDR彭博1-3个月美国国债ETF,1734584400000,2024-12-19,2024-12-19 00:00:00,55.35202907166235,55.35202907166235,55.34596641787576,55.34596641787576,13876400,0.0
BIL.US,道富SPDR彭博1-3个月美国国债ETF,1734670800000,2024-12-20,2024-12-20 00:00:00,55.36415437923555,55.37021703302216,55.36415437923555,55.37021703302216,12690000,0.0
BIL.US,道富SPDR彭博1-3个月美国国债ETF,1734930000000,2024-12-23,2024-12-23 00:00:00,55.37021703302216,55.37627968680876,55.37021703302216,55.37021703302216,6572800,0.0
BIL.US,道富SPDR彭博1-3个月美国国债ETF,1735016400000,2024-12-24,2024-12-24 00:00:00,55.38234234059536,55.38840499438196,55.38234234059536,55.38234234059536,4145600,0.0
BIL.US,道富SPDR彭博1-3个月美国国债ETF,1735189200000,2024-12-26,2024-12-26 00:00:00,55.394467648168565,55.394467648168565,55.38840499438196,55.394467648168565,6192000,0.0
BIL.US,道富SPDR彭博1-3个月美国国债ETF,1735275600000,2024-12-27,2024-12-27 00:00:00,55.41871826331496,55.41871826331496,55.412655609528365,55.41871826331496,6143500,0.0
BIL.US,道富SPDR彭博1-3个月美国国债ETF,1735534800000,2024-12-30,2024-12-30 00:00:00,55.41871826331496,55.424780917101565,55.41871826331496,55.41871826331496,8990100,0.0
BIL.US,道富SPDR彭博1-3个月美国国债ETF,1735621200000,2024-12-31,2024-12-31 00:00:00,55.43690622467476,55.43690622467476,55.430843570888165,55.430843570888165,7301500,0.0
BIL.US,道富SPDR彭博1-3个月美国国债ETF,1735794000000,2025-01-02,2025-01-02 00:00:00,55.442968878461365,55.442968878461365,55.43690622467476,55.442968878461365,10756900,0.0
BIL.US,道富SPDR彭博1-3个月美国国债ETF,1735880400000,2025-01-03,2025-01-03 00:00:00,55.461156839821165,55.461156839821165,55.44903153224796,55.44903153224796,7837900,0.0
BIL.US,道富SPDR彭博1-3个月美国国债ETF,1736139600000,2025-01-06,2025-01-06 00:00:00,55.455094186034565,55.461156839821165,55.455094186034565,55.455094186034565,7827100,0.0
BIL.US,道富SPDR彭博1-3个月美国国债ETF,1736226000000,2025-01-07,2025-01-07 00:00:00,55.467219493607764,55.473282147394364,55.461156839821165,55.467219493607764,6956800,0.0
BIL.US,道富SPDR彭博1-3个月美国国债ETF,1736312400000,2025-01-08,2025-01-08 00:00:00,55.47934480118097,55.47934480118097,55.473282147394364,55.47934480118097,6673100,0.0
BIL.US,道富SPDR彭博1-3个月美国国债ETF,1736485200000,2025-01-10,2025-01-10 00:00:00,55.503595416327364,55.503595416327364,55.49753276254077,55.49753276254077,10112200,0.0
BIL.US,道富SPDR彭博1-3个月美国国债ETF,1736744400000,2025-01-13,2025-01-13 00:00:00,55.503595416327364,55.50965807011397,55.503595416327364,55.503595416327364,7854400,0.0
BIL.US,道富SPDR彭博1-3个月美国国债ETF,1736830800000,2025-01-14,2025-01-14 00:00:00,55.50965807011397,55.515720723900564,55.50965807011397,55.515720723900564,6078300,0.0
BIL.US,道富SPDR彭博1-3个月美国国债ETF,1736917200000,2025-01-15,2025-01-15 00:00:00,55.521783377687164,55.521783377687164,55.515720723900564,55.521783377687164,7253800,0.0
BIL.US,道富SPDR彭博1-3个月美国国债ETF,1737003600000,2025-01-16,2025-01-16 00:00:00,55.52784603147377,55.52784603147377,55.521783377687164,55.521783377687164,6997800,0.0
BIL.US,道富SPDR彭博1-3个月美国国债ETF,1737090000000,2025-01-17,2025-01-17 00:00:00,55.54603399283357,55.55209664662017,55.54603399283357,55.55209664662017,7745500,0.0
BIL.US,道富SPDR彭博1-3个月美国国债ETF,1737435600000,2025-01-21,2025-01-21 00:00:00,55.55209664662017,55.55815930040677,55.55209664662017,55.55209664662017,10266200,0.0
BIL.US,道富SPDR彭博1-3个月美国国债ETF,1737522000000,2025-01-22,2025-01-22 00:00:00,55.55815930040677,55.56422195419338,55.55815930040677,55.56422195419338,6019200,0.0
BIL.US,道富SPDR彭博1-3个月美国国债ETF,1737608400000,2025-01-23,2025-01-23 00:00:00,55.57028460797997,55.57028460797997,55.56422195419338,55.56422195419338,6561500,0.0
BIL.US,道富SPDR彭博1-3个月美国国债ETF,1737694800000,2025-01-24,2025-01-24 00:00:00,55.58847256933977,55.58847256933977,55.58240991555318,55.58847256933977,7242200,0.0
BIL.US,道富SPDR彭博1-3个月美国国债ETF,1737954000000,2025-01-27,2025-01-27 00:00:00,55.58847256933977,55.59453522312638,55.58847256933977,55.59453522312638,7909600,0.0
BIL.US,道富SPDR彭博1-3个月美国国债ETF,1738040400000,2025-01-28,2025-01-28 00:00:00,55.60059787691297,55.60059787691297,55.59453522312638,55.59453522312638,6485500,0.0
BIL.US,道富SPDR彭博1-3个月美国国债ETF,1738126800000,2025-01-29,2025-01-29 00:00:00,55.60666053069958,55.60666053069958,55.60059787691297,55.60059787691297,5688800,0.0
BIL.US,道富SPDR彭博1-3个月美国国债ETF,1738213200000,2025-01-30,2025-01-30 00:00:00,55.61272318448618,55.61272318448618,55.60666053069958,55.60666053069958,7369900,0.0
BIL.US,道富SPDR彭博1-3个月美国国债ETF,1738299600000,2025-01-31,2025-01-31 00:00:00,55.62484849205938,55.63091114584598,55.62484849205938,55.62484849205938,13634400,0.0
BIL.US,道富SPDR彭博1-3个月美国国债ETF,1738558800000,2025-02-03,2025-02-03 00:00:00,55.640544211522744,55.640544211522744,55.6344599529977,55.640544211522744,17508900,0.0
BIL.US,道富SPDR彭博1-3个月美国国债ETF,1738645200000,2025-02-04,2025-02-04 00:00:00,55.64662847004779,55.64662847004779,55.640544211522744,55.640544211522744,9295900,0.0
BIL.US,道富SPDR彭博1-3个月美国国债ETF,1738731600000,2025-02-05,2025-02-05 00:00:00,55.64662847004779,55.65271272857283,55.64662847004779,55.64662847004779,6249600,0.0
BIL.US,道富SPDR彭博1-3个月美国国债ETF,1738818000000,2025-02-06,2025-02-06 00:00:00,55.65879698709788,55.65879698709788,55.65271272857283,55.65879698709788,8308300,0.0
BIL.US,道富SPDR彭博1-3个月美国国债ETF,1738904400000,2025-02-07,2025-02-07 00:00:00,55.67704976267301,55.67704976267301,55.670965504147965,55.670965504147965,6391100,0.0
BIL.US,道富SPDR彭博1-3个月美国国债ETF,1739163600000,2025-02-10,2025-02-10 00:00:00,55.68313402119805,55.68313402119805,55.67704976267301,55.67704976267301,5466500,0.0
BIL.US,道富SPDR彭博1-3个月美国国债ETF,1739250000000,2025-02-11,2025-02-11 00:00:00,55.68313402119805,55.68921827972309,55.68313402119805,55.68313402119805,6959400,0.0
BIL.US,道富SPDR彭博1-3个月美国国债ETF,1739336400000,2025-02-12,2025-02-12 00:00:00,55.68921827972309,55.69530253824814,55.68921827972309,55.68921827972309,6275700,0.0
BIL.US,道富SPDR彭博1-3个月美国国债ETF,1739422800000,2025-02-13,2025-02-13 00:00:00,55.70138679677318,55.70138679677318,55.69530253824814,55.70138679677318,6340500,0.0
BIL.US,道富SPDR彭博1-3个月美国国债ETF,1739509200000,2025-02-14,2025-02-14 00:00:00,55.71963957234831,55.725723830873356,55.71963957234831,55.71963957234831,6058900,0.0
BIL.US,道富SPDR彭博1-3个月美国国债ETF,1739854800000,2025-02-18,2025-02-18 00:00:00,55.725723830873356,55.73180808939839,55.725723830873356,55.73180808939839,8777200,0.0
BIL.US,道富SPDR彭博1-3个月美国国债ETF,1739941200000,2025-02-19,2025-02-19 00:00:00,55.73789234792344,55.73789234792344,55.73180808939839,55.73789234792344,5685800,0.0
BIL.US,道富SPDR彭博1-3个月美国国债ETF,1740027600000,2025-02-20,2025-02-20 00:00:00,55.74397660644849,55.75006086497353,55.74397660644849,55.75006086497353,5454900,0.0
BIL.US,道富SPDR彭博1-3个月美国国债ETF,1740114000000,2025-02-21,2025-02-21 00:00:00,55.76222938202362,55.768313640548655,55.76222938202362,55.768313640548655,7185900,0.0
BIL.US,道富SPDR彭博1-3个月美国国债ETF,1740373200000,2025-02-24,2025-02-24 00:00:00,55.774397899073705,55.774397899073705,55.768313640548655,55.774397899073705,9061400,0.0
BIL.US,道富SPDR彭博1-3个月美国国债ETF,1740459600000,2025-02-25,2025-02-25 00:00:00,55.78048215759875,55.78048215759875,55.774397899073705,55.774397899073705,8348300,0.0
BIL.US,道富SPDR彭博1-3个月美国国债ETF,1740546000000,2025-02-26,2025-02-26 00:00:00,55.78656641612379,55.78656641612379,55.78048215759875,55.78656641612379,8610600,0.0
BIL.US,道富SPDR彭博1-3个月美国国债ETF,1740632400000,2025-02-27,2025-02-27 00:00:00,55.79265067464883,55.79265067464883,55.78656641612379,55.79265067464883,6620600,0.0
BIL.US,道富SPDR彭博1-3个月美国国债ETF,1740718800000,2025-02-28,2025-02-28 00:00:00,55.80481919169892,55.81090345022397,55.80481919169892,55.80481919169892,13721500,0.0
BIL.US,道富SPDR彭博1-3个月美国国债ETF,1740978000000,2025-03-03,2025-03-03 00:00:00,55.816623409742036,55.816623409742036,55.81051989706737,55.816623409742036,17874400,0.0
BIL.US,道富SPDR彭博1-3个月美国国债ETF,1741064400000,2025-03-04,2025-03-04 00:00:00,55.822726922416685,55.822726922416685,55.816623409742036,55.816623409742036,12187400,0.0
BIL.US,道富SPDR彭博1-3个月美国国债ETF,1741150800000,2025-03-05,2025-03-05 00:00:00,55.822726922416685,55.82883043509135,55.822726922416685,55.822726922416685,11850800,0.0
BIL.US,道富SPDR彭博1-3个月美国国债ETF,1741237200000,2025-03-06,2025-03-06 00:00:00,55.834933947766004,55.834933947766004,55.82883043509135,55.82883043509135,10301700,0.0
BIL.US,道富SPDR彭博1-3个月美国国债ETF,1741323600000,2025-03-07,2025-03-07 00:00:00,55.84714097311532,55.85324448578998,55.84714097311532,55.85324448578998,10375700,0.0
BIL.US,道富SPDR彭博1-3个月美国国债ETF,1741579200000,2025-03-10,2025-03-10 00:00:00,55.85324448578998,55.859347998464635,55.85324448578998,55.859347998464635,29759000,0.0
BIL.US,道富SPDR彭博1-3个月美国国债ETF,1741665600000,2025-03-11,2025-03-11 00:00:00,55.859347998464635,55.86545151113929,55.859347998464635,55.86545151113929,19163000,0.0
BIL.US,道富SPDR彭博1-3个月美国国债ETF,1741752000000,2025-03-12,2025-03-12 00:00:00,55.871555023813954,55.871555023813954,55.86545151113929,55.871555023813954,20095800,0.0
BIL.US,道富SPDR彭博1-3个月美国国债ETF,1741838400000,2025-03-13,2025-03-13 00:00:00,55.871555023813954,55.883762049163266,55.871555023813954,55.883762049163266,14549100,0.0
BIL.US,道富SPDR彭博1-3个月美国国债ETF,1741924800000,2025-03-14,2025-03-14 00:00:00,55.89596907451258,55.90207258718724,55.89596907451258,55.89596907451258,15909000,0.0
BIL.US,道富SPDR彭博1-3个月美国国债ETF,1742184000000,2025-03-17,2025-03-17 00:00:00,55.90817609986189,55.90817609986189,55.90207258718724,55.90817609986189,9386400,0.0
BIL.US,道富SPDR彭博1-3个月美国国债ETF,1742270400000,2025-03-18,2025-03-18 00:00:00,55.90817609986189,55.91427961253655,55.90817609986189,55.90817609986189,8773100,0.0
BIL.US,道富SPDR彭博1-3个月美国国债ETF,1742356800000,2025-03-19,2025-03-19 00:00:00,55.91427961253655,55.92038312521121,55.91427961253655,55.91427961253655,8833200,0.0
BIL.US,道富SPDR彭博1-3个月美国国债ETF,1742443200000,2025-03-20,2025-03-20 00:00:00,55.92038312521121,55.926486637885866,55.92038312521121,55.926486637885866,8491000,0.0
BIL.US,道富SPDR彭博1-3个月美国国债ETF,1742529600000,2025-03-21,2025-03-21 00:00:00,55.944797175909834,55.944797175909834,55.938693663235185,55.944797175909834,6544300,0.0
BIL.US,道富SPDR彭博1-3个月美国国债ETF,1742788800000,2025-03-24,2025-03-24 00:00:00,55.9509006885845,55.9509006885845,55.944797175909834,55.944797175909834,8056300,0.0
BIL.US,道富SPDR彭博1-3个月美国国债ETF,1742875200000,2025-03-25,2025-03-25 00:00:00,55.9509006885845,55.95700420125916,55.9509006885845,55.9509006885845,18837100,0.0
BIL.US,道富SPDR彭博1-3个月美国国债ETF,1742961600000,2025-03-26,2025-03-26 00:00:00,55.96310771393381,55.96310771393381,55.95700420125916,55.95700420125916,7171300,0.0
BIL.US,道富SPDR彭博1-3个月美国国债ETF,1743048000000,2025-03-27,2025-03-27 00:00:00,55.96310771393381,55.96921122660847,55.96310771393381,55.96921122660847,8399300,0.0
BIL.US,道富SPDR彭博1-3个月美国国债ETF,1743134400000,2025-03-28,2025-03-28 00:00:00,55.981418251957784,55.98752176463244,55.981418251957784,55.98752176463244,10052200,0.0
BIL.US,道富SPDR彭博1-3个月美国国债ETF,1743393600000,2025-03-31,2025-03-31 00:00:00,55.98752176463244,55.993625277307096,55.98752176463244,55.98752176463244,22045800,0.0
BIL.US,道富SPDR彭博1-3个月美国国债ETF,1743480000000,2025-04-01,2025-04-01 00:00:00,56.00062314429615,56.00062314429615,55.99449817184243,56.00062314429615,19110200,0.0
BIL.US,道富SPDR彭博1-3个月美国国债ETF,1743566400000,2025-04-02,2025-04-02 00:00:00,56.00062314429615,56.006748116749854,56.00062314429615,56.006748116749854,9035500,0.0
BIL.US,道富SPDR彭博1-3个月美国国债ETF,1743652800000,2025-04-03,2025-04-03 00:00:00,56.01287308920357,56.01287308920357,56.006748116749854,56.01287308920357,24029500,0.0
BIL.US,道富SPDR彭博1-3个月美国国债ETF,1743739200000,2025-04-04,2025-04-04 00:00:00,56.03124800656471,56.037372979018414,56.025123034111,56.03124800656471,33920200,0.0
BIL.US,道富SPDR彭博1-3个月美国国债ETF,1743998400000,2025-04-07,2025-04-07 00:00:00,56.04349795147213,56.04349795147213,56.03124800656471,56.037372979018414,37206000,0.0
BIL.US,道富SPDR彭博1-3个月美国国债ETF,1744084800000,2025-04-08,2025-04-08 00:00:00,56.037372979018414,56.05574789637956,56.037372979018414,56.049622923925845,21800900,0.0
BIL.US,道富SPDR彭博1-3个月美国国债ETF,1744171200000,2025-04-09,2025-04-09 00:00:00,56.04349795147213,56.049622923925845,56.04349795147213,56.049622923925845,22907000,0.0
BIL.US,道富SPDR彭博1-3个月美国国债ETF,1744257600000,2025-04-10,2025-04-10 00:00:00,56.049622923925845,56.05574789637956,56.049622923925845,56.05574789637956,23678100,0.0
BIL.US,道富SPDR彭博1-3个月美国国债ETF,1744344000000,2025-04-11,2025-04-11 00:00:00,56.07412281374069,56.08024778619441,56.06799784128699,56.08024778619441,34807600,0.0
BIL.US,道富SPDR彭博1-3个月美国国债ETF,1744603200000,2025-04-14,2025-04-14 00:00:00,56.08024778619441,56.08024778619441,56.07412281374069,56.08024778619441,18027100,0.0
BIL.US,道富SPDR彭博1-3个月美国国债ETF,1744689600000,2025-04-15,2025-04-15 00:00:00,56.08637275864812,56.09249773110184,56.08024778619441,56.09249773110184,10082100,0.0
BIL.US,道富SPDR彭博1-3个月美国国债ETF,1744776000000,2025-04-16,2025-04-16 00:00:00,56.09249773110184,56.09862270355555,56.09249773110184,56.09862270355555,12016200,0.0
BIL.US,道富SPDR彭博1-3个月美国国债ETF,1744862400000,2025-04-17,2025-04-17 00:00:00,56.1231225933704,56.129247565824116,56.11699762091669,56.1231225933704,8243800,0.0
BIL.US,道富SPDR彭博1-3个月美国国债ETF,1745208000000,2025-04-21,2025-04-21 00:00:00,56.1231225933704,56.129247565824116,56.1231225933704,56.129247565824116,10032200,0.0
BIL.US,道富SPDR彭博1-3个月美国国债ETF,1745294400000,2025-04-22,2025-04-22 00:00:00,56.129247565824116,56.13537253827783,56.129247565824116,56.129247565824116,9201200,0.0
BIL.US,道富SPDR彭博1-3个月美国国债ETF,1745380800000,2025-04-23,2025-04-23 00:00:00,56.14149751073153,56.14149751073153,56.13537253827783,56.14149751073153,8478500,0.0
BIL.US,道富SPDR彭博1-3个月美国国债ETF,1745467200000,2025-04-24,2025-04-24 00:00:00,56.14149751073153,56.14762248318525,56.14149751073153,56.14149751073153,20381700,0.0
BIL.US,道富SPDR彭博1-3个月美国国债ETF,1745553600000,2025-04-25,2025-04-25 00:00:00,56.159872428092676,56.16599740054639,56.159872428092676,56.16599740054639,11894100,0.0
BIL.US,道富SPDR彭博1-3个月美国国债ETF,1745812800000,2025-04-28,2025-04-28 00:00:00,56.16599740054639,56.1721223730001,56.16599740054639,56.1721223730001,9934400,0.0
BIL.US,道富SPDR彭博1-3个月美国国债ETF,1745899200000,2025-04-29,2025-04-29 00:00:00,56.1721223730001,56.17824734545381,56.1721223730001,56.1721223730001,19478900,0.0
BIL.US,道富SPDR彭博1-3个月美国国债ETF,1745985600000,2025-04-30,2025-04-30 00:00:00,56.17824734545381,56.18437231790753,56.17824734545381,56.17824734545381,17498400,0.0
BIL.US,道富SPDR彭博1-3个月美国国债ETF,1746072000000,2025-05-01,2025-05-01 00:00:00,56.19147843682943,56.19147843682943,56.18533258990425,56.19147843682943,15747600,0.0
BIL.US,道富SPDR彭博1-3个月美国国债ETF,1746158400000,2025-05-02,2025-05-02 00:00:00,56.203770130679764,56.20991597760493,56.203770130679764,56.20991597760493,14267400,0.0
BIL.US,道富SPDR彭博1-3个月美国国债ETF,1746417600000,2025-05-05,2025-05-05 00:00:00,56.2160618245301,56.2160618245301,56.20991597760493,56.20991597760493,26580800,0.0
BIL.US,道富SPDR彭博1-3个月美国国债ETF,1746504000000,2025-05-06,2025-05-06 00:00:00,56.2160618245301,56.22220767145527,56.2160618245301,56.22220767145527,8429300,0.0
BIL.US,道富SPDR彭博1-3个月美国国债ETF,1746590400000,2025-05-07,2025-05-07 00:00:00,56.22220767145527,56.22835351838044,56.22220767145527,56.22220767145527,6212900,0.0
BIL.US,道富SPDR彭博1-3个月美国国债ETF,1746676800000,2025-05-08,2025-05-08 00:00:00,56.22835351838044,56.23449936530561,56.22835351838044,56.23449936530561,9354600,0.0
BIL.US,道富SPDR彭博1-3个月美国国债ETF,1746763200000,2025-05-09,2025-05-09 00:00:00,56.25293690608112,56.25293690608112,56.246791059155946,56.25293690608112,9062400,0.0
BIL.US,道富SPDR彭博1-3个月美国国债ETF,1747022400000,2025-05-12,2025-05-12 00:00:00,56.25293690608112,56.2590827530063,56.25293690608112,56.25293690608112,14492000,0.0
BIL.US,道富SPDR彭博1-3个月美国国债ETF,1747108800000,2025-05-13,2025-05-13 00:00:00,56.26522859993146,56.26522859993146,56.2590827530063,56.26522859993146,23455700,0.0
BIL.US,道富SPDR彭博1-3个月美国国债ETF,1747195200000,2025-05-14,2025-05-14 00:00:00,56.26522859993146,56.27137444685663,56.26522859993146,56.26522859993146,9141900,0.0
BIL.US,道富SPDR彭博1-3个月美国国债ETF,1747281600000,2025-05-15,2025-05-15 00:00:00,56.2775202937818,56.2775202937818,56.27137444685663,56.27137444685663,6657100,0.0
BIL.US,道富SPDR彭博1-3个月美国国债ETF,1747368000000,2025-05-16,2025-05-16 00:00:00,56.295957834557306,56.295957834557306,56.28981198763214,56.295957834557306,8756000,0.0
BIL.US,道富SPDR彭博1-3个月美国国债ETF,1747627200000,2025-05-19,2025-05-19 00:00:00,56.295957834557306,56.30210368148248,56.295957834557306,56.295957834557306,7618200,0.0
BIL.US,道富SPDR彭博1-3个月美国国债ETF,1747713600000,2025-05-20,2025-05-20 00:00:00,56.30210368148248,56.30824952840765,56.30210368148248,56.30824952840765,7925400,0.0
BIL.US,道富SPDR彭博1-3个月美国国债ETF,1747800000000,2025-05-21,2025-05-21 00:00:00,56.314395375332815,56.320541222257994,56.314395375332815,56.314395375332815,12007400,0.0
BIL.US,道富SPDR彭博1-3个月美国国债ETF,1747886400000,2025-05-22,2025-05-22 00:00:00,56.320541222257994,56.326687069183166,56.320541222257994,56.326687069183166,7876500,0.0
BIL.US,道富SPDR彭博1-3个月美国国债ETF,1747972800000,2025-05-23,2025-05-23 00:00:00,56.345124609958674,56.35127045688384,56.345124609958674,56.35127045688384,14805900,0.0
BIL.US,道富SPDR彭博1-3个月美国国债ETF,1748318400000,2025-05-27,2025-05-27 00:00:00,56.35127045688384,56.35741630380901,56.35127045688384,56.35127045688384,8996500,0.0
BIL.US,道富SPDR彭博1-3个月美国国债ETF,1748404800000,2025-05-28,2025-05-28 00:00:00,56.35741630380901,56.363562150734175,56.35741630380901,56.35741630380901,9887600,0.0
BIL.US,道富SPDR彭博1-3个月美国国债ETF,1748491200000,2025-05-29,2025-05-29 00:00:00,56.363562150734175,56.36970799765935,56.363562150734175,56.363562150734175,7477700,0.0
BIL.US,道富SPDR彭博1-3个月美国国债ETF,1748577600000,2025-05-30,2025-05-30 00:00:00,56.38199969150969,56.38814553843486,56.38199969150969,56.38199969150969,19202100,0.0
BIL.US,道富SPDR彭博1-3个月美国国债ETF,1748836800000,2025-06-02,2025-06-02 00:00:00,56.39828470771453,56.39828470771453,56.392117590742664,56.392117590742664,17013900,0.0
BIL.US,道富SPDR彭博1-3个月美国国债ETF,1748923200000,2025-06-03,2025-06-03 00:00:00,56.39828470771453,56.40445182468639,56.39828470771453,56.40445182468639,8454700,0.0
BIL.US,道富SPDR彭博1-3个月美国国债ETF,1749009600000,2025-06-04,2025-06-04 00:00:00,56.40445182468639,56.410618941658264,56.40445182468639,56.40445182468639,14872200,0.0
BIL.US,道富SPDR彭博1-3个月美国国债ETF,1749096000000,2025-06-05,2025-06-05 00:00:00,56.410618941658264,56.41678605863013,56.410618941658264,56.410618941658264,7780200,0.0
BIL.US,道富SPDR彭博1-3个月美国国债ETF,1749182400000,2025-06-06,2025-06-06 00:00:00,56.42912029257386,56.43528740954573,56.42912029257386,56.42912029257386,7582100,0.0
BIL.US,道富SPDR彭博1-3个月美国国债ETF,1749441600000,2025-06-09,2025-06-09 00:00:00,56.43528740954573,56.44145452651759,56.43528740954573,56.44145452651759,8128000,0.0
BIL.US,道富SPDR彭博1-3个月美国国债ETF,1749528000000,2025-06-10,2025-06-10 00:00:00,56.44145452651759,56.44762164348946,56.44145452651759,56.44762164348946,9514600,0.0
BIL.US,道富SPDR彭博1-3个月美国国债ETF,1749614400000,2025-06-11,2025-06-11 00:00:00,56.44762164348946,56.45378876046133,56.44762164348946,56.44762164348946,7435700,0.0
BIL.US,道富SPDR彭博1-3个月美国国债ETF,1749700800000,2025-06-12,2025-06-12 00:00:00,56.45378876046133,56.45995587743319,56.45378876046133,56.45378876046133,5315900,0.0
BIL.US,道富SPDR彭博1-3个月美国国债ETF,1749787200000,2025-06-13,2025-06-13 00:00:00,56.47845722834879,56.47845722834879,56.47229011137692,56.47845722834879,6221300,0.0
BIL.US,道富SPDR彭博1-3个月美国国债ETF,1750046400000,2025-06-16,2025-06-16 00:00:00,56.484624345320654,56.484624345320654,56.47845722834879,56.47845722834879,8456900,0.0
BIL.US,道富SPDR彭博1-3个月美国国债ETF,1750132800000,2025-06-17,2025-06-17 00:00:00,56.484624345320654,56.49079146229252,56.484624345320654,56.49079146229252,5518300,0.0
BIL.US,道富SPDR彭博1-3个月美国国债ETF,1750219200000,2025-06-18,2025-06-18 00:00:00,56.49695857926439,56.50312569623625,56.49695857926439,56.50312569623625,5063800,0.0
BIL.US,道富SPDR彭博1-3个月美国国债ETF,1750392000000,2025-06-20,2025-06-20 00:00:00,56.52162704715185,56.52162704715185,56.515459930179986,56.515459930179986,6516900,0.0
BIL.US,道富SPDR彭博1-3个月美国国债ETF,1750651200000,2025-06-23,2025-06-23 00:00:00,56.52162704715185,56.52779416412371,56.52162704715185,56.52779416412371,6474200,0.0
BIL.US,道富SPDR彭博1-3个月美国国债ETF,1750737600000,2025-06-24,2025-06-24 00:00:00,56.52779416412371,56.533961281095586,56.52779416412371,56.52779416412371,16266600,0.0
BIL.US,道富SPDR彭博1-3个月美国国债ETF,1750824000000,2025-06-25,2025-06-25 00:00:00,56.54012839806745,56.54012839806745,56.533961281095586,56.533961281095586,7119500,0.0
BIL.US,道富SPDR彭博1-3个月美国国债ETF,1750910400000,2025-06-26,2025-06-26 00:00:00,56.54012839806745,56.54629551503931,56.54012839806745,56.54012839806745,7976100,0.0
BIL.US,道富SPDR彭博1-3个月美国国债ETF,1750996800000,2025-06-27,2025-06-27 00:00:00,56.56479686595491,56.570963982926784,56.56479686595491,56.56479686595491,6878900,0.0
BIL.US,道富SPDR彭博1-3个月美国国债ETF,1751256000000,2025-06-30,2025-06-30 00:00:00,56.577131099898644,56.577131099898644,56.570963982926784,56.570963982926784,16763400,0.0
BIL.US,道富SPDR彭博1-3个月美国国债ETF,1751342400000,2025-07-01,2025-07-01 00:00:00,56.58114673775981,56.58114673775981,56.57495894830905,56.58114673775981,18374200,0.0
BIL.US,道富SPDR彭博1-3个月美国国债ETF,1751428800000,2025-07-02,2025-07-02 00:00:00,56.58733452721057,56.58733452721057,56.58114673775981,56.58733452721057,6569200,0.0
BIL.US,道富SPDR彭博1-3个月美国国债ETF,1751515200000,2025-07-03,2025-07-03 00:00:00,56.61208568501361,56.624461263915144,56.61208568501361,56.61827347446438,4860800,0.0
BIL.US,道富SPDR彭博1-3个月美国国债ETF,1751860800000,2025-07-07,2025-07-07 00:00:00,56.61827347446438,56.624461263915144,56.61827347446438,56.624461263915144,11518400,0.0
BIL.US,道富SPDR彭博1-3个月美国国债ETF,1751947200000,2025-07-08,2025-07-08 00:00:00,56.624461263915144,56.6306490533659,56.624461263915144,56.624461263915144,10532400,0.0
BIL.US,道富SPDR彭博1-3个月美国国债ETF,1752033600000,2025-07-09,2025-07-09 00:00:00,56.6306490533659,56.63683684281666,56.6306490533659,56.6306490533659,10322900,0.0
BIL.US,道富SPDR彭博1-3个月美国国债ETF,1752120000000,2025-07-10,2025-07-10 00:00:00,56.63683684281666,56.64302463226743,56.63683684281666,56.64302463226743,9514400,0.0
BIL.US,道富SPDR彭博1-3个月美国国债ETF,1752206400000,2025-07-11,2025-07-11 00:00:00,56.655400211168946,56.6615880006197,56.655400211168946,56.655400211168946,5713900,0.0
BIL.US,道富SPDR彭博1-3个月美国国债ETF,1752465600000,2025-07-14,2025-07-14 00:00:00,56.667775790070465,56.667775790070465,56.6615880006197,56.6615880006197,6587100,0.0
BIL.US,道富SPDR彭博1-3个月美国国债ETF,1752552000000,2025-07-15,2025-07-15 00:00:00,56.667775790070465,56.67396357952123,56.667775790070465,56.667775790070465,6166500,0.0
BIL.US,道富SPDR彭博1-3个月美国国债ETF,1752638400000,2025-07-16,2025-07-16 00:00:00,56.67396357952123,56.680151368971984,56.67396357952123,56.680151368971984,6745200,0.0
BIL.US,道富SPDR彭博1-3个月美国国债ETF,1752724800000,2025-07-17,2025-07-17 00:00:00,56.68633915842275,56.68633915842275,56.680151368971984,56.680151368971984,6559900,0.0
BIL.US,道富SPDR彭博1-3个月美国国债ETF,1752811200000,2025-07-18,2025-07-18 00:00:00,56.698714737324266,56.7110903162258,56.698714737324266,56.70490252677504,6681400,0.0
BIL.US,道富SPDR彭博1-3个月美国国债ETF,1753070400000,2025-07-21,2025-07-21 00:00:00,56.717278105676556,56.717278105676556,56.7110903162258,56.717278105676556,6678700,0.0
BIL.US,道富SPDR彭博1-3个月美国国债ETF,1753156800000,2025-07-22,2025-07-22 00:00:00,56.72346589512732,56.72346589512732,56.717278105676556,56.72346589512732,4792100,0.0
BIL.US,道富SPDR彭博1-3个月美国国债ETF,1753243200000,2025-07-23,2025-07-23 00:00:00,56.72346589512732,56.72965368457808,56.72346589512732,56.72965368457808,6437300,0.0
BIL.US,道富SPDR彭博1-3个月美国国债ETF,1753329600000,2025-07-24,2025-07-24 00:00:00,56.72965368457808,56.73584147402884,56.72965368457808,56.72965368457808,4807700,0.0
BIL.US,道富SPDR彭博1-3个月美国国债ETF,1753416000000,2025-07-25,2025-07-25 00:00:00,56.74821705293036,56.75440484238112,56.74821705293036,56.74821705293036,5153900,0.0
BIL.US,道富SPDR彭博1-3个月美国国债ETF,1753675200000,2025-07-28,2025-07-28 00:00:00,56.760592631831884,56.760592631831884,56.75440484238112,56.75440484238112,6305300,0.0
BIL.US,道富SPDR彭博1-3个月美国国债ETF,1753761600000,2025-07-29,2025-07-29 00:00:00,56.760592631831884,56.76678042128264,56.760592631831884,56.760592631831884,7664300,0.0
BIL.US,道富SPDR彭博1-3个月美国国债ETF,1753848000000,2025-07-30,2025-07-30 00:00:00,56.76678042128264,56.7729682107334,56.76678042128264,56.76678042128264,6895100,0.0
BIL.US,道富SPDR彭博1-3个月美国国债ETF,1753934400000,2025-07-31,2025-07-31 00:00:00,56.7729682107334,56.77915600018417,56.7729682107334,56.7729682107334,11795100,0.0
BIL.US,道富SPDR彭博1-3个月美国国债ETF,1754020800000,2025-08-01,2025-08-01 00:00:00,56.797354946729534,56.797354946729534,56.79114554966528,56.797354946729534,20144800,0.0
BIL.US,道富SPDR彭博1-3个月美国国债ETF,1754280000000,2025-08-04,2025-08-04 00:00:00,56.803564343793795,56.803564343793795,56.797354946729534,56.803564343793795,20328000,0.0
BIL.US,道富SPDR彭博1-3个月美国国债ETF,1754366400000,2025-08-05,2025-08-05 00:00:00,56.80977374085804,56.80977374085804,56.803564343793795,56.803564343793795,8588400,0.0
BIL.US,道富SPDR彭博1-3个月美国国债ETF,1754452800000,2025-08-06,2025-08-06 00:00:00,56.8159831379223,56.822192534986556,56.80977374085804,56.822192534986556,7208800,0.0
BIL.US,道富SPDR彭博1-3个月美国国债ETF,1754539200000,2025-08-07,2025-08-07 00:00:00,56.822192534986556,56.8284019320508,56.822192534986556,56.822192534986556,7157900,0.0
BIL.US,道富SPDR彭博1-3个月美国国债ETF,1754625600000,2025-08-08,2025-08-08 00:00:00,56.84703012324357,56.84703012324357,56.84082072617932,56.84082072617932,6243500,0.0
BIL.US,道富SPDR彭博1-3个月美国国债ETF,1754884800000,2025-08-11,2025-08-11 00:00:00,56.84703012324357,56.853239520307824,56.84703012324357,56.84703012324357,8361400,0.0
BIL.US,道富SPDR彭博1-3个月美国国债ETF,1754971200000,2025-08-12,2025-08-12 00:00:00,56.853239520307824,56.85944891737207,56.853239520307824,56.853239520307824,6571900,0.0
BIL.US,道富SPDR彭博1-3个月美国国债ETF,1755057600000,2025-08-13,2025-08-13 00:00:00,56.85944891737207,56.86565831443633,56.85944891737207,56.85944891737207,6791500,0.0
BIL.US,道富SPDR彭博1-3个月美国国债ETF,1755144000000,2025-08-14,2025-08-14 00:00:00,56.871867711500585,56.871867711500585,56.86565831443633,56.86565831443633,6475800,0.0
BIL.US,道富SPDR彭博1-3个月美国国债ETF,1755230400000,2025-08-15,2025-08-15 00:00:00,56.890495902693345,56.890495902693345,56.88428650562909,56.890495902693345,5354600,0.0
BIL.US,道富SPDR彭博1-3个月美国国债ETF,1755489600000,2025-08-18,2025-08-18 00:00:00,56.890495902693345,56.8967052997576,56.890495902693345,56.890495902693345,15606200,0.0
BIL.US,道富SPDR彭博1-3个月美国国债ETF,1755576000000,2025-08-19,2025-08-19 00:00:00,56.90291469682185,56.90291469682185,56.8967052997576,56.90291469682185,11862700,0.0
BIL.US,道富SPDR彭博1-3个月美国国债ETF,1755662400000,2025-08-20,2025-08-20 00:00:00,56.90912409388611,56.91533349095036,56.90912409388611,56.91533349095036,6916000,0.0
BIL.US,道富SPDR彭博1-3个月美国国债ETF,1755748800000,2025-08-21,2025-08-21 00:00:00,56.91533349095036,56.92154288801461,56.91533349095036,56.91533349095036,4656000,0.0
BIL.US,道富SPDR彭博1-3个月美国国债ETF,1755835200000,2025-08-22,2025-08-22 00:00:00,56.940171079207374,56.940171079207374,56.93396168214312,56.93396168214312,7468100,0.0
BIL.US,道富SPDR彭博1-3个月美国国债ETF,1756094400000,2025-08-25,2025-08-25 00:00:00,56.940171079207374,56.94638047627163,56.940171079207374,56.940171079207374,7319800,0.0
BIL.US,道富SPDR彭博1-3个月美国国债ETF,1756180800000,2025-08-26,2025-08-26 00:00:00,56.95258987333588,56.95258987333588,56.94638047627163,56.94638047627163,8729600,0.0
BIL.US,道富SPDR彭博1-3个月美国国债ETF,1756267200000,2025-08-27,2025-08-27 00:00:00,56.95258987333588,56.95879927040014,56.95258987333588,56.95258987333588,4919400,0.0
BIL.US,道富SPDR彭博1-3个月美国国债ETF,1756353600000,2025-08-28,2025-08-28 00:00:00,56.95879927040014,56.96500866746439,56.95879927040014,56.95879927040014,5490300,0.0
BIL.US,道富SPDR彭博1-3个月美国国债ETF,1756440000000,2025-08-29,2025-08-29 00:00:00,56.98363685865715,56.9898462557214,56.98363685865715,56.98363685865715,11546500,0.0
BIL.US,道富SPDR彭博1-3个月美国国债ETF,1756785600000,2025-09-02,2025-09-02 00:00:00,56.99803541087873,56.99803541087873,56.991804074330034,56.99803541087873,13477100,0.0
BIL.US,道富SPDR彭博1-3个月美国国债ETF,1756872000000,2025-09-03,2025-09-03 00:00:00,57.00426674742742,57.00426674742742,56.99803541087873,57.00426674742742,7040700,0.0
BIL.US,道富SPDR彭博1-3个月美国国债ETF,1756958400000,2025-09-04,2025-09-04 00:00:00,57.01049808397611,57.016729420524804,57.00426674742742,57.016729420524804,9180600,0.0
BIL.US,道富SPDR彭博1-3个月美国国债ETF,1757044800000,2025-09-05,2025-09-05 00:00:00,57.029192093622186,57.03542343017088,57.029192093622186,57.03542343017088,10223000,0.0
BIL.US,道富SPDR彭博1-3个月美国国债ETF,1757304000000,2025-09-08,2025-09-08 00:00:00,57.041654766719574,57.047886103268254,57.041654766719574,57.041654766719574,9201200,0.0
BIL.US,道富SPDR彭博1-3个月美国国债ETF,1757390400000,2025-09-09,2025-09-09 00:00:00,57.047886103268254,57.047886103268254,57.041654766719574,57.047886103268254,8740800,0.0
BIL.US,道富SPDR彭博1-3个月美国国债ETF,1757476800000,2025-09-10,2025-09-10 00:00:00,57.047886103268254,57.05411743981695,57.047886103268254,57.05411743981695,9027200,0.0
BIL.US,道富SPDR彭博1-3个月美国国债ETF,1757563200000,2025-09-11,2025-09-11 00:00:00,57.060348776365636,57.060348776365636,57.05411743981695,57.060348776365636,9714300,0.0
BIL.US,道富SPDR彭博1-3个月美国国债ETF,1757649600000,2025-09-12,2025-09-12 00:00:00,57.072811449463025,57.07904278601171,57.072811449463025,57.07904278601171,7154200,0.0
BIL.US,道富SPDR彭博1-3个月美国国债ETF,1757908800000,2025-09-15,2025-09-15 00:00:00,57.07904278601171,57.085274122560406,57.07904278601171,57.085274122560406,8876200,0.0
BIL.US,道富SPDR彭博1-3个月美国国债ETF,1757995200000,2025-09-16,2025-09-16 00:00:00,57.0915054591091,57.09773679565779,57.0915054591091,57.0915054591091,7036400,0.0
BIL.US,道富SPDR彭博1-3个月美国国债ETF,1758081600000,2025-09-17,2025-09-17 00:00:00,57.09773679565779,57.10396813220648,57.09773679565779,57.09773679565779,5395900,0.0
BIL.US,道富SPDR彭博1-3个月美国国债ETF,1758168000000,2025-09-18,2025-09-18 00:00:00,57.11019946875518,57.11019946875518,57.10396813220648,57.10396813220648,6032900,0.0
BIL.US,道富SPDR彭博1-3个月美国国债ETF,1758254400000,2025-09-19,2025-09-19 00:00:00,57.12889347840125,57.12889347840125,57.12266214185256,57.12889347840125,6689800,0.0
BIL.US,道富SPDR彭博1-3个月美国国债ETF,1758513600000,2025-09-22,2025-09-22 00:00:00,57.12889347840125,57.13512481494993,57.12889347840125,57.13512481494993,6255200,0.0
BIL.US,道富SPDR彭博1-3个月美国国债ETF,1758600000000,2025-09-23,2025-09-23 00:00:00,57.13512481494993,57.14135615149863,57.13512481494993,57.13512481494993,7854700,0.0
BIL.US,道富SPDR彭博1-3个月美国国债ETF,1758686400000,2025-09-24,2025-09-24 00:00:00,57.14135615149863,57.147587488047314,57.14135615149863,57.147587488047314,6711500,0.0
BIL.US,道富SPDR彭博1-3个月美国国债ETF,1758772800000,2025-09-25,2025-09-25 00:00:00,57.147587488047314,57.15381882459601,57.147587488047314,57.147587488047314,11455100,0.0
BIL.US,道富SPDR彭博1-3个月美国国债ETF,1758859200000,2025-09-26,2025-09-26 00:00:00,57.16628149769339,57.16628149769339,57.1600501611447,57.16628149769339,7888800,0.0
BIL.US,道富SPDR彭博1-3个月美国国债ETF,1759118400000,2025-09-29,2025-09-29 00:00:00,57.16628149769339,57.172512834242085,57.16628149769339,57.172512834242085,6928500,0.0
BIL.US,道富SPDR彭博1-3个月美国国债ETF,1759204800000,2025-09-30,2025-09-30 00:00:00,57.172512834242085,57.17874417079078,57.172512834242085,57.172512834242085,14165800,0.0
BIL.US,道富SPDR彭博1-3个月美国国债ETF,1759291200000,2025-10-01,2025-10-01 00:00:00,57.18535478932475,57.18535478932475,57.17910229044116,57.18535478932475,15501400,0.0
BIL.US,道富SPDR彭博1-3个月美国国债ETF,1759377600000,2025-10-02,2025-10-02 00:00:00,57.19160728820834,57.19160728820834,57.18535478932475,57.19160728820834,7225200,0.0
BIL.US,道富SPDR彭博1-3个月美国国债ETF,1759464000000,2025-10-03,2025-10-03 00:00:00,57.21036478485912,57.21036478485912,57.20411228597552,57.20411228597552,6177600,0.0
BIL.US,道富SPDR彭博1-3个月美国国债ETF,1759723200000,2025-10-06,2025-10-06 00:00:00,57.21661728374271,57.21661728374271,57.21036478485912,57.21661728374271,7041200,0.0
BIL.US,道富SPDR彭博1-3个月美国国债ETF,1759809600000,2025-10-07,2025-10-07 00:00:00,57.21661728374271,57.22286978262629,57.21661728374271,57.21661728374271,7071900,0.0
BIL.US,道富SPDR彭博1-3个月美国国债ETF,1759896000000,2025-10-08,2025-10-08 00:00:00,57.22912228150989,57.22912228150989,57.22286978262629,57.22912228150989,7236300,0.0
BIL.US,道富SPDR彭博1-3个月美国国债ETF,1759982400000,2025-10-09,2025-10-09 00:00:00,57.22912228150989,57.235374780393485,57.22912228150989,57.22912228150989,9389800,0.0
BIL.US,道富SPDR彭博1-3个月美国国债ETF,1760068800000,2025-10-10,2025-10-10 00:00:00,57.24787977816066,57.25413227704425,57.24787977816066,57.25413227704425,14648000,0.0
BIL.US,道富SPDR彭博1-3个月美国国债ETF,1760328000000,2025-10-13,2025-10-13 00:00:00,57.25413227704425,57.26038477592784,57.24787977816066,57.26038477592784,13286000,0.0
BIL.US,道富SPDR彭博1-3个月美国国债ETF,1760414400000,2025-10-14,2025-10-14 00:00:00,57.26663727481144,57.26663727481144,57.26038477592784,57.26038477592784,8281800,0.0
BIL.US,道富SPDR彭博1-3个月美国国债ETF,1760500800000,2025-10-15,2025-10-15 00:00:00,57.27288977369502,57.27288977369502,57.26663727481144,57.26663727481144,11747900,0.0
BIL.US,道富SPDR彭博1-3个月美国国债ETF,1760587200000,2025-10-16,2025-10-16 00:00:00,57.27288977369502,57.27288977369502,57.26663727481144,57.27288977369502,7811800,0.0
BIL.US,道富SPDR彭博1-3个月美国国债ETF,1760673600000,2025-10-17,2025-10-17 00:00:00,57.2916472703458,57.2916472703458,57.28539477146221,57.28539477146221,10183500,0.0
BIL.US,道富SPDR彭博1-3个月美国国债ETF,1760932800000,2025-10-20,2025-10-20 00:00:00,57.29789976922939,57.29789976922939,57.2916472703458,57.29789976922939,8215400,0.0
BIL.US,道富SPDR彭博1-3个月美国国债ETF,1761019200000,2025-10-21,2025-10-21 00:00:00,57.304152268112986,57.304152268112986,57.29789976922939,57.29789976922939,6989600,0.0
BIL.US,道富SPDR彭博1-3个月美国国债ETF,1761105600000,2025-10-22,2025-10-22 00:00:00,57.31040476699657,57.31040476699657,57.304152268112986,57.31040476699657,13191400,0.0
BIL.US,道富SPDR彭博1-3个月美国国债ETF,1761192000000,2025-10-23,2025-10-23 00:00:00,57.31040476699657,57.31665726588017,57.31040476699657,57.31665726588017,7399500,0.0
BIL.US,道富SPDR彭博1-3个月美国国债ETF,1761278400000,2025-10-24,2025-10-24 00:00:00,57.33541476253094,57.33541476253094,57.32916226364734,57.33541476253094,8743100,0.0
BIL.US,道富SPDR彭博1-3个月美国国债ETF,1761537600000,2025-10-27,2025-10-27 00:00:00,57.33541476253094,57.34166726141452,57.33541476253094,57.33541476253094,11472400,0.0
BIL.US,道富SPDR彭博1-3个月美国国债ETF,1761624000000,2025-10-28,2025-10-28 00:00:00,57.34791976029812,57.34791976029812,57.34166726141452,57.34166726141452,13039400,0.0
BIL.US,道富SPDR彭博1-3个月美国国债ETF,1761710400000,2025-10-29,2025-10-29 00:00:00,57.34791976029812,57.3604247580653,57.34791976029812,57.3604247580653,13416300,0.0
BIL.US,道富SPDR彭博1-3个月美国国债ETF,1761796800000,2025-10-30,2025-10-30 00:00:00,57.3604247580653,57.36667725694889,57.3604247580653,57.3604247580653,7897200,0.0
BIL.US,道富SPDR彭博1-3个月美国国债ETF,1761883200000,2025-10-31,2025-10-31 00:00:00,57.37292975583249,57.37918225471607,57.37292975583249,57.37292975583249,14371000,0.0
BIL.US,道富SPDR彭博1-3个月美国国债ETF,1762146000000,2025-11-03,2025-11-03 00:00:00,57.381231626915785,57.381231626915785,57.381231626915785,57.381231626915785,17922800,0.0
BIL.US,道富SPDR彭博1-3个月美国国债ETF,1762232400000,2025-11-04,2025-11-04 00:00:00,57.387504856567794,57.387504856567794,57.381231626915785,57.387504856567794,12162100,0.0
BIL.US,道富SPDR彭博1-3个月美国国债ETF,1762318800000,2025-11-05,2025-11-05 00:00:00,57.400051315871806,57.400051315871806,57.3937780862198,57.3937780862198,7973200,0.0
BIL.US,道富SPDR彭博1-3个月美国国债ETF,1762405200000,2025-11-06,2025-11-06 00:00:00,57.400051315871806,57.406324545523816,57.400051315871806,57.400051315871806,15915800,0.0
BIL.US,道富SPDR彭博1-3个月美国国债ETF,1762491600000,2025-11-07,2025-11-07 00:00:00,57.418871004827835,57.425144234479845,57.418871004827835,57.418871004827835,11525000,0.0
BIL.US,道富SPDR彭博1-3个月美国国债ETF,1762750800000,2025-11-10,2025-11-10 00:00:00,57.43141746413185,57.43141746413185,57.425144234479845,57.43141746413185,13043700,0.0
BIL.US,道富SPDR彭博1-3个月美国国债ETF,1762837200000,2025-11-11,2025-11-11 00:00:00,57.43141746413185,57.43141746413185,57.425144234479845,57.425144234479845,6181200,0.0
BIL.US,道富SPDR彭博1-3个月美国国债ETF,1762923600000,2025-11-12,2025-11-12 00:00:00,57.43141746413185,57.43769069378386,57.43141746413185,57.43141746413185,6371200,0.0
BIL.US,道富SPDR彭博1-3个月美国国债ETF,1763010000000,2025-11-13,2025-11-13 00:00:00,57.43769069378386,57.44396392343586,57.43769069378386,57.43769069378386,6625900,0.0
BIL.US,道富SPDR彭博1-3个月美国国债ETF,1763096400000,2025-11-14,2025-11-14 00:00:00,57.46278361239188,57.46278361239188,57.45651038273988,57.46278361239188,10192200,0.0
BIL.US,道富SPDR彭博1-3个月美国国债ETF,1763355600000,2025-11-17,2025-11-17 00:00:00,57.46278361239188,57.46905684204389,57.46278361239188,57.46278361239188,9767000,0.0
BIL.US,道富SPDR彭博1-3个月美国国债ETF,1763442000000,2025-11-18,2025-11-18 00:00:00,57.47533007169591,57.47533007169591,57.46905684204389,57.47533007169591,9642600,0.0
BIL.US,道富SPDR彭博1-3个月美国国债ETF,1763528400000,2025-11-19,2025-11-19 00:00:00,57.48160330134791,57.48160330134791,57.47533007169591,57.47533007169591,6206200,0.0
BIL.US,道富SPDR彭博1-3个月美国国债ETF,1763614800000,2025-11-20,2025-11-20 00:00:00,57.48160330134791,57.48787653099992,57.47533007169591,57.48787653099992,10933900,0.0
BIL.US,道富SPDR彭博1-3个月美国国债ETF,1763701200000,2025-11-21,2025-11-21 00:00:00,57.50042299030393,57.50042299030393,57.50042299030393,57.50042299030393,9431800,0.0
BIL.US,道富SPDR彭博1-3个月美国国债ETF,1763960400000,2025-11-24,2025-11-24 00:00:00,57.50042299030393,57.50669621995594,57.50042299030393,57.50042299030393,7347100,0.0
BIL.US,道富SPDR彭博1-3个月美国国债ETF,1764046800000,2025-11-25,2025-11-25 00:00:00,57.51296944960795,57.51296944960795,57.50669621995594,57.51296944960795,8992400,0.0
BIL.US,道富SPDR彭博1-3个月美国国债ETF,1764133200000,2025-11-26,2025-11-26 00:00:00,57.52551590891197,57.52551590891197,57.51924267925995,57.51924267925995,6749500,0.0
BIL.US,道富SPDR彭博1-3个月美国国债ETF,1764306000000,2025-11-28,2025-11-28 00:00:00,57.53806236821598,57.54433559786799,57.53806236821598,57.53806236821598,10775200,0.0
BIL.US,道富SPDR彭博1-3个月美国国债ETF,1764565200000,2025-12-01,2025-12-01 00:00:00,57.5513595830173,57.5513595830173,57.5450670661156,57.5450670661156,16856800,0.0
BIL.US,道富SPDR彭博1-3个月美国国债ETF,1764651600000,2025-12-02,2025-12-02 00:00:00,57.55765209991901,57.56394461682072,57.5513595830173,57.56394461682072,7403400,0.0
BIL.US,道富SPDR彭博1-3个月美国国债ETF,1764738000000,2025-12-03,2025-12-03 00:00:00,57.56394461682072,57.57023713372242,57.56394461682072,57.57023713372242,6530900,0.0
BIL.US,道富SPDR彭博1-3个月美国国债ETF,1764824400000,2025-12-04,2025-12-04 00:00:00,57.57652965062413,57.58282216752584,57.57652965062413,57.57652965062413,7236700,0.0
BIL.US,道富SPDR彭博1-3个月美国国债ETF,1764910800000,2025-12-05,2025-12-05 00:00:00,57.59540720132926,57.59540720132926,57.58911468442754,57.58911468442754,7308400,0.0
BIL.US,道富SPDR彭博1-3个月美国国债ETF,1765170000000,2025-12-08,2025-12-08 00:00:00,57.59540720132926,57.60169971823097,57.59540720132926,57.59540720132926,7579000,0.0
BIL.US,道富SPDR彭博1-3个月美国国债ETF,1765256400000,2025-12-09,2025-12-09 00:00:00,57.60799223513267,57.60799223513267,57.60169971823097,57.60799223513267,9285600,0.0
BIL.US,道富SPDR彭博1-3个月美国国债ETF,1765342800000,2025-12-10,2025-12-10 00:00:00,57.60799223513267,57.61428475203438,57.60799223513267,57.60799223513267,6974200,0.0
BIL.US,道富SPDR彭博1-3个月美国国债ETF,1765429200000,2025-12-11,2025-12-11 00:00:00,57.61428475203438,57.62057726893608,57.61428475203438,57.61428475203438,7144500,0.0
BIL.US,道富SPDR彭博1-3个月美国国债ETF,1765515600000,2025-12-12,2025-12-12 00:00:00,57.6394548196412,57.6394548196412,57.6331623027395,57.6394548196412,6040700,0.0
BIL.US,道富SPDR彭博1-3个月美国国债ETF,1765774800000,2025-12-15,2025-12-15 00:00:00,57.6394548196412,57.64574733654292,57.6394548196412,57.6394548196412,6058100,0.0
BIL.US,道富SPDR彭博1-3个月美国国债ETF,1765861200000,2025-12-16,2025-12-16 00:00:00,57.64574733654292,57.65203985344463,57.64574733654292,57.64574733654292,7212200,0.0
BIL.US,道富SPDR彭博1-3个月美国国债ETF,1765947600000,2025-12-17,2025-12-17 00:00:00,57.65203985344463,57.65833237034633,57.65203985344463,57.65203985344463,9641200,0.0
BIL.US,道富SPDR彭博1-3个月美国国债ETF,1766034000000,2025-12-18,2025-12-18 00:00:00,57.66176859163888,57.66176859163888,57.6554508784153,57.66176859163888,10277300,0.0
BIL.US,道富SPDR彭博1-3个月美国国债ETF,1766120400000,2025-12-19,2025-12-19 00:00:00,57.67440401808605,57.680721731309625,57.67440401808605,57.680721731309625,7581800,0.0
BIL.US,道富SPDR彭博1-3个月美国国债ETF,1766379600000,2025-12-22,2025-12-22 00:00:00,57.680721731309625,57.68703944453321,57.680721731309625,57.680721731309625,11026900,0.0
BIL.US,道富SPDR彭博1-3个月美国国债ETF,1766466000000,2025-12-23,2025-12-23 00:00:00,57.68703944453321,57.68703944453321,57.680721731309625,57.680721731309625,7111200,0.0
BIL.US,道富SPDR彭博1-3个月美国国债ETF,1766552400000,2025-12-24,2025-12-24 00:00:00,57.699674870980374,57.699674870980374,57.69335715775679,57.699674870980374,5073500,0.0
BIL.US,道富SPDR彭博1-3个月美国国债ETF,1766725200000,2025-12-26,2025-12-26 00:00:00,57.71231029742754,57.71862801065112,57.71231029742754,57.71862801065112,5588900,0.0
BIL.US,道富SPDR彭博1-3个月美国国债ETF,1766984400000,2025-12-29,2025-12-29 00:00:00,57.71862801065112,57.72494572387471,57.71862801065112,57.71862801065112,7988900,0.0
BIL.US,道富SPDR彭博1-3个月美国国债ETF,1767070800000,2025-12-30,2025-12-30 00:00:00,57.72494572387471,57.731263437098285,57.72494572387471,57.72494572387471,7852900,0.0
BIL.US,道富SPDR彭博1-3个月美国国债ETF,1767157200000,2025-12-31,2025-12-31 00:00:00,57.73758115032187,57.73758115032187,57.731263437098285,57.731263437098285,11225900,0.0
BIL.US,道富SPDR彭博1-3个月美国国债ETF,1767330000000,2026-01-02,2026-01-02 00:00:00,57.75653428999262,57.75653428999262,57.750216576769034,57.75653428999262,8517900,0.0
BIL.US,道富SPDR彭博1-3个月美国国债ETF,1767589200000,2026-01-05,2026-01-05 00:00:00,57.75653428999262,57.76285200321621,57.75653428999262,57.75653428999262,11770200,0.0
BIL.US,道富SPDR彭博1-3个月美国国债ETF,1767675600000,2026-01-06,2026-01-06 00:00:00,57.76285200321621,57.769169716439784,57.76285200321621,57.76285200321621,9135800,0.0
BIL.US,道富SPDR彭博1-3个月美国国债ETF,1767762000000,2026-01-07,2026-01-07 00:00:00,57.769169716439784,57.77548742966337,57.769169716439784,57.77548742966337,8767200,0.0
BIL.US,道富SPDR彭博1-3个月美国国债ETF,1767848400000,2026-01-08,2026-01-08 00:00:00,57.77548742966337,57.77548742966337,57.77548742966337,57.77548742966337,7116500,0.0
BIL.US,道富SPDR彭博1-3个月美国国债ETF,1767934800000,2026-01-09,2026-01-09 00:00:00,57.78812285611053,57.79444056933412,57.78812285611053,57.78812285611053,7776600,0.0
BIL.US,道富SPDR彭博1-3个月美国国债ETF,1768194000000,2026-01-12,2026-01-12 00:00:00,57.79444056933412,57.800758282557695,57.79444056933412,57.79444056933412,6189700,0.0
BIL.US,道富SPDR彭博1-3个月美国国债ETF,1768280400000,2026-01-13,2026-01-13 00:00:00,57.800758282557695,57.80707599578128,57.800758282557695,57.800758282557695,7777400,0.0
BIL.US,道富SPDR彭博1-3个月美国国债ETF,1768366800000,2026-01-14,2026-01-14 00:00:00,57.80707599578128,57.80707599578128,57.800758282557695,57.80707599578128,8005900,0.0
BIL.US,道富SPDR彭博1-3个月美国国债ETF,1768453200000,2026-01-15,2026-01-15 00:00:00,57.81339370900487,57.81339370900487,57.80707599578128,57.80707599578128,8938400,0.0
BIL.US,道富SPDR彭博1-3个月美国国债ETF,1768539600000,2026-01-16,2026-01-16 00:00:00,57.83234684867562,57.83234684867562,57.83234684867562,57.83234684867562,7648200,0.0
BIL.US,道富SPDR彭博1-3个月美国国债ETF,1768885200000,2026-01-20,2026-01-20 00:00:00,57.83866456189919,57.84498227512278,57.83234684867562,57.83234684867562,9335100,0.0
BIL.US,道富SPDR彭博1-3个月美国国债ETF,1768971600000,2026-01-21,2026-01-21 00:00:00,57.84498227512278,57.84498227512278,57.83866456189919,57.83866456189919,8153800,0.0
BIL.US,道富SPDR彭博1-3个月美国国债ETF,1769058000000,2026-01-22,2026-01-22 00:00:00,57.851299988346355,57.851299988346355,57.84498227512278,57.84498227512278,7679200,0.0
BIL.US,道富SPDR彭博1-3个月美国国债ETF,1769144400000,2026-01-23,2026-01-23 00:00:00,57.86393541479353,57.870253128017104,57.86393541479353,57.86393541479353,8147700,0.0
BIL.US,道富SPDR彭博1-3个月美国国债ETF,1769403600000,2026-01-26,2026-01-26 00:00:00,57.870253128017104,57.87657084124069,57.86393541479353,57.86393541479353,10052800,0.0
BIL.US,道富SPDR彭博1-3个月美国国债ETF,1769490000000,2026-01-27,2026-01-27 00:00:00,57.870253128017104,57.87657084124069,57.870253128017104,57.870253128017104,8178400,0.0
BIL.US,道富SPDR彭博1-3个月美国国债ETF,1769576400000,2026-01-28,2026-01-28 00:00:00,57.87657084124069,57.88288855446428,57.87657084124069,57.87657084124069,6265500,0.0
BIL.US,道富SPDR彭博1-3个月美国国债ETF,1769662800000,2026-01-29,2026-01-29 00:00:00,57.88288855446428,57.889206267687854,57.88288855446428,57.889206267687854,10237300,0.0
BIL.US,道富SPDR彭博1-3个月美国国债ETF,1769749200000,2026-01-30,2026-01-30 00:00:00,57.89552398091144,57.90184169413503,57.89552398091144,57.90184169413503,14545800,0.0
BIL.US,道富SPDR彭博1-3个月美国国债ETF,1770008400000,2026-02-02,2026-02-02 00:00:00,57.91066241952681,57.91066241952681,57.904325767549615,57.91066241952681,21391700,0.0
BIL.US,道富SPDR彭博1-3个月美国国债ETF,1770094800000,2026-02-03,2026-02-03 00:00:00,57.91066241952681,57.916999071504,57.91066241952681,57.91066241952681,11836100,0.0
BIL.US,道富SPDR彭博1-3个月美国国债ETF,1770181200000,2026-02-04,2026-02-04 00:00:00,57.916999071504,57.92333572348118,57.916999071504,57.92333572348118,9216600,0.0
BIL.US,道富SPDR彭博1-3个月美国国债ETF,1770267600000,2026-02-05,2026-02-05 00:00:00,57.92333572348118,57.929672375458374,57.92333572348118,57.92333572348118,9393900,0.0
BIL.US,道富SPDR彭博1-3个月美国国债ETF,1770354000000,2026-02-06,2026-02-06 00:00:00,57.942345679412746,57.942345679412746,57.942345679412746,57.942345679412746,12369800,0.0
BIL.US,道富SPDR彭博1-3个月美国国债ETF,1770613200000,2026-02-09,2026-02-09 00:00:00,57.942345679412746,57.94868233138994,57.942345679412746,57.942345679412746,9180300,0.0
BIL.US,道富SPDR彭博1-3个月美国国债ETF,1770699600000,2026-02-10,2026-02-10 00:00:00,57.955018983367125,57.955018983367125,57.94868233138994,57.94868233138994,7085300,0.0
BIL.US,道富SPDR彭博1-3个月美国国债ETF,1770786000000,2026-02-11,2026-02-11 00:00:00,57.955018983367125,57.96135563534431,57.955018983367125,57.96135563534431,5732300,0.0
BIL.US,道富SPDR彭博1-3个月美国国债ETF,1770872400000,2026-02-12,2026-02-12 00:00:00,57.967692287321505,57.967692287321505,57.96135563534431,57.96135563534431,6366300,0.0
BIL.US,道富SPDR彭博1-3个月美国国债ETF,1770958800000,2026-02-13,2026-02-13 00:00:00,57.980365591275884,57.98670224325307,57.980365591275884,57.98670224325307,9832500,0.0
BIL.US,道富SPDR彭博1-3个月美国国债ETF,1771304400000,2026-02-17,2026-02-17 00:00:00,57.99303889523026,57.99303889523026,57.98670224325307,57.99303889523026,6710000,0.0
BIL.US,道富SPDR彭博1-3个月美国国债ETF,1771390800000,2026-02-18,2026-02-18 00:00:00,57.99303889523026,57.99937554720745,57.99303889523026,57.99937554720745,8752800,0.0
BIL.US,道富SPDR彭博1-3个月美国国债ETF,1771477200000,2026-02-19,2026-02-19 00:00:00,57.99937554720745,58.00571219918464,57.99937554720745,57.99937554720745,4941800,0.0
BIL.US,道富SPDR彭博1-3个月美国国债ETF,1771563600000,2026-02-20,2026-02-20 00:00:00,58.024722155116194,58.024722155116194,58.018385503139015,58.018385503139015,6518200,0.0
BIL.US,道富SPDR彭博1-3个月美国国债ETF,1771822800000,2026-02-23,2026-02-23 00:00:00,58.024722155116194,58.024722155116194,58.018385503139015,58.018385503139015,7714900,0.0
BIL.US,道富SPDR彭博1-3个月美国国债ETF,1771909200000,2026-02-24,2026-02-24 00:00:00,58.03105880709339,58.03105880709339,58.024722155116194,58.03105880709339,5476100,0.0
BIL.US,道富SPDR彭博1-3个月美国国债ETF,1771995600000,2026-02-25,2026-02-25 00:00:00,58.03739545907058,58.03739545907058,58.03105880709339,58.03739545907058,6009100,0.0
BIL.US,道富SPDR彭博1-3个月美国国债ETF,1772082000000,2026-02-26,2026-02-26 00:00:00,58.03739545907058,58.04373211104777,58.03739545907058,58.04373211104777,6447700,0.0
BIL.US,道富SPDR彭博1-3个月美国国债ETF,1772168400000,2026-02-27,2026-02-27 00:00:00,58.056405415002146,58.06274206697933,58.056405415002146,58.056405415002146,11530600,0.0
BIL.US,道富SPDR彭博1-3个月美国国债ETF,1772427600000,2026-03-02,2026-03-02 00:00:00,58.064707265930174,58.064707265930174,58.058353758186875,58.064707265930174,15489300,0.0
BIL.US,道富SPDR彭博1-3个月美国国债ETF,1772514000000,2026-03-03,2026-03-03 00:00:00,58.071060773673466,58.071060773673466,58.064707265930174,58.071060773673466,11602900,0.0
BIL.US,道富SPDR彭博1-3个月美国国债ETF,1772600400000,2026-03-04,2026-03-04 00:00:00,58.07741428141675,58.07741428141675,58.071060773673466,58.07741428141675,9932500,0.0
BIL.US,道富SPDR彭博1-3个月美国国债ETF,1772686800000,2026-03-05,2026-03-05 00:00:00,58.08376778916004,58.08376778916004,58.07741428141675,58.08376778916004,9249000,0.0
BIL.US,道富SPDR彭博1-3个月美国国债ETF,1772773200000,2026-03-06,2026-03-06 00:00:00,58.10282831238992,58.10282831238992,58.09647480464662,58.09647480464662,8733200,0.0
BIL.US,道富SPDR彭博1-3个月美国国债ETF,1773028800000,2026-03-09,2026-03-09 00:00:00,58.1091818201332,58.1091818201332,58.10282831238992,58.10282831238992,13422900,0.0
BIL.US,道富SPDR彭博1-3个月美国国债ETF,1773115200000,2026-03-10,2026-03-10 00:00:00,58.1091818201332,58.1091818201332,58.10282831238992,58.1091818201332,9226800,0.0
BIL.US,道富SPDR彭博1-3个月美国国债ETF,1773201600000,2026-03-11,2026-03-11 00:00:00,58.1091818201332,58.11553532787649,58.1091818201332,58.1091818201332,6613400,0.0
BIL.US,道富SPDR彭博1-3个月美国国债ETF,1773288000000,2026-03-12,2026-03-12 00:00:00,58.11553532787649,58.121888835619785,58.11553532787649,58.121888835619785,10138900,0.0
BIL.US,道富SPDR彭博1-3个月美国国债ETF,1773374400000,2026-03-13,2026-03-13 00:00:00,58.14094935884966,58.14094935884966,58.13459585110636,58.14094935884966,11182000,0.0
BIL.US,道富SPDR彭博1-3个月美国国债ETF,1773633600000,2026-03-16,2026-03-16 00:00:00,58.147302866592945,58.147302866592945,58.14094935884966,58.14094935884966,8509100,0.0
BIL.US,道富SPDR彭博1-3个月美国国债ETF,1773720000000,2026-03-17,2026-03-17 00:00:00,58.15365637433624,58.15365637433624,58.147302866592945,58.147302866592945,7548300,0.0
BIL.US,道富SPDR彭博1-3个月美国国债ETF,1773806400000,2026-03-18,2026-03-18 00:00:00,58.15365637433624,58.16000988207953,58.15365637433624,58.16000988207953,15874000,0.0
BIL.US,道富SPDR彭博1-3个月美国国债ETF,1773892800000,2026-03-19,2026-03-19 00:00:00,58.16000988207953,58.16000988207953,58.15365637433624,58.16000988207953,14921000,0.0
BIL.US,道富SPDR彭博1-3个月美国国债ETF,1773979200000,2026-03-20,2026-03-20 00:00:00,58.179070405309396,58.179070405309396,58.17271689756611,58.179070405309396,14839100,0.0
BIL.US,道富SPDR彭博1-3个月美国国债ETF,1774238400000,2026-03-23,2026-03-23 00:00:00,58.18542391305269,58.18542391305269,58.179070405309396,58.18542391305269,30253900,0.0
BIL.US,道富SPDR彭博1-3个月美国国债ETF,1774324800000,2026-03-24,2026-03-24 00:00:00,58.18542391305269,58.19177742079598,58.18542391305269,58.19177742079598,17380200,0.0
BIL.US,道富SPDR彭博1-3个月美国国债ETF,1774411200000,2026-03-25,2026-03-25 00:00:00,58.19177742079598,58.198130928539264,58.18542391305269,58.18542391305269,16949500,0.0
BIL.US,道富SPDR彭博1-3个月美国国债ETF,1774497600000,2026-03-26,2026-03-26 00:00:00,58.198130928539264,58.198130928539264,58.19177742079598,58.198130928539264,13198900,0.0
BIL.US,道富SPDR彭博1-3个月美国国债ETF,1774584000000,2026-03-27,2026-03-27 00:00:00,58.210837944025855,58.21719145176914,58.210837944025855,58.21719145176914,11244000,0.0
BIL.US,道富SPDR彭博1-3个月美国国债ETF,1774843200000,2026-03-30,2026-03-30 00:00:00,58.21719145176914,58.22354495951243,58.21719145176914,58.22354495951243,12480000,0.0
BIL.US,道富SPDR彭博1-3个月美国国债ETF,1774929600000,2026-03-31,2026-03-31 00:00:00,58.22354495951243,58.22989846725572,58.22354495951243,58.22354495951243,20279800,0.0
BIL.US,道富SPDR彭博1-3个月美国国债ETF,1775016000000,2026-04-01,2026-04-01 00:00:00,58.23859206745763,58.23859206745763,58.23222023025112,58.23859206745763,22095200,0.0
BIL.US,道富SPDR彭博1-3个月美国国债ETF,1775102400000,2026-04-02,2026-04-02 00:00:00,58.25770757907715,58.26407941628365,58.25133574187064,58.25133574187064,11510300,0.0
BIL.US,道富SPDR彭博1-3个月美国国债ETF,1775448000000,2026-04-06,2026-04-06 00:00:00,58.25770757907715,58.26407941628365,58.25770757907715,58.26407941628365,17291500,0.0
BIL.US,道富SPDR彭博1-3个月美国国债ETF,1775534400000,2026-04-07,2026-04-07 00:00:00,58.27045125349016,58.27045125349016,58.26407941628365,58.27045125349016,9231600,0.0
BIL.US,道富SPDR彭博1-3个月美国国债ETF,1775620800000,2026-04-08,2026-04-08 00:00:00,58.27682309069665,58.27682309069665,58.27045125349016,58.27045125349016,13839400,0.0
BIL.US,道富SPDR彭博1-3个月美国国债ETF,1775707200000,2026-04-09,2026-04-09 00:00:00,58.27682309069665,58.28319492790316,58.27682309069665,58.27682309069665,15586500,0.0
BIL.US,道富SPDR彭博1-3个月美国国债ETF,1775793600000,2026-04-10,2026-04-10 00:00:00,58.29593860231617,58.30231043952268,58.29593860231617,58.29593860231617,10595200,0.0
BIL.US,道富SPDR彭博1-3个月美国国债ETF,1776052800000,2026-04-13,2026-04-13 00:00:00,58.30231043952268,58.308682276729186,58.29593860231617,58.29593860231617,9906200,0.0
BIL.US,道富SPDR彭博1-3个月美国国债ETF,1776139200000,2026-04-14,2026-04-14 00:00:00,58.30231043952268,58.308682276729186,58.30231043952268,58.30231043952268,21667600,0.0
BIL.US,道富SPDR彭博1-3个月美国国债ETF,1776225600000,2026-04-15,2026-04-15 00:00:00,58.308682276729186,58.31505411393569,58.308682276729186,58.308682276729186,18583600,0.0
BIL.US,道富SPDR彭博1-3个月美国国债ETF,1776312000000,2026-04-16,2026-04-16 00:00:00,58.31505411393569,58.321425951142196,58.31505411393569,58.31505411393569,17779800,0.0
BIL.US,道富SPDR彭博1-3个月美国国债ETF,1776398400000,2026-04-17,2026-04-17 00:00:00,58.334169625555205,58.34054146276171,58.327797788348704,58.334169625555205,13604100,0.0
BIL.US,道富SPDR彭博1-3个月美国国债ETF,1776657600000,2026-04-20,2026-04-20 00:00:00,58.34054146276171,58.34054146276171,58.334169625555205,58.34054146276171,7961400,0.0
BIL.US,道富SPDR彭博1-3个月美国国债ETF,1776744000000,2026-04-21,2026-04-21 00:00:00,58.346913299968215,58.346913299968215,58.34054146276171,58.346913299968215,8177600,0.0
BIL.US,道富SPDR彭博1-3个月美国国债ETF,1776830400000,2026-04-22,2026-04-22 00:00:00,58.346913299968215,58.35328513717472,58.346913299968215,58.346913299968215,9669300,0.0
BIL.US,道富SPDR彭博1-3个月美国国债ETF,1776916800000,2026-04-23,2026-04-23 00:00:00,58.35328513717472,58.35965697438123,58.35328513717472,58.35965697438123,6741000,0.0
BIL.US,道富SPDR彭博1-3个月美国国债ETF,1777003200000,2026-04-24,2026-04-24 00:00:00,58.37877248600075,58.37877248600075,58.37240064879423,58.37240064879423,7270200,0.0
BIL.US,道富SPDR彭博1-3个月美国国债ETF,1777262400000,2026-04-27,2026-04-27 00:00:00,58.37877248600075,58.38514432320724,58.37877248600075,58.37877248600075,8616000,0.0
BIL.US,道富SPDR彭博1-3个月美国国债ETF,1777348800000,2026-04-28,2026-04-28 00:00:00,58.38514432320724,58.39151616041375,58.38514432320724,58.38514432320724,6500500,0.0
BIL.US,道富SPDR彭博1-3个月美国国债ETF,1777435200000,2026-04-29,2026-04-29 00:00:00,58.39151616041375,58.39151616041375,58.38514432320724,58.38514432320724,9227100,0.0
BIL.US,道富SPDR彭博1-3个月美国国债ETF,1777521600000,2026-04-30,2026-04-30 00:00:00,58.39151616041375,58.39788799762026,58.39151616041375,58.39151616041375,14975100,0.0
BIL.US,道富SPDR彭博1-3个月美国国债ETF,1777608000000,2026-05-01,2026-05-01 00:00:00,58.417039989494334,58.417039989494334,58.4106493276423,58.4106493276423,14126100,0.0
BIL.US,道富SPDR彭博1-3个月美国国债ETF,1777867200000,2026-05-04,2026-05-04 00:00:00,58.417039989494334,58.42343065134638,58.417039989494334,58.42343065134638,10297700,0.0
BIL.US,道富SPDR彭博1-3个月美国国债ETF,1777953600000,2026-05-05,2026-05-05 00:00:00,58.42982131319842,58.42982131319842,58.42343065134638,58.42982131319842,9783300,0.0
BIL.US,道富SPDR彭博1-3个月美国国债ETF,1778040000000,2026-05-06,2026-05-06 00:00:00,58.42343065134638,58.42982131319842,58.42343065134638,58.42343065134638,8293500,0.0
BIL.US,道富SPDR彭博1-3个月美国国债ETF,1778126400000,2026-05-07,2026-05-07 00:00:00,58.436211975050455,58.436211975050455,58.42982131319842,58.436211975050455,8040800,0.0
BIL.US,道富SPDR彭博1-3个月美国国债ETF,1778212800000,2026-05-08,2026-05-08 00:00:00,58.44899329875453,58.455383960606575,58.44899329875453,58.44899329875453,8043400,0.0
BIL.US,道富SPDR彭博1-3个月美国国债ETF,1778472000000,2026-05-11,2026-05-11 00:00:00,58.46177462245861,58.46177462245861,58.455383960606575,58.46177462245861,6150400,0.0
BIL.US,道富SPDR彭博1-3个月美国国债ETF,1778558400000,2026-05-12,2026-05-12 00:00:00,58.46816528431065,58.46816528431065,58.46177462245861,58.46816528431065,7332100,0.0
BIL.US,道富SPDR彭博1-3个月美国国债ETF,1778644800000,2026-05-13,2026-05-13 00:00:00,58.46816528431065,58.474555946162695,58.46816528431065,58.46816528431065,7467300,0.0
BIL.US,道富SPDR彭博1-3个月美国国债ETF,1778731200000,2026-05-14,2026-05-14 00:00:00,58.474555946162695,58.48094660801473,58.474555946162695,58.48094660801473,6764000,0.0
BIL.US,道富SPDR彭博1-3个月美国国债ETF,1778817600000,2026-05-15,2026-05-15 00:00:00,58.493727931718816,58.50011859357085,58.493727931718816,58.493727931718816,9441200,0.0
BIL.US,道富SPDR彭博1-3个月美国国债ETF,1779076800000,2026-05-18,2026-05-18 00:00:00,58.50011859357085,58.50650925542289,58.493727931718816,58.493727931718816,7274100,0.0
BIL.US,道富SPDR彭博1-3个月美国国债ETF,1779163200000,2026-05-19,2026-05-19 00:00:00,58.50650925542289,58.51289991727493,58.50011859357085,58.50650925542289,9718100,0.0
BIL.US,道富SPDR彭博1-3个月美国国债ETF,1779249600000,2026-05-20,2026-05-20 00:00:00,58.51289991727493,58.51929057912697,58.51289991727493,58.51929057912697,8725700,0.0
BIL.US,道富SPDR彭博1-3个月美国国债ETF,1779336000000,2026-05-21,2026-05-21 00:00:00,58.52568124097901,58.52568124097901,58.51289991727493,58.51929057912697,7791400,0.0
BIL.US,道富SPDR彭博1-3个月美国国债ETF,1779422400000,2026-05-22,2026-05-22 00:00:00,58.53846256468309,58.53846256468309,58.53207190283105,58.53207190283105,10871600,0.0
BIL.US,道富SPDR彭博1-3个月美国国债ETF,1779768000000,2026-05-26,2026-05-26 00:00:00,58.53846256468309,58.54485322653513,58.53846256468309,58.54485322653513,9903700,0.0
BIL.US,道富SPDR彭博1-3个月美国国债ETF,1779854400000,2026-05-27,2026-05-27 00:00:00,58.55124388838717,58.55124388838717,58.54485322653513,58.55124388838717,6672200,0.0
BIL.US,道富SPDR彭博1-3个月美国国债ETF,1779940800000,2026-05-28,2026-05-28 00:00:00,58.55124388838717,58.55763455023921,58.55124388838717,58.55763455023921,10206000,0.0
BIL.US,道富SPDR彭博1-3个月美国国债ETF,1780027200000,2026-05-29,2026-05-29 00:00:00,58.57041587394329,58.57680653579533,58.564025212091245,58.57680653579533,16056500,0.0
BIL.US,道富SPDR彭博1-3个月美国国债ETF,1780286400000,2026-06-01,2026-06-01 00:00:00,58.58270863111421,58.58270863111421,58.576299144393076,58.58270863111421,17997300,0.0
BIL.US,道富SPDR彭博1-3个月美国国债ETF,1780372800000,2026-06-02,2026-06-02 00:00:00,58.58270863111421,58.58270863111421,58.576299144393076,58.576299144393076,9532600,0.0
BIL.US,道富SPDR彭博1-3个月美国国债ETF,1780459200000,2026-06-03,2026-06-03 00:00:00,58.58911811783533,58.58911811783533,58.58270863111421,58.58911811783533,14556600,0.0
BIL.US,道富SPDR彭博1-3个月美国国债ETF,1780545600000,2026-06-04,2026-06-04 00:00:00,58.595527604556466,58.595527604556466,58.58911811783533,58.58911811783533,7054600,0.0
BIL.US,道富SPDR彭博1-3个月美国国债ETF,1780632000000,2026-06-05,2026-06-05 00:00:00,58.61475606471985,58.61475606471985,58.60834657799872,58.61475606471985,12908000,0.0
BIL.US,道富SPDR彭博1-3个月美国国债ETF,1780891200000,2026-06-08,2026-06-08 00:00:00,58.621165551440974,58.621165551440974,58.61475606471985,58.621165551440974,11085900,0.0
BIL.US,道富SPDR彭博1-3个月美国国债ETF,1780977600000,2026-06-09,2026-06-09 00:00:00,58.621165551440974,58.62757503816211,58.621165551440974,58.621165551440974,10442600,0.0
BIL.US,道富SPDR彭博1-3个月美国国债ETF,1781064000000,2026-06-10,2026-06-10 00:00:00,58.63398452488324,58.63398452488324,58.62757503816211,58.62757503816211,8003200,0.0
BIL.US,道富SPDR彭博1-3个月美国国债ETF,1781150400000,2026-06-11,2026-06-11 00:00:00,58.63398452488324,58.63398452488324,58.62757503816211,58.63398452488324,8700900,0.0
BIL.US,道富SPDR彭博1-3个月美国国债ETF,1781236800000,2026-06-12,2026-06-12 00:00:00,58.65321298504662,58.65321298504662,58.64680349832549,58.65321298504662,18789500,0.0
BIL.US,道富SPDR彭博1-3个月美国国债ETF,1781496000000,2026-06-15,2026-06-15 00:00:00,58.65962247176775,58.65962247176775,58.65321298504662,58.65321298504662,11772000,0.0
BIL.US,道富SPDR彭博1-3个月美国国债ETF,1781582400000,2026-06-16,2026-06-16 00:00:00,58.66603195848888,58.66603195848888,58.65962247176775,58.65962247176775,10456500,0.0
BIL.US,道富SPDR彭博1-3个月美国国债ETF,1781668800000,2026-06-17,2026-06-17 00:00:00,58.67244144521001,58.67244144521001,58.66603195848888,58.66603195848888,8300100,0.0
BIL.US,道富SPDR彭博1-3个月美国国债ETF,1781755200000,2026-06-18,2026-06-18 00:00:00,58.68526041865226,58.69166990537339,58.68526041865226,58.69166990537339,7807800,0.0
BIL.US,道富SPDR彭博1-3个月美国国债ETF,1782100800000,2026-06-22,2026-06-22 00:00:00,58.69807939209452,58.69807939209452,58.69166990537339,58.69166990537339,10548900,0.0
BIL.US,道富SPDR彭博1-3个月美国国债ETF,1782187200000,2026-06-23,2026-06-23 00:00:00,58.70448887881565,58.70448887881565,58.69807939209452,58.69807939209452,10017000,0.0
BIL.US,道富SPDR彭博1-3个月美国国债ETF,1782273600000,2026-06-24,2026-06-24 00:00:00,58.71089836553677,58.71089836553677,58.70448887881565,58.70448887881565,10144800,0.0
BIL.US,道富SPDR彭博1-3个月美国国债ETF,1782360000000,2026-06-25,2026-06-25 00:00:00,58.71089836553677,58.7173078522579,58.71089836553677,58.71089836553677,8417600,0.0
BIL.US,道富SPDR彭博1-3个月美国国债ETF,1782446400000,2026-06-26,2026-06-26 00:00:00,58.73012682570016,58.73012682570016,58.723717338979036,58.73012682570016,7481100,0.0
BIL.US,道富SPDR彭博1-3个月美国国债ETF,1782705600000,2026-06-29,2026-06-29 00:00:00,58.73653631242129,58.73653631242129,58.73012682570016,58.73653631242129,11999700,0.0
BIL.US,道富SPDR彭博1-3个月美国国债ETF,1782792000000,2026-06-30,2026-06-30 00:00:00,58.73653631242129,58.74294579914242,58.73653631242129,58.73653631242129,15835700,0.0
BIL.US,道富SPDR彭博1-3个月美国国债ETF,1782878400000,2026-07-01,2026-07-01 00:00:00,58.75424259228737,58.75424259228737,58.74781433817442,58.75424259228737,17069100,0.0
BIL.US,道富SPDR彭博1-3个月美国国债ETF,1782964800000,2026-07-02,2026-07-02 00:00:00,58.7735273546262,58.77995560873913,58.76709910051325,58.77995560873913,10375000,0.0
BIL.US,道富SPDR彭博1-3个月美国国债ETF,1783310400000,2026-07-06,2026-07-06 00:00:00,58.78638386285208,58.78638386285208,58.7735273546262,58.7735273546262,14905000,0.0
BIL.US,道富SPDR彭博1-3个月美国国债ETF,1783396800000,2026-07-07,2026-07-07 00:00:00,58.78638386285208,58.78638386285208,58.77995560873913,58.78638386285208,9221700,0.0
BIL.US,道富SPDR彭博1-3个月美国国债ETF,1783483200000,2026-07-08,2026-07-08 00:00:00,58.79281211696501,58.79281211696501,58.78638386285208,58.78638386285208,8696000,0.0
BIL.US,道富SPDR彭博1-3个月美国国债ETF,1783569600000,2026-07-09,2026-07-09 00:00:00,58.79281211696501,58.79924037107796,58.79281211696501,58.79281211696501,6627200,0.0
BIL.US,道富SPDR彭博1-3个月美国国债ETF,1783656000000,2026-07-10,2026-07-10 00:00:00,58.81209687930384,58.818525133416784,58.81209687930384,58.818525133416784,8434300,0.0
BIL.US,道富SPDR彭博1-3个月美国国债ETF,1783915200000,2026-07-13,2026-07-13 00:00:00,58.824953387529725,58.824953387529725,58.818525133416784,58.818525133416784,6733000,0.0
BIL.US,道富SPDR彭博1-3个月美国国债ETF,1784001600000,2026-07-14,2026-07-14 00:00:00,58.818525133416784,58.824953387529725,58.818525133416784,58.824953387529725,6089100,0.0
BIL.US,道富SPDR彭博1-3个月美国国债ETF,1784088000000,2026-07-15,2026-07-15 00:00:00,58.831381641642665,58.831381641642665,58.824953387529725,58.831381641642665,11497200,0.0
BIL.US,道富SPDR彭博1-3个月美国国债ETF,1784174400000,2026-07-16,2026-07-16 00:00:00,58.831381641642665,58.837809895755605,58.831381641642665,58.837809895755605,9655200,0.0
BIL.US,道富SPDR彭博1-3个月美国国债ETF,1784260800000,2026-07-17,2026-07-17 00:00:00,58.850666403981485,58.85709465809443,58.84423814986855,58.850666403981485,15104600,0.0
BIL.US,道富SPDR彭博1-3个月美国国债ETF,1784520000000,2026-07-20,2026-07-20 00:00:00,58.85709465809443,58.86352291220737,58.85709465809443,58.85709465809443,7275600,0.0
BIL.US,道富SPDR彭博1-3个月美国国债ETF,1784606400000,2026-07-21,2026-07-21 00:00:00,58.86352291220737,58.86352291220737,58.85709465809443,58.85709465809443,6698400,0.0
BIL.US,道富SPDR彭博1-3个月美国国债ETF,1784692800000,2026-07-22,2026-07-22 00:00:00,58.86995116632031,58.86995116632031,58.86352291220737,58.86995116632031,6641700,0.0
BIL.US,道富SPDR彭博1-3个月美国国债ETF,1784779200000,2026-07-23,2026-07-23 00:00:00,58.87637942043326,58.87637942043326,58.86995116632031,58.86995116632031,8378500,0.0
BIL.US,道富SPDR彭博1-3个月美国国债ETF,1784865600000,2026-07-24,2026-07-24 00:00:00,58.88923592865914,58.88923592865914,58.88280767454619,58.88923592865914,6415000,0.0
BIL.US,道富SPDR彭博1-3个月美国国债ETF,1785124800000,2026-07-27,2026-07-27 00:00:00,58.88923592865914,58.89566418277209,58.88923592865914,58.89566418277209,9280900,0.0
BIL.US,道富SPDR彭博1-3个月美国国债ETF,1785211200000,2026-07-28,2026-07-28 00:00:00,58.90209243688502,58.90209243688502,58.89566418277209,58.90209243688502,8817000,0.0
BIL.US,道富SPDR彭博1-3个月美国国债ETF,1785297600000,2026-07-29,2026-07-29 00:00:00,58.90209243688502,58.90852069099797,58.90209243688502,58.90852069099797,6755100,0.0
BIL.US,道富SPDR彭博1-3个月美国国债ETF,1785384000000,2026-07-30,2026-07-30 00:00:00,58.92137719922385,58.92137719922385,58.914948945110915,58.914948945110915,10448400,0.0
BIL.US,道富SPDR彭博1-3个月美国国债ETF,1785470400000,2026-07-31,2026-07-31 00:00:00,58.934233707449735,58.940661961562675,58.927805453336795,58.934233707449735,14721100,0.0
BIL.US,道富SPDR彭博1-3个月美国国债ETF,1785729600000,2026-08-03,2026-08-03 00:00:00,58.942600413048154,58.9490478644169,58.936152961679404,58.942600413048154,21920400,0.0
BIL.US,道富SPDR彭博1-3个月美国国债ETF,1785816000000,2026-08-04,2026-08-04 00:00:00,58.942600413048154,58.9490478644169,58.942600413048154,58.942600413048154,12643800,0.0
BIL.US,道富SPDR彭博1-3个月美国国债ETF,1785902400000,2026-08-05,2026-08-05 00:00:00,58.9490478644169,58.95549531578564,58.9490478644169,58.9490478644169,10380600,0.0
BIL.US,道富SPDR彭博1-3个月美国国债ETF,1785988800000,2026-08-06,2026-08-06 00:00:00,58.96194276715438,58.96194276715438,58.95549531578564,58.96194276715438,7547300,0.0
BIL.US,道富SPDR彭博1-3个月美国国债ETF,1786075200000,2026-08-07,2026-08-07 00:00:00,58.97483766989187,58.98128512126061,58.96839021852312,58.98128512126061,8262900,0.0
BIL.US,道富SPDR彭博1-3个月美国国债ETF,1786334400000,2026-08-10,2026-08-10 00:00:00,58.98773257262935,58.98773257262935,58.98128512126061,58.98128512126061,7700400,0.0
BIL.US,道富SPDR彭博1-3个月美国国债ETF,1786420800000,2026-08-11,2026-08-11 00:00:00,58.9941800239981,58.9941800239981,58.98128512126061,58.98773257262935,7396000,0.0
BIL.US,道富SPDR彭博1-3个月美国国债ETF,1786507200000,2026-08-12,2026-08-12 00:00:00,58.9941800239981,59.00062747536684,58.98773257262935,59.00062747536684,8753600,0.0
BIL.US,道富SPDR彭博1-3个月美国国债ETF,1786593600000,2026-08-13,2026-08-13 00:00:00,59.00062747536684,59.00062747536684,58.9941800239981,59.00062747536684,6803700,0.0
BIL.US,道富SPDR彭博1-3个月美国国债ETF,1786680000000,2026-08-14,2026-08-14 00:00:00,59.01996982947307,59.01996982947307,59.01352237810433,59.01352237810433,6063300,0.0
BIL.US,道富SPDR彭博1-3个月美国国债ETF,1786939200000,2026-08-17,2026-08-17 00:00:00,59.01996982947307,59.02641728084181,59.01996982947307,59.02641728084181,7166600,0.0
BIL.US,道富SPDR彭博1-3个月美国国债ETF,1787025600000,2026-08-18,2026-08-18 00:00:00,59.032864732210555,59.032864732210555,59.02641728084181,59.032864732210555,8747400,0.0
BIL.US,道富SPDR彭博1-3个月美国国债ETF,1787112000000,2026-08-19,2026-08-19 00:00:00,59.032864732210555,59.03931218357929,59.032864732210555,59.03931218357929,8441000,0.0
BIL.US,道富SPDR彭博1-3个月美国国债ETF,1787198400000,2026-08-20,2026-08-20 00:00:00,59.03931218357929,59.04575963494804,59.03931218357929,59.03931218357929,6654700,0.0
BIL.US,道富SPDR彭博1-3个月美国国债ETF,1787284800000,2026-08-21,2026-08-21 00:00:00,59.052207086316784,59.05865453768552,59.052207086316784,59.05865453768552,7324100,0.0
BIL.US,道富SPDR彭博1-3个月美国国债ETF,1787544000000,2026-08-24,2026-08-24 00:00:00,59.06510198905427,59.06510198905427,59.05865453768552,59.06510198905427,6038500,0.0
BIL.US,道富SPDR彭博1-3个月美国国债ETF,1787630400000,2026-08-25,2026-08-25 00:00:00,59.06510198905427,59.07154944042301,59.06510198905427,59.07154944042301,7515700,0.0
BIL.US,道富SPDR彭博1-3个月美国国债ETF,1787716800000,2026-08-26,2026-08-26 00:00:00,59.07154944042301,59.07799689179175,59.07154944042301,59.07799689179175,7363500,0.0
BIL.US,道富SPDR彭博1-3个月美国国债ETF,1787803200000,2026-08-27,2026-08-27 00:00:00,59.07799689179175,59.0844443431605,59.07799689179175,59.07799689179175,7762000,0.0
BIL.US,道富SPDR彭博1-3个月美国国债ETF,1787889600000,2026-08-28,2026-08-28 00:00:00,59.097339245897984,59.097339245897984,59.09089179452924,59.09089179452924,7214300,0.0
BIL.US,道富SPDR彭博1-3个月美国国债ETF,1788148800000,2026-08-31,2026-08-31 00:00:00,59.097339245897984,59.10378669726673,59.097339245897984,59.097339245897984,13829300,0.0
BIL.US,道富SPDR彭博1-3个月美国国债ETF,1788235200000,2026-09-01,2026-09-01 00:00:00,59.11009767743105,59.11009767743105,59.103630489501356,59.103630489501356,15247200,0.0
BIL.US,道富SPDR彭博1-3个月美国国债ETF,1788321600000,2026-09-02,2026-09-02 00:00:00,59.11009767743105,59.11009767743105,59.103630489501356,59.11009767743105,8971300,0.0
BIL.US,道富SPDR彭博1-3个月美国国债ETF,1788408000000,2026-09-03,2026-09-03 00:00:00,59.11656486536074,59.123032053290444,59.11009767743105,59.123032053290444,10052400,0.0
BIL.US,道富SPDR彭博1-3个月美国国债ETF,1788494400000,2026-09-04,2026-09-04 00:00:00,59.14243361707954,59.14243361707954,59.13596642914984,59.14243361707954,7382600,0.0
BIL.US,道富SPDR彭博1-3个月美国国债ETF,1788840000000,2026-09-08,2026-09-08 00:00:00,59.14890080500923,59.14890080500923,59.14243361707954,59.14890080500923,7759600,0.0
BIL.US,道富SPDR彭博1-3个月美国国债ETF,1788926400000,2026-09-09,2026-09-09 00:00:00,59.14890080500923,59.15536799293893,59.14890080500923,59.14890080500923,7588600,0.0
BIL.US,道富SPDR彭博1-3个月美国国债ETF,1789012800000,2026-09-10,2026-09-10 00:00:00,59.15536799293893,59.16183518086863,59.15536799293893,59.15536799293893,8363300,0.0
BIL.US,道富SPDR彭博1-3个月美国国债ETF,1789099200000,2026-09-11,2026-09-11 00:00:00,59.17476955672802,59.17476955672802,59.16830236879832,59.17476955672802,13945300,0.0
BIL.US,道富SPDR彭博1-3个月美国国债ETF,1789358400000,2026-09-14,2026-09-14 00:00:00,59.17476955672802,59.18123674465772,59.16830236879832,59.17476955672802,12227800,0.0
BIL.US,道富SPDR彭博1-3个月美国国债ETF,1789444800000,2026-09-15,2026-09-15 00:00:00,59.18123674465772,59.18123674465772,59.17476955672802,59.18123674465772,8746300,0.0
BIL.US,道富SPDR彭博1-3个月美国国债ETF,1789531200000,2026-09-16,2026-09-16 00:00:00,59.18770393258741,59.18770393258741,59.18123674465772,59.18123674465772,8273800,0.0
BIL.US,道富SPDR彭博1-3个月美国国债ETF,1789617600000,2026-09-17,2026-09-17 00:00:00,59.19417112051711,59.19417112051711,59.18770393258741,59.19417112051711,11014900,0.0
BIL.US,道富SPDR彭博1-3个月美国国债ETF,1789704000000,2026-09-18,2026-09-18 00:00:00,59.2135726843062,59.2135726843062,59.207105496376506,59.207105496376506,11328700,0.0
BIL.US,道富SPDR彭博1-3个月美国国债ETF,1789963200000,2026-09-21,2026-09-21 00:00:00,59.2135726843062,59.220039872235894,59.2135726843062,59.220039872235894,9437800,0.0
BIL.US,道富SPDR彭博1-3个月美国国债ETF,1790049600000,2026-09-22,2026-09-22 00:00:00,59.220039872235894,59.226507060165595,59.220039872235894,59.220039872235894,14463700,0.0
BIL.US,道富SPDR彭博1-3个月美国国债ETF,1790136000000,2026-09-23,2026-09-23 00:00:00,59.232974248095296,59.232974248095296,59.226507060165595,59.232974248095296,10056200,0.0
BIL.US,道富SPDR彭博1-3个月美国国债ETF,1790222400000,2026-09-24,2026-09-24 00:00:00,59.232974248095296,59.23944143602499,59.226507060165595,59.226507060165595,11046400,0.0
BIL.US,道富SPDR彭博1-3个月美国国债ETF,1790308800000,2026-09-25,2026-09-25 00:00:00,59.24590862395469,59.252375811884384,59.24590862395469,59.252375811884384,7758000,0.0
BIL.US,道富SPDR彭博1-3个月美国国债ETF,1790568000000,2026-09-28,2026-09-28 00:00:00,59.252375811884384,59.25884299981408,59.252375811884384,59.25884299981408,11688900,0.0
BIL.US,道富SPDR彭博1-3个月美国国债ETF,1790654400000,2026-09-29,2026-09-29 00:00:00,59.26531018774378,59.27177737567348,59.25884299981408,59.27177737567348,30621800,0.0
BIL.US,道富SPDR彭博1-3个月美国国债ETF,1790740800000,2026-09-30,2026-09-30 00:00:00,59.26531018774378,59.27177737567348,59.26531018774378,59.26531018774378,18277500,0.0
BIL.US,道富SPDR彭博1-3个月美国国债ETF,1790827200000,2026-10-01,2026-10-01 00:00:00,59.28671333472432,59.28671333472432,59.28022753302487,59.28671333472432,21016700,0.0
BIL.US,道富SPDR彭博1-3个月美国国债ETF,1790913600000,2026-10-02,2026-10-02 00:00:00,59.299684938123235,59.299684938123235,59.29319913642377,59.299684938123235,11827100,0.0
BIL.US,道富SPDR彭博1-3个月美国国债ETF,1791172800000,2026-10-05,2026-10-05 00:00:00,59.30617073982268,59.312656541522145,59.299684938123235,59.30617073982268,8457958,0.0
