symbol,name,timestamp,trade_date,trade_time,open,high,low,close,volume,amount
TQQQ.US,3 倍做多纳指 ETF - ProShares,1265864400000,2010-02-11,2010-02-11 00:00:00,78.1056,83.4816,77.8752,83.0592,6912000,0.0
TQQQ.US,3 倍做多纳指 ETF - ProShares,1265950800000,2010-02-12,2010-02-12 00:00:00,80.7936,84.096,80.3328,83.4048,17203200,0.0
TQQQ.US,3 倍做多纳指 ETF - ProShares,1266296400000,2010-02-16,2010-02-16 00:00:00,85.3632,86.8224,84.0192,86.6304,19238400,0.0
TQQQ.US,3 倍做多纳指 ETF - ProShares,1266382800000,2010-02-17,2010-02-17 00:00:00,87.7824,88.128,86.4768,88.0896,38361600,0.0
TQQQ.US,3 倍做多纳指 ETF - ProShares,1266469200000,2010-02-18,2010-02-18 00:00:00,88.0128,90.2784,87.4752,89.7792,77721600,0.0
TQQQ.US,3 倍做多纳指 ETF - ProShares,1266555600000,2010-02-19,2010-02-19 00:00:00,89.1648,90.9312,88.4736,89.7792,92966400,0.0
TQQQ.US,3 倍做多纳指 ETF - ProShares,1266814800000,2010-02-22,2010-02-22 00:00:00,90.816,90.816,88.128,89.1264,50995200,0.0
TQQQ.US,3 倍做多纳指 ETF - ProShares,1266901200000,2010-02-23,2010-02-23 00:00:00,88.6272,89.1264,84.48,85.632,82252800,0.0
TQQQ.US,3 倍做多纳指 ETF - ProShares,1266987600000,2010-02-24,2010-02-24 00:00:00,87.168,89.2416,86.7072,88.2432,70617600,0.0
TQQQ.US,3 倍做多纳指 ETF - ProShares,1267074000000,2010-02-25,2010-02-25 00:00:00,85.4016,88.7808,83.712,88.2048,91238400,0.0
TQQQ.US,3 倍做多纳指 ETF - ProShares,1267160400000,2010-02-26,2010-02-26 00:00:00,87.936,89.664,87.0528,89.28,57600000,0.0
TQQQ.US,3 倍做多纳指 ETF - ProShares,1267419600000,2010-03-01,2010-03-01 00:00:00,90.432,93.504,90.432,93.12,28454400,0.0
TQQQ.US,3 倍做多纳指 ETF - ProShares,1267506000000,2010-03-02,2010-03-02 00:00:00,93.9264,95.6928,93.4272,93.696,48422400,0.0
TQQQ.US,3 倍做多纳指 ETF - ProShares,1267592400000,2010-03-03,2010-03-03 00:00:00,94.7328,95.5392,93.2736,94.1952,47961600,0.0
TQQQ.US,3 倍做多纳指 ETF - ProShares,1267678800000,2010-03-04,2010-03-04 00:00:00,94.5408,95.3856,93.0432,95.232,29452800,0.0
TQQQ.US,3 倍做多纳指 ETF - ProShares,1267765200000,2010-03-05,2010-03-05 00:00:00,97.2672,99.8784,96.768,99.456,26880000,0.0
TQQQ.US,3 倍做多纳指 ETF - ProShares,1268024400000,2010-03-08,2010-03-08 00:00:00,99.5328,100.6848,99.5328,99.9936,25344000,0.0
TQQQ.US,3 倍做多纳指 ETF - ProShares,1268110800000,2010-03-09,2010-03-09 00:00:00,99.4176,103.296,99.3408,101.76,46425600,0.0
TQQQ.US,3 倍做多纳指 ETF - ProShares,1268197200000,2010-03-10,2010-03-10 00:00:00,101.8752,104.8704,101.8368,104.256,40089600,0.0
TQQQ.US,3 倍做多纳指 ETF - ProShares,1268283600000,2010-03-11,2010-03-11 00:00:00,103.6032,105.3312,102.912,105.216,53913600,0.0
TQQQ.US,3 倍做多纳指 ETF - ProShares,1268370000000,2010-03-12,2010-03-12 00:00:00,106.368,106.368,104.2176,105.4464,36134400,0.0
TQQQ.US,3 倍做多纳指 ETF - ProShares,1268625600000,2010-03-15,2010-03-15 00:00:00,104.7552,105.4464,102.4896,104.7168,42393600,0.0
TQQQ.US,3 倍做多纳指 ETF - ProShares,1268712000000,2010-03-16,2010-03-16 00:00:00,105.7536,107.0208,104.6784,106.7136,46579200,0.0
TQQQ.US,3 倍做多纳指 ETF - ProShares,1268798400000,2010-03-17,2010-03-17 00:00:00,107.0208,108.9792,106.56,107.4432,39820800,0.0
TQQQ.US,3 倍做多纳指 ETF - ProShares,1268884800000,2010-03-18,2010-03-18 00:00:00,107.8272,108.864,107.0976,108.5568,52185600,0.0
TQQQ.US,3 倍做多纳指 ETF - ProShares,1268971200000,2010-03-19,2010-03-19 00:00:00,106.6368,109.7472,105.4848,106.6368,40051200,0.0
TQQQ.US,3 倍做多纳指 ETF - ProShares,1269230400000,2010-03-22,2010-03-22 00:00:00,105.3696,110.784,104.9856,109.5168,58790400,0.0
TQQQ.US,3 倍做多纳指 ETF - ProShares,1269316800000,2010-03-23,2010-03-23 00:00:00,110.2464,112.0128,108.5568,111.7824,55334400,0.0
TQQQ.US,3 倍做多纳指 ETF - ProShares,1269403200000,2010-03-24,2010-03-24 00:00:00,111.0144,111.2448,109.5168,110.208,89241600,0.0
TQQQ.US,3 倍做多纳指 ETF - ProShares,1269489600000,2010-03-25,2010-03-25 00:00:00,112.896,114.0864,109.4016,109.5168,93926400,0.0
TQQQ.US,3 倍做多纳指 ETF - ProShares,1269576000000,2010-03-26,2010-03-26 00:00:00,111.0528,112.2048,108.3648,110.0928,84288000,0.0
TQQQ.US,3 倍做多纳指 ETF - ProShares,1269835200000,2010-03-29,2010-03-29 00:00:00,111.744,112.7424,110.784,111.5904,38054400,0.0
TQQQ.US,3 倍做多纳指 ETF - ProShares,1269921600000,2010-03-30,2010-03-30 00:00:00,112.512,113.7408,110.4768,112.7424,39897600,0.0
TQQQ.US,3 倍做多纳指 ETF - ProShares,1270008000000,2010-03-31,2010-03-31 00:00:00,111.5136,113.0112,110.4768,111.2448,59558400,0.0
TQQQ.US,3 倍做多纳指 ETF - ProShares,1270094400000,2010-04-01,2010-04-01 00:00:00,112.4736,114.624,108.5184,111.0144,116620800,0.0
TQQQ.US,3 倍做多纳指 ETF - ProShares,1270440000000,2010-04-05,2010-04-05 00:00:00,111.8208,114.8928,111.0144,114.24,67584000,0.0
TQQQ.US,3 倍做多纳指 ETF - ProShares,1270526400000,2010-04-06,2010-04-06 00:00:00,113.3568,116.1216,112.6272,115.0848,58713600,0.0
TQQQ.US,3 倍做多纳指 ETF - ProShares,1270612800000,2010-04-07,2010-04-07 00:00:00,114.7008,115.968,112.4352,114.432,106252800,0.0
TQQQ.US,3 倍做多纳指 ETF - ProShares,1270699200000,2010-04-08,2010-04-08 00:00:00,113.28,115.5456,111.552,114.8544,69657600,0.0
TQQQ.US,3 倍做多纳指 ETF - ProShares,1270785600000,2010-04-09,2010-04-09 00:00:00,115.2384,117.1968,114.3552,116.928,58099200,0.0
TQQQ.US,3 倍做多纳指 ETF - ProShares,1271044800000,2010-04-12,2010-04-12 00:00:00,117.312,118.3104,116.544,117.3888,48806400,0.0
TQQQ.US,3 倍做多纳指 ETF - ProShares,1271131200000,2010-04-13,2010-04-13 00:00:00,117.0048,119.3472,115.968,119.1552,67238400,0.0
TQQQ.US,3 倍做多纳指 ETF - ProShares,1271217600000,2010-04-14,2010-04-14 00:00:00,120.8832,123.456,120.6144,123.3792,61094400,0.0
TQQQ.US,3 倍做多纳指 ETF - ProShares,1271304000000,2010-04-15,2010-04-15 00:00:00,123.2256,125.4912,123.1488,125.0304,45772800,0.0
TQQQ.US,3 倍做多纳指 ETF - ProShares,1271390400000,2010-04-16,2010-04-16 00:00:00,123.6864,124.9152,118.2336,120.576,129484800,0.0
TQQQ.US,3 倍做多纳指 ETF - ProShares,1271649600000,2010-04-19,2010-04-19 00:00:00,119.424,121.4976,116.0064,120.384,112742400,0.0
TQQQ.US,3 倍做多纳指 ETF - ProShares,1271736000000,2010-04-20,2010-04-20 00:00:00,122.2656,122.9952,119.9616,122.1504,56102400,0.0
TQQQ.US,3 倍做多纳指 ETF - ProShares,1271822400000,2010-04-21,2010-04-21 00:00:00,124.6464,125.376,121.9968,124.3008,83980800,0.0
TQQQ.US,3 倍做多纳指 ETF - ProShares,1271908800000,2010-04-22,2010-04-22 00:00:00,120.6912,126.5664,118.6176,126.144,122841600,0.0
TQQQ.US,3 倍做多纳指 ETF - ProShares,1271995200000,2010-04-23,2010-04-23 00:00:00,126.2592,128.2176,124.7616,127.8336,82368000,0.0
TQQQ.US,3 倍做多纳指 ETF - ProShares,1272254400000,2010-04-26,2010-04-26 00:00:00,127.9104,128.8704,126.2592,126.8736,80524800,0.0
TQQQ.US,3 倍做多纳指 ETF - ProShares,1272340800000,2010-04-27,2010-04-27 00:00:00,125.6448,126.9888,118.0032,119.04,133747200,0.0
TQQQ.US,3 倍做多纳指 ETF - ProShares,1272427200000,2010-04-28,2010-04-28 00:00:00,120.8832,120.9984,116.4288,119.3088,125068800,0.0
TQQQ.US,3 倍做多纳指 ETF - ProShares,1272513600000,2010-04-29,2010-04-29 00:00:00,120.9984,126.0288,120.96,125.4144,84748800,0.0
TQQQ.US,3 倍做多纳指 ETF - ProShares,1272600000000,2010-04-30,2010-04-30 00:00:00,125.2224,125.7984,117.696,118.0032,88512000,0.0
TQQQ.US,3 倍做多纳指 ETF - ProShares,1272859200000,2010-05-03,2010-05-03 00:00:00,119.3856,124.608,119.3856,122.8416,52608000,0.0
TQQQ.US,3 倍做多纳指 ETF - ProShares,1272945600000,2010-05-04,2010-05-04 00:00:00,118.1952,118.1952,109.3248,111.9744,137241600,0.0
TQQQ.US,3 倍做多纳指 ETF - ProShares,1273032000000,2010-05-05,2010-05-05 00:00:00,108.48,112.128,106.4064,110.1312,138508800,0.0
TQQQ.US,3 倍做多纳指 ETF - ProShares,1273118400000,2010-05-06,2010-05-06 00:00:00,107.8656,110.976,68.0064,99.3408,217804800,0.0
TQQQ.US,3 倍做多纳指 ETF - ProShares,1273204800000,2010-05-07,2010-05-07 00:00:00,96.7296,100.3392,85.7088,92.1216,248256000,0.0
TQQQ.US,3 倍做多纳指 ETF - ProShares,1273464000000,2010-05-10,2010-05-10 00:00:00,103.7568,106.176,103.1808,105.8688,189273600,0.0
TQQQ.US,3 倍做多纳指 ETF - ProShares,1273550400000,2010-05-11,2010-05-11 00:00:00,102.8736,110.016,102.2592,105.792,147033600,0.0
TQQQ.US,3 倍做多纳指 ETF - ProShares,1273636800000,2010-05-12,2010-05-12 00:00:00,107.2512,111.7056,106.8288,111.4752,108556800,0.0
TQQQ.US,3 倍做多纳指 ETF - ProShares,1273723200000,2010-05-13,2010-05-13 00:00:00,110.4384,112.7424,105.792,106.4448,105561600,0.0
TQQQ.US,3 倍做多纳指 ETF - ProShares,1273809600000,2010-05-14,2010-05-14 00:00:00,103.8336,103.9872,96.4992,99.9168,154176000,0.0
TQQQ.US,3 倍做多纳指 ETF - ProShares,1274068800000,2010-05-17,2010-05-17 00:00:00,100.8768,102.3744,94.8096,101.2608,136857600,0.0
TQQQ.US,3 倍做多纳指 ETF - ProShares,1274155200000,2010-05-18,2010-05-18 00:00:00,103.7184,104.2944,95.616,97.3824,190617600,0.0
TQQQ.US,3 倍做多纳指 ETF - ProShares,1274241600000,2010-05-19,2010-05-19 00:00:00,95.6928,97.9968,91.4304,94.8096,237772800,0.0
TQQQ.US,3 倍做多纳指 ETF - ProShares,1274328000000,2010-05-20,2010-05-20 00:00:00,89.088,89.7024,83.4432,85.2096,272985600,0.0
TQQQ.US,3 倍做多纳指 ETF - ProShares,1274414400000,2010-05-21,2010-05-21 00:00:00,80.0256,88.512,79.1808,85.8624,234316800,0.0
TQQQ.US,3 倍做多纳指 ETF - ProShares,1274673600000,2010-05-24,2010-05-24 00:00:00,86.3616,89.5488,85.5936,86.592,155020800,0.0
TQQQ.US,3 倍做多纳指 ETF - ProShares,1274760000000,2010-05-25,2010-05-25 00:00:00,80.1408,86.2464,77.6064,85.9776,172646400,0.0
TQQQ.US,3 倍做多纳指 ETF - ProShares,1274846400000,2010-05-26,2010-05-26 00:00:00,87.3216,90.8928,82.6752,83.328,208320000,0.0
TQQQ.US,3 倍做多纳指 ETF - ProShares,1274932800000,2010-05-27,2010-05-27 00:00:00,88.8576,92.5824,88.1664,92.352,173222400,0.0
TQQQ.US,3 倍做多纳指 ETF - ProShares,1275019200000,2010-05-28,2010-05-28 00:00:00,92.9664,93.1968,88.512,91.0464,166694400,0.0
TQQQ.US,3 倍做多纳指 ETF - ProShares,1275364800000,2010-06-01,2010-06-01 00:00:00,90.0864,94.7328,88.0128,88.512,202713600,0.0
TQQQ.US,3 倍做多纳指 ETF - ProShares,1275451200000,2010-06-02,2010-06-02 00:00:00,90.0096,94.7712,88.0896,94.7712,113433600,0.0
TQQQ.US,3 倍做多纳指 ETF - ProShares,1275537600000,2010-06-03,2010-06-03 00:00:00,95.4624,97.7664,93.6576,97.2288,114854400,0.0
TQQQ.US,3 倍做多纳指 ETF - ProShares,1275624000000,2010-06-04,2010-06-04 00:00:00,91.1232,94.7328,86.3232,87.6288,245952000,0.0
TQQQ.US,3 倍做多纳指 ETF - ProShares,1275883200000,2010-06-07,2010-06-07 00:00:00,88.4736,89.4336,82.4064,82.5216,168729600,0.0
TQQQ.US,3 倍做多纳指 ETF - ProShares,1275969600000,2010-06-08,2010-06-08 00:00:00,83.136,83.6736,78.7968,82.0992,265920000,0.0
TQQQ.US,3 倍做多纳指 ETF - ProShares,1276056000000,2010-06-09,2010-06-09 00:00:00,83.7504,86.0928,79.3344,80.256,229440000,0.0
TQQQ.US,3 倍做多纳指 ETF - ProShares,1276142400000,2010-06-10,2010-06-10 00:00:00,83.0592,87.0912,82.4064,86.9376,155520000,0.0
TQQQ.US,3 倍做多纳指 ETF - ProShares,1276228800000,2010-06-11,2010-06-11 00:00:00,84.2112,89.5488,84.2112,89.2032,125337600,0.0
TQQQ.US,3 倍做多纳指 ETF - ProShares,1276488000000,2010-06-14,2010-06-14 00:00:00,91.8528,93.6192,88.896,89.2416,227404800,0.0
TQQQ.US,3 倍做多纳指 ETF - ProShares,1276574400000,2010-06-15,2010-06-15 00:00:00,90.7392,96.8064,90.4704,95.7696,200102400,0.0
TQQQ.US,3 倍做多纳指 ETF - ProShares,1276660800000,2010-06-16,2010-06-16 00:00:00,95.6928,98.9952,95.232,97.6896,158361600,0.0
TQQQ.US,3 倍做多纳指 ETF - ProShares,1276747200000,2010-06-17,2010-06-17 00:00:00,99.2256,99.3792,96.1536,98.688,163046400,0.0
TQQQ.US,3 倍做多纳指 ETF - ProShares,1276833600000,2010-06-18,2010-06-18 00:00:00,99.1872,100.9536,97.9584,98.9568,139584000,0.0
TQQQ.US,3 倍做多纳指 ETF - ProShares,1277092800000,2010-06-21,2010-06-21 00:00:00,102.5664,102.9888,94.7328,96.3456,219916800,0.0
TQQQ.US,3 倍做多纳指 ETF - ProShares,1277179200000,2010-06-22,2010-06-22 00:00:00,97.4592,99.5712,93.5808,94.08,179596800,0.0
TQQQ.US,3 倍做多纳指 ETF - ProShares,1277265600000,2010-06-23,2010-06-23 00:00:00,94.4256,95.3856,90.7008,92.8128,224716800,0.0
TQQQ.US,3 倍做多纳指 ETF - ProShares,1277352000000,2010-06-24,2010-06-24 00:00:00,91.6992,92.5056,87.7824,88.32,239424000,0.0
TQQQ.US,3 倍做多纳指 ETF - ProShares,1277438400000,2010-06-25,2010-06-25 00:00:00,89.472,90.4704,86.3616,88.2432,177561600,0.0
TQQQ.US,3 倍做多纳指 ETF - ProShares,1277697600000,2010-06-28,2010-06-28 00:00:00,88.32,89.6256,85.5552,87.4752,164160000,0.0
TQQQ.US,3 倍做多纳指 ETF - ProShares,1277784000000,2010-06-29,2010-06-29 00:00:00,83.3664,83.4816,75.4176,77.6832,438220800,0.0
TQQQ.US,3 倍做多纳指 ETF - ProShares,1277870400000,2010-06-30,2010-06-30 00:00:00,76.5312,78.72,73.2672,73.8432,183667200,0.0
TQQQ.US,3 倍做多纳指 ETF - ProShares,1277956800000,2010-07-01,2010-07-01 00:00:00,74.2656,74.88,68.8512,73.152,252326400,0.0
TQQQ.US,3 倍做多纳指 ETF - ProShares,1278043200000,2010-07-02,2010-07-02 00:00:00,73.344,74.1888,70.5024,72.7296,147379200,0.0
TQQQ.US,3 倍做多纳指 ETF - ProShares,1278388800000,2010-07-06,2010-07-06 00:00:00,75.5328,76.9152,71.2704,73.1136,156556800,0.0
TQQQ.US,3 倍做多纳指 ETF - ProShares,1278475200000,2010-07-07,2010-07-07 00:00:00,73.7664,80.256,73.5744,80.0256,160780800,0.0
TQQQ.US,3 倍做多纳指 ETF - ProShares,1278561600000,2010-07-08,2010-07-08 00:00:00,81.9456,82.2528,78.5664,81.3696,207360000,0.0
TQQQ.US,3 倍做多纳指 ETF - ProShares,1278648000000,2010-07-09,2010-07-09 00:00:00,81.1776,84.0192,80.7552,83.6736,142656000,0.0
TQQQ.US,3 倍做多纳指 ETF - ProShares,1278907200000,2010-07-12,2010-07-12 00:00:00,83.3664,85.8624,82.8288,84.5952,98918400,0.0
TQQQ.US,3 倍做多纳指 ETF - ProShares,1278993600000,2010-07-13,2010-07-13 00:00:00,86.592,88.6272,84.7104,87.5136,174144000,0.0
TQQQ.US,3 倍做多纳指 ETF - ProShares,1279080000000,2010-07-14,2010-07-14 00:00:00,88.2432,90.3936,87.0912,88.896,109516800,0.0
TQQQ.US,3 倍做多纳指 ETF - ProShares,1279166400000,2010-07-15,2010-07-15 00:00:00,88.512,89.9712,85.632,89.2032,114201600,0.0
TQQQ.US,3 倍做多纳指 ETF - ProShares,1279252800000,2010-07-16,2010-07-16 00:00:00,88.4352,88.5504,81.6384,82.0224,181363200,0.0
TQQQ.US,3 倍做多纳指 ETF - ProShares,1279512000000,2010-07-19,2010-07-19 00:00:00,82.4832,84.4032,80.5248,83.8656,124224000,0.0
TQQQ.US,3 倍做多纳指 ETF - ProShares,1279598400000,2010-07-20,2010-07-20 00:00:00,79.7184,86.8608,79.0656,86.5152,127948800,0.0
TQQQ.US,3 倍做多纳指 ETF - ProShares,1279684800000,2010-07-21,2010-07-21 00:00:00,89.8176,89.8176,82.944,83.4816,172492800,0.0
TQQQ.US,3 倍做多纳指 ETF - ProShares,1279771200000,2010-07-22,2010-07-22 00:00:00,86.7456,90.8544,86.7456,89.1264,126451200,0.0
TQQQ.US,3 倍做多纳指 ETF - ProShares,1279857600000,2010-07-23,2010-07-23 00:00:00,87.8976,91.5456,87.3984,91.4688,138854400,0.0
TQQQ.US,3 倍做多纳指 ETF - ProShares,1280116800000,2010-07-26,2010-07-26 00:00:00,91.8528,93.7344,90.5856,93.4656,100761600,0.0
TQQQ.US,3 倍做多纳指 ETF - ProShares,1280203200000,2010-07-27,2010-07-27 00:00:00,94.848,95.2704,92.2752,93.4272,119692800,0.0
TQQQ.US,3 倍做多纳指 ETF - ProShares,1280289600000,2010-07-28,2010-07-28 00:00:00,93.2352,94.4256,90.3168,91.5456,77568000,0.0
TQQQ.US,3 倍做多纳指 ETF - ProShares,1280376000000,2010-07-29,2010-07-29 00:00:00,92.8128,93.3888,86.5152,89.3568,152755200,0.0
TQQQ.US,3 倍做多纳指 ETF - ProShares,1280462400000,2010-07-30,2010-07-30 00:00:00,87.0912,91.4304,85.5168,89.9712,129830400,0.0
TQQQ.US,3 倍做多纳指 ETF - ProShares,1280721600000,2010-08-02,2010-08-02 00:00:00,93.2736,95.5008,92.2752,94.8096,90163200,0.0
TQQQ.US,3 倍做多纳指 ETF - ProShares,1280808000000,2010-08-03,2010-08-03 00:00:00,94.6176,94.9248,92.352,93.8112,64012800,0.0
TQQQ.US,3 倍做多纳指 ETF - ProShares,1280894400000,2010-08-04,2010-08-04 00:00:00,95.04,96.8064,93.8112,96.5376,80908800,0.0
TQQQ.US,3 倍做多纳指 ETF - ProShares,1280980800000,2010-08-05,2010-08-05 00:00:00,95.0784,96.3072,93.9264,95.9616,66470400,0.0
TQQQ.US,3 倍做多纳指 ETF - ProShares,1281067200000,2010-08-06,2010-08-06 00:00:00,92.5056,95.9232,91.1232,95.5008,152755200,0.0
TQQQ.US,3 倍做多纳指 ETF - ProShares,1281326400000,2010-08-09,2010-08-09 00:00:00,96.8064,97.9968,95.5776,97.1904,85632000,0.0
TQQQ.US,3 倍做多纳指 ETF - ProShares,1281412800000,2010-08-10,2010-08-10 00:00:00,95.0016,96.4608,92.5056,95.1168,158016000,0.0
TQQQ.US,3 倍做多纳指 ETF - ProShares,1281499200000,2010-08-11,2010-08-11 00:00:00,90.0864,90.1248,85.9008,87.2832,154905600,0.0
TQQQ.US,3 倍做多纳指 ETF - ProShares,1281585600000,2010-08-12,2010-08-12 00:00:00,82.0608,86.016,81.5616,84.8256,145920000,0.0
TQQQ.US,3 倍做多纳指 ETF - ProShares,1281672000000,2010-08-13,2010-08-13 00:00:00,84.1344,85.0944,83.136,83.136,57945600,0.0
TQQQ.US,3 倍做多纳指 ETF - ProShares,1281931200000,2010-08-16,2010-08-16 00:00:00,81.9072,85.2864,80.832,83.5968,95424000,0.0
TQQQ.US,3 倍做多纳指 ETF - ProShares,1282017600000,2010-08-17,2010-08-17 00:00:00,85.4784,89.0112,84.9792,86.784,120076800,0.0
TQQQ.US,3 倍做多纳指 ETF - ProShares,1282104000000,2010-08-18,2010-08-18 00:00:00,86.3616,89.3184,85.3632,87.552,71155200,0.0
TQQQ.US,3 倍做多纳指 ETF - ProShares,1282190400000,2010-08-19,2010-08-19 00:00:00,86.3232,87.2064,82.0992,84.3648,102412800,0.0
TQQQ.US,3 倍做多纳指 ETF - ProShares,1282276800000,2010-08-20,2010-08-20 00:00:00,83.4816,84.7104,82.0224,84.0576,88588800,0.0
TQQQ.US,3 倍做多纳指 ETF - ProShares,1282536000000,2010-08-23,2010-08-23 00:00:00,85.9392,86.4384,81.6384,81.7536,108211200,0.0
TQQQ.US,3 倍做多纳指 ETF - ProShares,1282622400000,2010-08-24,2010-08-24 00:00:00,79.0656,79.6416,76.1088,77.0688,144806400,0.0
TQQQ.US,3 倍做多纳指 ETF - ProShares,1282708800000,2010-08-25,2010-08-25 00:00:00,75.5328,80.2944,75.1872,79.3728,144153600,0.0
TQQQ.US,3 倍做多纳指 ETF - ProShares,1282795200000,2010-08-26,2010-08-26 00:00:00,80.3712,80.5248,76.2624,76.7616,132979200,0.0
TQQQ.US,3 倍做多纳指 ETF - ProShares,1282881600000,2010-08-27,2010-08-27 00:00:00,78.1056,79.6416,73.3824,79.296,192460800,0.0
TQQQ.US,3 倍做多纳指 ETF - ProShares,1283140800000,2010-08-30,2010-08-30 00:00:00,78.1056,80.1792,76.7232,76.7232,105139200,0.0
TQQQ.US,3 倍做多纳指 ETF - ProShares,1283227200000,2010-08-31,2010-08-31 00:00:00,75.6096,77.952,74.496,76.3776,156441600,0.0
TQQQ.US,3 倍做多纳指 ETF - ProShares,1283313600000,2010-09-01,2010-09-01 00:00:00,79.296,83.52,79.1808,82.752,129638400,0.0
TQQQ.US,3 倍做多纳指 ETF - ProShares,1283400000000,2010-09-02,2010-09-02 00:00:00,83.2512,85.5936,82.6368,85.5936,54297600,0.0
TQQQ.US,3 倍做多纳指 ETF - ProShares,1283486400000,2010-09-03,2010-09-03 00:00:00,88.2048,89.9712,87.2832,89.9712,135283200,0.0
TQQQ.US,3 倍做多纳指 ETF - ProShares,1283832000000,2010-09-07,2010-09-07 00:00:00,88.7424,89.8176,87.5904,87.7824,97382400,0.0
TQQQ.US,3 倍做多纳指 ETF - ProShares,1283918400000,2010-09-08,2010-09-08 00:00:00,88.7424,92.3136,88.7424,90.8544,113894400,0.0
TQQQ.US,3 倍做多纳指 ETF - ProShares,1284004800000,2010-09-09,2010-09-09 00:00:00,93.696,93.8496,91.6224,92.0064,90355200,0.0
TQQQ.US,3 倍做多纳指 ETF - ProShares,1284091200000,2010-09-10,2010-09-10 00:00:00,92.6976,93.504,91.1616,93.0048,63936000,0.0
TQQQ.US,3 倍做多纳指 ETF - ProShares,1284350400000,2010-09-13,2010-09-13 00:00:00,95.424,97.8048,95.3472,97.1136,83712000,0.0
TQQQ.US,3 倍做多纳指 ETF - ProShares,1284436800000,2010-09-14,2010-09-14 00:00:00,96.6912,99.84,96.1536,98.3424,84748800,0.0
TQQQ.US,3 倍做多纳指 ETF - ProShares,1284523200000,2010-09-15,2010-09-15 00:00:00,97.5744,100.4928,96.768,99.9936,67660800,0.0
TQQQ.US,3 倍做多纳指 ETF - ProShares,1284609600000,2010-09-16,2010-09-16 00:00:00,99.9552,101.6064,98.88,101.4144,93772800,0.0
TQQQ.US,3 倍做多纳指 ETF - ProShares,1284696000000,2010-09-17,2010-09-17 00:00:00,103.488,103.488,100.9536,102.4896,114816000,0.0
TQQQ.US,3 倍做多纳指 ETF - ProShares,1284955200000,2010-09-20,2010-09-20 00:00:00,103.6416,108.4032,103.296,107.8272,105561600,0.0
TQQQ.US,3 倍做多纳指 ETF - ProShares,1285041600000,2010-09-21,2010-09-21 00:00:00,107.9424,110.016,106.368,107.4816,173875200,0.0
TQQQ.US,3 倍做多纳指 ETF - ProShares,1285128000000,2010-09-22,2010-09-22 00:00:00,106.2912,109.0944,105.216,106.9824,96576000,0.0
TQQQ.US,3 倍做多纳指 ETF - ProShares,1285214400000,2010-09-23,2010-09-23 00:00:00,104.7936,109.9008,104.4864,106.6752,137088000,0.0
TQQQ.US,3 倍做多纳指 ETF - ProShares,1285300800000,2010-09-24,2010-09-24 00:00:00,110.4768,113.3952,109.9392,112.704,126528000,0.0
TQQQ.US,3 倍做多纳指 ETF - ProShares,1285560000000,2010-09-27,2010-09-27 00:00:00,113.2416,113.8176,111.0912,111.4368,97113600,0.0
TQQQ.US,3 倍做多纳指 ETF - ProShares,1285646400000,2010-09-28,2010-09-28 00:00:00,112.4736,112.4736,106.0992,111.7056,146227200,0.0
TQQQ.US,3 倍做多纳指 ETF - ProShares,1285732800000,2010-09-29,2010-09-29 00:00:00,110.8224,112.32,109.5552,110.784,63859200,0.0
TQQQ.US,3 倍做多纳指 ETF - ProShares,1285819200000,2010-09-30,2010-09-30 00:00:00,112.4736,114.4704,107.136,109.2864,177484800,0.0
TQQQ.US,3 倍做多纳指 ETF - ProShares,1285905600000,2010-10-01,2010-10-01 00:00:00,111.8592,112.32,107.3664,108.9408,117043200,0.0
TQQQ.US,3 倍做多纳指 ETF - ProShares,1286164800000,2010-10-04,2010-10-04 00:00:00,107.8656,108.9792,103.488,105.1776,123840000,0.0
TQQQ.US,3 倍做多纳指 ETF - ProShares,1286251200000,2010-10-05,2010-10-05 00:00:00,108.9024,113.5488,108.7488,113.0112,109785600,0.0
TQQQ.US,3 倍做多纳指 ETF - ProShares,1286337600000,2010-10-06,2010-10-06 00:00:00,112.5504,113.2416,107.904,110.1312,88512000,0.0
TQQQ.US,3 倍做多纳指 ETF - ProShares,1286424000000,2010-10-07,2010-10-07 00:00:00,112.0128,112.0896,108.5568,111.2064,78950400,0.0
TQQQ.US,3 倍做多纳指 ETF - ProShares,1286510400000,2010-10-08,2010-10-08 00:00:00,111.3984,114.2784,109.1328,113.4336,68544000,0.0
TQQQ.US,3 倍做多纳指 ETF - ProShares,1286769600000,2010-10-11,2010-10-11 00:00:00,113.7792,115.2768,112.6656,113.664,38131200,0.0
TQQQ.US,3 倍做多纳指 ETF - ProShares,1286856000000,2010-10-12,2010-10-12 00:00:00,112.9344,116.6592,110.2848,116.0448,97728000,0.0
TQQQ.US,3 倍做多纳指 ETF - ProShares,1286942400000,2010-10-13,2010-10-13 00:00:00,118.1952,120.3072,117.1968,118.848,96844800,0.0
TQQQ.US,3 倍做多纳指 ETF - ProShares,1287028800000,2010-10-14,2010-10-14 00:00:00,119.0016,119.6928,116.3904,118.1952,79756800,0.0
TQQQ.US,3 倍做多纳指 ETF - ProShares,1287115200000,2010-10-15,2010-10-15 00:00:00,122.4192,125.7216,119.6928,125.7216,119577600,0.0
TQQQ.US,3 倍做多纳指 ETF - ProShares,1287374400000,2010-10-18,2010-10-18 00:00:00,125.952,127.0272,124.3776,125.7216,86976000,0.0
TQQQ.US,3 倍做多纳指 ETF - ProShares,1287460800000,2010-10-19,2010-10-19 00:00:00,120.768,123.648,117.8112,120.7296,127296000,0.0
TQQQ.US,3 倍做多纳指 ETF - ProShares,1287547200000,2010-10-20,2010-10-20 00:00:00,121.92,125.952,121.152,123.264,93465600,0.0
TQQQ.US,3 倍做多纳指 ETF - ProShares,1287633600000,2010-10-21,2010-10-21 00:00:00,125.7216,127.104,120.4992,124.1088,109708800,0.0
TQQQ.US,3 倍做多纳指 ETF - ProShares,1287720000000,2010-10-22,2010-10-22 00:00:00,124.2624,126.7968,123.6096,126.528,58713600,0.0
TQQQ.US,3 倍做多纳指 ETF - ProShares,1287979200000,2010-10-25,2010-10-25 00:00:00,128.064,130.6368,128.064,128.448,77184000,0.0
TQQQ.US,3 倍做多纳指 ETF - ProShares,1288065600000,2010-10-26,2010-10-26 00:00:00,126.4128,130.1376,124.9536,129.216,74841600,0.0
TQQQ.US,3 倍做多纳指 ETF - ProShares,1288152000000,2010-10-27,2010-10-27 00:00:00,127.5648,130.8672,126.8736,130.56,112857600,0.0
TQQQ.US,3 倍做多纳指 ETF - ProShares,1288238400000,2010-10-28,2010-10-28 00:00:00,132.3648,132.4416,128.1792,131.2896,107788800,0.0
TQQQ.US,3 倍做多纳指 ETF - ProShares,1288324800000,2010-10-29,2010-10-29 00:00:00,131.2512,132.7872,130.4832,130.6752,80755200,0.0
TQQQ.US,3 倍做多纳指 ETF - ProShares,1288584000000,2010-11-01,2010-11-01 00:00:00,132.0192,134.6688,129.1008,130.9824,85209600,0.0
TQQQ.US,3 倍做多纳指 ETF - ProShares,1288670400000,2010-11-02,2010-11-02 00:00:00,134.1312,136.0128,133.5168,134.9376,68121600,0.0
TQQQ.US,3 倍做多纳指 ETF - ProShares,1288756800000,2010-11-03,2010-11-03 00:00:00,135.6288,136.9344,131.904,136.896,115161600,0.0
TQQQ.US,3 倍做多纳指 ETF - ProShares,1288843200000,2010-11-04,2010-11-04 00:00:00,141.6576,143.424,140.6592,141.7344,111859200,0.0
TQQQ.US,3 倍做多纳指 ETF - ProShares,1288929600000,2010-11-05,2010-11-05 00:00:00,142.08,142.7712,140.6976,141.9264,113971200,0.0
TQQQ.US,3 倍做多纳指 ETF - ProShares,1289192400000,2010-11-08,2010-11-08 00:00:00,141.1968,143.0016,140.16,142.272,103449600,0.0
TQQQ.US,3 倍做多纳指 ETF - ProShares,1289278800000,2010-11-09,2010-11-09 00:00:00,144.3072,144.8064,138.24,139.968,121881600,0.0
TQQQ.US,3 倍做多纳指 ETF - ProShares,1289365200000,2010-11-10,2010-11-10 00:00:00,140.6976,142.6176,137.3952,142.1184,91968000,0.0
TQQQ.US,3 倍做多纳指 ETF - ProShares,1289451600000,2010-11-11,2010-11-11 00:00:00,135.5136,140.1984,133.8624,139.7376,121843200,0.0
TQQQ.US,3 倍做多纳指 ETF - ProShares,1289538000000,2010-11-12,2010-11-12 00:00:00,137.3952,139.0464,129.5616,132.5952,218265600,0.0
TQQQ.US,3 倍做多纳指 ETF - ProShares,1289797200000,2010-11-15,2010-11-15 00:00:00,134.8608,135.4368,131.0208,131.1744,119193600,0.0
TQQQ.US,3 倍做多纳指 ETF - ProShares,1289883600000,2010-11-16,2010-11-16 00:00:00,128.3712,130.6368,123.1872,124.6848,181632000,0.0
TQQQ.US,3 倍做多纳指 ETF - ProShares,1289970000000,2010-11-17,2010-11-17 00:00:00,124.9152,127.7184,123.9936,125.8752,111168000,0.0
TQQQ.US,3 倍做多纳指 ETF - ProShares,1290056400000,2010-11-18,2010-11-18 00:00:00,129.9072,134.3232,129.792,131.712,138739200,0.0
TQQQ.US,3 倍做多纳指 ETF - ProShares,1290142800000,2010-11-19,2010-11-19 00:00:00,131.2896,133.0176,129.792,132.0192,93427200,0.0
TQQQ.US,3 倍做多纳指 ETF - ProShares,1290402000000,2010-11-22,2010-11-22 00:00:00,130.4448,135.5136,129.9072,135.5136,147456000,0.0
TQQQ.US,3 倍做多纳指 ETF - ProShares,1290488400000,2010-11-23,2010-11-23 00:00:00,131.4816,131.8656,126.7968,129.1008,185856000,0.0
TQQQ.US,3 倍做多纳指 ETF - ProShares,1290574800000,2010-11-24,2010-11-24 00:00:00,132.7872,137.7024,132.5952,136.6272,129484800,0.0
TQQQ.US,3 倍做多纳指 ETF - ProShares,1290747600000,2010-11-26,2010-11-26 00:00:00,134.2464,136.8192,133.4784,135.7824,59673600,0.0
TQQQ.US,3 倍做多纳指 ETF - ProShares,1291006800000,2010-11-29,2010-11-29 00:00:00,133.5168,135.0144,128.9088,133.9008,176524800,0.0
TQQQ.US,3 倍做多纳指 ETF - ProShares,1291093200000,2010-11-30,2010-11-30 00:00:00,129.6384,131.328,127.3344,128.7936,200716800,0.0
TQQQ.US,3 倍做多纳指 ETF - ProShares,1291179600000,2010-12-01,2010-12-01 00:00:00,134.7072,139.0464,134.5152,136.9728,206860800,0.0
TQQQ.US,3 倍做多纳指 ETF - ProShares,1291266000000,2010-12-02,2010-12-02 00:00:00,137.5872,141.7344,137.2416,141.1584,132134400,0.0
TQQQ.US,3 倍做多纳指 ETF - ProShares,1291352400000,2010-12-03,2010-12-03 00:00:00,139.4688,142.7712,139.392,142.3488,175449600,0.0
TQQQ.US,3 倍做多纳指 ETF - ProShares,1291611600000,2010-12-06,2010-12-06 00:00:00,142.3488,142.9248,140.928,142.08,99072000,0.0
TQQQ.US,3 倍做多纳指 ETF - ProShares,1291698000000,2010-12-07,2010-12-07 00:00:00,147.3408,147.3408,141.9648,142.1952,164428800,0.0
TQQQ.US,3 倍做多纳指 ETF - ProShares,1291784400000,2010-12-08,2010-12-08 00:00:00,143.616,144.5376,140.8128,144.192,93427200,0.0
TQQQ.US,3 倍做多纳指 ETF - ProShares,1291870800000,2010-12-09,2010-12-09 00:00:00,146.5728,146.6112,143.0016,144.3456,99878400,0.0
TQQQ.US,3 倍做多纳指 ETF - ProShares,1291957200000,2010-12-10,2010-12-10 00:00:00,145.3056,147.648,144.1152,147.3408,88204800,0.0
TQQQ.US,3 倍做多纳指 ETF - ProShares,1292216400000,2010-12-13,2010-12-13 00:00:00,149.2224,149.2224,145.4976,145.6128,80755200,0.0
TQQQ.US,3 倍做多纳指 ETF - ProShares,1292302800000,2010-12-14,2010-12-14 00:00:00,146.7648,148.224,145.152,146.2272,76876800,0.0
TQQQ.US,3 倍做多纳指 ETF - ProShares,1292389200000,2010-12-15,2010-12-15 00:00:00,146.112,148.8384,143.5008,144.768,95577600,0.0
TQQQ.US,3 倍做多纳指 ETF - ProShares,1292475600000,2010-12-16,2010-12-16 00:00:00,144.8832,148.5312,144.0,147.7632,86131200,0.0
TQQQ.US,3 倍做多纳指 ETF - ProShares,1292562000000,2010-12-17,2010-12-17 00:00:00,148.224,149.4912,147.4176,148.224,61209600,0.0
TQQQ.US,3 倍做多纳指 ETF - ProShares,1292821200000,2010-12-20,2010-12-20 00:00:00,148.992,150.1824,145.3824,148.608,126144000,0.0
TQQQ.US,3 倍做多纳指 ETF - ProShares,1292907600000,2010-12-21,2010-12-21 00:00:00,150.336,151.1424,149.184,151.0656,33600000,0.0
TQQQ.US,3 倍做多纳指 ETF - ProShares,1292994000000,2010-12-22,2010-12-22 00:00:00,151.104,151.8336,150.4512,151.2192,43200000,0.0
TQQQ.US,3 倍做多纳指 ETF - ProShares,1293080400000,2010-12-23,2010-12-23 00:00:00,150.4512,151.0656,149.1072,150.0672,36864000,0.0
TQQQ.US,3 倍做多纳指 ETF - ProShares,1293426000000,2010-12-27,2010-12-27 00:00:00,148.8768,150.9888,145.6896,150.144,64166400,0.0
TQQQ.US,3 倍做多纳指 ETF - ProShares,1293512400000,2010-12-28,2010-12-28 00:00:00,151.2576,151.3728,148.4544,149.4912,63475200,0.0
TQQQ.US,3 倍做多纳指 ETF - ProShares,1293598800000,2010-12-29,2010-12-29 00:00:00,150.7968,151.2192,149.9904,150.3744,45465600,0.0
TQQQ.US,3 倍做多纳指 ETF - ProShares,1293685200000,2010-12-30,2010-12-30 00:00:00,150.4512,150.4896,148.4928,149.2608,28761600,0.0
TQQQ.US,3 倍做多纳指 ETF - ProShares,1293771600000,2010-12-31,2010-12-31 00:00:00,148.9152,148.9152,145.6896,147.8784,48729600,0.0
TQQQ.US,3 倍做多纳指 ETF - ProShares,1294030800000,2011-01-03,2011-01-03 00:00:00,151.7952,157.5936,151.7952,154.56,133516800,0.0
TQQQ.US,3 倍做多纳指 ETF - ProShares,1294117200000,2011-01-04,2011-01-04 00:00:00,156.5184,156.5568,151.3728,154.3296,131520000,0.0
TQQQ.US,3 倍做多纳指 ETF - ProShares,1294203600000,2011-01-05,2011-01-05 00:00:00,152.7936,158.208,152.6016,158.1312,122880000,0.0
TQQQ.US,3 倍做多纳指 ETF - ProShares,1294290000000,2011-01-06,2011-01-06 00:00:00,158.7072,159.936,157.7472,159.5904,104524800,0.0
TQQQ.US,3 倍做多纳指 ETF - ProShares,1294376400000,2011-01-07,2011-01-07 00:00:00,160.3968,160.6656,154.5984,159.2064,152409600,0.0
TQQQ.US,3 倍做多纳指 ETF - ProShares,1294635600000,2011-01-10,2011-01-10 00:00:00,158.016,161.8176,156.9408,161.0112,86054400,0.0
TQQQ.US,3 倍做多纳指 ETF - ProShares,1294722000000,2011-01-11,2011-01-11 00:00:00,162.9696,163.3152,160.0896,161.7408,109939200,0.0
TQQQ.US,3 倍做多纳指 ETF - ProShares,1294808400000,2011-01-12,2011-01-12 00:00:00,163.968,165.12,162.0864,165.0048,134092800,0.0
TQQQ.US,3 倍做多纳指 ETF - ProShares,1294894800000,2011-01-13,2011-01-13 00:00:00,165.6192,166.5408,163.968,165.5424,131443200,0.0
TQQQ.US,3 倍做多纳指 ETF - ProShares,1294981200000,2011-01-14,2011-01-14 00:00:00,165.4656,169.1904,164.3904,169.1136,61286400,0.0
TQQQ.US,3 倍做多纳指 ETF - ProShares,1295326800000,2011-01-18,2011-01-18 00:00:00,164.8128,170.9952,164.544,170.496,138124800,0.0
TQQQ.US,3 倍做多纳指 ETF - ProShares,1295413200000,2011-01-19,2011-01-19 00:00:00,171.3408,171.3408,163.0464,164.7744,149952000,0.0
TQQQ.US,3 倍做多纳指 ETF - ProShares,1295499600000,2011-01-20,2011-01-20 00:00:00,162.816,163.2,157.4016,161.088,189465600,0.0
TQQQ.US,3 倍做多纳指 ETF - ProShares,1295586000000,2011-01-21,2011-01-21 00:00:00,163.4304,164.3904,157.2864,157.4016,104832000,0.0
TQQQ.US,3 倍做多纳指 ETF - ProShares,1295845200000,2011-01-24,2011-01-24 00:00:00,158.2848,164.0448,157.44,163.8912,86438400,0.0
TQQQ.US,3 倍做多纳指 ETF - ProShares,1295931600000,2011-01-25,2011-01-25 00:00:00,161.664,164.6976,160.512,164.4672,95846400,0.0
TQQQ.US,3 倍做多纳指 ETF - ProShares,1296018000000,2011-01-26,2011-01-26 00:00:00,165.504,168.576,164.0064,167.0016,99379200,0.0
TQQQ.US,3 倍做多纳指 ETF - ProShares,1296104400000,2011-01-27,2011-01-27 00:00:00,168.96,171.648,168.0384,170.2272,111360000,0.0
TQQQ.US,3 倍做多纳指 ETF - ProShares,1296190800000,2011-01-28,2011-01-28 00:00:00,170.304,170.6112,155.136,157.4016,254553600,0.0
TQQQ.US,3 倍做多纳指 ETF - ProShares,1296450000000,2011-01-31,2011-01-31 00:00:00,158.016,160.9344,154.4832,159.7056,159974400,0.0
TQQQ.US,3 倍做多纳指 ETF - ProShares,1296536400000,2011-02-01,2011-02-01 00:00:00,163.392,169.6896,162.7776,168.576,203443200,0.0
TQQQ.US,3 倍做多纳指 ETF - ProShares,1296622800000,2011-02-02,2011-02-02 00:00:00,167.6928,169.5744,166.7712,167.8464,92121600,0.0
TQQQ.US,3 倍做多纳指 ETF - ProShares,1296709200000,2011-02-03,2011-02-03 00:00:00,166.8864,169.3824,162.8544,168.4608,131558400,0.0
TQQQ.US,3 倍做多纳指 ETF - ProShares,1296795600000,2011-02-04,2011-02-04 00:00:00,168.9216,171.8016,167.3856,171.5328,135936000,0.0
TQQQ.US,3 倍做多纳指 ETF - ProShares,1297054800000,2011-02-07,2011-02-07 00:00:00,172.608,176.6784,171.7248,174.0288,103795200,0.0
TQQQ.US,3 倍做多纳指 ETF - ProShares,1297141200000,2011-02-08,2011-02-08 00:00:00,174.0672,177.7152,173.184,177.7152,133977600,0.0
TQQQ.US,3 倍做多纳指 ETF - ProShares,1297227600000,2011-02-09,2011-02-09 00:00:00,176.5248,178.0992,174.912,176.64,130406400,0.0
TQQQ.US,3 倍做多纳指 ETF - ProShares,1297314000000,2011-02-10,2011-02-10 00:00:00,173.6832,177.8688,172.4928,177.4848,142080000,0.0
TQQQ.US,3 倍做多纳指 ETF - ProShares,1297400400000,2011-02-11,2011-02-11 00:00:00,175.872,181.248,174.9888,181.1328,94540800,0.0
TQQQ.US,3 倍做多纳指 ETF - ProShares,1297659600000,2011-02-14,2011-02-14 00:00:00,181.0944,183.1296,180.6336,182.2848,59635200,0.0
TQQQ.US,3 倍做多纳指 ETF - ProShares,1297746000000,2011-02-15,2011-02-15 00:00:00,181.2864,182.208,179.2128,181.824,93235200,0.0
TQQQ.US,3 倍做多纳指 ETF - ProShares,1297832400000,2011-02-16,2011-02-16 00:00:00,183.2448,186.624,182.976,185.1648,141120000,0.0
TQQQ.US,3 倍做多纳指 ETF - ProShares,1297918800000,2011-02-17,2011-02-17 00:00:00,182.4384,186.0096,182.0928,185.0112,86745600,0.0
TQQQ.US,3 倍做多纳指 ETF - ProShares,1298005200000,2011-02-18,2011-02-18 00:00:00,185.1264,185.856,181.7856,183.9744,128179200,0.0
TQQQ.US,3 倍做多纳指 ETF - ProShares,1298350800000,2011-02-22,2011-02-22 00:00:00,176.6016,177.984,167.0016,167.7696,241843200,0.0
TQQQ.US,3 倍做多纳指 ETF - ProShares,1298437200000,2011-02-23,2011-02-23 00:00:00,167.6928,169.4976,159.8592,163.6224,194265600,0.0
TQQQ.US,3 倍做多纳指 ETF - ProShares,1298523600000,2011-02-24,2011-02-24 00:00:00,164.7744,167.616,160.0128,165.9648,320524800,0.0
TQQQ.US,3 倍做多纳指 ETF - ProShares,1298610000000,2011-02-25,2011-02-25 00:00:00,169.0566687122496,173.8188283942848,168.595814549472,173.08914263655362,108345600,0.0
TQQQ.US,3 倍做多纳指 ETF - ProShares,1298869200000,2011-02-28,2011-02-28 00:00:00,175.0477728283584,176.7759759387744,171.2073214718784,174.356491584192,104313600,0.0
TQQQ.US,3 倍做多纳指 ETF - ProShares,1298955600000,2011-03-01,2011-03-01 00:00:00,176.69916691164482,176.69916691164482,164.52493611160318,165.9459031135008,122899200,0.0
TQQQ.US,3 倍做多纳指 ETF - ProShares,1299042000000,2011-03-02,2011-03-02 00:00:00,165.6386670049824,171.7065801482208,165.4850489507232,168.28857844095361,114105600,0.0
TQQQ.US,3 倍做多纳指 ETF - ProShares,1299128400000,2011-03-03,2011-03-03 00:00:00,173.204356177248,179.27226932048643,173.16595166368322,178.35056099493121,132825600,0.0
TQQQ.US,3 倍做多纳指 ETF - ProShares,1299214800000,2011-03-04,2011-03-04 00:00:00,178.42737002206079,178.42737002206079,172.2058388245632,175.70064955896,109420800,0.0
TQQQ.US,3 倍做多纳指 ETF - ProShares,1299474000000,2011-03-07,2011-03-07 00:00:00,177.8897068321536,178.196942940672,163.987272921696,168.71102809016642,137568000,0.0
TQQQ.US,3 倍做多纳指 ETF - ProShares,1299560400000,2011-03-08,2011-03-08 00:00:00,167.7509152510464,172.8971200687296,165.0241947879456,170.47763571414723,128774400,0.0
TQQQ.US,3 倍做多纳指 ETF - ProShares,1299646800000,2011-03-09,2011-03-09 00:00:00,169.0566687122496,169.2870957936384,164.4481270844736,167.0212294933152,97056000,0.0
TQQQ.US,3 倍做多纳指 ETF - ProShares,1299733200000,2011-03-10,2011-03-10 00:00:00,161.106934404336,162.5279014062336,157.3432920749856,159.37873129392003,174892800,0.0
TQQQ.US,3 倍做多纳指 ETF - ProShares,1299819600000,2011-03-11,2011-03-11 00:00:00,156.7288198579488,163.411205218224,156.4599882629952,162.0286427298912,102547200,0.0
TQQQ.US,3 倍做多纳指 ETF - ProShares,1300075200000,2011-03-14,2011-03-14 00:00:00,159.4171358074848,163.02716008257602,156.8440333986432,160.4540576737344,78912000,0.0
TQQQ.US,3 倍做多纳指 ETF - ProShares,1300161600000,2011-03-15,2011-03-15 00:00:00,146.16757862762879,156.5367972901248,144.7082071121664,153.8868858541536,187852800,0.0
TQQQ.US,3 倍做多纳指 ETF - ProShares,1300248000000,2011-03-16,2011-03-16 00:00:00,150.0464344976736,152.38910982512638,139.5235977809184,142.5959588661024,216768000,0.0
TQQQ.US,3 倍做多纳指 ETF - ProShares,1300334400000,2011-03-17,2011-03-17 00:00:00,149.12472617211841,151.0065473367936,146.16757862762879,146.321196681888,116486400,0.0
TQQQ.US,3 倍做多纳指 ETF - ProShares,1300420800000,2011-03-18,2011-03-18 00:00:00,151.4289969860064,151.505806013136,145.2074657885088,145.5147018970272,118713600,0.0
TQQQ.US,3 倍做多纳指 ETF - ProShares,1300680000000,2011-03-21,2011-03-21 00:00:00,151.88985114878403,156.03753861378243,151.2753789317472,153.6564587727648,95251200,0.0
TQQQ.US,3 倍做多纳指 ETF - ProShares,1300766400000,2011-03-22,2011-03-22 00:00:00,154.3477400169312,154.80859417970882,152.00506468947842,153.234009123552,64358400,0.0
TQQQ.US,3 倍做多纳指 ETF - ProShares,1300852800000,2011-03-23,2011-03-23 00:00:00,151.35218795887678,156.88243791220802,148.24142236012798,155.53827993744002,104544000,0.0
TQQQ.US,3 倍做多纳指 ETF - ProShares,1300939200000,2011-03-24,2011-03-24 00:00:00,159.18670872609601,164.9857902743808,156.4599882629952,163.987272921696,130656000,0.0
TQQQ.US,3 倍做多纳指 ETF - ProShares,1301025600000,2011-03-25,2011-03-25 00:00:00,165.6386670049824,168.403791981648,164.52493611160318,165.2162173557696,148300800,0.0
TQQQ.US,3 倍做多纳指 ETF - ProShares,1301284800000,2011-03-28,2011-03-28 00:00:00,167.44367914252803,167.44367914252803,162.1822607841504,162.4126878655392,88838400,0.0
TQQQ.US,3 倍做多纳指 ETF - ProShares,1301371200000,2011-03-29,2011-03-29 00:00:00,161.41417051285438,167.0980385204448,159.7243719160032,167.05963400688,67296000,0.0
TQQQ.US,3 倍做多纳指 ETF - ProShares,1301457600000,2011-03-30,2011-03-30 00:00:00,169.6327364157216,170.1703996056288,167.32846560183359,169.51752287502723,67545600,0.0
TQQQ.US,3 倍做多纳指 ETF - ProShares,1301544000000,2011-03-31,2011-03-31 00:00:00,168.8262416308608,170.6696582819712,167.827724278176,170.24720863275843,56428800,0.0
TQQQ.US,3 倍做多纳指 ETF - ProShares,1301630400000,2011-04-01,2011-04-01 00:00:00,172.6666929873408,174.356491584192,169.01826419868482,170.516040227712,75552000,0.0
TQQQ.US,3 倍做多纳指 ETF - ProShares,1301889600000,2011-04-04,2011-04-04 00:00:00,171.9754117431744,172.3978613923872,166.59877984410238,168.94145517155522,62419200,0.0
TQQQ.US,3 倍做多纳指 ETF - ProShares,1301976000000,2011-04-05,2011-04-05 00:00:00,167.7125107374816,170.4008266870176,166.40675727627843,167.0212294933152,53932800,0.0
TQQQ.US,3 倍做多纳指 ETF - ProShares,1302062400000,2011-04-06,2011-04-06 00:00:00,171.0537034176192,172.7050975009056,165.6770715185472,168.28857844095361,66393600,0.0
TQQQ.US,3 倍做多纳指 ETF - ProShares,1302148800000,2011-04-07,2011-04-07 00:00:00,168.403791981648,171.47615306683198,164.79376770655682,168.2501739273888,71942400,0.0
TQQQ.US,3 倍做多纳指 ETF - ProShares,1302235200000,2011-04-08,2011-04-08 00:00:00,170.5928492548416,171.1689169583136,163.2575871639648,165.7538805456768,50457600,0.0
TQQQ.US,3 倍做多纳指 ETF - ProShares,1302494400000,2011-04-11,2011-04-11 00:00:00,167.67410622391682,168.787837117296,162.6047104333632,164.2561045166496,56083200,0.0
TQQQ.US,3 倍做多纳指 ETF - ProShares,1302580800000,2011-04-12,2011-04-12 00:00:00,161.9134291891968,163.1423736232704,158.9178771311424,160.9917208636416,66566400,0.0
TQQQ.US,3 倍做多纳指 ETF - ProShares,1302667200000,2011-04-13,2011-04-13 00:00:00,164.4865315980384,166.21473470845442,161.03012537720642,164.8321722201216,70848000,0.0
TQQQ.US,3 倍做多纳指 ETF - ProShares,1302753600000,2011-04-14,2011-04-14 00:00:00,161.41417051285438,164.7169586794272,159.4171358074848,163.9488684081312,67872000,0.0
TQQQ.US,3 倍做多纳指 ETF - ProShares,1302840000000,2011-04-15,2011-04-15 00:00:00,162.0286427298912,165.0241947879456,159.99320351095682,162.8735420283168,149683200,0.0
TQQQ.US,3 倍做多纳指 ETF - ProShares,1303099200000,2011-04-18,2011-04-18 00:00:00,158.14978685984642,159.8011809431328,151.69782858096002,159.7243719160032,125760000,0.0
TQQQ.US,3 倍做多纳指 ETF - ProShares,1303185600000,2011-04-19,2011-04-19 00:00:00,160.72288926868802,162.6047104333632,158.3802139412352,162.6047104333632,107328000,0.0
TQQQ.US,3 倍做多纳指 ETF - ProShares,1303272000000,2011-04-20,2011-04-20 00:00:00,171.2073214718784,174.08765998923843,170.6312537684064,173.4347832586368,131155200,0.0
TQQQ.US,3 倍做多纳指 ETF - ProShares,1303358400000,2011-04-21,2011-04-21 00:00:00,178.8498196712736,178.9266286984032,176.2383127488672,177.8513023185888,64972800,0.0
TQQQ.US,3 倍做多纳指 ETF - ProShares,1303704000000,2011-04-25,2011-04-25 00:00:00,178.4657745356256,179.4258873747456,177.2752346151168,179.157055779792,45350400,0.0
TQQQ.US,3 倍做多纳指 ETF - ProShares,1303790400000,2011-04-26,2011-04-26 00:00:00,180.61642729525443,184.0344290025216,179.5026964018752,182.229416864976,44793600,0.0
TQQQ.US,3 倍做多纳指 ETF - ProShares,1303876800000,2011-04-27,2011-04-27 00:00:00,183.0359116498368,186.4923178706688,180.7316408359488,186.03146370789122,62668800,0.0
TQQQ.US,3 倍做多纳指 ETF - ProShares,1303963200000,2011-04-28,2011-04-28 00:00:00,184.18804705678082,185.8394411400672,182.7286755413184,185.72422759937282,66028800,0.0
TQQQ.US,3 倍做多纳指 ETF - ProShares,1304049600000,2011-04-29,2011-04-29 00:00:00,184.3032605974752,186.1850817621504,183.5351703261792,184.8409237873824,52416000,0.0
TQQQ.US,3 倍做多纳指 ETF - ProShares,1304308800000,2011-05-02,2011-05-02 00:00:00,185.6474185722432,186.83795849275202,182.19101235141122,183.8424064346976,53875200,0.0
TQQQ.US,3 倍做多纳指 ETF - ProShares,1304395200000,2011-05-03,2011-05-03 00:00:00,183.2663387312256,183.765597407568,177.6592797507648,181.07728145803202,52204800,0.0
TQQQ.US,3 倍做多纳指 ETF - ProShares,1304481600000,2011-05-04,2011-05-04 00:00:00,181.07728145803202,182.61346200062403,175.7390540725248,180.04035959178242,81945600,0.0
TQQQ.US,3 倍做多纳指 ETF - ProShares,1304568000000,2011-05-05,2011-05-05 00:00:00,177.39044815581119,183.61197935330878,175.3550089368768,177.31363912868161,95750400,0.0
TQQQ.US,3 倍做多纳指 ETF - ProShares,1304654400000,2011-05-06,2011-05-06 00:00:00,182.7286755413184,185.6090140586784,177.428852669376,178.8498196712736,76838400,0.0
TQQQ.US,3 倍做多纳指 ETF - ProShares,1304913600000,2011-05-09,2011-05-09 00:00:00,179.6947189696992,182.997507136272,177.812897805024,180.8084498630784,41875200,0.0
TQQQ.US,3 倍做多纳指 ETF - ProShares,1305000000000,2011-05-10,2011-05-10 00:00:00,182.57505748705918,186.22348627571523,181.6149446479392,185.4553960044192,55353600,0.0
TQQQ.US,3 倍做多纳指 ETF - ProShares,1305086400000,2011-05-11,2011-05-11 00:00:00,184.8793283009472,186.645935924928,177.69768426432958,181.4229220801152,64704000,0.0
TQQQ.US,3 倍做多纳指 ETF - ProShares,1305172800000,2011-05-12,2011-05-12 00:00:00,179.54110091544,185.4169914908544,176.6223578845152,184.64890121955838,60288000,0.0
TQQQ.US,3 倍做多纳指 ETF - ProShares,1305259200000,2011-05-13,2011-05-13 00:00:00,183.41995678548483,184.2264515703456,177.9281113457184,178.1201339135424,74054400,0.0
TQQQ.US,3 倍做多纳指 ETF - ProShares,1305518400000,2011-05-16,2011-05-16 00:00:00,175.7774585860896,177.1600210744224,167.67410622391682,168.8262416308608,79718400,0.0
TQQQ.US,3 倍做多纳指 ETF - ProShares,1305604800000,2011-05-17,2011-05-17 00:00:00,166.29154373558399,170.324017659888,165.2930263828992,170.2088041191936,89740800,0.0
TQQQ.US,3 倍做多纳指 ETF - ProShares,1305691200000,2011-05-18,2011-05-18 00:00:00,169.5943319021568,175.3550089368768,168.9030506579904,174.356491584192,42566400,0.0
TQQQ.US,3 倍做多纳指 ETF - ProShares,1305777600000,2011-05-19,2011-05-19 00:00:00,176.3919308031264,177.044807533728,172.85871555516482,175.8542676132192,52627200,0.0
TQQQ.US,3 倍做多纳指 ETF - ProShares,1305864000000,2011-05-20,2011-05-20 00:00:00,175.2781999097472,175.9310766403488,171.3225350125728,171.9754117431744,43660800,0.0
TQQQ.US,3 倍做多纳指 ETF - ProShares,1306123200000,2011-05-23,2011-05-23 00:00:00,164.9089812472512,166.3299482491488,162.06704724345602,164.52493611160318,77433600,0.0
TQQQ.US,3 倍做多纳指 ETF - ProShares,1306209600000,2011-05-24,2011-05-24 00:00:00,165.7922850592416,165.7922850592416,161.3757659992896,161.41417051285438,67929600,0.0
TQQQ.US,3 倍做多纳指 ETF - ProShares,1306296000000,2011-05-25,2011-05-25 00:00:00,160.6460802415584,165.4850489507232,160.530866700864,163.2191826504,53913600,0.0
TQQQ.US,3 倍做多纳指 ETF - ProShares,1306382400000,2011-05-26,2011-05-26 00:00:00,161.6061930806784,167.635701710352,161.6061930806784,166.29154373558399,47136000,0.0
TQQQ.US,3 倍做多纳指 ETF - ProShares,1306468800000,2011-05-27,2011-05-27 00:00:00,167.0980385204448,169.24869128007361,166.7523978983616,168.7494326037312,35059200,0.0
TQQQ.US,3 倍做多纳指 ETF - ProShares,1306814400000,2011-05-31,2011-05-31 00:00:00,173.6268058264608,176.8911894794688,170.8616808497952,176.8911894794688,55315200,0.0
TQQQ.US,3 倍做多纳指 ETF - ProShares,1306900800000,2011-06-01,2011-06-01 00:00:00,175.7390540725248,176.852784965904,165.10100381507522,165.56185797785278,92352000,0.0
TQQQ.US,3 倍做多纳指 ETF - ProShares,1306987200000,2011-06-02,2011-06-02 00:00:00,166.3299482491488,168.1349603866944,163.795250353872,166.5219708169728,46790400,0.0
TQQQ.US,3 倍做多纳指 ETF - ProShares,1307073600000,2011-06-03,2011-06-03 00:00:00,160.6844847551232,164.371318057344,158.4186184548,158.994686158272,81388800,0.0
TQQQ.US,3 倍做多纳指 ETF - ProShares,1307332800000,2011-06-06,2011-06-06 00:00:00,158.226595886976,160.2620351059104,154.962212233968,155.154234801792,53472000,0.0
TQQQ.US,3 倍做多纳指 ETF - ProShares,1307419200000,2011-06-07,2011-06-07 00:00:00,156.3447747223008,158.14978685984642,153.96369488128323,154.2325264762368,55852800,0.0
TQQQ.US,3 倍做多纳指 ETF - ProShares,1307505600000,2011-06-08,2011-06-08 00:00:00,153.1956046099872,153.96369488128323,149.62398484846082,150.929738309664,93523200,0.0
TQQQ.US,3 倍做多纳指 ETF - ProShares,1307592000000,2011-06-09,2011-06-09 00:00:00,150.96814282322882,153.7332677998944,149.585580334896,151.5826150402656,44064000,0.0
TQQQ.US,3 倍做多纳指 ETF - ProShares,1307678400000,2011-06-10,2011-06-10 00:00:00,149.5087713077664,150.545693174016,144.40097100364798,144.6313980850368,55699200,0.0
TQQQ.US,3 倍做多纳指 ETF - ProShares,1307937600000,2011-06-13,2011-06-13 00:00:00,145.2458703020736,146.9356688989248,143.248835596704,144.7082071121664,58982400,0.0
TQQQ.US,3 倍做多纳指 ETF - ProShares,1308024000000,2011-06-14,2011-06-14 00:00:00,147.9725907651744,151.35218795887678,147.9341862516096,150.08483901123842,58521600,0.0
TQQQ.US,3 倍做多纳指 ETF - ProShares,1308110400000,2011-06-15,2011-06-15 00:00:00,146.0523650869344,148.625467495776,140.90616026925122,141.904677621936,89337600,0.0
TQQQ.US,3 倍做多纳指 ETF - ProShares,1308196800000,2011-06-16,2011-06-16 00:00:00,141.9814866490656,143.3256446238336,136.45123669573442,139.9076429165664,85171200,0.0
TQQQ.US,3 倍做多纳指 ETF - ProShares,1308283200000,2011-06-17,2011-06-17 00:00:00,143.8633078137408,144.40097100364798,137.6417766162432,138.8707210503168,89971200,0.0
TQQQ.US,3 倍做多纳指 ETF - ProShares,1308542400000,2011-06-20,2011-06-20 00:00:00,137.5265630755488,142.1351047033248,137.5265630755488,140.7141377014272,47212800,0.0
TQQQ.US,3 倍做多纳指 ETF - ProShares,1308628800000,2011-06-21,2011-06-21 00:00:00,142.5191498389728,150.3920751197568,140.6373286742976,150.08483901123842,74284800,0.0
TQQQ.US,3 倍做多纳指 ETF - ProShares,1308715200000,2011-06-22,2011-06-22 00:00:00,148.08780430586881,150.6993112282752,146.6284327904064,146.705241817536,62208000,0.0
TQQQ.US,3 倍做多纳指 ETF - ProShares,1308801600000,2011-06-23,2011-06-23 00:00:00,141.904677621936,150.96814282322882,140.560519647168,150.7761202554048,115852800,0.0
TQQQ.US,3 倍做多纳指 ETF - ProShares,1308888000000,2011-06-24,2011-06-24 00:00:00,148.5486584686464,149.009512631424,142.1351047033248,142.8263859474912,94041600,0.0
TQQQ.US,3 倍做多纳指 ETF - ProShares,1309147200000,2011-06-27,2011-06-27 00:00:00,143.5176671916576,151.7362330945248,142.7111724067968,149.77760290272,74361600,0.0
TQQQ.US,3 倍做多纳指 ETF - ProShares,1309233600000,2011-06-28,2011-06-28 00:00:00,150.8529292825344,156.57520180368962,150.31526609262718,156.49839277656,57676800,0.0
TQQQ.US,3 倍做多纳指 ETF - ProShares,1309320000000,2011-06-29,2011-06-29 00:00:00,157.8809552648928,159.2251132396608,155.00061674753283,158.4570229683648,68409600,0.0
TQQQ.US,3 倍做多纳指 ETF - ProShares,1309406400000,2011-06-30,2011-06-30 00:00:00,160.1084170516512,164.947385760816,159.8395854566976,164.4865315980384,90432000,0.0
TQQQ.US,3 倍做多纳指 ETF - ProShares,1309492800000,2011-07-01,2011-07-01 00:00:00,165.0241947879456,172.7435020144704,163.603227786048,172.0906252838688,76723200,0.0
TQQQ.US,3 倍做多纳指 ETF - ProShares,1309838400000,2011-07-05,2011-07-05 00:00:00,172.6666929873408,175.12458185548803,171.59136660752642,174.58691866558078,73286400,0.0
TQQQ.US,3 倍做多纳指 ETF - ProShares,1309924800000,2011-07-06,2011-07-06 00:00:00,174.12606450280322,177.19842558798723,172.436265905952,176.4303353166912,79833600,0.0
TQQQ.US,3 倍做多纳指 ETF - ProShares,1310011200000,2011-07-07,2011-07-07 00:00:00,180.30919118673603,185.109755382336,179.6947189696992,183.573574839744,107097600,0.0
TQQQ.US,3 倍做多纳指 ETF - ProShares,1310097600000,2011-07-08,2011-07-08 00:00:00,178.9266286984032,182.11420332428162,176.0078856674784,182.0757988107168,146035200,0.0
TQQQ.US,3 倍做多纳指 ETF - ProShares,1310356800000,2011-07-11,2011-07-11 00:00:00,176.5071443438208,179.08024675266242,170.3624221734528,172.28264785169281,135417600,0.0
TQQQ.US,3 倍做多纳指 ETF - ProShares,1310443200000,2011-07-12,2011-07-12 00:00:00,172.05222077030402,173.16595166368322,167.8661287917408,168.0965558731296,100646400,0.0
TQQQ.US,3 倍做多纳指 ETF - ProShares,1310529600000,2011-07-13,2011-07-13 00:00:00,171.82179368891522,175.4702224775712,168.5574100359072,170.324017659888,114796800,0.0
TQQQ.US,3 倍做多纳指 ETF - ProShares,1310616000000,2011-07-14,2011-07-14 00:00:00,171.82179368891522,174.0492554756736,162.5279014062336,164.4865315980384,123436800,0.0
TQQQ.US,3 倍做多纳指 ETF - ProShares,1310702400000,2011-07-15,2011-07-15 00:00:00,170.131995092064,171.01529890405442,166.63718435766722,171.01529890405442,96403200,0.0
TQQQ.US,3 倍做多纳指 ETF - ProShares,1310961600000,2011-07-18,2011-07-18 00:00:00,168.4421964952128,170.3624221734528,163.411205218224,168.21176941382402,84691200,0.0
TQQQ.US,3 倍做多纳指 ETF - ProShares,1311048000000,2011-07-19,2011-07-19 00:00:00,173.2427606908128,180.30919118673603,173.204356177248,180.0787641053472,144864000,0.0
TQQQ.US,3 倍做多纳指 ETF - ProShares,1311134400000,2011-07-20,2011-07-20 00:00:00,182.92069810914242,183.0359116498368,176.8143804523392,177.5440662100704,107078400,0.0
TQQQ.US,3 倍做多纳指 ETF - ProShares,1311220800000,2011-07-21,2011-07-21 00:00:00,178.0817293999776,184.0344290025216,175.23979539618242,181.15409048516162,131212800,0.0
TQQQ.US,3 倍做多纳指 ETF - ProShares,1311307200000,2011-07-22,2011-07-22 00:00:00,180.9620679173376,187.4908352233536,180.4628092409952,186.76114946562242,91468800,0.0
TQQQ.US,3 倍做多纳指 ETF - ProShares,1311566400000,2011-07-25,2011-07-25 00:00:00,182.1526078378464,188.60456611673283,181.2308995122912,185.6474185722432,80102400,0.0
TQQQ.US,3 倍做多纳指 ETF - ProShares,1311652800000,2011-07-26,2011-07-26 00:00:00,185.0329463552064,188.950206738816,184.149642543216,186.6843404384928,103353600,0.0
TQQQ.US,3 倍做多纳指 ETF - ProShares,1311739200000,2011-07-27,2011-07-27 00:00:00,183.2663387312256,183.61197935330878,171.2073214718784,172.51307493308158,144057600,0.0
TQQQ.US,3 倍做多纳指 ETF - ProShares,1311825600000,2011-07-28,2011-07-28 00:00:00,172.85871555516482,179.8867415375232,170.78487182266562,173.4347832586368,123398400,0.0
TQQQ.US,3 倍做多纳指 ETF - ProShares,1311912000000,2011-07-29,2011-07-29 00:00:00,169.171882252944,177.0832120472928,166.7523978983616,171.7449846617856,149740800,0.0
TQQQ.US,3 倍做多纳指 ETF - ProShares,1312171200000,2011-08-01,2011-08-01 00:00:00,177.96651585928322,178.8882241848384,163.2191826504,169.44071384789763,197337600,0.0
TQQQ.US,3 倍做多纳指 ETF - ProShares,1312257600000,2011-08-02,2011-08-02 00:00:00,166.86761143905602,169.1334777393792,155.922325073088,156.57520180368962,177004800,0.0
TQQQ.US,3 倍做多纳指 ETF - ProShares,1312344000000,2011-08-03,2011-08-03 00:00:00,156.9592469393376,161.45257502641923,148.9327036042944,160.6460802415584,175584000,0.0
TQQQ.US,3 倍做多纳指 ETF - ProShares,1312430400000,2011-08-04,2011-08-04 00:00:00,154.00209939484802,154.770189666144,138.75550750962242,138.7939120231872,292108800,0.0
TQQQ.US,3 倍做多纳指 ETF - ProShares,1312516800000,2011-08-05,2011-08-05 00:00:00,143.36404913739838,145.169061274944,124.35381492282241,135.72155093800322,317836800,0.0
TQQQ.US,3 倍做多纳指 ETF - ProShares,1312776000000,2011-08-08,2011-08-08 00:00:00,123.7393427057856,130.4601325796256,111.6035164193088,111.8723480142624,385459200,0.0
TQQQ.US,3 倍做多纳指 ETF - ProShares,1312862400000,2011-08-09,2011-08-09 00:00:00,116.28886707421441,127.5797940622656,107.18699735935681,127.19574892661761,425856000,0.0
TQQQ.US,3 倍做多纳指 ETF - ProShares,1312948800000,2011-08-10,2011-08-10 00:00:00,118.669946915232,124.2001968685632,111.5267073921792,112.1795841227808,323577600,0.0
TQQQ.US,3 倍做多纳指 ETF - ProShares,1313035200000,2011-08-11,2011-08-11 00:00:00,116.557698669168,130.4217280660608,115.1367316672704,126.5812767095808,286348800,0.0
TQQQ.US,3 倍做多纳指 ETF - ProShares,1313121600000,2011-08-12,2011-08-12 00:00:00,129.4616152269408,132.111526662912,124.9682871398592,129.80725584902402,250291200,0.0
TQQQ.US,3 倍做多纳指 ETF - ProShares,1313380800000,2011-08-15,2011-08-15 00:00:00,131.4202454187456,135.4527193430496,129.6536377947648,135.41431482948482,151488000,0.0
TQQQ.US,3 倍做多纳指 ETF - ProShares,1313467200000,2011-08-16,2011-08-16 00:00:00,131.727481527264,135.4527193430496,126.7732992774048,131.919504095088,150643200,0.0
TQQQ.US,3 倍做多纳指 ETF - ProShares,1313553600000,2011-08-17,2011-08-17 00:00:00,132.7259988799488,135.9135735058272,125.77478192472,129.80725584902402,212236800,0.0
TQQQ.US,3 倍做多纳指 ETF - ProShares,1313640000000,2011-08-18,2011-08-18 00:00:00,119.20761010513921,119.24601461870401,107.3790199271808,110.989044202272,328723200,0.0
TQQQ.US,3 倍做多纳指 ETF - ProShares,1313726400000,2011-08-19,2011-08-19 00:00:00,107.18699735935681,115.25194520796481,104.4218723826912,104.7675130047744,287328000,0.0
TQQQ.US,3 倍做多纳指 ETF - ProShares,1313985600000,2011-08-22,2011-08-22 00:00:00,112.10277509565121,112.3716066906048,104.844322031904,105.6892213303296,216460800,0.0
TQQQ.US,3 倍做多纳指 ETF - ProShares,1314072000000,2011-08-23,2011-08-23 00:00:00,107.95508763065281,118.861969483056,106.7261431965792,118.7851604559264,286137600,0.0
TQQQ.US,3 倍做多纳指 ETF - ProShares,1314158400000,2011-08-24,2011-08-24 00:00:00,118.17068823888961,122.2415666767584,114.9831136130112,121.5886899461568,197164800,0.0
TQQQ.US,3 倍做多纳指 ETF - ProShares,1314244800000,2011-08-25,2011-08-25 00:00:00,121.31985835120321,123.04806146161921,114.445450423104,115.7512038843072,152582400,0.0
TQQQ.US,3 倍做多纳指 ETF - ProShares,1314331200000,2011-08-26,2011-08-26 00:00:00,114.6758775044928,125.5059503297664,111.1426622565312,124.08498332786881,222412800,0.0
TQQQ.US,3 倍做多纳指 ETF - ProShares,1314590400000,2011-08-29,2011-08-29 00:00:00,128.0022437114784,135.1070787209664,128.0022437114784,134.6462245581888,226464000,0.0
TQQQ.US,3 倍做多纳指 ETF - ProShares,1314676800000,2011-08-30,2011-08-30 00:00:00,133.2252575562912,139.79242937587202,130.99779576953281,137.4113495348544,228940800,0.0
TQQQ.US,3 倍做多纳指 ETF - ProShares,1314763200000,2011-08-31,2011-08-31 00:00:00,139.9460474301312,143.2104310831392,134.60782004462402,138.17943980615038,256454400,0.0
TQQQ.US,3 倍做多纳指 ETF - ProShares,1314849600000,2011-09-01,2011-09-01 00:00:00,139.1011481317056,142.32712727114878,133.5324936648096,134.3005839361056,197836800,0.0
TQQQ.US,3 倍做多纳指 ETF - ProShares,1314936000000,2011-09-02,2011-09-02 00:00:00,126.73489476384,128.7319294692096,122.7408253531008,124.8914781127296,154137600,0.0
TQQQ.US,3 倍做多纳指 ETF - ProShares,1315281600000,2011-09-06,2011-09-06 00:00:00,116.0584399928256,125.42914130263681,115.21354069440001,124.8914781127296,170054400,0.0
TQQQ.US,3 倍做多纳指 ETF - ProShares,1315368000000,2011-09-07,2011-09-07 00:00:00,130.3065145253664,134.4157974768,129.231188145552,134.3005839361056,160089600,0.0
TQQQ.US,3 倍做多纳指 ETF - ProShares,1315454400000,2011-09-08,2011-09-08 00:00:00,132.1883356900416,138.1026307790208,131.26662736448642,132.4571672849952,199046400,0.0
TQQQ.US,3 倍做多纳指 ETF - ProShares,1315540800000,2011-09-09,2011-09-09 00:00:00,129.999278416848,131.4202454187456,121.24304932407361,123.7393427057856,207648000,0.0
TQQQ.US,3 倍做多纳指 ETF - ProShares,1315800000000,2011-09-12,2011-09-12 00:00:00,119.6684642679168,128.65512044208,119.39963267296321,128.3862888471264,239712000,0.0
TQQQ.US,3 倍做多纳指 ETF - ProShares,1315886400000,2011-09-13,2011-09-13 00:00:00,129.8456603625888,134.3389884496704,128.0406482250432,133.34047109698562,280243200,0.0
TQQQ.US,3 倍做多纳指 ETF - ProShares,1315972800000,2011-09-14,2011-09-14 00:00:00,135.6831464244384,143.824903300176,131.53545895944,139.1011481317056,233625600,0.0
TQQQ.US,3 倍做多纳指 ETF - ProShares,1316059200000,2011-09-15,2011-09-15 00:00:00,143.94011684087042,146.129174114064,139.56200229448322,145.4378928698976,235372800,0.0
TQQQ.US,3 倍做多纳指 ETF - ProShares,1316145600000,2011-09-16,2011-09-16 00:00:00,146.5900282768416,149.85441192984962,145.5915109241568,149.2399397128128,246220800,0.0
TQQQ.US,3 倍做多纳指 ETF - ProShares,1316404800000,2011-09-19,2011-09-19 00:00:00,143.94011684087042,151.92825566234882,140.17647451152,149.62398484846082,247449600,0.0
TQQQ.US,3 倍做多纳指 ETF - ProShares,1316491200000,2011-09-20,2011-09-20 00:00:00,151.7746376080896,155.3846618831808,146.5516237632768,147.5117366023968,239155200,0.0
TQQQ.US,3 倍做多纳指 ETF - ProShares,1316577600000,2011-09-21,2011-09-21 00:00:00,149.8160074162848,152.0434692030432,139.86923840300162,139.984451943696,234451200,0.0
TQQQ.US,3 倍做多纳指 ETF - ProShares,1316664000000,2011-09-22,2011-09-22 00:00:00,129.3464016862464,132.879616934208,120.206127457824,126.3892541417568,335462400,0.0
TQQQ.US,3 倍做多纳指 ETF - ProShares,1316750400000,2011-09-23,2011-09-23 00:00:00,123.1632750023136,131.919504095088,122.89444340736,130.3065145253664,261504000,0.0
TQQQ.US,3 倍做多纳指 ETF - ProShares,1317009600000,2011-09-26,2011-09-26 00:00:00,132.3419537443008,135.4527193430496,123.6241291650912,134.7230335853184,246988800,0.0
TQQQ.US,3 倍做多纳指 ETF - ProShares,1317096000000,2011-09-27,2011-09-27 00:00:00,141.82786859480643,145.2074657885088,136.2208096143456,138.8707210503168,259027200,0.0
TQQQ.US,3 倍做多纳指 ETF - ProShares,1317182400000,2011-09-28,2011-09-28 00:00:00,140.82935124212162,143.5560717052224,131.919504095088,132.30354923073602,269184000,0.0
TQQQ.US,3 倍做多纳指 ETF - ProShares,1317268800000,2011-09-29,2011-09-29 00:00:00,138.98593459101122,139.3315752130944,121.550285432592,128.3862888471264,336556800,0.0
TQQQ.US,3 倍做多纳指 ETF - ProShares,1317355200000,2011-09-30,2011-09-30 00:00:00,123.31689305657281,126.1204225468032,118.01707018463041,118.40111532027841,287462400,0.0
TQQQ.US,3 倍做多纳指 ETF - ProShares,1317614400000,2011-10-03,2011-10-03 00:00:00,115.05992264014081,120.6669816206016,108.9536049833376,109.14562755116161,410649600,0.0
TQQQ.US,3 倍做多纳指 ETF - ProShares,1317700800000,2011-10-04,2011-10-04 00:00:00,105.7276258438944,116.4808896420384,102.5016467044512,115.789608397872,689280000,0.0
TQQQ.US,3 倍做多纳指 ETF - ProShares,1317787200000,2011-10-05,2011-10-05 00:00:00,114.9831136130112,125.6979728975904,112.29479766347521,124.5842420042112,520569600,0.0
TQQQ.US,3 倍做多纳指 ETF - ProShares,1317873600000,2011-10-06,2011-10-06 00:00:00,124.43062394995201,130.959391255968,122.5872072988416,130.959391255968,456460800,0.0
TQQQ.US,3 倍做多纳指 ETF - ProShares,1317960000000,2011-10-07,2011-10-07 00:00:00,130.6137506338848,132.53397631212482,125.8131864382848,128.271075306432,288364800,0.0
TQQQ.US,3 倍做多纳指 ETF - ProShares,1318219200000,2011-10-10,2011-10-10 00:00:00,134.799842612448,141.4438234591584,134.2621794225408,141.4438234591584,216960000,0.0
TQQQ.US,3 倍做多纳指 ETF - ProShares,1318305600000,2011-10-11,2011-10-11 00:00:00,140.4453061064736,145.4378928698976,139.79242937587202,144.43937551721282,200947200,0.0
TQQQ.US,3 倍做多纳指 ETF - ProShares,1318392000000,2011-10-12,2011-10-12 00:00:00,148.7406810364704,151.505806013136,146.2827921683232,146.7820508446656,258950400,0.0
TQQQ.US,3 倍做多纳指 ETF - ProShares,1318478400000,2011-10-13,2011-10-13 00:00:00,145.8987470326752,151.2753789317472,145.3994883563328,150.6993112282752,187161600,0.0
TQQQ.US,3 倍做多纳指 ETF - ProShares,1318564800000,2011-10-14,2011-10-14 00:00:00,156.4215837494304,159.0330906718368,153.8484813405888,159.0330906718368,191481600,0.0
TQQQ.US,3 倍做多纳指 ETF - ProShares,1318824000000,2011-10-17,2011-10-17 00:00:00,156.7672243715136,158.226595886976,149.12472617211841,151.6594240673952,1094342400,0.0
TQQQ.US,3 倍做多纳指 ETF - ProShares,1318910400000,2011-10-18,2011-10-18 00:00:00,151.12176087748801,159.7243719160032,146.74364633110082,157.1512695071616,285792000,0.0
TQQQ.US,3 倍做多纳指 ETF - ProShares,1318996800000,2011-10-19,2011-10-19 00:00:00,155.154234801792,156.15275215447681,146.705241817536,148.08780430586881,242246400,0.0
TQQQ.US,3 倍做多纳指 ETF - ProShares,1319083200000,2011-10-20,2011-10-20 00:00:00,147.7421636837856,148.5102539550816,139.7156203487424,146.2059831411936,203174400,0.0
TQQQ.US,3 倍做多纳指 ETF - ProShares,1319169600000,2011-10-21,2011-10-21 00:00:00,150.6225022011456,154.2709309898016,147.4349275752672,151.4289969860064,188428800,0.0
TQQQ.US,3 倍做多纳指 ETF - ProShares,1319428800000,2011-10-24,2011-10-24 00:00:00,153.1956046099872,162.1054517570208,152.6963459336448,160.8765073229472,197356800,0.0
TQQQ.US,3 倍做多纳指 ETF - ProShares,1319515200000,2011-10-25,2011-10-25 00:00:00,159.14830421253123,159.4555403210496,150.3920751197568,151.7746376080896,200755200,0.0
TQQQ.US,3 倍做多纳指 ETF - ProShares,1319601600000,2011-10-26,2011-10-26 00:00:00,154.00209939484802,154.9238077204032,142.5191498389728,151.16016539105283,383692800,0.0
TQQQ.US,3 倍做多纳指 ETF - ProShares,1319688000000,2011-10-27,2011-10-27 00:00:00,161.683002107808,166.0227121406304,156.9592469393376,163.3343961910944,330528000,0.0
TQQQ.US,3 倍做多纳指 ETF - ProShares,1319774400000,2011-10-28,2011-10-28 00:00:00,160.33884413304,164.52493611160318,160.33884413304,163.8720593810016,127161600,0.0
TQQQ.US,3 倍做多纳指 ETF - ProShares,1320033600000,2011-10-31,2011-10-31 00:00:00,159.4939448346144,161.45257502641923,155.4230663967456,155.76870701882882,157977600,0.0
TQQQ.US,3 倍做多纳指 ETF - ProShares,1320120000000,2011-11-01,2011-11-01 00:00:00,144.5161845443424,147.8189727109152,141.1749918642048,143.70968975948162,392870400,0.0
TQQQ.US,3 倍做多纳指 ETF - ProShares,1320206400000,2011-11-02,2011-11-02 00:00:00,147.8189727109152,149.0479171449888,143.2104310831392,147.2429050074432,243648000,0.0
TQQQ.US,3 倍做多纳指 ETF - ProShares,1320292800000,2011-11-03,2011-11-03 00:00:00,150.8529292825344,156.9208424257728,145.6299154377216,156.1911566680416,285561600,0.0
TQQQ.US,3 倍做多纳指 ETF - ProShares,1320379200000,2011-11-04,2011-11-04 00:00:00,153.8868858541536,155.84551604595842,149.2399397128128,153.77167231345922,158323200,0.0
TQQQ.US,3 倍做多纳指 ETF - ProShares,1320642000000,2011-11-07,2011-11-07 00:00:00,153.810076827024,157.4969101292448,149.009512631424,157.18967402072641,223084800,0.0
TQQQ.US,3 倍做多纳指 ETF - ProShares,1320728400000,2011-11-08,2011-11-08 00:00:00,160.530866700864,163.3728007046592,155.2310438289216,162.45109237910398,205900800,0.0
TQQQ.US,3 倍做多纳指 ETF - ProShares,1320814800000,2011-11-09,2011-11-09 00:00:00,153.0035820421632,153.810076827024,144.43937551721282,145.6299154377216,222144000,0.0
TQQQ.US,3 倍做多纳指 ETF - ProShares,1320901200000,2011-11-10,2011-11-10 00:00:00,149.8928164434144,150.2000525519328,141.0213738099456,145.05384773424962,177945600,0.0
TQQQ.US,3 倍做多纳指 ETF - ProShares,1320987600000,2011-11-11,2011-11-11 00:00:00,149.1631306856832,154.6933806390144,148.4718494415168,153.1956046099872,171532800,0.0
TQQQ.US,3 倍做多纳指 ETF - ProShares,1321246800000,2011-11-14,2011-11-14 00:00:00,152.273896284432,154.73178515257922,148.8558945771648,150.5840976875808,113126400,0.0
TQQQ.US,3 倍做多纳指 ETF - ProShares,1321333200000,2011-11-15,2011-11-15 00:00:00,149.4319622806368,157.3432920749856,148.81749006360002,155.4230663967456,220108800,0.0
TQQQ.US,3 倍做多纳指 ETF - ProShares,1321419600000,2011-11-16,2011-11-16 00:00:00,152.081873716608,155.6534934781344,147.01247792605443,147.7421636837856,242092800,0.0
TQQQ.US,3 倍做多纳指 ETF - ProShares,1321506000000,2011-11-17,2011-11-17 00:00:00,146.705241817536,146.82045535823042,134.799842612448,137.6033721026784,445920000,0.0
TQQQ.US,3 倍做多纳指 ETF - ProShares,1321592400000,2011-11-18,2011-11-18 00:00:00,137.5649675891136,138.02582175189121,133.57089817837442,134.3005839361056,236198400,0.0
TQQQ.US,3 倍做多纳指 ETF - ProShares,1321851600000,2011-11-21,2011-11-21 00:00:00,129.0775700912928,129.3464016862464,122.5488027852768,126.5044676824512,272352000,0.0
TQQQ.US,3 倍做多纳指 ETF - ProShares,1321938000000,2011-11-22,2011-11-22 00:00:00,125.39073678907201,129.0007610641632,123.35529757013761,127.5797940622656,320659200,0.0
TQQQ.US,3 倍做多纳指 ETF - ProShares,1322024400000,2011-11-23,2011-11-23 00:00:00,124.9682871398592,125.3523322755072,119.0155875373152,119.1308010780096,310272000,0.0
TQQQ.US,3 倍做多纳指 ETF - ProShares,1322197200000,2011-11-25,2011-11-25 00:00:00,117.8250476168064,121.7807125139808,116.4040806149088,116.4040806149088,123552000,0.0
TQQQ.US,3 倍做多纳指 ETF - ProShares,1322456400000,2011-11-28,2011-11-28 00:00:00,124.9298826262944,129.0007610641632,124.8530735991648,128.4246933606912,262752000,0.0
TQQQ.US,3 倍做多纳指 ETF - ProShares,1322542800000,2011-11-29,2011-11-29 00:00:00,128.0406482250432,131.22822285092158,125.12190519411841,126.1204225468032,234432000,0.0
TQQQ.US,3 倍做多纳指 ETF - ProShares,1322629200000,2011-11-30,2011-11-30 00:00:00,136.45123669573442,140.4453061064736,135.2606967752256,139.9460474301312,242457600,0.0
TQQQ.US,3 倍做多纳指 ETF - ProShares,1322715600000,2011-12-01,2011-12-01 00:00:00,140.0996654843904,144.0937348951296,139.7540248623072,142.9415994881856,183475200,0.0
TQQQ.US,3 倍做多纳指 ETF - ProShares,1322802000000,2011-12-02,2011-12-02 00:00:00,147.1660959803136,147.281309521008,141.4438234591584,141.5974415134176,129081600,0.0
TQQQ.US,3 倍做多纳指 ETF - ProShares,1323061200000,2011-12-05,2011-12-05 00:00:00,148.3950404143872,149.3551532535072,144.01692586800002,146.2443876547584,189158400,0.0
TQQQ.US,3 倍做多纳指 ETF - ProShares,1323147600000,2011-12-06,2011-12-06 00:00:00,146.9356688989248,148.0109952787392,143.824903300176,145.13065676137919,140025600,0.0
TQQQ.US,3 倍做多纳指 ETF - ProShares,1323234000000,2011-12-07,2011-12-07 00:00:00,144.01692586800002,147.20450049387838,139.56200229448322,145.3226793292032,154080000,0.0
TQQQ.US,3 倍做多纳指 ETF - ProShares,1323320400000,2011-12-08,2011-12-08 00:00:00,142.4039362982784,145.70672446485122,137.0657089127712,137.9490127247616,259795200,0.0
TQQQ.US,3 倍做多纳指 ETF - ProShares,1323406800000,2011-12-09,2011-12-09 00:00:00,139.1395526452704,145.745128978416,138.7939120231872,144.4777800307776,196243200,0.0
TQQQ.US,3 倍做多纳指 ETF - ProShares,1323666000000,2011-12-12,2011-12-12 00:00:00,140.02285645726081,140.1380699979552,136.02878704652161,139.7540248623072,214579200,0.0
TQQQ.US,3 倍做多纳指 ETF - ProShares,1323752400000,2011-12-13,2011-12-13 00:00:00,142.4039362982784,144.0937348951296,133.263662069856,135.0302696938368,231590400,0.0
TQQQ.US,3 倍做多纳指 ETF - ProShares,1323838800000,2011-12-14,2011-12-14 00:00:00,133.3788756105504,133.8013252597632,126.46606316888641,128.7319294692096,409939200,0.0
TQQQ.US,3 倍做多纳指 ETF - ProShares,1323925200000,2011-12-15,2011-12-15 00:00:00,132.3803582578656,132.4187627714304,127.08053538592321,127.7334121165248,306950400,0.0
TQQQ.US,3 倍做多纳指 ETF - ProShares,1324011600000,2011-12-16,2011-12-16 00:00:00,129.8456603625888,134.799842612448,128.9623565505984,129.3464016862464,280934400,0.0
TQQQ.US,3 倍做多纳指 ETF - ProShares,1324270800000,2011-12-19,2011-12-19 00:00:00,131.1130093102272,131.919504095088,124.7762645720352,125.7363774111552,199296000,0.0
TQQQ.US,3 倍做多纳指 ETF - ProShares,1324357200000,2011-12-20,2011-12-20 00:00:00,131.727481527264,137.3345405077248,131.727481527264,136.912090858512,267705600,0.0
TQQQ.US,3 倍做多纳指 ETF - ProShares,1324443600000,2011-12-21,2011-12-21 00:00:00,134.5694155310592,134.5694155310592,126.42765865532161,131.22822285092158,343718400,0.0
TQQQ.US,3 倍做多纳指 ETF - ProShares,1324530000000,2011-12-22,2011-12-22 00:00:00,131.727481527264,134.60782004462402,131.3818409051808,134.4157974768,200947200,0.0
TQQQ.US,3 倍做多纳指 ETF - ProShares,1324616400000,2011-12-23,2011-12-23 00:00:00,135.183887748096,137.9106082111968,134.37739296323522,137.9106082111968,110918400,0.0
TQQQ.US,3 倍做多纳指 ETF - ProShares,1324962000000,2011-12-27,2011-12-27 00:00:00,137.3729450212896,140.4069015929088,136.7968773178176,138.9475300774464,139776000,0.0
TQQQ.US,3 倍做多纳指 ETF - ProShares,1325048400000,2011-12-28,2011-12-28 00:00:00,138.6018894553632,139.1011481317056,133.1868530427264,134.4926065039296,200294400,0.0
TQQQ.US,3 倍做多纳指 ETF - ProShares,1325134800000,2011-12-29,2011-12-29 00:00:00,134.8766516395776,137.4497540484192,133.7245162326336,137.104113426336,135436800,0.0
TQQQ.US,3 倍做多纳指 ETF - ProShares,1325221200000,2011-12-30,2011-12-30 00:00:00,136.2976186414752,138.1026307790208,135.9135735058272,135.9903825329568,115622400,0.0
TQQQ.US,3 倍做多纳指 ETF - ProShares,1325566800000,2012-01-03,2012-01-03 00:00:00,143.6712852459168,145.8987470326752,142.7879814339264,143.7480942730464,202732800,0.0
TQQQ.US,3 倍做多纳指 ETF - ProShares,1325653200000,2012-01-04,2012-01-04 00:00:00,143.05681302888,146.16757862762879,141.2133963777696,145.4378928698976,119692800,0.0
TQQQ.US,3 倍做多纳指 ETF - ProShares,1325739600000,2012-01-05,2012-01-05 00:00:00,144.7082071121664,149.5087713077664,143.0184085153152,149.0479171449888,138796800,0.0
TQQQ.US,3 倍做多纳指 ETF - ProShares,1325826000000,2012-01-06,2012-01-06 00:00:00,149.4319622806368,151.6594240673952,147.5885456295264,150.5840976875808,207494400,0.0
TQQQ.US,3 倍做多纳指 ETF - ProShares,1326085200000,2012-01-09,2012-01-09 00:00:00,151.8130421216544,152.0434692030432,147.8189727109152,149.31674873994243,153945600,0.0
TQQQ.US,3 倍做多纳指 ETF - ProShares,1326171600000,2012-01-10,2012-01-10 00:00:00,154.1557174491072,155.346257369616,151.35218795887678,152.38910982512638,157305600,0.0
TQQQ.US,3 倍做多纳指 ETF - ProShares,1326258000000,2012-01-11,2012-01-11 00:00:00,152.38910982512638,154.4245490440608,150.73771574184,153.42603169137598,137241600,0.0
TQQQ.US,3 倍做多纳指 ETF - ProShares,1326344400000,2012-01-12,2012-01-12 00:00:00,154.6549761254496,155.8071115323936,151.16016539105283,155.2694483424864,154329600,0.0
TQQQ.US,3 倍做多纳指 ETF - ProShares,1326430800000,2012-01-13,2012-01-13 00:00:00,152.849963987904,153.6948632863296,149.585580334896,153.46443620494082,155155200,0.0
TQQQ.US,3 倍做多纳指 ETF - ProShares,1326776400000,2012-01-17,2012-01-17 00:00:00,157.7657417241984,159.68596740243842,156.03753861378243,157.61212366993922,129024000,0.0
TQQQ.US,3 倍做多纳指 ETF - ProShares,1326862800000,2012-01-18,2012-01-18 00:00:00,158.7258545633184,164.02567743526083,157.84255075132802,163.8720593810016,213830400,0.0
TQQQ.US,3 倍做多纳指 ETF - ProShares,1326949200000,2012-01-19,2012-01-19 00:00:00,166.1763301948896,167.9429378188704,165.4466444371584,167.13644303400963,226790400,0.0
TQQQ.US,3 倍做多纳指 ETF - ProShares,1327035600000,2012-01-20,2012-01-20 00:00:00,164.9089812472512,166.5219708169728,164.6017451387328,166.40675727627843,80179200,0.0
TQQQ.US,3 倍做多纳指 ETF - ProShares,1327294800000,2012-01-23,2012-01-23 00:00:00,166.3683527627136,169.97837703780482,163.603227786048,166.3683527627136,137664000,0.0
TQQQ.US,3 倍做多纳指 ETF - ProShares,1327381200000,2012-01-24,2012-01-24 00:00:00,164.2561045166496,166.86761143905602,163.3728007046592,165.4466444371584,95596800,0.0
TQQQ.US,3 倍做多纳指 ETF - ProShares,1327467600000,2012-01-25,2012-01-25 00:00:00,170.6696582819712,173.012333609424,166.86761143905602,171.7833891753504,202521600,0.0
TQQQ.US,3 倍做多纳指 ETF - ProShares,1327554000000,2012-01-26,2012-01-26 00:00:00,173.972446448544,174.93255928766402,167.5588926832224,169.97837703780482,187084800,0.0
TQQQ.US,3 倍做多纳指 ETF - ProShares,1327640400000,2012-01-27,2012-01-27 00:00:00,168.97985968512,172.3978613923872,168.71102809016642,171.6297711210912,168844800,0.0
TQQQ.US,3 倍做多纳指 ETF - ProShares,1327899600000,2012-01-30,2012-01-30 00:00:00,167.25165657470401,172.628288473776,165.2930263828992,171.9370072296096,168672000,0.0
TQQQ.US,3 倍做多纳指 ETF - ProShares,1327986000000,2012-01-31,2012-01-31 00:00:00,174.39489609775683,175.3934134504416,169.3255003072032,172.51307493308158,198201600,0.0
TQQQ.US,3 倍做多纳指 ETF - ProShares,1328072400000,2012-02-01,2012-02-01 00:00:00,175.4702224775712,178.6962016170144,173.8188283942848,176.7759759387744,175737600,0.0
TQQQ.US,3 倍做多纳指 ETF - ProShares,1328158800000,2012-02-02,2012-02-02 00:00:00,178.5041790491904,180.1939776460416,176.3919308031264,178.58098807632,145190400,0.0
TQQQ.US,3 倍做多纳指 ETF - ProShares,1328245200000,2012-02-03,2012-02-03 00:00:00,183.5351703261792,186.33869981640962,182.57505748705918,185.68582308580798,155040000,0.0
TQQQ.US,3 倍做多纳指 ETF - ProShares,1328504400000,2012-02-06,2012-02-06 00:00:00,183.573574839744,185.5322050315488,182.3062258921056,185.49380051798403,130828800,0.0
TQQQ.US,3 倍做多纳指 ETF - ProShares,1328590800000,2012-02-07,2012-02-07 00:00:00,185.0329463552064,187.56764425048323,182.4982484599296,186.3002953028448,130176000,0.0
TQQQ.US,3 倍做多纳指 ETF - ProShares,1328677200000,2012-02-08,2012-02-08 00:00:00,186.5691268977984,189.4110609015936,184.5720921924288,189.4110609015936,154886400,0.0
TQQQ.US,3 倍做多纳指 ETF - ProShares,1328763600000,2012-02-09,2012-02-09 00:00:00,191.44650012052801,194.2116250971936,188.2589254946496,193.5971528801568,152544000,0.0
TQQQ.US,3 倍做多纳指 ETF - ProShares,1328850000000,2012-02-10,2012-02-10 00:00:00,189.4878699287232,191.06245498488,187.4908352233536,189.44946541515841,194803200,0.0
TQQQ.US,3 倍做多纳指 ETF - ProShares,1329109200000,2012-02-13,2012-02-13 00:00:00,193.71236642085123,195.4405695312672,191.254477552704,194.5572657192768,159206400,0.0
TQQQ.US,3 倍做多纳指 ETF - ProShares,1329195600000,2012-02-14,2012-02-14 00:00:00,193.48193933946243,196.247064316128,191.4849046340928,196.247064316128,173875200,0.0
TQQQ.US,3 倍做多纳指 ETF - ProShares,1329282000000,2012-02-15,2012-02-15 00:00:00,199.0889983199232,202.2765729458016,191.254477552704,191.8689497697408,383865600,0.0
TQQQ.US,3 倍做多纳指 ETF - ProShares,1329368400000,2012-02-16,2012-02-16 00:00:00,192.44501747321283,200.7019878896448,190.870432417056,199.895493104784,252268800,0.0
TQQQ.US,3 倍做多纳指 ETF - ProShares,1329454800000,2012-02-17,2012-02-17 00:00:00,200.087515672608,200.5483698353856,195.6325920990912,198.2056945079328,161932800,0.0
TQQQ.US,3 倍做多纳指 ETF - ProShares,1329800400000,2012-02-21,2012-02-21 00:00:00,198.97378477922882,202.4301910000608,196.09344626186882,199.895493104784,164371200,0.0
TQQQ.US,3 倍做多纳指 ETF - ProShares,1329886800000,2012-02-22,2012-02-22 00:00:00,198.66654867071043,200.3947517811264,196.28546882969283,197.2455816688128,125376000,0.0
TQQQ.US,3 倍做多纳指 ETF - ProShares,1329973200000,2012-02-23,2012-02-23 00:00:00,197.93686291297922,201.5852917016352,195.0181198820544,200.97081948459842,210144000,0.0
TQQQ.US,3 倍做多纳指 ETF - ProShares,1330059600000,2012-02-24,2012-02-24 00:00:00,202.6606180814496,204.119989596912,201.5852917016352,202.9294496764032,134572800,0.0
TQQQ.US,3 倍做多纳指 ETF - ProShares,1330318800000,2012-02-27,2012-02-27 00:00:00,199.4730434555712,205.84819270732802,197.13036812811842,203.927967029088,184819200,0.0
TQQQ.US,3 倍做多纳指 ETF - ProShares,1330405200000,2012-02-28,2012-02-28 00:00:00,204.3504166783008,210.0342846858912,203.73594446126398,210.0342846858912,191980800,0.0
TQQQ.US,3 倍做多纳指 ETF - ProShares,1330491600000,2012-02-29,2012-02-29 00:00:00,210.648756902928,212.60738709473281,205.34893403098562,207.26915970922562,266092800,0.0
TQQQ.US,3 倍做多纳指 ETF - ProShares,1330578000000,2012-03-01,2012-03-01 00:00:00,209.688644063808,212.79940966255683,207.8452274126976,212.30015098621442,234643200,0.0
TQQQ.US,3 倍做多纳指 ETF - ProShares,1330664400000,2012-03-02,2012-03-02 00:00:00,211.57046522848322,213.79792701524158,209.7270485773728,211.6472742556128,166252800,0.0
TQQQ.US,3 倍做多纳指 ETF - ProShares,1330923600000,2012-03-05,2012-03-05 00:00:00,211.4552516877888,212.1081284183904,203.12147224422722,205.080102436032,244454400,0.0
TQQQ.US,3 倍做多纳指 ETF - ProShares,1331010000000,2012-03-06,2012-03-06 00:00:00,199.319425401312,200.43315629469123,195.9014236940448,199.1658073470528,215558400,0.0
TQQQ.US,3 倍做多纳指 ETF - ProShares,1331096400000,2012-03-07,2012-03-07 00:00:00,201.9309323237184,205.0416979224672,201.04762851172802,203.6975399476992,187238400,0.0
TQQQ.US,3 倍做多纳指 ETF - ProShares,1331182800000,2012-03-08,2012-03-08 00:00:00,207.1539461685312,212.0313193912608,206.040215275152,210.1494982265856,124761600,0.0
TQQQ.US,3 倍做多纳指 ETF - ProShares,1331269200000,2012-03-09,2012-03-09 00:00:00,211.41684717422402,213.9899495830656,210.9175884978816,212.7226006354272,154944000,0.0
TQQQ.US,3 倍做多纳指 ETF - ProShares,1331524800000,2012-03-12,2012-03-12 00:00:00,212.4537690404736,213.79792701524158,209.95747565876158,213.0298367439456,151507200,0.0
TQQQ.US,3 倍做多纳指 ETF - ProShares,1331611200000,2012-03-13,2012-03-13 00:00:00,216.793479073296,225.0888540032928,215.3725120713984,225.050449489728,191462400,0.0
TQQQ.US,3 倍做多纳指 ETF - ProShares,1331697600000,2012-03-14,2012-03-14 00:00:00,225.7033262203296,229.9278227124576,223.322246379312,227.5851473850048,243052800,0.0
TQQQ.US,3 倍做多纳指 ETF - ProShares,1331784000000,2012-03-15,2012-03-15 00:00:00,229.4285640361152,230.73431749731841,226.0873713559776,229.3133504954208,196819200,0.0
TQQQ.US,3 倍做多纳指 ETF - ProShares,1331870400000,2012-03-16,2012-03-16 00:00:00,230.42708138880002,230.4654859023648,227.2779112764864,228.8140918190784,138297600,0.0
TQQQ.US,3 倍做多纳指 ETF - ProShares,1332129600000,2012-03-19,2012-03-19 00:00:00,229.9278227124576,235.3428591250944,228.314833142736,233.76827406893761,191961600,0.0
TQQQ.US,3 倍做多纳指 ETF - ProShares,1332216000000,2012-03-20,2012-03-20 00:00:00,230.19665430741122,235.80371328787203,228.314833142736,235.07402753014082,184396800,0.0
TQQQ.US,3 倍做多纳指 ETF - ProShares,1332302400000,2012-03-21,2012-03-21 00:00:00,235.30445461152962,238.9528834001856,234.1139146910208,234.99721850301123,156576000,0.0
TQQQ.US,3 倍做多纳指 ETF - ProShares,1332388800000,2012-03-22,2012-03-22 00:00:00,230.811126524448,235.1892410708352,230.65750847018882,233.5762515011136,213216000,0.0
TQQQ.US,3 倍做多纳指 ETF - ProShares,1332475200000,2012-03-23,2012-03-23 00:00:00,234.49795982666882,234.65157788092802,229.2365414682912,233.23061087903042,157497600,0.0
TQQQ.US,3 倍做多纳指 ETF - ProShares,1332734400000,2012-03-26,2012-03-26 00:00:00,237.5703209118528,245.44324619263682,237.339893830464,245.44324619263682,158553600,0.0
TQQQ.US,3 倍做多纳指 ETF - ProShares,1332820800000,2012-03-27,2012-03-27 00:00:00,245.67367327402562,249.4757201169408,245.59686424689602,246.364954518192,179251200,0.0
TQQQ.US,3 倍做多纳指 ETF - ProShares,1332907200000,2012-03-28,2012-03-28 00:00:00,246.8258086809696,249.6677426847648,239.14490596800962,243.484616000832,190368000,0.0
TQQQ.US,3 倍做多纳指 ETF - ProShares,1332993600000,2012-03-29,2012-03-29 00:00:00,240.0666142935648,243.4078069737024,235.5732862064832,240.98832261912003,172300800,0.0
TQQQ.US,3 倍做多纳指 ETF - ProShares,1333080000000,2012-03-30,2012-03-30 00:00:00,244.0222791907392,244.2911107856928,236.4565900184736,239.2985240222688,126451200,0.0
TQQQ.US,3 倍做多纳指 ETF - ProShares,1333339200000,2012-04-02,2012-04-02 00:00:00,238.64564729166722,247.70911249296,237.4167028575936,246.5953815995808,125452800,0.0
TQQQ.US,3 倍做多纳指 ETF - ProShares,1333425600000,2012-04-03,2012-04-03 00:00:00,247.67070797939522,249.9749787932832,242.4092896210176,246.63378611314562,167500800,0.0
TQQQ.US,3 倍做多纳指 ETF - ProShares,1333512000000,2012-04-04,2012-04-04 00:00:00,240.8347045648608,241.372367754768,232.3089025534752,236.57180355916802,205152000,0.0
TQQQ.US,3 倍做多纳指 ETF - ProShares,1333598400000,2012-04-05,2012-04-05 00:00:00,235.2660500979648,241.4875812954624,234.65157788092802,240.8731090784256,154656000,0.0
TQQQ.US,3 倍做多纳指 ETF - ProShares,1333944000000,2012-04-09,2012-04-09 00:00:00,231.7328348500032,238.3384111831488,230.65750847018882,235.3428591250944,143904000,0.0
TQQQ.US,3 倍做多纳指 ETF - ProShares,1334030400000,2012-04-10,2012-04-10 00:00:00,234.9204094758816,237.8007479932416,221.8244703502848,223.97512310991362,293433600,0.0
TQQQ.US,3 倍做多纳指 ETF - ProShares,1334116800000,2012-04-11,2012-04-11 00:00:00,230.19665430741122,231.7328348500032,225.54970816607042,227.2395067629216,168806400,0.0
TQQQ.US,3 倍做多纳指 ETF - ProShares,1334203200000,2012-04-12,2012-04-12 00:00:00,228.58366473768962,235.80371328787203,227.738765439264,234.843600448752,178291200,0.0
TQQQ.US,3 倍做多纳指 ETF - ProShares,1334289600000,2012-04-13,2012-04-13 00:00:00,232.50092512129922,232.69294768912323,224.0519321370432,224.2439547048672,183321600,0.0
TQQQ.US,3 倍做多纳指 ETF - ProShares,1334548800000,2012-04-16,2012-04-16 00:00:00,227.9691925206528,228.0844060613472,214.83484888149118,217.177524208944,200486400,0.0
TQQQ.US,3 倍做多纳指 ETF - ProShares,1334635200000,2012-04-17,2012-04-17 00:00:00,219.86584015848,232.0400709585216,218.6753002379712,229.9662272260224,189254400,0.0
TQQQ.US,3 倍做多纳指 ETF - ProShares,1334721600000,2012-04-18,2012-04-18 00:00:00,227.8923834935232,232.2320935263456,226.202584896672,228.2764286291712,128294400,0.0
TQQQ.US,3 倍做多纳指 ETF - ProShares,1334808000000,2012-04-19,2012-04-19 00:00:00,225.8953487881536,234.03710566389123,218.137637048064,220.9027620247296,199200000,0.0
TQQQ.US,3 倍做多纳指 ETF - ProShares,1334894400000,2012-04-20,2012-04-20 00:00:00,224.090336650608,227.1242932222272,217.75359191241603,218.52168218371202,171033600,0.0
TQQQ.US,3 倍做多纳指 ETF - ProShares,1335153600000,2012-04-23,2012-04-23 00:00:00,212.9146232032512,213.721117988112,206.9235190871424,213.0298367439456,140140800,0.0
TQQQ.US,3 倍做多纳指 ETF - ProShares,1335240000000,2012-04-24,2012-04-24 00:00:00,211.6856787691776,214.1819721508896,206.65468749218883,209.26619441459522,129696000,0.0
TQQQ.US,3 倍做多纳指 ETF - ProShares,1335326400000,2012-04-25,2012-04-25 00:00:00,222.2853245130624,226.3177984373664,221.2484026468128,225.8953487881536,152409600,0.0
TQQQ.US,3 倍做多纳指 ETF - ProShares,1335412800000,2012-04-26,2012-04-26 00:00:00,225.54970816607042,231.5024077686144,225.01204497616322,229.9278227124576,142483200,0.0
TQQQ.US,3 倍做多纳指 ETF - ProShares,1335499200000,2012-04-27,2012-04-27 00:00:00,232.73135220268802,236.3029719642144,229.15973244116162,233.883487609632,104928000,0.0
TQQQ.US,3 倍做多纳指 ETF - ProShares,1335758400000,2012-04-30,2012-04-30 00:00:00,231.77123936356801,233.2690153925952,228.50685571056,229.0061143869024,96172800,0.0
TQQQ.US,3 倍做多纳指 ETF - ProShares,1335844800000,2012-05-01,2012-05-01 00:00:00,227.738765439264,237.8007479932416,227.4315293307456,230.3118678481056,104678400,0.0
TQQQ.US,3 倍做多纳指 ETF - ProShares,1335931200000,2012-05-02,2012-05-02 00:00:00,226.58663003232002,232.6545431755584,225.2808765711168,231.8096438771328,77184000,0.0
TQQQ.US,3 倍做多纳指 ETF - ProShares,1336017600000,2012-05-03,2012-05-03 00:00:00,232.6161386619936,233.0769928247712,223.0150102707936,224.6279998405152,100550400,0.0
TQQQ.US,3 倍做多纳指 ETF - ProShares,1336104000000,2012-05-04,2012-05-04 00:00:00,218.48327767014723,219.52019953639683,208.0372499805216,208.152463521216,182169600,0.0
TQQQ.US,3 倍做多纳指 ETF - ProShares,1336363200000,2012-05-07,2012-05-07 00:00:00,204.1967986240416,211.4936562013536,203.9663715426528,208.45969962973442,211046400,0.0
TQQQ.US,3 倍做多纳指 ETF - ProShares,1336449600000,2012-05-08,2012-05-08 00:00:00,204.4272257054304,208.2676770619104,196.1318507754336,206.15542881584642,276480000,0.0
TQQQ.US,3 倍做多纳指 ETF - ProShares,1336536000000,2012-05-09,2012-05-09 00:00:00,199.12740283348802,207.6148003313088,196.439086883952,205.0032934089024,269529600,0.0
TQQQ.US,3 倍做多纳指 ETF - ProShares,1336622400000,2012-05-10,2012-05-10 00:00:00,207.0387326278368,207.2307551956608,200.66358337608,202.8910451628384,406137600,0.0
TQQQ.US,3 倍做多纳指 ETF - ProShares,1336708800000,2012-05-11,2012-05-11 00:00:00,200.4612922038504,209.33228042206676,200.38448711105198,202.6886398950043,96172800,0.0
TQQQ.US,3 倍做多纳指 ETF - ProShares,1336968000000,2012-05-14,2012-05-14 00:00:00,197.81151650230524,201.88218642062097,196.27541464633705,197.08186812072034,164400000,0.0
TQQQ.US,3 倍做多纳指 ETF - ProShares,1337054400000,2012-05-15,2012-05-15 00:00:00,199.34761835827342,203.6103010085852,194.2400796871792,195.3921560791553,151276800,0.0
TQQQ.US,3 倍做多纳指 ETF - ProShares,1337140800000,2012-05-16,2012-05-16 00:00:00,197.4658935847124,199.04039798707979,190.13100722246423,191.12947342884357,148598400,0.0
TQQQ.US,3 倍做多纳指 ETF - ProShares,1337227200000,2012-05-17,2012-05-17 00:00:00,191.4366938000372,192.28154982081972,179.3014891378884,179.3782942306868,260640000,0.0
TQQQ.US,3 倍做多纳指 ETF - ProShares,1337313600000,2012-05-18,2012-05-18 00:00:00,181.06800627225186,182.25848521062719,171.736187497245,172.15861550763626,281923200,0.0
TQQQ.US,3 倍做多纳指 ETF - ProShares,1337572800000,2012-05-21,2012-05-21 00:00:00,173.1570817140156,187.09720605692704,172.61944606442674,186.63637550013658,206409600,0.0
TQQQ.US,3 倍做多纳指 ETF - ProShares,1337659200000,2012-05-22,2012-05-22 00:00:00,188.05726971690717,190.51503268645627,181.83605720023596,185.9835322113501,193238400,0.0
TQQQ.US,3 倍做多纳指 ETF - ProShares,1337745600000,2012-05-23,2012-05-23 00:00:00,181.37522664344547,188.4412951808992,176.53650579714565,187.02040096412864,161952000,0.0
TQQQ.US,3 倍做多纳指 ETF - ProShares,1337832000000,2012-05-24,2012-05-24 00:00:00,188.01886717050797,188.4412951808992,179.22468404509,183.64097688099858,154800000,0.0
TQQQ.US,3 倍做多纳指 ETF - ProShares,1337918400000,2012-05-25,2012-05-25 00:00:00,183.9865997985914,184.86985836577313,181.0296037258526,182.60410812822005,62496000,0.0
TQQQ.US,3 倍做多纳指 ETF - ProShares,1338264000000,2012-05-29,2012-05-29 00:00:00,187.82685443851193,192.1663421816221,184.6010405409787,189.40135884087934,141360000,0.0
TQQQ.US,3 倍做多纳指 ETF - ProShares,1338350400000,2012-05-30,2012-05-30 00:00:00,184.4090278089827,186.8283882321326,181.33682409704628,184.79305327297473,124617600,0.0
TQQQ.US,3 倍做多纳指 ETF - ProShares,1338436800000,2012-05-31,2012-05-31 00:00:00,184.17861253058746,185.52270165455963,178.22621783871068,182.1816801178288,166080000,0.0
TQQQ.US,3 倍做多纳指 ETF - ProShares,1338523200000,2012-06-01,2012-06-01 00:00:00,172.73465370362433,175.84525996195995,167.7039201253285,167.85753031092528,224342400,0.0
TQQQ.US,3 倍做多纳指 ETF - ProShares,1338782400000,2012-06-04,2012-06-04 00:00:00,169.3168270740951,172.4274333324307,164.78532659898892,171.46736967245056,228345600,0.0
TQQQ.US,3 倍做多纳指 ETF - ProShares,1338868800000,2012-06-05,2012-06-05 00:00:00,169.89286527008315,174.731586116383,169.66244999168794,173.80992500280206,196483200,0.0
TQQQ.US,3 倍做多纳指 ETF - ProShares,1338955200000,2012-06-06,2012-06-06 00:00:00,177.84219237471862,186.0987398505477,177.22775163233135,185.67631184015644,171724800,0.0
TQQQ.US,3 倍做多纳指 ETF - ProShares,1339041600000,2012-06-07,2012-06-07 00:00:00,191.2446810680412,191.4366938000372,182.98813359221208,183.60257433459935,171408000,0.0
TQQQ.US,3 倍做多纳指 ETF - ProShares,1339128000000,2012-06-08,2012-06-08 00:00:00,182.45049794262323,189.51656648007693,180.72238335465897,189.01733337688728,126384000,0.0
TQQQ.US,3 倍做多纳指 ETF - ProShares,1339387200000,2012-06-11,2012-06-11 00:00:00,192.93439310960622,193.47202875919507,178.91746367389635,179.95433242667488,181795200,0.0
TQQQ.US,3 倍做多纳指 ETF - ProShares,1339473600000,2012-06-12,2012-06-12 00:00:00,181.4520317362439,185.9835322113501,178.22621783871068,185.63790929375725,134995200,0.0
TQQQ.US,3 倍做多纳指 ETF - ProShares,1339560000000,2012-06-13,2012-06-13 00:00:00,184.21701507698666,188.3644900881008,179.95433242667488,182.02806993223194,96998400,0.0
TQQQ.US,3 倍做多纳指 ETF - ProShares,1339646400000,2012-06-14,2012-06-14 00:00:00,181.79765465383673,186.0219347577493,178.91746367389635,184.06340489138984,131414400,0.0
TQQQ.US,3 倍做多纳指 ETF - ProShares,1339732800000,2012-06-15,2012-06-15 00:00:00,185.3306889225636,191.4750963464364,185.215481283366,190.86065560404913,168758400,0.0
TQQQ.US,3 倍做多纳指 ETF - ProShares,1339992000000,2012-06-18,2012-06-18 00:00:00,188.74851555209284,197.5042961311116,187.5580366137175,195.7761815431474,176668800,0.0
TQQQ.US,3 倍做多纳指 ETF - ProShares,1340078400000,2012-06-19,2012-06-19 00:00:00,199.04039798707979,204.64716976136376,198.77158016228537,202.22780933821383,162518400,0.0
TQQQ.US,3 倍做多纳指 ETF - ProShares,1340164800000,2012-06-20,2012-06-20 00:00:00,203.34148318379079,205.26161050375103,198.04193178070045,202.9190551733995,194428800,0.0
TQQQ.US,3 倍做多纳指 ETF - ProShares,1340251200000,2012-06-21,2012-06-21 00:00:00,202.1510042454154,202.9190551733995,186.94359587133022,187.7500493457135,155788800,0.0
TQQQ.US,3 倍做多纳指 ETF - ProShares,1340337600000,2012-06-22,2012-06-22 00:00:00,189.24774865528252,194.20167714077996,187.98046462410875,193.5872363983927,140044800,0.0
TQQQ.US,3 倍做多纳指 ETF - ProShares,1340596800000,2012-06-25,2012-06-25 00:00:00,188.59490536649605,188.82532064489126,180.60717571546138,182.1048750250304,134160000,0.0
TQQQ.US,3 倍做多纳指 ETF - ProShares,1340683200000,2012-06-26,2012-06-26 00:00:00,183.94819725219222,187.17401114972543,181.5288368290423,185.59950674735802,136684800,0.0
TQQQ.US,3 倍做多纳指 ETF - ProShares,1340769600000,2012-06-27,2012-06-27 00:00:00,187.7500493457135,191.4366938000372,187.17401114972543,189.01733337688728,116985600,0.0
TQQQ.US,3 倍做多纳指 ETF - ProShares,1340856000000,2012-06-28,2012-06-28 00:00:00,184.63944308737788,185.13867619056757,176.8053236219401,182.220082664228,209184000,0.0
TQQQ.US,3 倍做多纳指 ETF - ProShares,1340942400000,2012-06-29,2012-06-29 00:00:00,193.20321093440066,200.00046164705992,191.398291253638,200.00046164705992,246595200,0.0
TQQQ.US,3 倍做多纳指 ETF - ProShares,1341201600000,2012-07-02,2012-07-02 00:00:00,200.6149023894472,201.99739405981862,197.19707575991796,201.61336859582653,125107200,0.0
TQQQ.US,3 倍做多纳指 ETF - ProShares,1341288000000,2012-07-03,2012-07-03 00:00:00,201.9589915134194,206.72090726692082,201.03733039983848,206.41368689572718,92947200,0.0
TQQQ.US,3 倍做多纳指 ETF - ProShares,1341460800000,2012-07-05,2012-07-05 00:00:00,206.26007671013036,210.17713644284927,202.8806526270003,207.14333527731208,118560000,0.0
TQQQ.US,3 倍做多纳指 ETF - ProShares,1341547200000,2012-07-06,2012-07-06 00:00:00,204.37835193656932,204.72397485416215,195.08493570796168,198.9635928942814,145248000,0.0
TQQQ.US,3 倍做多纳指 ETF - ProShares,1341806400000,2012-07-09,2012-07-09 00:00:00,198.73317761588618,200.76851257504404,195.4305586255545,198.3107496054949,96124800,0.0
TQQQ.US,3 倍做多纳指 ETF - ProShares,1341892800000,2012-07-10,2012-07-10 00:00:00,201.57496604942733,202.99586026619795,190.20781231526263,192.20474472802132,172665600,0.0
TQQQ.US,3 倍做多纳指 ETF - ProShares,1341979200000,2012-07-11,2012-07-11 00:00:00,191.85912181042846,193.28001602719905,184.5626379945795,189.55496902647613,221088000,0.0
TQQQ.US,3 倍做多纳指 ETF - ProShares,1342065600000,2012-07-12,2012-07-12 00:00:00,184.94666345857155,186.21394748974532,178.84065858109795,184.10180743778903,215356800,0.0
TQQQ.US,3 倍做多纳指 ETF - ProShares,1342152000000,2012-07-13,2012-07-13 00:00:00,185.48429910816043,193.5488338519935,185.13867619056757,192.08953708882368,141120000,0.0
TQQQ.US,3 倍做多纳指 ETF - ProShares,1342411200000,2012-07-16,2012-07-16 00:00:00,191.05266833604514,193.5104313055943,188.4028926345,190.6686428720531,108739200,0.0
TQQQ.US,3 倍做多纳指 ETF - ProShares,1342497600000,2012-07-17,2012-07-17 00:00:00,194.12487204798154,195.54576626475216,185.44589656176123,193.5872363983927,173606400,0.0
TQQQ.US,3 倍做多纳指 ETF - ProShares,1342584000000,2012-07-18,2012-07-18 00:00:00,192.35835491361811,203.22627554459314,192.31995236721892,201.45975841022974,187440000,0.0
TQQQ.US,3 倍做多纳指 ETF - ProShares,1342670400000,2012-07-19,2012-07-19 00:00:00,205.76084360694068,210.02352625725246,204.60876721496456,208.0265938444938,216249600,0.0
TQQQ.US,3 倍做多纳指 ETF - ProShares,1342756800000,2012-07-20,2012-07-20 00:00:00,208.1802040300906,208.1802040300906,199.61643618306786,200.00046164705992,164726400,0.0
TQQQ.US,3 倍做多纳指 ETF - ProShares,1343016000000,2012-07-23,2012-07-23 00:00:00,188.24928244890316,194.73931279036884,183.8329896129946,192.62717273841255,221788800,0.0
TQQQ.US,3 倍做多纳指 ETF - ProShares,1343102400000,2012-07-24,2012-07-24 00:00:00,193.7024440375903,194.47049496557443,184.4474303553819,188.21087990250396,252192000,0.0
TQQQ.US,3 倍做多纳指 ETF - ProShares,1343188800000,2012-07-25,2012-07-25 00:00:00,183.90979470579302,187.94206207770955,180.87599354025582,184.02500234499064,196675200,0.0
TQQQ.US,3 倍做多纳指 ETF - ProShares,1343275200000,2012-07-26,2012-07-26 00:00:00,192.28154982081972,194.81611788316727,188.13407480970557,191.206278521642,231024000,0.0
TQQQ.US,3 倍做多纳指 ETF - ProShares,1343361600000,2012-07-27,2012-07-27 00:00:00,195.69937645034895,206.14486907093274,194.00966440878395,205.6840385141423,271305600,0.0
TQQQ.US,3 倍做多纳指 ETF - ProShares,1343620800000,2012-07-30,2012-07-30 00:00:00,206.75930981332002,209.37068296846596,202.61183480220586,204.4551570293677,183235200,0.0
TQQQ.US,3 倍做多纳指 ETF - ProShares,1343707200000,2012-07-31,2012-07-31 00:00:00,205.6840385141423,208.0265938444938,203.91752137977883,204.57036466856533,132748800,0.0
TQQQ.US,3 倍做多纳指 ETF - ProShares,1343793600000,2012-08-01,2012-08-01 00:00:00,208.79464477247788,208.94825495807473,200.4228896574512,202.57343225580667,150921600,0.0
TQQQ.US,3 倍做多纳指 ETF - ProShares,1343880000000,2012-08-02,2012-08-02 00:00:00,197.81151650230524,206.52889453492477,196.0449993679418,200.4612922038504,165830400,0.0
TQQQ.US,3 倍做多纳指 ETF - ProShares,1343966400000,2012-08-03,2012-08-03 00:00:00,210.2539415356477,216.16793368112528,208.064996390893,211.8668484844143,195081600,0.0
TQQQ.US,3 倍做多纳指 ETF - ProShares,1344225600000,2012-08-06,2012-08-06 00:00:00,215.32307766034273,219.5089552178561,213.94058598997137,216.6287642379157,127612800,0.0
TQQQ.US,3 倍做多纳指 ETF - ProShares,1344312000000,2012-08-07,2012-08-07 00:00:00,219.85457813544895,224.731701528148,218.58729410427517,221.96671818740523,140601600,0.0
TQQQ.US,3 倍做多纳指 ETF - ProShares,1344398400000,2012-08-08,2012-08-08 00:00:00,220.35381123863863,223.2724047649782,219.31694248586007,221.6210952698124,85929600,0.0
TQQQ.US,3 倍做多纳指 ETF - ProShares,1344484800000,2012-08-09,2012-08-09 00:00:00,221.6979003626108,224.61649388895037,220.54582397063464,223.50282004337342,77500800,0.0
TQQQ.US,3 倍做多纳指 ETF - ProShares,1344571200000,2012-08-10,2012-08-10 00:00:00,221.6594978162116,224.42448115695436,219.73937049625133,224.42448115695436,93350400,0.0
TQQQ.US,3 倍做多纳指 ETF - ProShares,1344830400000,2012-08-13,2012-08-13 00:00:00,224.27087097135754,225.76857028092653,220.62262906343304,225.76857028092653,71904000,0.0
TQQQ.US,3 倍做多纳指 ETF - ProShares,1344916800000,2012-08-14,2012-08-14 00:00:00,228.34154088967327,229.68563001364544,224.2324684249583,226.11419319851936,110160000,0.0
TQQQ.US,3 倍做多纳指 ETF - ProShares,1345003200000,2012-08-15,2012-08-15 00:00:00,225.53815500253128,228.7255663536653,225.38454481693446,227.68869760088677,71654400,0.0
TQQQ.US,3 倍做多纳指 ETF - ProShares,1345089600000,2012-08-16,2012-08-16 00:00:00,230.45368094162956,237.51974947908326,229.49361728164942,235.86843998391745,139017600,0.0
TQQQ.US,3 倍做多纳指 ETF - ProShares,1345176000000,2012-08-17,2012-08-17 00:00:00,237.40454183988567,239.09425388145067,235.90684253031665,239.09425388145067,113606400,0.0
TQQQ.US,3 倍做多纳指 ETF - ProShares,1345435200000,2012-08-20,2012-08-20 00:00:00,238.67182587105944,240.16952518062843,235.79163489111906,240.0159149950316,91910400,0.0
TQQQ.US,3 倍做多纳指 ETF - ProShares,1345521600000,2012-08-21,2012-08-21 00:00:00,242.3200677789839,244.93144093412985,234.40914322074767,237.25093165428882,218227200,0.0
TQQQ.US,3 倍做多纳指 ETF - ProShares,1345608000000,2012-08-22,2012-08-22 00:00:00,235.4460119735262,241.59041939739902,233.67949483916274,239.82390226303556,113750400,0.0
TQQQ.US,3 倍做多纳指 ETF - ProShares,1345694400000,2012-08-23,2012-08-23 00:00:00,237.13572401509123,239.1326564278499,232.41221080798903,234.4859483135461,109641600,0.0
TQQQ.US,3 倍做多纳指 ETF - ProShares,1345780800000,2012-08-24,2012-08-24 00:00:00,232.48901590078742,240.32313536622524,231.4905496944081,238.67182587105944,104236800,0.0
TQQQ.US,3 倍做多纳指 ETF - ProShares,1346040000000,2012-08-27,2012-08-27 00:00:00,241.78243212939503,242.62728815017755,238.17259276786976,239.82390226303556,75379200,0.0
TQQQ.US,3 倍做多纳指 ETF - ProShares,1346126400000,2012-08-28,2012-08-28 00:00:00,239.05585133505147,241.70562703659664,236.75169855109917,239.78549971663637,87657600,0.0
TQQQ.US,3 倍做多纳指 ETF - ProShares,1346212800000,2012-08-29,2012-08-29 00:00:00,240.0543175414308,241.62882194379821,236.7901010974984,239.86230480943476,73737600,0.0
TQQQ.US,3 倍做多纳指 ETF - ProShares,1346299200000,2012-08-30,2012-08-30 00:00:00,236.63649091190155,236.90530873669599,231.37534205521047,232.52741844718662,124272000,0.0
TQQQ.US,3 倍做多纳指 ETF - ProShares,1346385600000,2012-08-31,2012-08-31 00:00:00,237.59655457188168,240.09272008783,230.14646057043592,237.48134693268406,168816000,0.0
TQQQ.US,3 倍做多纳指 ETF - ProShares,1346731200000,2012-09-04,2012-09-04 00:00:00,236.0604527159135,239.01744878865227,229.416812188851,236.48288072630473,149625600,0.0
TQQQ.US,3 倍做多纳指 ETF - ProShares,1346817600000,2012-09-05,2012-09-05 00:00:00,235.98364762311505,239.05585133505147,233.71789738556197,235.407609427127,100828800,0.0
TQQQ.US,3 倍做多纳指 ETF - ProShares,1346904000000,2012-09-06,2012-09-06 00:00:00,239.9775124486324,251.4598738219947,239.86230480943476,250.96064071880502,154656000,0.0
TQQQ.US,3 倍做多纳指 ETF - ProShares,1346990400000,2012-09-07,2012-09-07 00:00:00,249.69335668763125,251.4982763683939,248.11885228526387,249.8853694196273,109670400,0.0
TQQQ.US,3 倍做多纳指 ETF - ProShares,1347249600000,2012-09-10,2012-09-10 00:00:00,248.38767011005828,249.8085643268289,240.1311226342292,240.7071608302173,150604800,0.0
TQQQ.US,3 倍做多纳指 ETF - ProShares,1347336000000,2012-09-11,2012-09-11 00:00:00,240.59195319101968,243.47214417096004,238.32620295346658,239.67029207743877,140352000,0.0
TQQQ.US,3 倍做多纳指 ETF - ProShares,1347422400000,2012-09-12,2012-09-12 00:00:00,241.97444486139108,243.51054671735926,237.17412656149043,241.74402958299584,153888000,0.0
TQQQ.US,3 倍做多纳指 ETF - ProShares,1347508800000,2012-09-13,2012-09-13 00:00:00,242.3584703253831,254.5320775339311,241.36000411900378,251.3830687291963,233616000,0.0
TQQQ.US,3 倍做多纳指 ETF - ProShares,1347595200000,2012-09-14,2012-09-14 00:00:00,254.4168698947335,260.83009514340074,253.84083169874543,257.83469652426277,286377600,0.0
TQQQ.US,3 倍做多纳指 ETF - ProShares,1347854400000,2012-09-17,2012-09-17 00:00:00,258.6411499986461,258.6411499986461,255.60734883310883,258.2955270810532,152323200,0.0
TQQQ.US,3 倍做多纳指 ETF - ProShares,1347940800000,2012-09-18,2012-09-18 00:00:00,256.3369972146937,259.33239583383175,256.3369972146937,258.7947601842429,100742400,0.0
TQQQ.US,3 倍做多纳指 ETF - ProShares,1348027200000,2012-09-19,2012-09-19 00:00:00,259.0635780090373,262.4430020921673,256.7210226786858,260.4844722258079,137520000,0.0
TQQQ.US,3 倍做多纳指 ETF - ProShares,1348113600000,2012-09-20,2012-09-20 00:00:00,256.68262013228656,260.36926458661026,254.68568771952795,259.90843402981983,144921600,0.0
TQQQ.US,3 倍做多纳指 ETF - ProShares,1348200000000,2012-09-21,2012-09-21 00:00:00,263.7102861233411,264.2095192265308,259.2171881946341,259.90843402981983,145056000,0.0
TQQQ.US,3 倍做多纳指 ETF - ProShares,1348459200000,2012-09-24,2012-09-24 00:00:00,253.38000114195498,256.6442175858874,251.80549673958757,255.10811572991918,139872000,0.0
TQQQ.US,3 倍做多纳指 ETF - ProShares,1348545600000,2012-09-25,2012-09-25 00:00:00,257.4122685138715,259.02517546263806,244.20179255254496,244.85463584133146,153148800,0.0
TQQQ.US,3 倍做多纳指 ETF - ProShares,1348632000000,2012-09-26,2012-09-26 00:00:00,243.47214417096004,243.97137727414972,234.90837632393732,238.403008046265,244800000,0.0
TQQQ.US,3 倍做多纳指 ETF - ProShares,1348718400000,2012-09-27,2012-09-27 00:00:00,240.20792772702762,250.11578469802254,239.1326564278499,248.54128029565513,183244800,0.0
TQQQ.US,3 倍做多纳指 ETF - ProShares,1348804800000,2012-09-28,2012-09-28 00:00:00,245.8531020477108,248.2340599244615,241.62882194379821,242.58888560377835,157977600,0.0
TQQQ.US,3 倍做多纳指 ETF - ProShares,1349064000000,2012-10-01,2012-10-01 00:00:00,246.00671223330758,250.30779743001855,238.90224114945465,241.5520168509998,156499200,0.0
TQQQ.US,3 倍做多纳指 ETF - ProShares,1349150400000,2012-10-02,2012-10-02 00:00:00,244.50901292373857,246.58275042929566,237.7117622110793,243.088118706968,165043200,0.0
TQQQ.US,3 倍做多纳指 ETF - ProShares,1349236800000,2012-10-03,2012-10-03 00:00:00,245.3154663981219,249.07891594524398,242.3200677789839,247.6964242748726,159820800,0.0
TQQQ.US,3 倍做多纳指 ETF - ProShares,1349323200000,2012-10-04,2012-10-04 00:00:00,249.42453886283684,252.53514512117246,246.77476316129167,250.576615254813,152342400,0.0
TQQQ.US,3 倍做多纳指 ETF - ProShares,1349409600000,2012-10-05,2012-10-05 00:00:00,254.26325970913666,255.2233233691168,244.58581801653702,246.27553005810202,116534400,0.0
TQQQ.US,3 倍做多纳指 ETF - ProShares,1349668800000,2012-10-08,2012-10-08 00:00:00,242.20486013978626,243.66415690295608,237.98058003587374,239.74709717023717,104841600,0.0
TQQQ.US,3 倍做多纳指 ETF - ProShares,1349755200000,2012-10-09,2012-10-09 00:00:00,237.55815202548246,237.82696985027692,226.57502375530984,227.41987977609233,182188800,0.0
TQQQ.US,3 倍做多纳指 ETF - ProShares,1349841600000,2012-10-10,2012-10-10 00:00:00,228.18793070407645,229.91604529204068,223.61802768257104,224.65489643534957,155808000,0.0
TQQQ.US,3 倍做多纳指 ETF - ProShares,1349928000000,2012-10-11,2012-10-11 00:00:00,230.1080580240367,230.22326566323432,222.27393855859887,222.65796402259093,142396800,0.0
TQQQ.US,3 倍做多纳指 ETF - ProShares,1350014400000,2012-10-12,2012-10-12 00:00:00,222.88837930098614,226.15259574491856,221.12186216662272,222.61956147619173,109180800,0.0
TQQQ.US,3 倍做多纳指 ETF - ProShares,1350273600000,2012-10-15,2012-10-15 00:00:00,224.92371426014404,228.07272306487883,220.89144688822748,227.0742568584995,116332800,0.0
TQQQ.US,3 倍做多纳指 ETF - ProShares,1350360000000,2012-10-16,2012-10-16 00:00:00,228.30313834327407,237.59655457188168,228.07272306487883,236.94371128309518,142742400,0.0
TQQQ.US,3 倍做多纳指 ETF - ProShares,1350446400000,2012-10-17,2012-10-17 00:00:00,233.21866428237232,238.63342332466024,232.25860062239218,236.2140629015103,133401600,0.0
TQQQ.US,3 倍做多纳指 ETF - ProShares,1350532800000,2012-10-18,2012-10-18 00:00:00,234.14032539595323,236.36767308710714,225.6149600953297,228.14952815767722,173520000,0.0
TQQQ.US,3 倍做多纳指 ETF - ProShares,1350619200000,2012-10-19,2012-10-19 00:00:00,227.38147722969313,227.72710014728597,211.0219924636318,211.63643320601906,285312000,0.0
TQQQ.US,3 倍做多纳指 ETF - ProShares,1350878400000,2012-10-22,2012-10-22 00:00:00,211.2140051956278,216.70556933071413,210.10033135005085,214.9774547427499,211132800,0.0
TQQQ.US,3 倍做多纳指 ETF - ProShares,1350964800000,2012-10-23,2012-10-23 00:00:00,209.94672116445403,214.40141654676182,206.95132254531606,208.60263204048186,282038400,0.0
TQQQ.US,3 倍做多纳指 ETF - ProShares,1351051200000,2012-10-24,2012-10-24 00:00:00,212.44288668040235,213.4797554331809,205.76084360694068,206.52889453492477,207052800,0.0
TQQQ.US,3 倍做多纳指 ETF - ProShares,1351137600000,2012-10-25,2012-10-25 00:00:00,211.060395010031,211.9436535772127,204.76237740056135,206.52889453492477,233625600,0.0
TQQQ.US,3 倍做多纳指 ETF - ProShares,1351224000000,2012-10-26,2012-10-26 00:00:00,206.7977123597192,210.9835899172326,201.84378387422177,208.6794371332803,192192000,0.0
TQQQ.US,3 倍做多纳指 ETF - ProShares,1351656000000,2012-10-31,2012-10-31 00:00:00,207.79617856609855,208.71783967967949,202.41982207020985,204.64716976136376,148204800,0.0
TQQQ.US,3 倍做多纳指 ETF - ProShares,1351742400000,2012-11-01,2012-11-01 00:00:00,208.37221676208662,214.51662418595944,206.75930981332002,213.3261452475841,183724800,0.0
TQQQ.US,3 倍做多纳指 ETF - ProShares,1351828800000,2012-11-02,2012-11-02 00:00:00,216.20633622752447,216.5519591451173,205.53042832854544,205.53042832854544,183427200,0.0
TQQQ.US,3 倍做多纳指 ETF - ProShares,1352091600000,2012-11-05,2012-11-05 00:00:00,206.68250472052162,211.67483575241826,205.2232079573518,210.56116190684133,150355200,0.0
TQQQ.US,3 倍做多纳指 ETF - ProShares,1352178000000,2012-11-06,2012-11-06 00:00:00,211.48282302042225,215.97592094912923,209.29387787566756,211.8668484844143,182582400,0.0
TQQQ.US,3 倍做多纳指 ETF - ProShares,1352264400000,2012-11-07,2012-11-07 00:00:00,205.069597771755,205.6072334213439,194.04806695518315,196.6594401103291,383731200,0.0
TQQQ.US,3 倍做多纳指 ETF - ProShares,1352350800000,2012-11-08,2012-11-08 00:00:00,198.00352923430125,199.6548387294671,187.44282897451987,187.44282897451987,310473600,0.0
TQQQ.US,3 倍做多纳指 ETF - ProShares,1352437200000,2012-11-09,2012-11-09 00:00:00,187.7500493457135,195.8145840895466,187.36602388172147,189.47816393367773,436598400,0.0
TQQQ.US,3 倍做多纳指 ETF - ProShares,1352696400000,2012-11-12,2012-11-12 00:00:00,193.088003295203,193.66404149119109,188.05726971690717,189.78538430487137,164419200,0.0
TQQQ.US,3 倍做多纳指 ETF - ProShares,1352782800000,2012-11-13,2012-11-13 00:00:00,185.3306889225636,191.09107088244434,183.94819725219222,185.63790929375725,345734400,0.0
TQQQ.US,3 倍做多纳指 ETF - ProShares,1352869200000,2012-11-14,2012-11-14 00:00:00,188.2876849953024,188.97893083048808,178.26462038510988,178.99426876669477,294950400,0.0
TQQQ.US,3 倍做多纳指 ETF - ProShares,1352955600000,2012-11-15,2012-11-15 00:00:00,179.416696777086,181.33682409704628,175.34602685877027,177.41976436432734,310396800,0.0
TQQQ.US,3 倍做多纳指 ETF - ProShares,1353042000000,2012-11-16,2012-11-16 00:00:00,177.61177709632338,181.06800627225186,171.12174675485772,179.416696777086,372614400,0.0
TQQQ.US,3 倍做多纳指 ETF - ProShares,1353301200000,2012-11-19,2012-11-19 00:00:00,185.407494015362,192.81918547040857,185.29228637616438,192.31995236721892,345580800,0.0
TQQQ.US,3 倍做多纳指 ETF - ProShares,1353387600000,2012-11-20,2012-11-20 00:00:00,192.28154982081972,193.31841857359825,187.02040096412864,192.35835491361811,218467200,0.0
TQQQ.US,3 倍做多纳指 ETF - ProShares,1353474000000,2012-11-21,2012-11-21 00:00:00,192.895990563207,194.58570260477202,190.7838505112507,193.7408465839895,160761600,0.0
TQQQ.US,3 倍做多纳指 ETF - ProShares,1353646800000,2012-11-23,2012-11-23 00:00:00,197.23547830631716,202.61183480220586,196.73624520312748,202.61183480220586,129321600,0.0
TQQQ.US,3 倍做多纳指 ETF - ProShares,1353906000000,2012-11-26,2012-11-26 00:00:00,201.2293431318345,205.41522068934785,199.23241071907583,205.2232079573518,196944000,0.0
TQQQ.US,3 倍做多纳指 ETF - ProShares,1353992400000,2012-11-27,2012-11-27 00:00:00,204.80077994696057,207.22014037011047,202.1126016990162,202.8806526270003,359788800,0.0
TQQQ.US,3 倍做多纳指 ETF - ProShares,1354078800000,2012-11-28,2012-11-28 00:00:00,200.07726673985835,208.71783967967949,196.39062228553465,208.33381421568743,281001600,0.0
TQQQ.US,3 倍做多纳指 ETF - ProShares,1354165200000,2012-11-29,2012-11-29 00:00:00,211.59803065961987,214.1710012683666,208.94825495807473,211.9436535772127,249177600,0.0
TQQQ.US,3 倍做多纳指 ETF - ProShares,1354251600000,2012-11-30,2012-11-30 00:00:00,212.02045867001112,212.5580943196,209.10186514367152,211.1756026492286,228470400,0.0
TQQQ.US,3 倍做多纳指 ETF - ProShares,1354510800000,2012-12-03,2012-12-03 00:00:00,215.97592094912923,216.43675150591972,209.48589060766358,210.13873389645005,336825600,0.0
TQQQ.US,3 倍做多纳指 ETF - ProShares,1354597200000,2012-12-04,2012-12-04 00:00:00,210.2155389892485,210.59956445324053,205.2232079573518,208.75624222607868,336748800,0.0
TQQQ.US,3 倍做多纳指 ETF - ProShares,1354683600000,2012-12-05,2012-12-05 00:00:00,208.48742440128424,208.52582694768344,198.9635928942814,202.34301697741145,436617600,0.0
TQQQ.US,3 倍做多纳指 ETF - ProShares,1354770000000,2012-12-06,2012-12-06 00:00:00,200.4996947502496,207.83458111249774,198.80998270868457,206.06806397813432,306249600,0.0
TQQQ.US,3 倍做多纳指 ETF - ProShares,1354856400000,2012-12-07,2012-12-07 00:00:00,209.44748806126438,209.98512371085326,200.5380972966488,202.53502970940747,240748800,0.0
TQQQ.US,3 倍做多纳指 ETF - ProShares,1355115600000,2012-12-10,2012-12-10 00:00:00,200.99892785343926,207.4505556485057,200.88372021424163,204.33994939017012,210441600,0.0
TQQQ.US,3 倍做多纳指 ETF - ProShares,1355202000000,2012-12-11,2012-12-11 00:00:00,208.94825495807473,215.78390821713322,208.10339893729218,212.21247140200714,344976000,0.0
TQQQ.US,3 倍做多纳指 ETF - ProShares,1355288400000,2012-12-12,2012-12-12 00:00:00,215.51509039233878,215.6302980315364,209.21707278286917,210.79157718523655,301238400,0.0
TQQQ.US,3 倍做多纳指 ETF - ProShares,1355374800000,2012-12-13,2012-12-13 00:00:00,209.75470843245802,214.1325987219674,203.26467809099236,206.02966143173512,338515200,0.0
TQQQ.US,3 倍做多纳指 ETF - ProShares,1355461200000,2012-12-14,2012-12-14 00:00:00,202.1126016990162,203.72550864778282,198.00352923430125,200.19247437905597,274128000,0.0
TQQQ.US,3 倍做多纳指 ETF - ProShares,1355720400000,2012-12-17,2012-12-17 00:00:00,200.4996947502496,208.1802040300906,199.7700463686647,207.9881912980946,193219200,0.0
TQQQ.US,3 倍做多纳指 ETF - ProShares,1355806800000,2012-12-18,2012-12-18 00:00:00,211.1756026492286,218.54889155787598,209.48589060766358,217.62723044429504,456326400,0.0
TQQQ.US,3 倍做多纳指 ETF - ProShares,1355893200000,2012-12-19,2012-12-19 00:00:00,219.3937475786585,219.6241628570537,214.3246114539634,214.47822163956025,361286400,0.0
TQQQ.US,3 倍做多纳指 ETF - ProShares,1355979600000,2012-12-20,2012-12-20 00:00:00,215.8607133099316,216.16793368112528,211.48282302042225,214.67023437155626,291580800,0.0
TQQQ.US,3 倍做多纳指 ETF - ProShares,1356066000000,2012-12-21,2012-12-21 00:00:00,204.76237740056135,208.6794371332803,201.99739405981862,207.9881912980946,336624000,0.0
TQQQ.US,3 倍做多纳指 ETF - ProShares,1356325200000,2012-12-24,2012-12-24 00:00:00,206.87451745251764,207.2585429165097,205.26161050375103,206.22167416373114,52425600,0.0
TQQQ.US,3 倍做多纳指 ETF - ProShares,1356498000000,2012-12-26,2012-12-26 00:00:00,206.8361149061184,207.64256838050176,199.30921581187422,201.34455077103212,158563200,0.0
TQQQ.US,3 倍做多纳指 ETF - ProShares,1356584400000,2012-12-27,2012-12-27 00:00:00,201.65177114222573,202.49662716300827,192.78078292400937,200.23087692545516,308150400,0.0
TQQQ.US,3 倍做多纳指 ETF - ProShares,1356670800000,2012-12-28,2012-12-28 00:00:00,196.083401914341,200.4228896574512,194.43209241917518,194.43209241917518,164284800,0.0
TQQQ.US,3 倍做多纳指 ETF - ProShares,1356930000000,2012-12-31,2012-12-31 00:00:00,193.5104313055943,208.10339893729218,192.66557528481178,207.10493273091285,423052800,0.0
TQQQ.US,3 倍做多纳指 ETF - ProShares,1357102800000,2013-01-02,2013-01-02 00:00:00,222.00512073380443,226.72863394090666,219.70096794985213,226.421413569713,354720000,0.0
TQQQ.US,3 倍做多纳指 ETF - ProShares,1357189200000,2013-01-03,2013-01-03 00:00:00,226.3830110233138,227.8807103328828,220.92984943462668,223.1187945793814,310732800,0.0
TQQQ.US,3 倍做多纳指 ETF - ProShares,1357275600000,2013-01-04,2013-01-04 00:00:00,223.3108073113774,223.3108073113774,219.27853993946087,220.92984943462668,152208000,0.0
TQQQ.US,3 倍做多纳指 ETF - ProShares,1357534800000,2013-01-07,2013-01-07 00:00:00,219.00972211466646,222.00512073380443,217.051192248307,221.16026471302192,182822400,0.0
TQQQ.US,3 倍做多纳指 ETF - ProShares,1357621200000,2013-01-08,2013-01-08 00:00:00,220.89144688822748,222.58115892979248,216.24473877392367,219.89298068184814,175036800,0.0
TQQQ.US,3 倍做多纳指 ETF - ProShares,1357707600000,2013-01-09,2013-01-09 00:00:00,220.62262906343304,223.88684550736548,220.12339596024339,222.12032837300205,153993600,0.0
TQQQ.US,3 倍做多纳指 ETF - ProShares,1357794000000,2013-01-10,2013-01-10 00:00:00,226.53662120891065,227.2278670440963,220.00818832104576,226.03738810572096,235555200,0.0
TQQQ.US,3 倍做多纳指 ETF - ProShares,1357880400000,2013-01-11,2013-01-11 00:00:00,225.80697282732572,227.34307468329393,224.53968879615195,226.88224412650348,106060800,0.0
TQQQ.US,3 倍做多纳指 ETF - ProShares,1358139600000,2013-01-14,2013-01-14 00:00:00,223.3108073113774,225.84537537372492,221.12186216662272,223.9636506001639,147369600,0.0
TQQQ.US,3 倍做多纳指 ETF - ProShares,1358226000000,2013-01-15,2013-01-15 00:00:00,220.89144688822748,221.6594978162116,217.78084062989188,220.66103160983226,216844800,0.0
TQQQ.US,3 倍做多纳指 ETF - ProShares,1358312400000,2013-01-16,2013-01-16 00:00:00,221.928315641006,225.6149600953297,220.54582397063464,223.1187945793814,152217600,0.0
TQQQ.US,3 倍做多纳指 ETF - ProShares,1358398800000,2013-01-17,2013-01-17 00:00:00,226.15259574491856,229.1479943640566,224.96211680654324,226.57502375530984,230620800,0.0
TQQQ.US,3 倍做多纳指 ETF - ProShares,1358485200000,2013-01-18,2013-01-18 00:00:00,224.38607861055513,225.6917651881281,221.96671818740523,225.30773972413607,206044800,0.0
TQQQ.US,3 倍做多纳指 ETF - ProShares,1358830800000,2013-01-22,2013-01-22 00:00:00,225.88377792012415,226.49821866251142,221.6594978162116,226.229400837717,252566400,0.0
TQQQ.US,3 倍做多纳指 ETF - ProShares,1358917200000,2013-01-23,2013-01-23 00:00:00,229.83924019924228,232.22019807599298,228.87917653926215,229.87764274564148,225081600,0.0
TQQQ.US,3 倍做多纳指 ETF - ProShares,1359003600000,2013-01-24,2013-01-24 00:00:00,220.89144688822748,227.0742568584995,219.73937049625133,220.73783670263066,246124800,0.0
TQQQ.US,3 倍做多纳指 ETF - ProShares,1359090000000,2013-01-25,2013-01-25 00:00:00,223.00358694018377,225.99898555932177,221.6210952698124,224.0020531465631,170409600,0.0
TQQQ.US,3 倍做多纳指 ETF - ProShares,1359349200000,2013-01-28,2013-01-28 00:00:00,224.30927351775674,227.84230778648362,223.38761240417583,225.6149600953297,249590400,0.0
TQQQ.US,3 倍做多纳指 ETF - ProShares,1359435600000,2013-01-29,2013-01-29 00:00:00,224.6932989817488,227.1510619512979,220.23860359944098,225.6149600953297,213888000,0.0
TQQQ.US,3 倍做多纳指 ETF - ProShares,1359522000000,2013-01-30,2013-01-30 00:00:00,227.1126594048987,228.80237144646372,222.69636656899013,224.38607861055513,159158400,0.0
TQQQ.US,3 倍做多纳指 ETF - ProShares,1359608400000,2013-01-31,2013-01-31 00:00:00,224.0020531465631,227.49668486889072,222.12032837300205,222.92678184738537,203433600,0.0
TQQQ.US,3 倍做多纳指 ETF - ProShares,1359694800000,2013-02-01,2013-02-01 00:00:00,227.45828232249153,231.75936751920253,224.731701528148,230.2616682096335,286070400,0.0
TQQQ.US,3 倍做多纳指 ETF - ProShares,1359954000000,2013-02-04,2013-02-04 00:00:00,226.3830110233138,228.5335536216693,218.43368391867835,218.54889155787598,274224000,0.0
TQQQ.US,3 倍做多纳指 ETF - ProShares,1360040400000,2013-02-05,2013-02-05 00:00:00,221.2370698058203,230.18486311683512,219.89298068184814,228.14952815767722,280089600,0.0
TQQQ.US,3 倍做多纳指 ETF - ProShares,1360126800000,2013-02-06,2013-02-06 00:00:00,225.80697282732572,229.03278672485894,223.9636506001639,225.99898555932177,250972800,0.0
TQQQ.US,3 倍做多纳指 ETF - ProShares,1360213200000,2013-02-07,2013-02-07 00:00:00,226.69023139450744,227.34307468329393,219.16333230026325,226.57502375530984,218572800,0.0
TQQQ.US,3 倍做多纳指 ETF - ProShares,1360299600000,2013-02-08,2013-02-08 00:00:00,230.22326566323432,234.94677887033652,229.68563001364544,233.44907956076756,203913600,0.0
TQQQ.US,3 倍做多纳指 ETF - ProShares,1360558800000,2013-02-11,2013-02-11 00:00:00,233.9867152103564,234.25553303515085,231.41374460160966,233.3722744679691,111062400,0.0
TQQQ.US,3 倍做多纳指 ETF - ProShares,1360645200000,2013-02-12,2013-02-12 00:00:00,232.98824900397707,234.17872794235242,230.18486311683512,230.64569367362557,129542400,0.0
TQQQ.US,3 倍做多纳指 ETF - ProShares,1360731600000,2013-02-13,2013-02-13 00:00:00,232.71943117918264,235.86843998391745,231.14492677681525,233.3338719215699,186806400,0.0
TQQQ.US,3 倍做多纳指 ETF - ProShares,1360818000000,2013-02-14,2013-02-14 00:00:00,230.14646057043592,234.10192284955403,229.64722746724624,232.87304136477945,137001600,0.0
TQQQ.US,3 倍做多纳指 ETF - ProShares,1360904400000,2013-02-15,2013-02-15 00:00:00,233.18026173597312,234.67796104554208,229.07118927125816,230.8377064056216,118598400,0.0
TQQQ.US,3 倍做多纳指 ETF - ProShares,1361250000000,2013-02-19,2013-02-19 00:00:00,232.48901590078742,236.1372578087119,232.14339298319456,235.90684253031665,127296000,0.0
TQQQ.US,3 倍做多纳指 ETF - ProShares,1361336400000,2013-02-20,2013-02-20 00:00:00,235.86843998391745,236.0220501695143,225.15412953853922,225.15412953853922,163958400,0.0
TQQQ.US,3 倍做多纳指 ETF - ProShares,1361422800000,2013-02-21,2013-02-21 00:00:00,222.69636656899013,223.23400221857898,215.39988275314116,217.81924317629108,265286400,0.0
TQQQ.US,3 倍做多纳指 ETF - ProShares,1361509200000,2013-02-22,2013-02-22 00:00:00,221.58269272341317,224.38607861055513,219.20173484666245,224.2324684249583,132364800,0.0
TQQQ.US,3 倍做多纳指 ETF - ProShares,1361768400000,2013-02-25,2013-02-25 00:00:00,228.7639689000645,231.0297191376176,215.47668784593958,215.8607133099316,240604800,0.0
TQQQ.US,3 倍做多纳指 ETF - ProShares,1361854800000,2013-02-26,2013-02-26 00:00:00,217.16639988750458,219.73937049625133,212.6348994123984,218.47208646507758,168460800,0.0
TQQQ.US,3 倍做多纳指 ETF - ProShares,1361941200000,2013-02-27,2013-02-27 00:00:00,218.74090428987202,229.18639691045578,217.7040355370935,225.07732444574083,171072000,0.0
TQQQ.US,3 倍做多纳指 ETF - ProShares,1362027600000,2013-02-28,2013-02-28 00:00:00,225.07732444574083,230.14646057043592,224.0788582393615,224.27087097135754,163516800,0.0
TQQQ.US,3 倍做多纳指 ETF - ProShares,1362114000000,2013-03-01,2013-03-01 00:00:00,221.50588763061475,227.61189250808837,218.16486609388392,226.57502375530984,123216000,0.0
TQQQ.US,3 倍做多纳指 ETF - ProShares,1362373200000,2013-03-04,2013-03-04 00:00:00,224.34767606415593,229.60882492084704,223.50282004337342,229.49361728164942,150969600,0.0
TQQQ.US,3 倍做多纳指 ETF - ProShares,1362459600000,2013-03-05,2013-03-05 00:00:00,233.94831266395718,240.63035573741888,233.67949483916274,239.59348698464032,228086400,0.0
TQQQ.US,3 倍做多纳指 ETF - ProShares,1362546000000,2013-03-06,2013-03-06 00:00:00,242.01284740779028,242.20486013978626,237.05891892229283,238.05738512867214,207619200,0.0
TQQQ.US,3 倍做多纳指 ETF - ProShares,1362632400000,2013-03-07,2013-03-07 00:00:00,238.74863096385783,240.97597865501174,237.48134693268406,240.1311226342292,110284800,0.0
TQQQ.US,3 倍做多纳指 ETF - ProShares,1362718800000,2013-03-08,2013-03-08 00:00:00,242.3200677789839,243.28013143896405,237.90377494307532,240.39994045902364,169718400,0.0
TQQQ.US,3 倍做多纳指 ETF - ProShares,1362974400000,2013-03-11,2013-03-11 00:00:00,239.9775124486324,242.97291106777038,237.59655457188168,242.896105974972,123878400,0.0
TQQQ.US,3 倍做多纳指 ETF - ProShares,1363060800000,2013-03-12,2013-03-12 00:00:00,240.7455633766165,242.28166523258471,236.75169855109917,239.9391099022332,178108800,0.0
TQQQ.US,3 倍做多纳指 ETF - ProShares,1363147200000,2013-03-13,2013-03-13 00:00:00,240.8223684694149,241.97444486139108,236.75169855109917,239.1710589742491,160838400,0.0
TQQQ.US,3 倍做多纳指 ETF - ProShares,1363233600000,2013-03-14,2013-03-14 00:00:00,241.74402958299584,243.088118706968,240.0159149950316,241.62882194379821,154339200,0.0
TQQQ.US,3 倍做多纳指 ETF - ProShares,1363320000000,2013-03-15,2013-03-15 00:00:00,242.01284740779028,242.58888560377835,237.7501647574785,239.3246691598459,159888000,0.0
TQQQ.US,3 倍做多纳指 ETF - ProShares,1363579200000,2013-03-18,2013-03-18 00:00:00,233.1034566431747,240.7839659230157,231.41374460160966,237.7117622110793,214742400,0.0
TQQQ.US,3 倍做多纳指 ETF - ProShares,1363665600000,2013-03-19,2013-03-19 00:00:00,239.9775124486324,241.39840666540297,230.22326566323432,236.75169855109917,287500800,0.0
TQQQ.US,3 倍做多纳指 ETF - ProShares,1363752000000,2013-03-20,2013-03-20 00:00:00,241.59041939739902,243.0113136141696,238.24939786066815,241.24479647980618,153484800,0.0
TQQQ.US,3 倍做多纳指 ETF - ProShares,1363838400000,2013-03-21,2013-03-21 00:00:00,235.21559669513096,236.75169855109917,231.6825624264041,233.52588465356595,214742400,0.0
TQQQ.US,3 倍做多纳指 ETF - ProShares,1363924800000,2013-03-22,2013-03-22 00:00:00,236.1756603551111,240.59195319101968,235.4460119735262,239.9775124486324,142761600,0.0
TQQQ.US,3 倍做多纳指 ETF - ProShares,1364184000000,2013-03-25,2013-03-25 00:00:00,242.3200677789839,243.8561696349521,234.06352030315483,237.51974947908326,228931200,0.0
TQQQ.US,3 倍做多纳指 ETF - ProShares,1364270400000,2013-03-26,2013-03-26 00:00:00,240.32313536622524,241.5136143046006,238.63342332466024,241.16799138700773,123830400,0.0
TQQQ.US,3 倍做多纳指 ETF - ProShares,1364356800000,2013-03-27,2013-03-27 00:00:00,236.59808836550235,242.78089833577437,235.407609427127,242.47367796458073,191798400,0.0
TQQQ.US,3 倍做多纳指 ETF - ProShares,1364443200000,2013-03-28,2013-03-28 00:00:00,242.28166523258471,244.81623329493223,240.63035573741888,243.8561696349521,266697600,0.0
TQQQ.US,3 倍做多纳指 ETF - ProShares,1364788800000,2013-04-01,2013-04-01 00:00:00,244.62422056293622,245.2002587589243,237.13572401509123,239.1326564278499,249628800,0.0
TQQQ.US,3 倍做多纳指 ETF - ProShares,1364875200000,2013-04-02,2013-04-02 00:00:00,242.28166523258471,246.96677589328772,241.89763976859265,244.54741547013782,337776000,0.0
TQQQ.US,3 倍做多纳指 ETF - ProShares,1364961600000,2013-04-03,2013-04-03 00:00:00,245.04664857332745,246.00671223330758,236.2140629015103,238.05738512867214,177206400,0.0
TQQQ.US,3 倍做多纳指 ETF - ProShares,1365048000000,2013-04-04,2013-04-04 00:00:00,237.82696985027692,239.900707355834,234.33233812794924,238.17259276786976,189936000,0.0
TQQQ.US,3 倍做多纳指 ETF - ProShares,1365134400000,2013-04-05,2013-04-05 00:00:00,226.92064667290268,233.2570668287715,225.26933717773687,232.33540571519057,338284800,0.0
TQQQ.US,3 倍做多纳指 ETF - ProShares,1365393600000,2013-04-08,2013-04-08 00:00:00,232.52741844718662,236.0604527159135,230.45368094162956,235.90684253031665,223603200,0.0
TQQQ.US,3 倍做多纳指 ETF - ProShares,1365480000000,2013-04-09,2013-04-09 00:00:00,237.86537239667612,243.47214417096004,234.4859483135461,240.55355064462046,332620800,0.0
TQQQ.US,3 倍做多纳指 ETF - ProShares,1365566400000,2013-04-10,2013-04-10 00:00:00,243.0497161605688,255.68415392590728,242.78089833577437,254.60888262672952,182448000,0.0
TQQQ.US,3 倍做多纳指 ETF - ProShares,1365652800000,2013-04-11,2013-04-11 00:00:00,252.8807680387653,256.14498448269774,252.03591201798278,254.18645461633827,167558400,0.0
TQQQ.US,3 倍做多纳指 ETF - ProShares,1365739200000,2013-04-12,2013-04-12 00:00:00,252.53514512117246,254.3784673483343,248.04204719246545,253.87923424514463,218592000,0.0
TQQQ.US,3 倍做多纳指 ETF - ProShares,1365998400000,2013-04-15,2013-04-15 00:00:00,250.73022544040984,252.2279247499788,238.01898258227294,238.4414105926642,203846400,0.0
TQQQ.US,3 倍做多纳指 ETF - ProShares,1366084800000,2013-04-16,2013-04-16 00:00:00,243.1649237997664,249.04051339884478,241.4752117582014,248.4260726564575,193718400,0.0
TQQQ.US,3 倍做多纳指 ETF - ProShares,1366171200000,2013-04-17,2013-04-17 00:00:00,241.74402958299584,241.89763976859265,229.49361728164942,233.90991011755798,315619200,0.0
TQQQ.US,3 倍做多纳指 ETF - ProShares,1366257600000,2013-04-18,2013-04-18 00:00:00,235.86843998391745,235.86843998391745,221.0450570738243,223.77163786816786,253670400,0.0
TQQQ.US,3 倍做多纳指 ETF - ProShares,1366344000000,2013-04-19,2013-04-19 00:00:00,225.5765575489305,234.63955849914288,224.30927351775674,233.0650540967755,183014400,0.0
TQQQ.US,3 倍做多纳指 ETF - ProShares,1366603200000,2013-04-22,2013-04-22 00:00:00,235.59962215912302,242.81930088217356,233.1034566431747,240.20792772702762,161088000,0.0
TQQQ.US,3 倍做多纳指 ETF - ProShares,1366689600000,2013-04-23,2013-04-23 00:00:00,244.62422056293622,249.73175923403048,240.7455633766165,247.31239881088055,272966400,0.0
TQQQ.US,3 倍做多纳指 ETF - ProShares,1366776000000,2013-04-24,2013-04-24 00:00:00,245.3922714909203,249.53974650203446,243.74096199575447,246.69795806849328,224179200,0.0
TQQQ.US,3 倍做多纳指 ETF - ProShares,1366862400000,2013-04-25,2013-04-25 00:00:00,249.07891594524398,253.6104164203502,248.65648793485272,250.69182289401058,192508800,0.0
TQQQ.US,3 倍做多纳指 ETF - ProShares,1366948800000,2013-04-26,2013-04-26 00:00:00,249.1557210380424,250.6534203476114,245.3538689445211,248.57968284205432,91881600,0.0
TQQQ.US,3 倍做多纳指 ETF - ProShares,1367208000000,2013-04-29,2013-04-29 00:00:00,250.69182289401058,258.1419168954564,250.69182289401058,255.1849208227176,137097600,0.0
TQQQ.US,3 倍做多纳指 ETF - ProShares,1367294400000,2013-04-30,2013-04-30 00:00:00,256.3369972146937,261.0221078753967,253.41840368835418,260.79169259700154,123897600,0.0
TQQQ.US,3 倍做多纳指 ETF - ProShares,1367380800000,2013-05-01,2013-05-01 00:00:00,260.79169259700154,262.25098936017133,255.68415392590728,257.45067106027074,128688000,0.0
TQQQ.US,3 倍做多纳指 ETF - ProShares,1367467200000,2013-05-02,2013-05-02 00:00:00,258.44913726665004,268.58740951604017,257.87309907066197,266.7824898352775,97516800,0.0
TQQQ.US,3 倍做多纳指 ETF - ProShares,1367553600000,2013-05-03,2013-05-03 00:00:00,274.65501184711457,278.76408431182955,274.23258383672334,276.11430861028435,133996800,0.0
TQQQ.US,3 倍做多纳指 ETF - ProShares,1367812800000,2013-05-06,2013-05-06 00:00:00,277.68881301265174,280.87622436378575,277.1127748166637,279.6473428790112,97008000,0.0
TQQQ.US,3 倍做多纳指 ETF - ProShares,1367899200000,2013-05-07,2013-05-07 00:00:00,280.9914320029834,281.5674701989715,276.11430861028435,278.99449959022473,104275200,0.0
TQQQ.US,3 倍做多纳指 ETF - ProShares,1367985600000,2013-05-08,2013-05-08 00:00:00,278.30325375503907,283.7948178901254,277.3815926414581,283.3339873333349,85305600,0.0
TQQQ.US,3 倍做多纳指 ETF - ProShares,1368072000000,2013-05-09,2013-05-09 00:00:00,281.26024982777784,287.6350725300459,280.30018616779773,282.3355211269556,110918400,0.0
TQQQ.US,3 倍做多纳指 ETF - ProShares,1368158400000,2013-05-10,2013-05-10 00:00:00,283.5644026117301,287.40465725165063,282.29711858055634,287.1358394268562,127027200,0.0
TQQQ.US,3 倍做多纳指 ETF - ProShares,1368417600000,2013-05-13,2013-05-13 00:00:00,285.7533477564848,290.1696405923934,284.8316866429039,288.24951327243315,133286400,0.0
TQQQ.US,3 倍做多纳指 ETF - ProShares,1368504000000,2013-05-14,2013-05-14 00:00:00,288.21111072603395,295.16197162429006,288.13430563323556,292.5121959227449,133920000,0.0
TQQQ.US,3 倍做多纳指 ETF - ProShares,1368590400000,2013-05-15,2013-05-15 00:00:00,291.1681067987727,295.16197162429006,288.78714892202197,294.6627385211004,131366400,0.0
TQQQ.US,3 倍做多纳指 ETF - ProShares,1368676800000,2013-05-16,2013-05-16 00:00:00,295.2771792634877,299.50145936740023,292.89622138673695,293.5874672219226,155404800,0.0
TQQQ.US,3 倍做多纳指 ETF - ProShares,1368763200000,2013-05-17,2013-05-17 00:00:00,297.773344779436,302.18963761534457,295.08516653149167,301.84401469775173,150000000,0.0
TQQQ.US,3 倍做多纳指 ETF - ProShares,1369022400000,2013-05-20,2013-05-20 00:00:00,299.50145936740023,303.4185191001191,296.8900862122543,300.4999255737796,151363200,0.0
TQQQ.US,3 倍做多纳指 ETF - ProShares,1369108800000,2013-05-21,2013-05-21 00:00:00,300.30791284178355,304.7242056776921,296.9284887586535,301.6135994193565,160915200,0.0
TQQQ.US,3 倍做多纳指 ETF - ProShares,1369195200000,2013-05-22,2013-05-22 00:00:00,302.57366307933665,309.7165367095888,288.9407591076189,294.27871305710835,316982400,0.0
TQQQ.US,3 倍做多纳指 ETF - ProShares,1369281600000,2013-05-23,2013-05-23 00:00:00,285.8301528492832,294.27871305710835,284.0252331685206,291.0528991595751,145737600,0.0
TQQQ.US,3 倍做多纳指 ETF - ProShares,1369368000000,2013-05-24,2013-05-24 00:00:00,285.599737570888,291.09130170597433,283.21877969413725,290.8992889739783,67747200,0.0
TQQQ.US,3 倍做多纳指 ETF - ProShares,1369713600000,2013-05-28,2013-05-28 00:00:00,301.0759637697676,304.4169853064985,294.0098952323139,296.8900862122543,161817600,0.0
TQQQ.US,3 倍做多纳指 ETF - ProShares,1369800000000,2013-05-29,2013-05-29 00:00:00,293.20344175793065,295.62280218108054,287.40465725165063,292.4353908299465,159638400,0.0
TQQQ.US,3 倍做多纳指 ETF - ProShares,1369886400000,2013-05-30,2013-05-30 00:00:00,292.5121959227449,301.0759637697676,292.5121959227449,297.1973065834479,86121600,0.0
TQQQ.US,3 倍做多纳指 ETF - ProShares,1369972800000,2013-05-31,2013-05-31 00:00:00,293.5106621291242,300.38471793458194,288.0959030868363,288.7103438292236,123331200,0.0
TQQQ.US,3 倍做多纳指 ETF - ProShares,1370232000000,2013-06-03,2013-06-03 00:00:00,289.3247845716109,290.55366605638545,279.2249148686199,290.3616533243894,222633600,0.0
TQQQ.US,3 倍做多纳指 ETF - ProShares,1370318400000,2013-06-04,2013-06-04 00:00:00,292.01296281955524,295.62280218108054,282.3355211269556,286.02216558127924,138556800,0.0
TQQQ.US,3 倍做多纳指 ETF - ProShares,1370404800000,2013-06-05,2013-06-05 00:00:00,283.02676696214127,286.25258085967454,274.1173761975257,275.0774398575058,190560000,0.0
TQQQ.US,3 倍做多纳指 ETF - ProShares,1370491200000,2013-06-06,2013-06-06 00:00:00,275.8070882390907,278.6488766726319,268.0113713200521,278.41846139423666,190944000,0.0
TQQQ.US,3 倍做多纳指 ETF - ProShares,1370577600000,2013-06-07,2013-06-07 00:00:00,282.4507287661532,290.93769152037754,280.0313683430033,290.05443295319577,233088000,0.0
TQQQ.US,3 倍做多纳指 ETF - ProShares,1370836800000,2013-06-10,2013-06-10 00:00:00,291.89775518035765,294.35551814990674,288.6335387364252,290.1696405923934,135331200,0.0
TQQQ.US,3 倍做多纳指 ETF - ProShares,1370923200000,2013-06-11,2013-06-11 00:00:00,281.5674701989715,289.5167973036069,278.84088940462794,281.75948293096747,222105600,0.0
TQQQ.US,3 倍做多纳指 ETF - ProShares,1371009600000,2013-06-12,2013-06-12 00:00:00,286.9438266948602,286.98222924125935,270.6995495679964,272.00523614556937,223488000,0.0
TQQQ.US,3 倍做多纳指 ETF - ProShares,1371096000000,2013-06-13,2013-06-13 00:00:00,270.8147572071941,283.910025529323,268.62581206243937,281.75948293096747,151699200,0.0
TQQQ.US,3 倍做多纳指 ETF - ProShares,1371182400000,2013-06-14,2013-06-14 00:00:00,282.18191094135875,283.14197460133886,275.38466022869943,276.80555444547,124339200,0.0
TQQQ.US,3 倍做多纳指 ETF - ProShares,1371441600000,2013-06-17,2013-06-17 00:00:00,283.21877969413725,289.4015896644093,280.30018616779773,284.48606372531106,158851200,0.0
TQQQ.US,3 倍做多纳指 ETF - ProShares,1371528000000,2013-06-18,2013-06-18 00:00:00,285.79175030288405,293.2418443043298,285.6765426636864,291.206509345172,101404800,0.0
TQQQ.US,3 倍做多纳指 ETF - ProShares,1371614400000,2013-06-19,2013-06-19 00:00:00,291.6673399019624,292.7042086547409,280.914626910185,282.06670330216116,175708800,0.0
TQQQ.US,3 倍做多纳指 ETF - ProShares,1371700800000,2013-06-20,2013-06-20 00:00:00,272.120443784767,275.0006347647074,259.0635780090373,261.252523153792,241257600,0.0
TQQQ.US,3 倍做多纳指 ETF - ProShares,1371787200000,2013-06-21,2013-06-21 00:00:00,261.44453588578807,263.7486886697403,251.11425090440187,257.5658786994683,236985600,0.0
TQQQ.US,3 倍做多纳指 ETF - ProShares,1372046400000,2013-06-24,2013-06-24 00:00:00,251.34466618279708,255.79936156510487,243.47214417096004,249.61655159483286,221136000,0.0
TQQQ.US,3 倍做多纳指 ETF - ProShares,1372132800000,2013-06-25,2013-06-25 00:00:00,256.98984050348025,258.3339296274524,250.92223817240583,254.95450554432236,132422400,0.0
TQQQ.US,3 倍做多纳指 ETF - ProShares,1372219200000,2013-06-26,2013-06-26 00:00:00,261.7901588033809,263.4414682985467,259.1403831018357,261.90536644257844,119865600,0.0
TQQQ.US,3 倍做多纳指 ETF - ProShares,1372305600000,2013-06-27,2013-06-27 00:00:00,265.9760363608942,270.2771215576052,264.8239599689181,264.8239599689181,113683200,0.0
TQQQ.US,3 倍做多纳指 ETF - ProShares,1372392000000,2013-06-28,2013-06-28 00:00:00,262.750222463361,271.1603801247869,261.060510421796,265.55360835050294,156076800,0.0
TQQQ.US,3 倍做多纳指 ETF - ProShares,1372651200000,2013-07-01,2013-07-01 00:00:00,271.96683359917023,277.8040206518494,270.54593938239964,271.2371852175853,103891200,0.0
TQQQ.US,3 倍做多纳指 ETF - ProShares,1372737600000,2013-07-02,2013-07-02 00:00:00,271.04517248558926,276.57513916707484,267.3969305776648,271.35239285678296,124377600,0.0
TQQQ.US,3 倍做多纳指 ETF - ProShares,1372824000000,2013-07-03,2013-07-03 00:00:00,268.741019701637,278.68727921903104,268.0497738664513,275.0006347647074,53769600,0.0
TQQQ.US,3 倍做多纳指 ETF - ProShares,1372996800000,2013-07-05,2013-07-05 00:00:00,279.5321352398136,281.41386001337463,273.04210489834793,281.10663964218105,114441600,0.0
TQQQ.US,3 倍做多纳指 ETF - ProShares,1373256000000,2013-07-08,2013-07-08 00:00:00,285.5229324780896,285.86855539568245,279.032902136624,282.0283007557619,88281600,0.0
TQQQ.US,3 倍做多纳指 ETF - ProShares,1373342400000,2013-07-09,2013-07-09 00:00:00,285.90695794208165,288.979161654018,282.14350839495955,287.1742419732554,84316800,0.0
TQQQ.US,3 倍做多纳指 ETF - ProShares,1373428800000,2013-07-10,2013-07-10 00:00:00,286.1373732204769,293.3954544899266,286.1373732204769,292.01296281955524,100867200,0.0
TQQQ.US,3 倍做多纳指 ETF - ProShares,1373515200000,2013-07-11,2013-07-11 00:00:00,301.34478159456205,310.21576981277843,300.88395103777157,310.21576981277843,153024000,0.0
TQQQ.US,3 倍做多纳指 ETF - ProShares,1373601600000,2013-07-12,2013-07-12 00:00:00,310.2925749055768,314.1328295454974,307.7580068432293,313.4799862567109,83510400,0.0
TQQQ.US,3 倍做多纳指 ETF - ProShares,1373860800000,2013-07-15,2013-07-15 00:00:00,314.4784524630902,316.24496959745363,311.90548185434346,315.8993466798608,91622400,0.0
TQQQ.US,3 倍做多纳指 ETF - ProShares,1373947200000,2013-07-16,2013-07-16 00:00:00,316.4753848758489,317.2050332574338,312.0974945863395,314.67046519508625,85219200,0.0
TQQQ.US,3 倍做多纳指 ETF - ProShares,1374033600000,2013-07-17,2013-07-17 00:00:00,317.3586434430306,318.93314784539797,314.20963463829577,316.8978128862401,79104000,0.0
TQQQ.US,3 倍做多纳指 ETF - ProShares,1374120000000,2013-07-18,2013-07-18 00:00:00,316.7442027006433,319.0483554845956,313.0191556999204,314.5936601022878,101136000,0.0
TQQQ.US,3 倍做多纳指 ETF - ProShares,1374206400000,2013-07-19,2013-07-19 00:00:00,306.41391771925714,306.5291253584548,301.88241724415093,305.03142604888575,108595200,0.0
TQQQ.US,3 倍做多纳指 ETF - ProShares,1374465600000,2013-07-22,2013-07-22 00:00:00,308.257239946419,309.4093163383951,304.53219294569607,307.22037119364046,85852800,0.0
TQQQ.US,3 倍做多纳指 ETF - ProShares,1374552000000,2013-07-23,2013-07-23 00:00:00,309.0252908744031,309.0252908744031,299.88548483139226,300.38471793458194,86428800,0.0
TQQQ.US,3 倍做多纳指 ETF - ProShares,1374638400000,2013-07-24,2013-07-24 00:00:00,309.2941086991975,309.67813416318955,301.3831841409613,303.22650636812307,105744000,0.0
TQQQ.US,3 倍做多纳指 ETF - ProShares,1374724800000,2013-07-25,2013-07-25 00:00:00,307.6812017504309,310.13896471998004,302.88088345053023,308.71807050320945,81110400,0.0
TQQQ.US,3 倍做多纳指 ETF - ProShares,1374811200000,2013-07-26,2013-07-26 00:00:00,305.37704896647864,314.0560244526989,304.03295984250644,313.82560917430374,77654400,0.0
TQQQ.US,3 倍做多纳指 ETF - ProShares,1375070400000,2013-07-29,2013-07-29 00:00:00,312.2127022255371,316.09135941185684,309.7165367095888,312.3663124111339,72345600,0.0
TQQQ.US,3 倍做多纳指 ETF - ProShares,1375156800000,2013-07-30,2013-07-30 00:00:00,315.8225415870624,321.1604955365519,313.7872066279045,317.01302052543775,120960000,0.0
TQQQ.US,3 倍做多纳指 ETF - ProShares,1375243200000,2013-07-31,2013-07-31 00:00:00,319.0099529381964,324.3095043412867,317.12822816463535,319.0099529381964,110179200,0.0
TQQQ.US,3 倍做多纳指 ETF - ProShares,1375329600000,2013-08-01,2013-08-01 00:00:00,325.4999832796621,330.0314837547682,324.4631145268835,328.72579717719526,77596800,0.0
TQQQ.US,3 倍做多纳指 ETF - ProShares,1375416000000,2013-08-02,2013-08-02 00:00:00,328.9946150019897,334.33256895147923,326.6520596716382,334.2173613122816,97104000,0.0
TQQQ.US,3 倍做多纳指 ETF - ProShares,1375675200000,2013-08-05,2013-08-05 00:00:00,333.0652849203055,335.599852982653,331.7980008891317,334.9470096938665,79440000,0.0
TQQQ.US,3 倍做多纳指 ETF - ProShares,1375761600000,2013-08-06,2013-08-06 00:00:00,333.4493103842975,334.4093740442776,324.8087374444763,328.9946150019897,93820800,0.0
TQQQ.US,3 倍做多纳指 ETF - ProShares,1375848000000,2013-08-07,2013-08-07 00:00:00,325.8840087436541,328.72579717719526,319.89321150537813,327.1128902284287,120585600,0.0
TQQQ.US,3 倍做多纳指 ETF - ProShares,1375934400000,2013-08-08,2013-08-08 00:00:00,332.5276492707166,334.0637511266848,325.46158073326285,331.45237797153885,130598400,0.0
TQQQ.US,3 倍做多纳指 ETF - ProShares,1376020800000,2013-08-09,2013-08-09 00:00:00,330.45391176515955,333.67972566269276,325.0391527228716,327.919343702812,98534400,0.0
TQQQ.US,3 倍做多纳指 ETF - ProShares,1376280000000,2013-08-12,2013-08-12 00:00:00,323.96388142369386,331.7980008891317,323.92547887729467,329.9546786619698,68822400,0.0
TQQQ.US,3 倍做多纳指 ETF - ProShares,1376366400000,2013-08-13,2013-08-13 00:00:00,331.298767785942,337.8656032202061,324.3095043412867,335.407840250657,154483200,0.0
TQQQ.US,3 倍做多纳指 ETF - ProShares,1376452800000,2013-08-14,2013-08-14 00:00:00,335.21582751866094,336.67512428183073,330.4155092187603,331.68279324993404,94368000,0.0
TQQQ.US,3 倍做多纳指 ETF - ProShares,1376539200000,2013-08-15,2013-08-15 00:00:00,320.77647007255985,320.85327516535824,312.2895073183355,315.0544906590783,132883200,0.0
TQQQ.US,3 倍做多纳指 ETF - ProShares,1376625600000,2013-08-16,2013-08-16 00:00:00,315.13129575187673,319.31717330939006,312.90394806072277,313.9408168135013,70176000,0.0
TQQQ.US,3 倍做多纳指 ETF - ProShares,1376884800000,2013-08-19,2013-08-19 00:00:00,315.0544906590783,322.5045846605241,312.6735327823276,312.7119353287267,90115200,0.0
TQQQ.US,3 倍做多纳指 ETF - ProShares,1376971200000,2013-08-20,2013-08-20 00:00:00,314.8624779270823,321.3141057221487,313.86401172070293,316.97461797903856,88752000,0.0
TQQQ.US,3 倍做多纳指 ETF - ProShares,1377057600000,2013-08-21,2013-08-21 00:00:00,314.20963463829577,322.0437541037336,310.3693799983752,313.82560917430374,159686400,0.0
TQQQ.US,3 倍做多纳指 ETF - ProShares,1377144000000,2013-08-22,2013-08-22 00:00:00,317.5122536286274,323.4646483205042,317.2050332574338,322.7734024853185,71260800,0.0
TQQQ.US,3 倍做多纳指 ETF - ProShares,1377230400000,2013-08-23,2013-08-23 00:00:00,329.91627611557067,330.4923143115587,326.1912291148478,329.57065319797783,76512000,0.0
TQQQ.US,3 倍做多纳指 ETF - ProShares,1377489600000,2013-08-26,2013-08-26 00:00:00,330.0314837547682,337.2127599314196,327.7657335172152,329.8778735691714,74918400,0.0
TQQQ.US,3 倍做多纳指 ETF - ProShares,1377576000000,2013-08-27,2013-08-27 00:00:00,318.20349946381305,322.8502075781169,307.41238392563645,309.1020959672015,200131200,0.0
TQQQ.US,3 倍做多纳指 ETF - ProShares,1377662400000,2013-08-28,2013-08-28 00:00:00,308.91008323520543,317.05142307183695,308.52605777121346,313.0959607927188,102038400,0.0
TQQQ.US,3 倍做多纳指 ETF - ProShares,1377748800000,2013-08-29,2013-08-29 00:00:00,312.98075315352116,324.3479068876859,311.6750665759482,319.5859911341845,129465600,0.0
TQQQ.US,3 倍做多纳指 ETF - ProShares,1377835200000,2013-08-30,2013-08-30 00:00:00,320.5076522477654,320.69966497976145,310.21576981277843,313.6335964423077,121996800,0.0
TQQQ.US,3 倍做多纳指 ETF - ProShares,1378180800000,2013-09-03,2013-09-03 00:00:00,321.23730062935033,325.4999832796621,314.78567283428384,318.7795376598012,85699200,0.0
TQQQ.US,3 倍做多纳指 ETF - ProShares,1378267200000,2013-09-04,2013-09-04 00:00:00,321.81333882533835,330.45391176515955,319.43238094858765,329.18662773398574,83078400,0.0
TQQQ.US,3 倍做多纳指 ETF - ProShares,1378353600000,2013-09-05,2013-09-05 00:00:00,329.6474582907762,333.4109078378983,329.26343282678414,330.60752195075634,48451200,0.0
TQQQ.US,3 倍做多纳指 ETF - ProShares,1378440000000,2013-09-06,2013-09-06 00:00:00,333.87173839468875,336.98234465302437,320.69966497976145,331.8364034355309,122121600,0.0
TQQQ.US,3 倍做多纳指 ETF - ProShares,1378699200000,2013-09-09,2013-09-09 00:00:00,335.7534631682498,345.08528194325663,335.7534631682498,343.51077754088925,94281600,0.0
TQQQ.US,3 倍做多纳指 ETF - ProShares,1378785600000,2013-09-10,2013-09-10 00:00:00,349.5399773255644,349.9240027895565,344.8548666648614,348.69512130478194,151929600,0.0
TQQQ.US,3 倍做多纳指 ETF - ProShares,1378872000000,2013-09-11,2013-09-11 00:00:00,341.8210654993242,347.1206169024145,340.2465610969568,346.92860417041845,106118400,0.0
TQQQ.US,3 倍做多纳指 ETF - ProShares,1378958400000,2013-09-12,2013-09-12 00:00:00,346.77499398482166,349.04074422237477,343.74119281928444,345.39250231445027,66921600,0.0
TQQQ.US,3 倍做多纳指 ETF - ProShares,1379044800000,2013-09-13,2013-09-13 00:00:00,347.0822143560153,347.6582525520034,340.9378069321425,346.5061761600272,80860800,0.0
TQQQ.US,3 倍做多纳指 ETF - ProShares,1379304000000,2013-09-16,2013-09-16 00:00:00,355.0315414606507,355.14674909984836,341.32183239613454,343.58758263368765,132374400,0.0
TQQQ.US,3 倍做多纳指 ETF - ProShares,1379390400000,2013-09-17,2013-09-17 00:00:00,345.54611250004706,351.6905199239199,345.54611250004706,350.46163843914536,66940800,0.0
TQQQ.US,3 倍做多纳指 ETF - ProShares,1379476800000,2013-09-18,2013-09-18 00:00:00,351.9593377487143,365.0930086172425,349.8856002431572,363.326491482879,127507200,0.0
TQQQ.US,3 倍做多纳指 ETF - ProShares,1379563200000,2013-09-19,2013-09-19 00:00:00,366.2066824628194,368.24201742197727,363.8257245860687,365.5922417204321,71404800,0.0
TQQQ.US,3 倍做多纳指 ETF - ProShares,1379649600000,2013-09-20,2013-09-20 00:00:00,368.3956276075741,369.317288721155,361.17594888452356,361.59837689491485,108153600,0.0
TQQQ.US,3 倍做多纳指 ETF - ProShares,1379908800000,2013-09-23,2013-09-23 00:00:00,366.6675130196098,367.5507715867916,354.41710071826344,359.5246393893578,134889600,0.0
TQQQ.US,3 倍做多纳指 ETF - ProShares,1379995200000,2013-09-24,2013-09-24 00:00:00,362.0208049053061,365.3618264420369,356.0300076670301,359.6398470285553,82003200,0.0
TQQQ.US,3 倍做多纳指 ETF - ProShares,1380081600000,2013-09-25,2013-09-25 00:00:00,360.139080131745,361.82879217331003,353.7258548830778,356.2220203990261,108662400,0.0
TQQQ.US,3 倍做多纳指 ETF - ProShares,1380168000000,2013-09-26,2013-09-26 00:00:00,360.40789795653944,366.6291104732107,359.79345721415217,364.4017627820568,89020800,0.0
TQQQ.US,3 倍做多纳指 ETF - ProShares,1380254400000,2013-09-27,2013-09-27 00:00:00,358.3341604509824,364.6705806068512,356.2988254918245,362.67364819409255,73200000,0.0
TQQQ.US,3 倍做多纳指 ETF - ProShares,1380513600000,2013-09-30,2013-09-30 00:00:00,351.53690973832306,362.8272583796894,347.965472923197,360.36949541014025,123292800,0.0
TQQQ.US,3 倍做多纳指 ETF - ProShares,1380600000000,2013-10-01,2013-10-01 00:00:00,360.21588522454346,371.6598440515065,359.8702623069506,371.19901349471604,87888000,0.0
TQQQ.US,3 倍做多纳指 ETF - ProShares,1380686400000,2013-10-02,2013-10-02 00:00:00,363.2496863900806,372.1974797010954,362.55844055489496,370.5077676595304,86313600,0.0
TQQQ.US,3 倍做多纳指 ETF - ProShares,1380772800000,2013-10-03,2013-10-03 00:00:00,369.2020810819574,371.4678313195105,351.7289224703191,357.6045120693975,161577600,0.0
TQQQ.US,3 倍做多纳指 ETF - ProShares,1380859200000,2013-10-04,2013-10-04 00:00:00,357.41249933740147,368.31882251477566,356.83646114141334,366.82112320520673,92112000,0.0
TQQQ.US,3 倍做多纳指 ETF - ProShares,1381118400000,2013-10-07,2013-10-07 00:00:00,357.48930443019987,366.1682799164202,356.8748636878126,357.7581222549943,99340800,0.0
TQQQ.US,3 倍做多纳指 ETF - ProShares,1381204800000,2013-10-08,2013-10-08 00:00:00,357.6045120693975,358.48777063657917,336.71352682822993,337.5199803026132,234777600,0.0
TQQQ.US,3 倍做多纳指 ETF - ProShares,1381291200000,2013-10-09,2013-10-09 00:00:00,339.3248999833759,339.82413308656555,325.5767883724605,333.79493330189035,218448000,0.0
TQQQ.US,3 倍做多纳指 ETF - ProShares,1381377600000,2013-10-10,2013-10-10 00:00:00,344.47084120086936,357.1820840590062,344.2788284688733,354.9931389142516,144720000,0.0
TQQQ.US,3 倍做多纳指 ETF - ProShares,1381464000000,2013-10-11,2013-10-11 00:00:00,352.30496066630724,364.01773731806475,352.15135048071033,362.9808685652862,130147200,0.0
TQQQ.US,3 倍做多纳指 ETF - ProShares,1381723200000,2013-10-14,2013-10-14 00:00:00,356.52924077021976,370.814988030724,355.60757965663885,370.5077676595304,140956800,0.0
TQQQ.US,3 倍做多纳指 ETF - ProShares,1381809600000,2013-10-15,2013-10-15 00:00:00,369.7781192779455,375.4232935986286,365.2082162564401,366.5523053804123,162076800,0.0
TQQQ.US,3 倍做多纳指 ETF - ProShares,1381896000000,2013-10-16,2013-10-16 00:00:00,371.4678313195105,379.609171156142,370.8533905771232,379.0715355065531,129302400,0.0
TQQQ.US,3 倍做多纳指 ETF - ProShares,1381982400000,2013-10-17,2013-10-17 00:00:00,373.6567764642652,385.9071887656116,373.0423357218779,385.1775403840267,166368000,0.0
TQQQ.US,3 倍做多纳指 ETF - ProShares,1382068800000,2013-10-18,2013-10-18 00:00:00,395.8918508294049,404.6860339548229,392.7812445710693,404.2252033980324,135110400,0.0
TQQQ.US,3 倍做多纳指 ETF - ProShares,1382328000000,2013-10-21,2013-10-21 00:00:00,406.5293561819847,409.9087802651148,403.07312700605627,406.5293561819847,99369600,0.0
TQQQ.US,3 倍做多纳指 ETF - ProShares,1382414400000,2013-10-22,2013-10-22 00:00:00,411.02245411069174,415.32353930740265,401.0377920468984,407.9502503987553,157660800,0.0
TQQQ.US,3 倍做多纳指 ETF - ProShares,1382500800000,2013-10-23,2013-10-23 00:00:00,402.65069899566504,404.9548517796173,395.39261772621524,401.3834149644913,161184000,0.0
TQQQ.US,3 倍做多纳指 ETF - ProShares,1382587200000,2013-10-24,2013-10-24 00:00:00,401.6522327892857,408.9871191515338,400.1161309333175,406.3757459963879,108547200,0.0
TQQQ.US,3 倍做多纳指 ETF - ProShares,1382673600000,2013-10-25,2013-10-25 00:00:00,418.011717555347,420.62309071049293,409.3327420691267,414.5170858330194,140467200,0.0
TQQQ.US,3 倍做多纳指 ETF - ProShares,1382932800000,2013-10-28,2013-10-28 00:00:00,415.09312402900747,417.20526408096373,409.9087802651148,415.3619418538019,83251200,0.0
TQQQ.US,3 倍做多纳指 ETF - ProShares,1383019200000,2013-10-29,2013-10-29 00:00:00,419.3558066793192,420.5846881640938,412.02092031707105,417.3588742665606,84105600,0.0
TQQQ.US,3 倍做多纳指 ETF - ProShares,1383105600000,2013-10-30,2013-10-30 00:00:00,421.85197219526754,423.69529442242936,410.48481846110286,416.0147851425883,198662400,0.0
TQQQ.US,3 倍做多纳指 ETF - ProShares,1383192000000,2013-10-31,2013-10-31 00:00:00,413.21139925544645,421.007116174485,408.833508965937,413.36500944104324,141782400,0.0
TQQQ.US,3 倍做多纳指 ETF - ProShares,1383278400000,2013-11-01,2013-11-01 00:00:00,416.9364462561693,418.8181710297303,407.5278223883641,413.13459416264794,163132800,0.0
TQQQ.US,3 倍做多纳指 ETF - ProShares,1383541200000,2013-11-04,2013-11-04 00:00:00,417.627692091355,417.627692091355,410.9840515642925,415.13152657540667,91641600,0.0
TQQQ.US,3 倍做多纳指 ETF - ProShares,1383627600000,2013-11-05,2013-11-05 00:00:00,410.48481846110286,419.6246245041136,407.0285892851744,416.8980437097701,132124800,0.0
TQQQ.US,3 倍做多纳指 ETF - ProShares,1383714000000,2013-11-06,2013-11-06 00:00:00,421.73676455606994,422.27440020565876,412.4433483274623,416.20679787458437,163910400,0.0
TQQQ.US,3 倍做多纳指 ETF - ProShares,1383800400000,2013-11-07,2013-11-07 00:00:00,416.43721315297967,418.2421328337423,391.89798600388764,393.088464942263,232934400,0.0
TQQQ.US,3 倍做多纳指 ETF - ProShares,1383886800000,2013-11-08,2013-11-08 00:00:00,397.2359399533771,409.0255216979331,393.8949184166463,408.641496233941,118080000,0.0
TQQQ.US,3 倍做多纳指 ETF - ProShares,1384146000000,2013-11-11,2013-11-11 00:00:00,406.0685256251943,410.17759808990917,402.76590663486263,406.68296636758157,63494400,0.0
TQQQ.US,3 倍做多纳指 ETF - ProShares,1384232400000,2013-11-12,2013-11-12 00:00:00,403.11152955245547,410.48481846110286,402.4202837172698,408.67989878034024,108777600,0.0
TQQQ.US,3 倍做多纳指 ETF - ProShares,1384318800000,2013-11-13,2013-11-13 00:00:00,400.9225844077008,423.4264765976349,400.6153640365071,423.3112689584374,126470400,0.0
TQQQ.US,3 倍做多纳指 ETF - ProShares,1384405200000,2013-11-14,2013-11-14 00:00:00,419.89344232890807,428.2651974439348,417.58928954495576,426.57548540236974,118819200,0.0
TQQQ.US,3 倍做多纳指 ETF - ProShares,1384491600000,2013-11-15,2013-11-15 00:00:00,428.0347821655395,429.9549094854998,424.6553580824095,429.53248147510857,89203200,0.0
TQQQ.US,3 倍做多纳指 ETF - ProShares,1384750800000,2013-11-18,2013-11-18 00:00:00,429.3020661967133,432.1438546302545,414.9395138434106,417.66609463775416,143846400,0.0
TQQQ.US,3 倍做多纳指 ETF - ProShares,1384837200000,2013-11-19,2013-11-19 00:00:00,416.55242079217726,422.4280103912556,411.636894853079,413.5570221730393,102192000,0.0
TQQQ.US,3 倍做多纳指 ETF - ProShares,1384923600000,2013-11-20,2013-11-20 00:00:00,417.12845898816533,421.5831543704731,407.0285892851744,410.6768311930989,125865600,0.0
TQQQ.US,3 倍做多纳指 ETF - ProShares,1385010000000,2013-11-21,2013-11-21 00:00:00,415.5155520393987,424.15612497921984,414.74750111141464,423.2344638656389,86592000,0.0
TQQQ.US,3 倍做多纳指 ETF - ProShares,1385096400000,2013-11-22,2013-11-22 00:00:00,425.46181155679284,430.30053240309263,424.3097351648167,429.9165069391006,87014400,0.0
TQQQ.US,3 倍做多纳指 ETF - ProShares,1385355600000,2013-11-25,2013-11-25 00:00:00,434.1791895894124,435.9457067237758,429.801299299903,432.7582953726418,92582400,0.0
TQQQ.US,3 倍做多纳指 ETF - ProShares,1385442000000,2013-11-26,2013-11-26 00:00:00,433.5647488470251,442.9349701684311,430.4157400422903,439.90116900289394,106713600,0.0
TQQQ.US,3 倍做多纳指 ETF - ProShares,1385528400000,2013-11-27,2013-11-27 00:00:00,442.4741396116406,449.27139032429994,441.3604657660637,448.69535212831187,137894400,0.0
TQQQ.US,3 倍做多纳指 ETF - ProShares,1385701200000,2013-11-29,2013-11-29 00:00:00,454.1101111705998,458.7568192849036,452.99643732502284,456.06864103695926,91622400,0.0
TQQQ.US,3 倍做多纳指 ETF - ProShares,1385960400000,2013-12-02,2013-12-02 00:00:00,458.6800141921052,460.6385440584647,451.07631000506257,453.2268526034181,165936000,0.0
TQQQ.US,3 倍做多纳指 ETF - ProShares,1386046800000,2013-12-03,2013-12-03 00:00:00,451.99797111864353,455.45420029457193,446.660017169154,451.92116602584514,134544000,0.0
TQQQ.US,3 倍做多纳指 ETF - ProShares,1386133200000,2013-12-04,2013-12-04 00:00:00,446.2375891587628,457.56634034652825,441.82129632285415,453.0732424178213,133996800,0.0
TQQQ.US,3 倍做多纳指 ETF - ProShares,1386219600000,2013-12-05,2013-12-05 00:00:00,454.5325391809911,455.68461557296723,447.8504961075294,451.6523482010507,126480000,0.0
TQQQ.US,3 倍做多纳指 ETF - ProShares,1386306000000,2013-12-06,2013-12-06 00:00:00,462.55867137842495,463.9795655951955,454.6093442737895,460.9841669760575,142588800,0.0
TQQQ.US,3 倍做多纳指 ETF - ProShares,1386565200000,2013-12-09,2013-12-09 00:00:00,466.43732856474463,469.6247399158786,464.3251885127883,466.514133657543,112608000,0.0
TQQQ.US,3 倍做多纳指 ETF - ProShares,1386651600000,2013-12-10,2013-12-10 00:00:00,464.13317578079227,468.31905333830565,463.05790448161457,465.6692776367605,93004800,0.0
TQQQ.US,3 倍做多纳指 ETF - ProShares,1386738000000,2013-12-11,2013-12-11 00:00:00,465.4004598119661,467.5894049567208,445.85356369477074,448.27292411792064,148464000,0.0
TQQQ.US,3 倍做多纳指 ETF - ProShares,1386824400000,2013-12-12,2013-12-12 00:00:00,448.4265343035174,451.53714056185305,443.2421905396248,444.62468220999614,107347200,0.0
TQQQ.US,3 倍做多纳指 ETF - ProShares,1386910800000,2013-12-13,2013-12-13 00:00:00,450.5002718090745,451.1915176442602,440.2083893740875,442.5125421580399,81206400,0.0
TQQQ.US,3 倍做多纳指 ETF - ProShares,1387170000000,2013-12-16,2013-12-16 00:00:00,448.9257674067071,457.4511327073306,448.157716478723,450.1162463450825,74966400,0.0
TQQQ.US,3 倍做多纳指 ETF - ProShares,1387256400000,2013-12-17,2013-12-17 00:00:00,450.1162463450825,452.99643732502284,444.62468220999614,447.2744579115413,72960000,0.0
TQQQ.US,3 倍做多纳指 ETF - ProShares,1387342800000,2013-12-18,2013-12-18 00:00:00,448.4265343035174,463.8259554095987,429.0332483719189,462.71228156402174,161596800,0.0
TQQQ.US,3 倍做多纳指 ETF - ProShares,1387429200000,2013-12-19,2013-12-19 00:00:00,460.13931095527494,460.4849338728678,452.6892169538292,458.56480655290756,117177600,0.0
TQQQ.US,3 倍做多纳指 ETF - ProShares,1387515600000,2013-12-20,2013-12-20 00:00:00,460.83055679046066,475.6155371541546,460.44653132646863,472.3513207102222,113750400,0.0
TQQQ.US,3 倍做多纳指 ETF - ProShares,1387774800000,2013-12-23,2013-12-23 00:00:00,484.0640973619797,487.6355341771058,480.1086350828616,487.6355341771058,112502400,0.0
TQQQ.US,3 倍做多纳指 ETF - ProShares,1387861200000,2013-12-24,2013-12-24 00:00:00,487.673936723505,489.09483094027564,485.2929788467543,488.32678001229147,38006400,0.0
TQQQ.US,3 倍做多纳指 ETF - ProShares,1388034000000,2013-12-26,2013-12-26 00:00:00,490.6309327962438,494.2023696113699,488.0579621874971,493.0886957657929,55814400,0.0
TQQQ.US,3 倍做多纳指 ETF - ProShares,1388120400000,2013-12-27,2013-12-27 00:00:00,494.74000526095875,495.62326382814047,487.5587290843074,489.4788564042676,73939200,0.0
TQQQ.US,3 倍做多纳指 ETF - ProShares,1388379600000,2013-12-30,2013-12-30 00:00:00,486.90588579552093,489.01802584747713,483.0272286092012,486.90588579552093,53078400,0.0
TQQQ.US,3 倍做多纳指 ETF - ProShares,1388466000000,2013-12-31,2013-12-31 00:00:00,489.74767422906206,496.468119848923,489.24844112587243,496.468119848923,64176000,0.0
TQQQ.US,3 倍做多纳指 ETF - ProShares,1388638800000,2014-01-02,2014-01-02 00:00:00,489.67086913626366,490.0164920538565,480.6078681860513,484.870550836363,98976000,0.0
TQQQ.US,3 倍做多纳指 ETF - ProShares,1388725200000,2014-01-03,2014-01-03 00:00:00,484.7937457435646,486.1378348675368,474.0410327517872,474.30985057658165,97545600,0.0
TQQQ.US,3 倍做多纳指 ETF - ProShares,1388984400000,2014-01-06,2014-01-06 00:00:00,474.6938760405737,476.1915753501427,463.78755286319944,469.27911699828576,125923200,0.0
TQQQ.US,3 倍做多纳指 ETF - ProShares,1389070800000,2014-01-07,2014-01-07 00:00:00,475.3467193293602,484.02569481558055,472.96576145260946,481.4143216604346,92313600,0.0
TQQQ.US,3 倍做多纳指 ETF - ProShares,1389157200000,2014-01-08,2014-01-08 00:00:00,482.1439700420195,489.09483094027564,479.0717663300831,485.02416102195986,93264000,0.0
TQQQ.US,3 倍做多纳指 ETF - ProShares,1389243600000,2014-01-09,2014-01-09 00:00:00,490.17010223945334,490.669335342643,475.30831678296096,480.0318299900632,105561600,0.0
TQQQ.US,3 倍做多纳指 ETF - ProShares,1389330000000,2014-01-10,2014-01-10 00:00:00,483.94888972278216,486.48345778512964,473.1577741846055,484.83214828996387,119942400,0.0
TQQQ.US,3 倍做多纳指 ETF - ProShares,1389589200000,2014-01-13,2014-01-13 00:00:00,482.8736184236044,487.86594945550104,457.8351581713227,463.2883197600098,173107200,0.0
TQQQ.US,3 倍做多纳指 ETF - ProShares,1389675600000,2014-01-14,2014-01-14 00:00:00,468.16544315270886,490.7461404354414,468.0502355135112,489.7860767754613,138076800,0.0
TQQQ.US,3 倍做多纳指 ETF - ProShares,1389762000000,2014-01-15,2014-01-15 00:00:00,495.58486128174127,504.68626477835284,494.43278488976506,501.2300356024244,120528000,0.0
TQQQ.US,3 倍做多纳指 ETF - ProShares,1389848400000,2014-01-16,2014-01-16 00:00:00,500.5387897672387,504.148629128764,498.08102679768956,502.26690435520294,70512000,0.0
TQQQ.US,3 倍做多纳指 ETF - ProShares,1389934800000,2014-01-17,2014-01-17 00:00:00,497.5049886017015,501.61406106641647,489.82447932186045,493.35751359058736,84460800,0.0
TQQQ.US,3 倍做多纳指 ETF - ProShares,1390280400000,2014-01-21,2014-01-21 00:00:00,502.7661374583926,505.2239004279417,492.1286321058128,504.3790444071592,88022400,0.0
TQQQ.US,3 倍做多纳指 ETF - ProShares,1390366800000,2014-01-22,2014-01-22 00:00:00,508.29610413987814,512.021151140601,504.03342148956636,509.0641550678622,78432000,0.0
TQQQ.US,3 倍做多纳指 ETF - ProShares,1390453200000,2014-01-23,2014-01-23 00:00:00,503.8030062111712,504.03342148956636,492.8198779409985,502.9581501903886,129052800,0.0
TQQQ.US,3 倍做多纳指 ETF - ProShares,1390539600000,2014-01-24,2014-01-24 00:00:00,495.4774471076871,498.1272644887467,473.08841039525635,473.1652166961566,141648000,0.0
TQQQ.US,3 倍做多纳指 ETF - ProShares,1390798800000,2014-01-27,2014-01-27 00:00:00,473.7028608024586,475.96864667901673,449.6240854702217,459.3784856845569,177729600,0.0
TQQQ.US,3 倍做多纳指 ETF - ProShares,1390885200000,2014-01-28,2014-01-28 00:00:00,452.2739028512813,460.4537738971608,450.43055162967465,459.22487308275635,109497600,0.0
TQQQ.US,3 倍做多纳指 ETF - ProShares,1390971600000,2014-01-29,2014-01-29 00:00:00,447.0894775405126,457.07429665754864,441.48261757479236,444.7468853630541,136497600,0.0
TQQQ.US,3 倍做多纳指 ETF - ProShares,1391058000000,2014-01-30,2014-01-30 00:00:00,460.7609991007619,473.3956355988575,459.14806678185613,468.21121028808875,116438400,0.0
TQQQ.US,3 倍做多纳指 ETF - ProShares,1391144400000,2014-01-31,2014-01-31 00:00:00,453.00356270983394,471.6290906781511,451.6978555945292,464.9085393493769,84532800,0.0
TQQQ.US,3 倍做多纳指 ETF - ProShares,1391403600000,2014-02-03,2014-02-03 00:00:00,462.3739314196677,469.01767644754165,429.3856251829987,434.10921268836574,183926400,0.0
TQQQ.US,3 倍做多纳指 ETF - ProShares,1391490000000,2014-02-04,2014-02-04 00:00:00,439.48565375138514,447.473509045014,435.6453387063713,442.5963089378464,90672000,0.0
TQQQ.US,3 倍做多纳指 ETF - ProShares,1391576400000,2014-02-05,2014-02-05 00:00:00,438.0263340342799,443.6331940000001,424.0475872704295,438.5255749901317,108513600,0.0
TQQQ.US,3 倍做多纳指 ETF - ProShares,1391662800000,2014-02-06,2014-02-06 00:00:00,442.98034044234777,457.2279092593492,442.28908373424525,455.30775173684225,73977600,0.0
TQQQ.US,3 倍做多纳指 ETF - ProShares,1391749200000,2014-02-07,2014-02-07 00:00:00,463.33401018092115,480.9226530870846,459.3784856845569,479.46333336997935,111456000,0.0
TQQQ.US,3 倍做多纳指 ETF - ProShares,1392008400000,2014-02-10,2014-02-10 00:00:00,479.7321554231303,488.91050838071345,478.69527036097656,488.29605797351115,83284800,0.0
TQQQ.US,3 倍做多纳指 ETF - ProShares,1392094800000,2014-02-11,2014-02-11 00:00:00,491.0610848059212,507.80485840218154,489.8705871419669,505.0014284193214,117504000,0.0
TQQQ.US,3 倍做多纳指 ETF - ProShares,1392181200000,2014-02-12,2014-02-12 00:00:00,508.0352773048824,511.2227387922439,503.38849610041564,507.38242374723006,108451200,0.0
TQQQ.US,3 倍做多纳指 ETF - ProShares,1392267600000,2014-02-13,2014-02-13 00:00:00,496.5143321698408,520.4394949002772,496.3607195680403,520.4394949002772,106507200,0.0
TQQQ.US,3 倍做多纳指 ETF - ProShares,1392354000000,2014-02-14,2014-02-14 00:00:00,519.7098350417245,525.8159359632965,514.2181845273548,521.9756209182827,94876800,0.0
TQQQ.US,3 倍做多纳指 ETF - ProShares,1392699600000,2014-02-18,2014-02-18 00:00:00,524.5870351488921,532.9205187965722,521.0155421570292,530.1170888137121,69292800,0.0
TQQQ.US,3 倍做多纳指 ETF - ProShares,1392786000000,2014-02-19,2014-02-19 00:00:00,527.0064336272509,530.5395234686636,515.7159073949101,518.5193373777703,136531200,0.0
TQQQ.US,3 倍做多纳指 ETF - ProShares,1392872400000,2014-02-20,2014-02-20 00:00:00,519.7098350417245,529.1570100524586,513.4885246688021,526.0463548659974,102643200,0.0
TQQQ.US,3 倍做多纳指 ETF - ProShares,1392958800000,2014-02-21,2014-02-21 00:00:00,531.0003612740653,533.4197597524239,522.2828461218838,523.3197311840376,83976000,0.0
TQQQ.US,3 倍做多纳指 ETF - ProShares,1393218000000,2014-02-24,2014-02-24 00:00:00,526.5071926713991,539.5642638244461,524.8558572020431,532.5364872920708,99422400,0.0
TQQQ.US,3 倍做多纳指 ETF - ProShares,1393304400000,2014-02-25,2014-02-25 00:00:00,534.6870637172785,537.7977189037398,525.5471139101456,530.6163297695639,92985600,0.0
TQQQ.US,3 倍做多纳指 ETF - ProShares,1393390800000,2014-02-26,2014-02-26 00:00:00,535.2247078235805,539.6410701253465,522.9356996795361,528.8497848488576,82929600,0.0
TQQQ.US,3 倍做多纳指 ETF - ProShares,1393477200000,2014-02-27,2014-02-27 00:00:00,529.3874289551595,540.908374090201,526.9296273263506,539.257038620845,87964800,0.0
TQQQ.US,3 倍做多纳指 ETF - ProShares,1393563600000,2014-02-28,2014-02-28 00:00:00,539.3338449217453,548.7042136315791,523.4733437858381,536.5304149388852,136718400,0.0
TQQQ.US,3 倍做多纳指 ETF - ProShares,1393822800000,2014-03-03,2014-03-03 00:00:00,521.9756209182827,529.6562510083104,511.4915608453949,524.7790509011428,158558400,0.0
TQQQ.US,3 倍做多纳指 ETF - ProShares,1393909200000,2014-03-04,2014-03-04 00:00:00,542.5213064091068,548.5121978793285,541.3308087451525,545.900783648719,108993600,0.0
TQQQ.US,3 倍做多纳指 ETF - ProShares,1393995600000,2014-03-05,2014-03-05 00:00:00,548.4353915784282,552.9285601810943,544.8638985865653,550.355549100935,77064000,0.0
TQQQ.US,3 倍做多纳指 ETF - ProShares,1394082000000,2014-03-06,2014-03-06 00:00:00,553.658220039647,555.0791366063021,542.6749190109074,548.2817789766276,92803200,0.0
TQQQ.US,3 倍做多纳指 ETF - ProShares,1394168400000,2014-03-07,2014-03-07 00:00:00,554.1958641459489,555.309555509003,532.3828746902702,540.4475362847993,132518400,0.0
TQQQ.US,3 倍做多纳指 ETF - ProShares,1394424000000,2014-03-10,2014-03-10 00:00:00,539.5642638244461,542.6749190109074,531.3843927785666,541.5612276478533,75580800,0.0
TQQQ.US,3 倍做多纳指 ETF - ProShares,1394510400000,2014-03-11,2014-03-11 00:00:00,545.900783648719,549.8179049946331,530.1170888137121,534.8406763190791,119774400,0.0
TQQQ.US,3 倍做多纳指 ETF - ProShares,1394596800000,2014-03-12,2014-03-12 00:00:00,527.8128997867037,541.6380339487537,521.6299925642315,540.8315677893007,109612800,0.0
TQQQ.US,3 倍做多纳指 ETF - ProShares,1394683200000,2014-03-13,2014-03-13 00:00:00,546.8608624099725,547.4753128171747,510.60828838504165,517.8664838201178,188414400,0.0
TQQQ.US,3 倍做多纳指 ETF - ProShares,1394769600000,2014-03-14,2014-03-14 00:00:00,512.2980270048478,519.4794161390237,506.6143607382273,507.2288111454295,107318400,0.0
TQQQ.US,3 倍做多纳指 ETF - ProShares,1395028800000,2014-03-17,2014-03-17 00:00:00,516.6759861561636,528.3505438930057,516.1383420498616,520.7467201038783,116942400,0.0
TQQQ.US,3 倍做多纳指 ETF - ProShares,1395115200000,2014-03-18,2014-03-18 00:00:00,522.359652422784,541.1003898424517,522.052427219183,539.4874575235459,113006400,0.0
TQQQ.US,3 倍做多纳指 ETF - ProShares,1395201600000,2014-03-19,2014-03-19 00:00:00,539.9482953289476,541.4844213469531,520.0554633957757,530.6163297695639,136444800,0.0
TQQQ.US,3 倍做多纳指 ETF - ProShares,1395288000000,2014-03-20,2014-03-20 00:00:00,525.6239202110457,539.6410701253465,522.2828461218838,534.7638700181789,87638400,0.0
TQQQ.US,3 倍做多纳指 ETF - ProShares,1395374400000,2014-03-21,2014-03-21 00:00:00,543.5581914712606,544.8638985865653,512.7588648102495,515.1782632886082,198307200,0.0
TQQQ.US,3 倍做多纳指 ETF - ProShares,1395633600000,2014-03-24,2014-03-24 00:00:00,521.5531862633312,522.5132650245847,488.10404222126056,502.1979984364613,266145600,0.0
TQQQ.US,3 倍做多纳指 ETF - ProShares,1395720000000,2014-03-25,2014-03-25 00:00:00,510.3010631814406,519.4794161390237,494.51736834643367,506.8447796409281,172516800,0.0
TQQQ.US,3 倍做多纳指 ETF - ProShares,1395806400000,2014-03-26,2014-03-26 00:00:00,514.6790223327564,517.7128712183173,487.14396346000706,487.5663981149586,201331200,0.0
TQQQ.US,3 倍做多纳指 ETF - ProShares,1395892800000,2014-03-27,2014-03-27 00:00:00,485.64624059245165,491.8675509653741,471.09144657184913,478.9256892636774,201993600,0.0
TQQQ.US,3 倍做多纳指 ETF - ProShares,1395979200000,2014-03-28,2014-03-28 00:00:00,483.64927676904443,497.6280235328949,478.0424168033242,482.03634445013864,166440000,0.0
TQQQ.US,3 倍做多纳指 ETF - ProShares,1396238400000,2014-03-31,2014-03-31 00:00:00,493.01964547887826,501.73716063105974,491.4067131599724,491.63713206267323,162441600,0.0
TQQQ.US,3 倍做多纳指 ETF - ProShares,1396324800000,2014-04-01,2014-04-01 00:00:00,499.5481810554018,518.9417720327217,499.01053694909984,518.2889184750694,178041600,0.0
TQQQ.US,3 倍做多纳指 ETF - ProShares,1396411200000,2014-04-02,2014-04-02 00:00:00,524.9326635029433,526.1999674677979,515.0630538372577,522.359652422784,163224000,0.0
TQQQ.US,3 倍做多纳指 ETF - ProShares,1396497600000,2014-04-03,2014-04-03 00:00:00,523.97258474169,526.1231611668977,500.8538881707065,510.0322411282896,159619200,0.0
TQQQ.US,3 倍做多纳指 ETF - ProShares,1396584000000,2014-04-04,2014-04-04 00:00:00,519.0953846345224,521.3227673606303,464.98534565027717,469.5553205538436,371011200,0.0
TQQQ.US,3 倍做多纳指 ETF - ProShares,1396843200000,2014-04-07,2014-04-07 00:00:00,460.1849518440098,472.74278204120515,445.86057672610815,455.46136433864274,312662400,0.0
TQQQ.US,3 倍做多纳指 ETF - ProShares,1396929600000,2014-04-08,2014-04-08 00:00:00,457.1511029584489,469.7857394565445,452.1202902494807,468.21121028808875,243240000,0.0
TQQQ.US,3 倍做多纳指 ETF - ProShares,1397016000000,2014-04-09,2014-04-09 00:00:00,473.1652166961566,492.82762972662755,469.5553205538436,492.2131793194253,221961600,0.0
TQQQ.US,3 倍做多纳指 ETF - ProShares,1397102400000,2014-04-10,2014-04-10 00:00:00,493.17325808067875,493.2500643815791,442.5963089378464,446.7438491864613,322276800,0.0
TQQQ.US,3 倍做多纳指 ETF - ProShares,1397188800000,2014-04-11,2014-04-11 00:00:00,434.5316473433173,451.46743669182837,428.0415149172439,431.1521701037051,211876800,0.0
TQQQ.US,3 倍做多纳指 ETF - ProShares,1397448000000,2014-04-14,2014-04-14 00:00:00,441.78984277839345,447.6271216468145,428.7711747757965,440.82976401714,281275200,0.0
TQQQ.US,3 倍做多纳指 ETF - ProShares,1397534400000,2014-04-15,2014-04-15 00:00:00,445.16932001800564,452.58112805488236,417.4806485434558,445.24612631890597,562051200,0.0
TQQQ.US,3 倍做多纳指 ETF - ProShares,1397620800000,2014-04-16,2014-04-16 00:00:00,456.6902651530472,462.75796292416914,445.7837704252079,462.52754402146826,251414400,0.0
TQQQ.US,3 倍做多纳指 ETF - ProShares,1397707200000,2014-04-17,2014-04-17 00:00:00,457.9575691179018,469.8625457574447,454.04044777198766,462.75796292416914,176625600,0.0
TQQQ.US,3 倍做多纳指 ETF - ProShares,1398052800000,2014-04-21,2014-04-21 00:00:00,466.4446653673824,473.31882929795717,459.8009203395084,473.2420229970569,144249600,0.0
TQQQ.US,3 倍做多纳指 ETF - ProShares,1398139200000,2014-04-22,2014-04-22 00:00:00,477.7351915997231,488.0272359203602,475.89184037811646,484.83977443299875,150321600,0.0
TQQQ.US,3 倍做多纳指 ETF - ProShares,1398225600000,2014-04-23,2014-04-23 00:00:00,484.5325492293976,484.916580733899,471.01464027094886,471.6290906781511,131366400,0.0
TQQQ.US,3 倍做多纳指 ETF - ProShares,1398312000000,2014-04-24,2014-04-24 00:00:00,495.32383450588657,495.40064080678684,469.939352058345,485.5694342915514,250776000,0.0
TQQQ.US,3 倍做多纳指 ETF - ProShares,1398398400000,2014-04-25,2014-04-25 00:00:00,476.58309708621897,478.2728357060251,458.7640352773547,462.10510936651673,244747200,0.0
TQQQ.US,3 倍做多纳指 ETF - ProShares,1398657600000,2014-04-28,2014-04-28 00:00:00,468.288016588989,476.58309708621897,444.7468853630541,467.0591157745846,482083200,0.0
TQQQ.US,3 倍做多纳指 ETF - ProShares,1398744000000,2014-04-29,2014-04-29 00:00:00,470.74581821779793,480.1161869276317,463.9484605881234,477.38956324567187,243633600,0.0
TQQQ.US,3 倍做多纳指 ETF - ProShares,1398830400000,2014-04-30,2014-04-30 00:00:00,471.47547807635056,482.76600430869127,467.2511315268353,481.6523129456372,184075200,0.0
TQQQ.US,3 倍做多纳指 ETF - ProShares,1398916800000,2014-05-01,2014-05-01 00:00:00,483.802889370845,493.78770848788105,480.03938062673143,485.95346579605274,143750400,0.0
TQQQ.US,3 倍做多纳指 ETF - ProShares,1399003200000,2014-05-02,2014-05-02 00:00:00,490.21621549601815,493.2500643815791,479.65534912223,483.57247046814416,151905600,0.0
TQQQ.US,3 倍做多纳指 ETF - ProShares,1399262400000,2014-05-05,2014-05-05 00:00:00,474.4325206610112,490.75385960232006,470.9378339700486,490.44663439871897,115790400,0.0
TQQQ.US,3 倍做多纳指 ETF - ProShares,1399348800000,2014-05-06,2014-05-06 00:00:00,488.29605797351115,488.9873146816137,471.01464027094886,471.47547807635056,161644800,0.0
TQQQ.US,3 倍做多纳指 ETF - ProShares,1399435200000,2014-05-07,2014-05-07 00:00:00,475.08537421866356,475.8150340772162,450.77617998372585,467.2511315268353,261907200,0.0
TQQQ.US,3 倍做多纳指 ETF - ProShares,1399521600000,2014-05-08,2014-05-08 00:00:00,462.60435032236853,482.76600430869127,459.22487308275635,465.6381992079295,219216000,0.0
TQQQ.US,3 倍做多纳指 ETF - ProShares,1399608000000,2014-05-09,2014-05-09 00:00:00,465.13895825207766,472.05152533310263,455.9606052944946,471.09144657184913,156475200,0.0
TQQQ.US,3 倍做多纳指 ETF - ProShares,1399867200000,2014-05-12,2014-05-12 00:00:00,479.65534912223,494.6709809482342,478.2728357060251,494.05653054103203,127684800,0.0
TQQQ.US,3 倍做多纳指 ETF - ProShares,1399953600000,2014-05-13,2014-05-13 00:00:00,495.78467231128826,500.9306944716067,492.36679192122585,495.0934156031857,117729600,0.0
TQQQ.US,3 倍做多纳指 ETF - ProShares,1400040000000,2014-05-14,2014-05-14 00:00:00,490.98427850502094,496.5143321698408,484.1869208753464,487.72001071675913,98640000,0.0
TQQQ.US,3 倍做多纳指 ETF - ProShares,1400126400000,2014-05-15,2014-05-15 00:00:00,487.14396346000706,489.7937808410666,466.9055031727841,476.4294844844184,201480000,0.0
TQQQ.US,3 倍做多纳指 ETF - ProShares,1400212800000,2014-05-16,2014-05-16 00:00:00,477.4663695465722,486.29909415010405,468.21121028808875,485.30061223840045,142910400,0.0
TQQQ.US,3 倍做多纳指 ETF - ProShares,1400472000000,2014-05-19,2014-05-19 00:00:00,480.99945938798487,497.70482983379515,478.69527036097656,495.70786601038793,120528000,0.0
TQQQ.US,3 倍做多纳指 ETF - ProShares,1400558400000,2014-05-20,2014-05-20 00:00:00,495.0934156031857,500.20103461305416,484.03330827354586,490.29302179691837,162331200,0.0
TQQQ.US,3 倍做多纳指 ETF - ProShares,1400644800000,2014-05-21,2014-05-21 00:00:00,492.52040452302646,504.7710095166206,491.8675509653741,504.11815595896826,123619200,0.0
TQQQ.US,3 倍做多纳指 ETF - ProShares,1400731200000,2014-05-22,2014-05-22 00:00:00,505.4622662247231,514.9094412354573,503.4653024013159,510.3778694823409,126480000,0.0
TQQQ.US,3 倍做多纳指 ETF - ProShares,1400817600000,2014-05-23,2014-05-23 00:00:00,512.5284459075486,522.052427219183,509.0721623670361,521.783605166032,95136000,0.0
TQQQ.US,3 倍做多纳指 ETF - ProShares,1401163200000,2014-05-27,2014-05-27 00:00:00,529.0802037515583,541.5612276478533,527.4672714326525,541.4076150460528,118387200,0.0
TQQQ.US,3 倍做多纳指 ETF - ProShares,1401249600000,2014-05-28,2014-05-28 00:00:00,540.908374090201,543.2509662676595,535.07109522178,536.2999960361843,118435200,0.0
TQQQ.US,3 倍做多纳指 ETF - ProShares,1401336000000,2014-05-29,2014-05-29 00:00:00,542.290887506406,547.1680876135736,538.9114102667938,547.1680876135736,87302400,0.0
TQQQ.US,3 倍做多纳指 ETF - ProShares,1401422400000,2014-05-30,2014-05-30 00:00:00,547.1680876135736,549.4722766405819,538.2969598595915,546.6688466577218,113347200,0.0
TQQQ.US,3 倍做多纳指 ETF - ProShares,1401681600000,2014-06-02,2014-06-02 00:00:00,548.8578262333797,549.1650514369808,534.7638700181789,545.3247363919669,101270400,0.0
TQQQ.US,3 倍做多纳指 ETF - ProShares,1401768000000,2014-06-03,2014-06-03 00:00:00,539.7178764262467,547.0912813126732,537.7977189037398,544.518270232514,95102400,0.0
TQQQ.US,3 倍做多纳指 ETF - ProShares,1401854400000,2014-06-04,2014-06-04 00:00:00,540.2171173820985,553.0053664819947,537.7209126028395,550.2787428000348,105355200,0.0
TQQQ.US,3 倍做多纳指 ETF - ProShares,1401940800000,2014-06-05,2014-06-05 00:00:00,552.0452877207412,567.4833542016968,546.3616214541206,564.6031179179364,176107200,0.0
TQQQ.US,3 倍做多纳指 ETF - ProShares,1402027200000,2014-06-06,2014-06-06 00:00:00,571.2468629458104,574.2807118313714,567.3297415998962,573.7430677250694,79219200,0.0
TQQQ.US,3 倍做多纳指 ETF - ProShares,1402286400000,2014-06-09,2014-06-09 00:00:00,574.9335653890237,577.0073355133312,568.1362077593492,572.7061826629157,124171200,0.0
TQQQ.US,3 倍做多纳指 ETF - ProShares,1402372800000,2014-06-10,2014-06-10 00:00:00,571.0164440431096,576.4312882565791,569.2498991224032,575.9704504511774,72796800,0.0
TQQQ.US,3 倍做多纳指 ETF - ProShares,1402459200000,2014-06-11,2014-06-11 00:00:00,569.480318025104,577.7369953718838,568.2898203611497,575.0871779908242,96979200,0.0
TQQQ.US,3 倍做多纳指 ETF - ProShares,1402545600000,2014-06-12,2014-06-12 00:00:00,571.6308944503118,573.4742456719184,553.658220039647,560.03314301437,120974400,0.0
TQQQ.US,3 倍做多纳指 ETF - ProShares,1402632000000,2014-06-13,2014-06-13 00:00:00,567.252935298996,568.7506581665514,557.4217287837605,563.8734580593838,72019200,0.0
TQQQ.US,3 倍做多纳指 ETF - ProShares,1402891200000,2014-06-16,2014-06-16 00:00:00,562.1453162891275,570.862831441309,557.9593728900625,565.9472281836913,89956800,0.0
TQQQ.US,3 倍做多纳指 ETF - ProShares,1402977600000,2014-06-17,2014-06-17 00:00:00,565.1023588737883,571.4772818485112,561.9533005368769,566.7536943431442,95640000,0.0
TQQQ.US,3 倍做多纳指 ETF - ProShares,1403064000000,2014-06-18,2014-06-18 00:00:00,569.0962865206027,578.7738804340376,558.6122264477149,577.0841418142314,114801600,0.0
TQQQ.US,3 倍做多纳指 ETF - ProShares,1403150400000,2014-06-19,2014-06-19 00:00:00,579.157911938539,580.1947970006927,567.6369668034974,574.8567590881235,105950400,0.0
TQQQ.US,3 倍做多纳指 ETF - ProShares,1403236800000,2014-06-20,2014-06-20 00:00:00,576.124063052978,579.0811056376386,572.8597952647162,576.9305292124309,56592000,0.0
TQQQ.US,3 倍做多纳指 ETF - ProShares,1403496000000,2014-06-23,2014-06-23 00:00:00,576.7769166106303,578.1210268763853,572.7061826629157,577.5833827700832,69408000,0.0
TQQQ.US,3 倍做多纳指 ETF - ProShares,1403582400000,2014-06-24,2014-06-24 00:00:00,577.5833827700832,591.9845641888852,571.0164440431096,575.9704504511774,160248000,0.0
TQQQ.US,3 倍做多纳指 ETF - ProShares,1403668800000,2014-06-25,2014-06-25 00:00:00,571.7077007512121,589.5651657105265,571.6308944503118,586.4545105240652,84523200,0.0
TQQQ.US,3 倍做多纳指 ETF - ProShares,1403755200000,2014-06-26,2014-06-26 00:00:00,588.067442842971,588.067442842971,574.0502929286705,588.067442842971,87580800,0.0
TQQQ.US,3 倍做多纳指 ETF - ProShares,1403841600000,2014-06-27,2014-06-27 00:00:00,585.7248506655126,595.5560571807481,585.4176254619115,593.9047217113921,73857600,0.0
TQQQ.US,3 倍做多纳指 ETF - ProShares,1404100800000,2014-06-30,2014-06-30 00:00:00,594.9416067735458,602.9294620671747,593.4822870564406,598.2826808627079,54451200,0.0
TQQQ.US,3 倍做多纳指 ETF - ProShares,1404187200000,2014-07-01,2014-07-01 00:00:00,604.2735723329296,622.8606971507966,603.8895408284282,618.3675285481303,66057600,0.0
TQQQ.US,3 倍做多纳指 ETF - ProShares,1404273600000,2014-07-02,2014-07-02 00:00:00,619.1739947075832,623.9743885138505,617.4842560877771,620.786927026489,81801600,0.0
TQQQ.US,3 倍做多纳指 ETF - ProShares,1404360000000,2014-07-03,2014-07-03 00:00:00,627.0082373994115,632.691903666032,622.131037292244,632.691903666032,64636800,0.0
TQQQ.US,3 倍做多纳指 ETF - ProShares,1404705600000,2014-07-07,2014-07-07 00:00:00,630.3877146390237,632.9991288696331,623.6671633102494,626.6242058949101,87950400,0.0
TQQQ.US,3 倍做多纳指 ETF - ProShares,1404792000000,2014-07-08,2014-07-08 00:00:00,623.6671633102494,624.7808546733035,596.7849579951525,604.7728132887813,151752000,0.0
TQQQ.US,3 倍做多纳指 ETF - ProShares,1404878400000,2014-07-09,2014-07-09 00:00:00,609.2659818914475,619.6348325129849,604.0431534302287,618.4443348490306,136963200,0.0
TQQQ.US,3 倍做多纳指 ETF - ProShares,1404964800000,2014-07-10,2014-07-10 00:00:00,594.5959784194946,619.4044136102841,591.9845641888852,612.6070559806095,123244800,0.0
TQQQ.US,3 倍做多纳指 ETF - ProShares,1405051200000,2014-07-11,2014-07-11 00:00:00,616.2169521229225,623.5519538588991,610.9941236617037,623.2447286552979,121689600,0.0
TQQQ.US,3 倍做多纳指 ETF - ProShares,1405310400000,2014-07-14,2014-07-14 00:00:00,631.6550186038783,639.0284234903049,628.7747823201179,635.188108445291,107059200,0.0
TQQQ.US,3 倍做多纳指 ETF - ProShares,1405396800000,2014-07-15,2014-07-15 00:00:00,637.7995226759004,640.5261463578603,614.6808261049171,628.544363417417,148536000,0.0
TQQQ.US,3 倍做多纳指 ETF - ProShares,1405483200000,2014-07-16,2014-07-16 00:00:00,641.9854660749656,643.8288172965722,633.7287887281857,635.6489462506927,106608000,0.0
TQQQ.US,3 倍做多纳指 ETF - ProShares,1405569600000,2014-07-17,2014-07-17 00:00:00,630.3109083381235,637.2618785695985,604.2735723329296,610.3028669536012,160924800,0.0
TQQQ.US,3 倍做多纳指 ETF - ProShares,1405656000000,2014-07-18,2014-07-18 00:00:00,620.7101207255888,640.1421148533589,617.6378686895778,639.1820360921054,116976000,0.0
TQQQ.US,3 倍做多纳指 ETF - ProShares,1405915200000,2014-07-21,2014-07-21 00:00:00,634.6888674894392,639.8732928002079,628.1219287624655,636.839443914647,94900800,0.0
TQQQ.US,3 倍做多纳指 ETF - ProShares,1406001600000,2014-07-22,2014-07-22 00:00:00,646.1330063235805,651.8934788911013,643.7136078452218,649.4740804127425,107457600,0.0
TQQQ.US,3 倍做多纳指 ETF - ProShares,1406088000000,2014-07-23,2014-07-23 00:00:00,655.426568732514,663.6448429288437,652.3927198469531,661.6478791054365,102460800,0.0
TQQQ.US,3 倍做多纳指 ETF - ProShares,1406174400000,2014-07-24,2014-07-24 00:00:00,664.9505500441484,667.1779327702565,656.4634537946678,659.3436900784282,87460800,0.0
TQQQ.US,3 倍做多纳指 ETF - ProShares,1406260800000,2014-07-25,2014-07-25 00:00:00,649.8197087667937,654.1208616172092,641.2558062164129,651.2406253334489,92856000,0.0
TQQQ.US,3 倍做多纳指 ETF - ProShares,1406520000000,2014-07-28,2014-07-28 00:00:00,653.0071702541553,656.8474852991691,637.0314596668977,652.0470914929018,91963200,0.0
TQQQ.US,3 倍做多纳指 ETF - ProShares,1406606400000,2014-07-29,2014-07-29 00:00:00,656.1178254406165,660.4573814414821,647.0162787839337,648.78282370464,79252800,0.0
TQQQ.US,3 倍做多纳指 ETF - ProShares,1406692800000,2014-07-30,2014-07-30 00:00:00,659.2668837775279,663.0303925216415,648.7060174037398,656.540260095568,107611200,0.0
TQQQ.US,3 倍做多纳指 ETF - ProShares,1406779200000,2014-07-31,2014-07-31 00:00:00,640.0653085524585,643.0991574380195,613.4903284409628,616.5241773265237,138916800,0.0
TQQQ.US,3 倍做多纳指 ETF - ProShares,1406865600000,2014-08-01,2014-08-01 00:00:00,612.6838622815098,622.6302782480957,597.2457958005542,609.419594493248,172324800,0.0
TQQQ.US,3 倍做多纳指 ETF - ProShares,1407124800000,2014-08-04,2014-08-04 00:00:00,613.4903284409628,629.082007523719,606.616164510388,621.9006183895431,144182400,0.0
TQQQ.US,3 倍做多纳指 ETF - ProShares,1407211200000,2014-08-05,2014-08-05 00:00:00,614.8344387067176,619.6348325129849,599.0891470221608,607.3458243689406,167539200,0.0
TQQQ.US,3 倍做多纳指 ETF - ProShares,1407297600000,2014-08-06,2014-08-06 00:00:00,596.0552981365998,617.177030884176,594.5191721185944,606.3089393067868,119299200,0.0
TQQQ.US,3 倍做多纳指 ETF - ProShares,1407384000000,2014-08-07,2014-08-07 00:00:00,614.1431819986151,617.983497043629,593.9815280122924,600.4332572879157,153604800,0.0
TQQQ.US,3 倍做多纳指 ETF - ProShares,1407470400000,2014-08-08,2014-08-08 00:00:00,603.582315624827,615.2568733616691,595.4024445789476,613.2599095382619,124464000,0.0
TQQQ.US,3 倍做多纳指 ETF - ProShares,1407729600000,2014-08-11,2014-08-11 00:00:00,620.0572671679364,629.8884736831719,619.1739947075832,624.3584200183519,74352000,0.0
TQQQ.US,3 倍做多纳指 ETF - ProShares,1407816000000,2014-08-12,2014-08-12 00:00:00,622.2078435931442,628.1987350633658,613.7975536445639,622.9375034516968,90931200,0.0
TQQQ.US,3 倍做多纳指 ETF - ProShares,1407902400000,2014-08-13,2014-08-13 00:00:00,631.3477934002772,643.6368015443214,629.9652799840721,643.1759637389198,81278400,0.0
TQQQ.US,3 倍做多纳指 ETF - ProShares,1407988800000,2014-08-14,2014-08-14 00:00:00,645.3265401641276,653.3143954577564,643.1759637389198,653.0839765550555,103089600,0.0
TQQQ.US,3 倍做多纳指 ETF - ProShares,1408075200000,2014-08-15,2014-08-15 00:00:00,663.4144240261428,667.1011264693561,643.8288172965722,661.9551043090376,155956800,0.0
TQQQ.US,3 倍做多纳指 ETF - ProShares,1408334400000,2014-08-18,2014-08-18 00:00:00,672.2087454792245,679.6589566665515,670.0581690540168,677.9692180467453,79348800,0.0
TQQQ.US,3 倍做多纳指 ETF - ProShares,1408420800000,2014-08-19,2014-08-19 00:00:00,682.6928055521124,690.2966293412398,681.5023078881582,689.6437757835874,78628800,0.0
TQQQ.US,3 倍做多纳指 ETF - ProShares,1408507200000,2014-08-20,2014-08-20 00:00:00,687.3395867565791,693.2536719259006,685.7266544376732,689.6437757835874,70651200,0.0
TQQQ.US,3 倍做多纳指 ETF - ProShares,1408593600000,2014-08-21,2014-08-21 00:00:00,690.6806608457412,694.0601380853534,687.032361552978,693.5608971295015,67900800,0.0
TQQQ.US,3 倍做多纳指 ETF - ProShares,1408680000000,2014-08-22,2014-08-22 00:00:00,693.8297191826525,701.6639618744808,689.5669694826871,696.2875208114615,76814400,0.0
TQQQ.US,3 倍做多纳指 ETF - ProShares,1408939200000,2014-08-25,2014-08-25 00:00:00,706.6179682825486,709.7286234690099,698.937338192521,704.0449572023895,67977600,0.0
TQQQ.US,3 倍做多纳指 ETF - ProShares,1409025600000,2014-08-26,2014-08-26 00:00:00,706.9251934861499,708.3077069023548,701.2415272195292,706.4643556807481,41716800,0.0
TQQQ.US,3 倍做多纳指 ETF - ProShares,1409112000000,2014-08-27,2014-08-27 00:00:00,706.9251934861499,708.7685447077565,701.8175744762814,706.5411619816484,36715200,0.0
TQQQ.US,3 倍做多纳指 ETF - ProShares,1409198400000,2014-08-28,2014-08-28 00:00:00,699.5133854492731,706.3107430789476,696.7099554664129,703.660925697888,64838400,0.0
TQQQ.US,3 倍做多纳指 ETF - ProShares,1409284800000,2014-08-29,2014-08-29 00:00:00,708.922157309557,711.8791998942175,701.0111083168285,711.8791998942175,52272000,0.0
TQQQ.US,3 倍做多纳指 ETF - ProShares,1409630400000,2014-09-02,2014-09-02 00:00:00,717.3324472581373,718.369332320291,709.1909793627079,717.8316882139891,64300800,0.0
TQQQ.US,3 倍做多纳指 ETF - ProShares,1409716800000,2014-09-03,2014-09-03 00:00:00,723.0161135247579,723.5153544806096,701.3183335204295,705.5042769194947,82636800,0.0
TQQQ.US,3 倍做多纳指 ETF - ProShares,1409803200000,2014-09-04,2014-09-04 00:00:00,710.2278644248617,720.8655370995501,697.9004531303673,703.2384910429364,82084800,0.0
TQQQ.US,3 倍做多纳指 ETF - ProShares,1409889600000,2014-09-05,2014-09-05 00:00:00,706.6179682825486,714.7978393284282,695.4810546520084,714.1449857707759,83227200,0.0
TQQQ.US,3 倍做多纳指 ETF - ProShares,1410148800000,2014-09-08,2014-09-08 00:00:00,713.9913731689753,723.0929198256581,707.808465946503,717.7548819130889,70872000,0.0
TQQQ.US,3 倍做多纳指 ETF - ProShares,1410235200000,2014-09-09,2014-09-09 00:00:00,717.6396724617383,725.8963498085183,695.8266830060597,700.2814484582758,129393600,0.0
TQQQ.US,3 倍做多纳指 ETF - ProShares,1410321600000,2014-09-10,2014-09-10 00:00:00,702.7776532375349,717.8316882139891,696.7099554664129,716.5259810986845,72417600,0.0
TQQQ.US,3 倍做多纳指 ETF - ProShares,1410408000000,2014-09-11,2014-09-11 00:00:00,707.7316596456027,716.3723684968838,699.5901917501733,715.9883369923825,119318400,0.0
TQQQ.US,3 倍做多纳指 ETF - ProShares,1410494400000,2014-09-12,2014-09-12 00:00:00,713.6457448149241,714.0681794698755,697.7468405285667,704.6978107600418,113740800,0.0
TQQQ.US,3 倍做多纳指 ETF - ProShares,1410753600000,2014-09-15,2014-09-15 00:00:00,706.6179682825486,707.00199978705,677.585186542244,683.4992717115654,128486400,0.0
TQQQ.US,3 倍做多纳指 ETF - ProShares,1410840000000,2014-09-16,2014-09-16 00:00:00,676.2794794269392,705.5042769194947,674.0520967008312,701.9711870780819,126892800,0.0
TQQQ.US,3 倍做多纳指 ETF - ProShares,1410926400000,2014-09-17,2014-09-17 00:00:00,701.2415272195292,714.452210974377,692.7160278195986,705.4274706185944,113553600,0.0
TQQQ.US,3 倍做多纳指 ETF - ProShares,1411012800000,2014-09-18,2014-09-18 00:00:00,711.418362088816,720.8655370995501,709.1909793627079,720.6351181968492,79512000,0.0
TQQQ.US,3 倍做多纳指 ETF - ProShares,1411099200000,2014-09-19,2014-09-19 00:00:00,730.3895184111844,730.3895184111844,710.7655085311636,719.0221858779435,110217600,0.0
TQQQ.US,3 倍做多纳指 ETF - ProShares,1411358400000,2014-09-22,2014-09-22 00:00:00,714.1449857707759,714.1449857707759,690.1430167394393,699.5133854492731,108177600,0.0
TQQQ.US,3 倍做多纳指 ETF - ProShares,1411444800000,2014-09-23,2014-09-23 00:00:00,690.7958702970916,702.9312658393354,689.0293253763853,693.407284527701,100800000,0.0
TQQQ.US,3 倍做多纳指 ETF - ProShares,1411531200000,2014-09-24,2014-09-24 00:00:00,695.0202168466069,716.4491747977842,688.6068907214336,715.9115306914822,116582400,0.0
TQQQ.US,3 倍做多纳指 ETF - ProShares,1411617600000,2014-09-25,2014-09-25 00:00:00,708.4613195041553,711.3415557879157,669.827750151316,670.4422005585182,212798400,0.0
TQQQ.US,3 倍做多纳指 ETF - ProShares,1411704000000,2014-09-26,2014-09-26 00:00:00,677.316364489093,695.2506357493077,673.8984840990307,691.9095616601456,148252800,0.0
TQQQ.US,3 倍做多纳指 ETF - ProShares,1411963200000,2014-09-29,2014-09-29 00:00:00,671.0950541161704,694.7129916430057,669.9813627531165,689.5669694826871,114537600,0.0
TQQQ.US,3 倍做多纳指 ETF - ProShares,1412049600000,2014-09-30,2014-09-30 00:00:00,695.2506357493077,702.7776532375349,682.4623866494115,692.1399805628465,154094400,0.0
TQQQ.US,3 倍做多纳指 ETF - ProShares,1412136000000,2014-10-01,2014-10-01 00:00:00,686.6867331989267,688.0692466151318,652.5463324487537,658.9980617243768,213480000,0.0
TQQQ.US,3 倍做多纳指 ETF - ProShares,1412222400000,2014-10-02,2014-10-02 00:00:00,658.3068050162744,664.7585342918976,633.6519824272855,658.6908365207757,217972800,0.0
TQQQ.US,3 倍做多纳指 ETF - ProShares,1412308800000,2014-10-03,2014-10-03 00:00:00,670.1349753549171,686.3027016944254,663.4144240261428,678.5452653034974,153676800,0.0
TQQQ.US,3 倍做多纳指 ETF - ProShares,1412568000000,2014-10-06,2014-10-06 00:00:00,683.729690614266,689.3365505799864,667.638770575658,673.8984840990307,147307200,0.0
TQQQ.US,3 倍做多纳指 ETF - ProShares,1412654400000,2014-10-07,2014-10-07 00:00:00,664.1440838846955,669.9045564522163,644.865702358726,645.4033464650279,163651200,0.0
TQQQ.US,3 倍做多纳指 ETF - ProShares,1412740800000,2014-10-08,2014-10-08 00:00:00,646.7090535803326,688.6068907214336,634.6120611885389,682.6928055521124,213129600,0.0
TQQQ.US,3 倍做多纳指 ETF - ProShares,1412827200000,2014-10-09,2014-10-09 00:00:00,680.0429881710528,684.8433819773201,645.9793937217798,648.7060174037398,223022400,0.0
TQQQ.US,3 倍做多纳指 ETF - ProShares,1412913600000,2014-10-10,2014-10-10 00:00:00,637.3386848704987,648.78282370464,600.1260320843146,600.1260320843146,296428800,0.0
TQQQ.US,3 倍做多纳指 ETF - ProShares,1413172800000,2014-10-13,2014-10-13 00:00:00,597.6298273050555,611.070929962604,570.9396377422092,572.0533291052633,273302400,0.0
TQQQ.US,3 倍做多纳指 ETF - ProShares,1413259200000,2014-10-14,2014-10-14 00:00:00,583.8046931430057,594.3655595167937,567.5601605025971,573.090214167417,370809600,0.0
TQQQ.US,3 倍做多纳指 ETF - ProShares,1413345600000,2014-10-15,2014-10-15 00:00:00,546.4384277550209,568.4434329629503,522.052427219183,560.8396091738229,485097600,0.0
TQQQ.US,3 倍做多纳指 ETF - ProShares,1413432000000,2014-10-16,2014-10-16 00:00:00,525.8159359632965,565.1023588737883,525.2398887065445,552.1220940216415,335961600,0.0
TQQQ.US,3 倍做多纳指 ETF - ProShares,1413518400000,2014-10-17,2014-10-17 00:00:00,572.7829889638159,588.2978617456719,562.9901855990306,573.7430677250694,264350400,0.0
TQQQ.US,3 倍做多纳指 ETF - ProShares,1413777600000,2014-10-20,2014-10-20 00:00:00,571.6308944503118,599.4731785266622,569.0194802197024,598.4362934645085,154464000,0.0
TQQQ.US,3 倍做多纳指 ETF - ProShares,1413864000000,2014-10-21,2014-10-21 00:00:00,619.9804608670362,645.2497338632273,616.063339521122,645.2497338632273,211699200,0.0
TQQQ.US,3 倍做多纳指 ETF - ProShares,1413950400000,2014-10-22,2014-10-22 00:00:00,651.3174316343492,653.7368301127079,633.9592076308866,635.2649147461913,187920000,0.0
TQQQ.US,3 倍做多纳指 ETF - ProShares,1414036800000,2014-10-23,2014-10-23 00:00:00,654.4664899712606,674.3593219044322,651.0102064307481,664.297696486496,169886400,0.0
TQQQ.US,3 倍做多纳指 ETF - ProShares,1414123200000,2014-10-24,2014-10-24 00:00:00,667.1011264693561,681.1566795341068,660.0733499369808,679.5821503656512,170563200,0.0
TQQQ.US,3 倍做多纳指 ETF - ProShares,1414382400000,2014-10-27,2014-10-27 00:00:00,675.972254223338,685.0353977295708,667.5619642747578,682.1551614458104,138244800,0.0
TQQQ.US,3 倍做多纳指 ETF - ProShares,1414468800000,2014-10-28,2014-10-28 00:00:00,690.4502419430404,712.6088597527703,689.3365505799864,712.6088597527703,159686400,0.0
TQQQ.US,3 倍做多纳指 ETF - ProShares,1414555200000,2014-10-29,2014-10-29 00:00:00,705.2738580167938,710.6887022302634,689.2597442790861,704.0449572023895,179404800,0.0
TQQQ.US,3 倍做多纳指 ETF - ProShares,1414641600000,2014-10-30,2014-10-30 00:00:00,694.7129916430057,713.4153259122232,690.066210438539,708.4613195041553,161985600,0.0
TQQQ.US,3 倍做多纳指 ETF - ProShares,1414728000000,2014-10-31,2014-10-31 00:00:00,744.1378462723341,745.1747313344878,730.6967436147855,737.6477138462607,176371200,0.0
TQQQ.US,3 倍做多纳指 ETF - ProShares,1414990800000,2014-11-03,2014-11-03 00:00:00,741.4112225903742,750.3975597957066,738.607792607514,745.251537635388,140961600,0.0
TQQQ.US,3 倍做多纳指 ETF - ProShares,1415077200000,2014-11-04,2014-11-04 00:00:00,736.956457138158,742.7937360065791,721.8256158608035,737.3404886426595,138648000,0.0
TQQQ.US,3 倍做多纳指 ETF - ProShares,1415163600000,2014-11-05,2014-11-05 00:00:00,750.9352039020085,751.7416700614614,729.5062459508313,737.2636823417592,138744000,0.0
TQQQ.US,3 倍做多纳指 ETF - ProShares,1415250000000,2014-11-06,2014-11-06 00:00:00,736.1499909787052,744.5602809272855,727.5092821274241,743.561799015582,97272000,0.0
TQQQ.US,3 倍做多纳指 ETF - ProShares,1415336400000,2014-11-07,2014-11-07 00:00:00,748.0549676182482,748.861433777701,730.6199373138852,741.7568509444254,110812800,0.0
TQQQ.US,3 倍做多纳指 ETF - ProShares,1415595600000,2014-11-10,2014-11-10 00:00:00,742.7937360065791,752.7017488227149,737.0332634390584,749.3222715831027,103372800,0.0
TQQQ.US,3 倍做多纳指 ETF - ProShares,1415682000000,2014-11-11,2014-11-11 00:00:00,750.4743660966068,756.5420638677288,744.2146525732343,756.4652575668284,105619200,0.0
TQQQ.US,3 倍做多纳指 ETF - ProShares,1415768400000,2014-11-12,2014-11-12 00:00:00,747.5941298128464,763.0321962938021,747.5941298128464,760.6127978154434,96201600,0.0
TQQQ.US,3 倍做多纳指 ETF - ProShares,1415854800000,2014-11-13,2014-11-13 00:00:00,764.7987412145085,779.0079068810597,759.8831379568908,770.3671980297786,182164800,0.0
TQQQ.US,3 倍做多纳指 ETF - ProShares,1415941200000,2014-11-14,2014-11-14 00:00:00,769.9831665252772,777.5101840135044,762.3025364352495,777.5101840135044,114816000,0.0
TQQQ.US,3 倍做多纳指 ETF - ProShares,1416200400000,2014-11-17,2014-11-17 00:00:00,771.9801303486844,777.3565714117038,759.65271905419,770.213585427978,141355200,0.0
TQQQ.US,3 倍做多纳指 ETF - ProShares,1416286800000,2014-11-18,2014-11-18 00:00:00,772.6329839063368,790.8744803701526,772.5561776054365,787.4950031305403,111820800,0.0
TQQQ.US,3 倍做多纳指 ETF - ProShares,1416373200000,2014-11-19,2014-11-19 00:00:00,785.2676204044324,785.2676204044324,766.4500766838645,777.5101840135044,148809600,0.0
TQQQ.US,3 倍做多纳指 ETF - ProShares,1416459600000,2014-11-20,2014-11-20 00:00:00,767.1797365424171,789.4151606530473,765.2595790199102,787.8406314845915,99556800,0.0
TQQQ.US,3 倍做多纳指 ETF - ProShares,1416546000000,2014-11-21,2014-11-21 00:00:00,808.6935421790168,810.6136997015237,784.6915731476803,793.5242977512121,152947200,0.0
TQQQ.US,3 倍做多纳指 ETF - ProShares,1416805200000,2014-11-24,2014-11-24 00:00:00,798.7855293628811,811.7273910645778,796.558146636773,811.4201658609767,126206400,0.0
TQQQ.US,3 倍做多纳指 ETF - ProShares,1416891600000,2014-11-25,2014-11-25 00:00:00,814.3004021447371,821.5970007302633,808.1558980727149,814.0699832420362,151536000,0.0
TQQQ.US,3 倍做多纳指 ETF - ProShares,1416978000000,2014-11-26,2014-11-26 00:00:00,816.7198006230957,831.5818198472994,814.0699832420362,830.6985473869462,105633600,0.0
TQQQ.US,3 倍做多纳指 ETF - ProShares,1417150800000,2014-11-28,2014-11-28 00:00:00,837.4190987157205,847.4423209832066,835.3453285914129,843.1027649823409,72571200,0.0
TQQQ.US,3 倍做多纳指 ETF - ProShares,1417410000000,2014-12-01,2014-12-01 00:00:00,835.3453285914129,839.4160625391277,803.5859231691484,811.9962131177288,156187200,0.0
TQQQ.US,3 倍做多纳指 ETF - ProShares,1417496400000,2014-12-02,2014-12-02 00:00:00,815.9901407645431,826.8582323419323,810.2296681970223,820.7137282699101,129892800,0.0
TQQQ.US,3 倍做多纳指 ETF - ProShares,1417582800000,2014-12-03,2014-12-03 00:00:00,826.5510071383312,830.3913221833451,811.8426005159281,828.1639394572371,131942400,0.0
TQQQ.US,3 倍做多纳指 ETF - ProShares,1417669200000,2014-12-04,2014-12-04 00:00:00,824.4772370140237,835.5757474941138,815.682915560942,825.667734677978,154036800,0.0
TQQQ.US,3 倍做多纳指 ETF - ProShares,1417755600000,2014-12-05,2014-12-05 00:00:00,830.5449347851456,833.7323962725071,820.7905345708105,826.2437819347302,113630400,0.0
TQQQ.US,3 倍做多纳指 ETF - ProShares,1418014800000,2014-12-08,2014-12-08 00:00:00,819.4080211546054,830.3913221833451,795.4060521232689,808.3863169754158,169281600,0.0
TQQQ.US,3 倍做多纳指 ETF - ProShares,1418101200000,2014-12-09,2014-12-09 00:00:00,779.6607604387121,817.4110573311983,771.4040830919323,816.220559667244,170688000,0.0
TQQQ.US,3 倍做多纳指 ETF - ProShares,1418187600000,2014-12-10,2014-12-10 00:00:00,811.4201658609767,817.334251030298,773.0938217117384,776.7037178540514,134529600,0.0
TQQQ.US,3 倍做多纳指 ETF - ProShares,1418274000000,2014-12-11,2014-12-11 00:00:00,784.077122740478,816.0669470654434,783.5010754837259,788.8775165467454,136032000,0.0
TQQQ.US,3 倍做多纳指 ETF - ProShares,1418360400000,2014-12-12,2014-12-12 00:00:00,765.758819975762,792.5642189899586,762.5329553379504,762.8017773911013,153787200,0.0
TQQQ.US,3 倍做多纳指 ETF - ProShares,1418619600000,2014-12-15,2014-12-15 00:00:00,774.1307067738921,782.6178030233727,732.3096759336913,739.9134997228188,235948800,0.0
TQQQ.US,3 倍做多纳指 ETF - ProShares,1418706000000,2014-12-16,2014-12-16 00:00:00,725.1666899499656,757.5789489298825,702.8544595384351,703.1616847420362,212856000,0.0
TQQQ.US,3 倍做多纳指 ETF - ProShares,1418792400000,2014-12-17,2014-12-17 00:00:00,704.5441981582412,747.5941298128464,702.0479933789823,740.9503847849725,182726400,0.0
TQQQ.US,3 倍做多纳指 ETF - ProShares,1418878800000,2014-12-18,2014-12-18 00:00:00,773.51625636669,795.2524395214683,767.2565428433173,795.2524395214683,186744000,0.0
TQQQ.US,3 倍做多纳指 ETF - ProShares,1418965200000,2014-12-19,2014-12-19 00:00:00,797.6718379998271,815.1068683041899,792.0649780341068,804.1619704259004,154828800,0.0
TQQQ.US,3 倍做多纳指 ETF - ProShares,1419224400000,2014-12-22,2014-12-22 00:00:00,801.5889593457412,812.073019418629,800.1296396286359,811.4201658609767,110457600,0.0
TQQQ.US,3 倍做多纳指 ETF - ProShares,1419310800000,2014-12-23,2014-12-23 00:00:00,820.4065030663091,820.4833093672094,799.7456081241345,803.6627294700487,115920000,0.0
TQQQ.US,3 倍做多纳指 ETF - ProShares,1419397200000,2014-12-24,2014-12-24 00:00:00,806.2357405502079,813.7627580384351,803.8931483727495,805.3524680898547,43982400,0.0
TQQQ.US,3 倍做多纳指 ETF - ProShares,1419570000000,2014-12-26,2014-12-26 00:00:00,811.2665532591761,826.6278134392314,811.1897469582758,821.6738070311636,86088000,0.0
TQQQ.US,3 倍做多纳指 ETF - ProShares,1419829200000,2014-12-29,2014-12-29 00:00:00,819.4080211546054,826.3205882356303,817.6798793843492,821.8274196329642,62328000,0.0
TQQQ.US,3 倍做多纳指 ETF - ProShares,1419915600000,2014-12-30,2014-12-30 00:00:00,813.7627580384351,819.6000369068561,801.2049278412397,804.853227134003,123859200,0.0
TQQQ.US,3 倍做多纳指 ETF - ProShares,1420002000000,2014-12-31,2014-12-31 00:00:00,808.1558980727149,818.0639108888506,776.1276705972994,779.6607604387121,117091200,0.0
TQQQ.US,3 倍做多纳指 ETF - ProShares,1420174800000,2015-01-02,2015-01-02 00:00:00,790.8744803701526,801.0897183898894,761.342457673996,773.247434313539,122227200,0.0
TQQQ.US,3 倍做多纳指 ETF - ProShares,1420434000000,2015-01-05,2015-01-05 00:00:00,762.0721175325486,764.8755475154088,732.0792570309904,738.4541800057135,127017600,0.0
TQQQ.US,3 倍做多纳指 ETF - ProShares,1420520400000,2015-01-06,2015-01-06 00:00:00,741.103997386773,745.4051502371886,699.0141444934213,709.1909793627079,168643200,0.0
TQQQ.US,3 倍做多纳指 ETF - ProShares,1420606800000,2015-01-07,2015-01-07 00:00:00,722.7088883211567,741.1808036876733,717.8316882139891,736.4572161823063,137467200,0.0
TQQQ.US,3 倍做多纳指 ETF - ProShares,1420693200000,2015-01-08,2015-01-08 00:00:00,755.4283725046747,782.8482219260736,752.8553614245154,778.4702627747578,144936000,0.0
TQQQ.US,3 倍做多纳指 ETF - ProShares,1420779600000,2015-01-09,2015-01-09 00:00:00,785.728458209834,786.6117306701872,749.7447062380543,762.686567939751,181420800,0.0
TQQQ.US,3 倍做多纳指 ETF - ProShares,1421038800000,2015-01-12,2015-01-12 00:00:00,767.8325901000694,769.8295539234766,733.1929483940445,739.2606461651665,165254400,0.0
TQQQ.US,3 倍做多纳指 ETF - ProShares,1421125200000,2015-01-13,2015-01-13 00:00:00,760.1519600100418,783.8851069882273,720.8655370995501,738.607792607514,199708800,0.0
TQQQ.US,3 倍做多纳指 ETF - ProShares,1421211600000,2015-01-14,2015-01-14 00:00:00,715.1818708329296,737.1100697399587,706.7715808843493,727.2404600742731,216148800,0.0
TQQQ.US,3 倍做多纳指 ETF - ProShares,1421298000000,2015-01-15,2015-01-15 00:00:00,735.5739437219531,739.6446776696678,695.327442050208,698.3612909357688,196012800,0.0
TQQQ.US,3 倍做多纳指 ETF - ProShares,1421384400000,2015-01-16,2015-01-16 00:00:00,694.9434105457066,725.0130773481651,691.487127005194,723.2465324274586,141796800,0.0
TQQQ.US,3 倍做多纳指 ETF - ProShares,1421730000000,2015-01-20,2015-01-20 00:00:00,735.4203311201526,744.6370872281858,710.7655085311636,739.2606461651665,141892800,0.0
TQQQ.US,3 倍做多纳指 ETF - ProShares,1421816400000,2015-01-21,2015-01-21 00:00:00,732.5400948363922,760.6896041163437,725.1666899499656,750.6279786984074,133531200,0.0
TQQQ.US,3 倍做多纳指 ETF - ProShares,1421902800000,2015-01-22,2015-01-22 00:00:00,760.0751537091414,794.4459733620155,739.9134997228188,792.3722032377079,162657600,0.0
TQQQ.US,3 倍做多纳指 ETF - ProShares,1421989200000,2015-01-23,2015-01-23 00:00:00,792.3722032377079,804.7764208331027,785.190814103532,797.6718379998271,142358400,0.0
TQQQ.US,3 倍做多纳指 ETF - ProShares,1422248400000,2015-01-26,2015-01-26 00:00:00,795.2524395214683,799.2463671682827,782.6178030233727,795.9052930791207,100804800,0.0
TQQQ.US,3 倍做多纳指 ETF - ProShares,1422334800000,2015-01-27,2015-01-27 00:00:00,758.0781898857342,758.539027691136,725.1666899499656,734.3066397570985,223987200,0.0
TQQQ.US,3 倍做多纳指 ETF - ProShares,1422421200000,2015-01-28,2015-01-28 00:00:00,767.98620270187,770.4440043306789,721.1727623031512,721.672003259003,188928000,0.0
TQQQ.US,3 倍做多纳指 ETF - ProShares,1422507600000,2015-01-29,2015-01-29 00:00:00,719.175798479744,746.1348100957413,700.8574957150279,742.5249139534283,176558400,0.0
TQQQ.US,3 倍做多纳指 ETF - ProShares,1422594000000,2015-01-30,2015-01-30 00:00:00,739.9903060237191,757.2717237262814,722.1328410644047,725.5123183040168,218222400,0.0
TQQQ.US,3 倍做多纳指 ETF - ProShares,1422853200000,2015-02-02,2015-02-02 00:00:00,729.4294396499309,745.6739722903395,695.9034893069601,744.5602809272855,198844800,0.0
TQQQ.US,3 倍做多纳指 ETF - ProShares,1422939600000,2015-02-03,2015-02-03 00:00:00,750.781591300208,766.7188987370154,737.49410124446,764.8755475154088,182332800,0.0
TQQQ.US,3 倍做多纳指 ETF - ProShares,1423026000000,2015-02-04,2015-02-04 00:00:00,755.2747599028742,778.3166501729572,750.6279786984074,762.8785836920016,124632000,0.0
TQQQ.US,3 倍做多纳指 ETF - ProShares,1423112400000,2015-02-05,2015-02-05 00:00:00,768.2934279054712,784.1539290413783,763.5698404001041,783.1170439792246,100324800,0.0
TQQQ.US,3 倍做多纳指 ETF - ProShares,1423198800000,2015-02-06,2015-02-06 00:00:00,786.4581180683866,791.6809465296054,760.3055726118423,768.8694751622232,123528000,0.0
TQQQ.US,3 倍做多纳指 ETF - ProShares,1423458000000,2015-02-09,2015-02-09 00:00:00,759.65271905419,771.7497114459836,755.6587914073756,760.3823789127426,95793600,0.0
TQQQ.US,3 倍做多纳指 ETF - ProShares,1423544400000,2015-02-10,2015-02-10 00:00:00,774.3995288270431,799.6688018232343,770.1367791270778,796.7885655394739,119256000,0.0
TQQQ.US,3 倍做多纳指 ETF - ProShares,1423630800000,2015-02-11,2015-02-11 00:00:00,799.6688018232343,810.6136997015237,794.7916017160667,805.7364995943561,121852800,0.0
TQQQ.US,3 倍做多纳指 ETF - ProShares,1423717200000,2015-02-12,2015-02-12 00:00:00,820.2144873140584,834.2316372283589,817.4110573311983,833.9244120247579,153100800,0.0
TQQQ.US,3 倍做多纳指 ETF - ProShares,1423803600000,2015-02-13,2015-02-13 00:00:00,840.5681570526318,855.1229510732344,836.0749884499655,854.9309353209836,120897600,0.0
TQQQ.US,3 倍做多纳指 ETF - ProShares,1424149200000,2015-02-17,2015-02-17 00:00:00,854.777322719183,858.6944440650972,848.6328186471609,857.2735274984421,82728000,0.0
TQQQ.US,3 倍做多纳指 ETF - ProShares,1424235600000,2015-02-18,2015-02-18 00:00:00,854.3932912146817,861.9971150038091,850.4761698687676,860.9602299416554,70478400,0.0
TQQQ.US,3 倍做多纳指 ETF - ProShares,1424322000000,2015-02-19,2015-02-19 00:00:00,858.8864598173479,875.2077987586567,858.4640251623963,873.902091643352,75590400,0.0
TQQQ.US,3 倍做多纳指 ETF - ProShares,1424408400000,2015-02-20,2015-02-20 00:00:00,871.8283215190446,892.4892164612191,863.5716441722648,890.7226715405127,90772800,0.0
TQQQ.US,3 倍做多纳指 ETF - ProShares,1424667600000,2015-02-23,2015-02-23 00:00:00,890.1466242837607,894.2941645323756,883.8485076099379,894.2173582314753,78974400,0.0
TQQQ.US,3 倍做多纳指 ETF - ProShares,1424754000000,2015-02-24,2015-02-24 00:00:00,890.3002368855612,898.7105268341415,882.2355752910321,896.060709453082,104601600,0.0
TQQQ.US,3 倍做多纳指 ETF - ProShares,1424840400000,2015-02-25,2015-02-25 00:00:00,891.3371219477149,901.8979883215029,883.042041450485,888.8793203189061,112550400,0.0
TQQQ.US,3 倍做多纳指 ETF - ProShares,1424926800000,2015-02-26,2015-02-26 00:00:00,891.4139282486151,903.5109206404088,884.0789265126388,902.3972292773549,116337600,0.0
TQQQ.US,3 倍做多纳指 ETF - ProShares,1425013200000,2015-02-27,2015-02-27 00:00:00,901.360344215201,902.9348733836567,886.1526966369463,890.4538494873617,88790400,0.0
TQQQ.US,3 倍做多纳指 ETF - ProShares,1425272400000,2015-03-02,2015-03-02 00:00:00,895.254243293629,915.185478377251,894.8702117891277,914.4558185186984,89044800,0.0
TQQQ.US,3 倍做多纳指 ETF - ProShares,1425358800000,2015-03-03,2015-03-03 00:00:00,906.4679632250695,908.9641680043285,884.3861517162399,901.360344215201,128390400,0.0
TQQQ.US,3 倍做多纳指 ETF - ProShares,1425445200000,2015-03-04,2015-03-04 00:00:00,892.7964416648202,896.4831441080335,876.3214901217108,891.3371219477149,116640000,0.0
TQQQ.US,3 倍做多纳指 ETF - ProShares,1425531600000,2015-03-05,2015-03-05 00:00:00,898.1344795773894,903.6645332422095,884.8853926720917,895.254243293629,92347200,0.0
TQQQ.US,3 倍做多纳指 ETF - ProShares,1425618000000,2015-03-06,2015-03-06 00:00:00,892.7196353639199,897.5968354710875,858.387218861496,864.4549166326179,149726400,0.0
TQQQ.US,3 倍做多纳指 ETF - ProShares,1425873600000,2015-03-09,2015-03-09 00:00:00,870.6378238550903,878.9329043523202,859.6545228263506,872.7884002802981,113270400,0.0
TQQQ.US,3 倍做多纳指 ETF - ProShares,1425960000000,2015-03-10,2015-03-10 00:00:00,853.5868250552287,854.0860660110806,824.0548023590723,824.4772370140237,191966400,0.0
TQQQ.US,3 倍做多纳指 ETF - ProShares,1426046400000,2015-03-11,2015-03-11 00:00:00,826.7046197401318,830.5449347851456,808.8855579312675,809.9992492943215,223152000,0.0
TQQQ.US,3 倍做多纳指 ETF - ProShares,1426132800000,2015-03-12,2015-03-12 00:00:00,807.6566571168631,828.4711646608381,806.2357405502079,825.5141220761775,122390400,0.0
TQQQ.US,3 倍做多纳指 ETF - ProShares,1426219200000,2015-03-13,2015-03-13 00:00:00,823.3635456509697,833.1179458653049,799.4383829205334,814.8764494014891,198115200,0.0
TQQQ.US,3 倍做多纳指 ETF - ProShares,1426478400000,2015-03-16,2015-03-16 00:00:00,823.9011897572717,846.4822422219531,821.1745660753119,846.0598075670016,114960000,0.0
TQQQ.US,3 倍做多纳指 ETF - ProShares,1426564800000,2015-03-17,2015-03-17 00:00:00,838.8016121319255,854.0860660110806,833.2715584671055,850.7833950723686,97363200,0.0
TQQQ.US,3 倍做多纳指 ETF - ProShares,1426651200000,2015-03-18,2015-03-18 00:00:00,843.5251996372925,886.6135344423478,830.084096979744,875.2846050595571,167822400,0.0
TQQQ.US,3 倍做多纳指 ETF - ProShares,1426737600000,2015-03-19,2015-03-19 00:00:00,878.318453945118,886.075890336046,874.0557042451526,879.5089516090723,111384000,0.0
TQQQ.US,3 倍做多纳指 ETF - ProShares,1426824000000,2015-03-20,2015-03-20 00:00:00,900.4770717548479,909.117780606129,895.8302905503812,897.750448072888,104812800,0.0
TQQQ.US,3 倍做多纳指 ETF - ProShares,1427083200000,2015-03-23,2015-03-23 00:00:00,894.947018090028,902.0900040737537,890.1466242837607,890.223430584661,99235200,0.0
TQQQ.US,3 倍做多纳指 ETF - ProShares,1427169600000,2015-03-24,2015-03-24 00:00:00,890.0698179828604,902.7812607818562,880.6994492730265,881.1986902288784,92980800,0.0
TQQQ.US,3 倍做多纳指 ETF - ProShares,1427256000000,2015-03-25,2015-03-25 00:00:00,885.7686651324449,887.1895816991,819.6768432077564,819.6768432077564,175886400,0.0
TQQQ.US,3 倍做多纳指 ETF - ProShares,1427342400000,2015-03-26,2015-03-26 00:00:00,800.3984616817869,825.8981535806789,792.1417843350072,812.9562918789821,196560000,0.0
TQQQ.US,3 倍做多纳指 ETF - ProShares,1427428800000,2015-03-27,2015-03-27 00:00:00,811.3433595600764,827.4342795986844,808.0022854709143,820.7905345708105,98544000,0.0
TQQQ.US,3 倍做多纳指 ETF - ProShares,1427688000000,2015-03-30,2015-03-30 00:00:00,837.3422924148201,851.8970864354226,836.8046483085183,850.322557266967,151214400,0.0
TQQQ.US,3 倍做多纳指 ETF - ProShares,1427774400000,2015-03-31,2015-03-31 00:00:00,842.565120876039,847.9799650895085,822.4034668897162,823.9779960581719,124507200,0.0
TQQQ.US,3 倍做多纳指 ETF - ProShares,1427860800000,2015-04-01,2015-04-01 00:00:00,822.8643046951179,822.8643046951179,794.0619418575141,810.0760555952218,175876800,0.0
TQQQ.US,3 倍做多纳指 ETF - ProShares,1427947200000,2015-04-02,2015-04-02 00:00:00,811.6505847636774,819.2544085528049,803.6627294700487,811.4201658609767,110577600,0.0
TQQQ.US,3 倍做多纳指 ETF - ProShares,1428292800000,2015-04-06,2015-04-06 00:00:00,796.7885655394739,837.9951459724724,793.4090882998618,830.9289662896471,150945600,0.0
TQQQ.US,3 倍做多纳指 ETF - ProShares,1428379200000,2015-04-07,2015-04-07 00:00:00,829.8920812274932,848.0567713904088,827.0118449437329,827.0886512446332,114691200,0.0
TQQQ.US,3 倍做多纳指 ETF - ProShares,1428465600000,2015-04-08,2015-04-08 00:00:00,827.7415048022855,850.053735213816,827.4342795986844,846.7894674255542,169142400,0.0
TQQQ.US,3 倍做多纳指 ETF - ProShares,1428552000000,2015-04-09,2015-04-09 00:00:00,845.9830012661013,863.1876126677633,836.8046483085183,862.534759110111,110928000,0.0
TQQQ.US,3 倍做多纳指 ETF - ProShares,1428638400000,2015-04-10,2015-04-10 00:00:00,862.3811465083104,873.2108349352495,856.0062235335876,872.8652065811982,113385600,0.0
TQQQ.US,3 倍做多纳指 ETF - ProShares,1428897600000,2015-04-13,2015-04-13 00:00:00,875.2077987586567,888.2264667612537,863.3412252695639,866.3750741551248,115200000,0.0
TQQQ.US,3 倍做多纳指 ETF - ProShares,1428984000000,2015-04-14,2015-04-14 00:00:00,864.4549166326179,870.9450490586913,844.2932626462953,858.9632661182482,168974400,0.0
TQQQ.US,3 倍做多纳指 ETF - ProShares,1429070400000,2015-04-15,2015-04-15 00:00:00,866.2982678542246,880.3922240694255,862.4579528092107,874.1325105460528,95356800,0.0
TQQQ.US,3 倍做多纳指 ETF - ProShares,1429156800000,2015-04-16,2015-04-16 00:00:00,868.2184253767315,875.7454428649586,864.1476914290168,871.0986616604919,90888000,0.0
TQQQ.US,3 倍做多纳指 ETF - ProShares,1429243200000,2015-04-17,2015-04-17 00:00:00,846.2902264697025,853.4332124534282,819.4080211546054,830.3913221833451,186427200,0.0
TQQQ.US,3 倍做多纳指 ETF - ProShares,1429502400000,2015-04-20,2015-04-20 00:00:00,843.1795712832412,871.981934120845,841.8354610174863,867.5271686686291,142195200,0.0
TQQQ.US,3 倍做多纳指 ETF - ProShares,1429588800000,2015-04-21,2015-04-21 00:00:00,882.9652351495847,887.1127753981997,875.7454428649586,878.625679148719,127387200,0.0
TQQQ.US,3 倍做多纳指 ETF - ProShares,1429675200000,2015-04-22,2015-04-22 00:00:00,885.4230367783936,897.2896102674864,868.6408600316831,892.8732479657205,121915200,0.0
TQQQ.US,3 倍做多纳指 ETF - ProShares,1429761600000,2015-04-23,2015-04-23 00:00:00,884.3861517162399,915.1086720763507,883.5028792558866,903.5877269413091,131001600,0.0
TQQQ.US,3 倍做多纳指 ETF - ProShares,1429848000000,2015-04-24,2015-04-24 00:00:00,931.4300110176596,943.5270034094532,927.4360833708452,938.9570285058867,142416000,0.0
TQQQ.US,3 倍做多纳指 ETF - ProShares,1430107200000,2015-04-27,2015-04-27 00:00:00,950.4779736409282,955.5087863498964,926.7064235122925,932.966137035665,161160000,0.0
TQQQ.US,3 倍做多纳指 ETF - ProShares,1430193600000,2015-04-28,2015-04-28 00:00:00,934.8094882572717,940.0707198689407,903.6645332422095,926.8600361140931,171753600,0.0
TQQQ.US,3 倍做多纳指 ETF - ProShares,1430280000000,2015-04-29,2015-04-29 00:00:00,911.3451633322371,927.5896959726457,894.5629865855266,909.1945869070294,193953600,0.0
TQQQ.US,3 倍做多纳指 ETF - ProShares,1430366400000,2015-04-30,2015-04-30 00:00:00,894.0637456296748,905.2774655611153,852.9339714975764,866.4518804560252,308169600,0.0
TQQQ.US,3 倍做多纳指 ETF - ProShares,1430452800000,2015-05-01,2015-05-01 00:00:00,876.3982964226111,902.3204229764546,876.0910712190099,901.5139568170017,190012800,0.0
TQQQ.US,3 倍做多纳指 ETF - ProShares,1430712000000,2015-05-04,2015-05-04 00:00:00,908.9641680043285,921.9060297060253,903.6645332422095,904.7014183043632,131971200,0.0
TQQQ.US,3 倍做多纳指 ETF - ProShares,1430798400000,2015-05-05,2015-05-05 00:00:00,894.5629865855266,899.5169929935945,859.6545228263506,861.8435024020085,280694400,0.0
TQQQ.US,3 倍做多纳指 ETF - ProShares,1430884800000,2015-05-06,2015-05-06 00:00:00,865.4149953938714,872.8652065811982,825.7445409788783,843.409990185942,213398400,0.0
TQQQ.US,3 倍做多纳指 ETF - ProShares,1430971200000,2015-05-07,2015-05-07 00:00:00,842.565120876039,865.0309638893701,840.376141300381,857.9263810560944,168619200,0.0
TQQQ.US,3 倍做多纳指 ETF - ProShares,1431057600000,2015-05-08,2015-05-08 00:00:00,884.5397643180404,895.6766779485806,880.5458366712261,889.3401581243077,178377600,0.0
TQQQ.US,3 倍做多纳指 ETF - ProShares,1431316800000,2015-05-11,2015-05-11 00:00:00,891.8363629035667,897.3664165683867,877.8192129892661,879.5857579099726,139027200,0.0
TQQQ.US,3 倍做多纳指 ETF - ProShares,1431403200000,2015-05-12,2015-05-12 00:00:00,863.8404662254158,880.9682713261775,844.1396500444946,868.2184253767315,190334400,0.0
TQQQ.US,3 倍做多纳指 ETF - ProShares,1431489600000,2015-05-13,2015-05-13 00:00:00,879.5089516090723,892.5660227621194,869.1016978370847,872.7115939793978,132499200,0.0
TQQQ.US,3 倍做多纳指 ETF - ProShares,1431576000000,2015-05-14,2015-05-14 00:00:00,894.5629865855266,913.1885145538438,884.5397643180404,911.3451633322371,176832000,0.0
TQQQ.US,3 倍做多纳指 ETF - ProShares,1431662400000,2015-05-15,2015-05-15 00:00:00,918.5649556168631,921.8292234051249,904.3941931007621,911.2683570313368,146505600,0.0
TQQQ.US,3 倍做多纳指 ETF - ProShares,1431921600000,2015-05-18,2015-05-18 00:00:00,906.7751884286705,928.1657432293978,904.5478057025626,922.4820769627772,110587200,0.0
TQQQ.US,3 倍做多纳指 ETF - ProShares,1432008000000,2015-05-19,2015-05-19 00:00:00,926.0919731050902,930.0090944510044,915.5311067313022,919.8322595817177,98577600,0.0
TQQQ.US,3 倍做多纳指 ETF - ProShares,1432094400000,2015-05-20,2015-05-20 00:00:00,921.9060297060253,937.920143443733,907.0440104818216,921.3683855997233,111264000,0.0
TQQQ.US,3 倍做多纳指 ETF - ProShares,1432180800000,2015-05-21,2015-05-21 00:00:00,916.875216997057,939.3410600103881,912.727676748442,935.8463733194254,92222400,0.0
TQQQ.US,3 倍做多纳指 ETF - ProShares,1432267200000,2015-05-22,2015-05-22 00:00:00,932.6205086816138,943.0277624536013,930.7771574600072,933.2733622392662,79819200,0.0
TQQQ.US,3 倍做多纳指 ETF - ProShares,1432612800000,2015-05-26,2015-05-26 00:00:00,926.6296172113922,930.4699322564061,889.8393990801595,900.9379095602495,140457600,0.0
TQQQ.US,3 倍做多纳指 ETF - ProShares,1432699200000,2015-05-27,2015-05-27 00:00:00,908.8105554025279,947.0984964013161,903.2036954368077,944.333469568906,134289600,0.0
TQQQ.US,3 倍做多纳指 ETF - ProShares,1432785600000,2015-05-28,2015-05-28 00:00:00,938.5729970013853,945.2167420292592,929.1258219906513,937.3440961869809,90643200,0.0
TQQQ.US,3 倍做多纳指 ETF - ProShares,1432872000000,2015-05-29,2015-05-29 00:00:00,935.7695670185252,939.8403009662399,914.647834270949,921.5219982015238,106060800,0.0
TQQQ.US,3 倍做多纳指 ETF - ProShares,1433131200000,2015-06-01,2015-06-01 00:00:00,935.999985921226,937.6129182401318,907.5816545881236,929.5866597960529,137160000,0.0
TQQQ.US,3 倍做多纳指 ETF - ProShares,1433217600000,2015-06-02,2015-06-02 00:00:00,919.8322595817177,934.886294558172,906.2375443223686,921.0995635465723,131462400,0.0
TQQQ.US,3 倍做多纳指 ETF - ProShares,1433304000000,2015-06-03,2015-06-03 00:00:00,934.2334410005196,939.9171072671402,922.7893021663784,929.2026282915515,117067200,0.0
TQQQ.US,3 倍做多纳指 ETF - ProShares,1433390400000,2015-06-04,2015-06-04 00:00:00,913.9949807132966,931.4300110176596,899.7474118962953,908.9641680043285,185702400,0.0
TQQQ.US,3 倍做多纳指 ETF - ProShares,1433476800000,2015-06-05,2015-06-05 00:00:00,904.9702403575141,911.3451633322371,885.4230367783936,902.0900040737537,138590400,0.0
TQQQ.US,3 倍做多纳指 ETF - ProShares,1433736000000,2015-06-08,2015-06-08 00:00:00,900.3234591530473,902.4740355782551,868.9480852352841,874.4781389001041,144422400,0.0
TQQQ.US,3 倍做多纳指 ETF - ProShares,1433822400000,2015-06-09,2015-06-09 00:00:00,868.0648127749309,879.2785327063715,850.2457509660668,870.1385828992384,153000000,0.0
TQQQ.US,3 倍做多纳指 ETF - ProShares,1433908800000,2015-06-10,2015-06-10 00:00:00,878.625679148719,913.0349019520432,875.8990554667591,904.6246120034629,154766400,0.0
TQQQ.US,3 倍做多纳指 ETF - ProShares,1433995200000,2015-06-11,2015-06-11 00:00:00,914.3022059168978,921.9060297060253,904.6246120034629,909.5786184115308,117081600,0.0
TQQQ.US,3 倍做多纳指 ETF - ProShares,1434081600000,2015-06-12,2015-06-12 00:00:00,894.7165991873271,900.4770717548479,883.5028792558866,886.4599218405473,120897600,0.0
TQQQ.US,3 倍做多纳指 ETF - ProShares,1434340800000,2015-06-15,2015-06-15 00:00:00,867.1047340136774,877.8960192901664,851.8970864354226,874.2477199974034,200884800,0.0
TQQQ.US,3 倍做多纳指 ETF - ProShares,1434427200000,2015-06-16,2015-06-16 00:00:00,870.292195501039,892.1435881071678,869.6777450938368,887.5736132036013,101265600,0.0
TQQQ.US,3 倍做多纳指 ETF - ProShares,1434513600000,2015-06-17,2015-06-17 00:00:00,892.4892164612191,903.81814584401,878.0880350424171,895.0238243909282,168388800,0.0
TQQQ.US,3 倍做多纳指 ETF - ProShares,1434600000000,2015-06-18,2015-06-18 00:00:00,902.5508418791554,938.6498033022856,902.0131977728535,932.8893307347648,162628800,0.0
TQQQ.US,3 倍做多纳指 ETF - ProShares,1434686400000,2015-06-19,2015-06-19 00:00:00,935.5007449653742,937.9969497446332,918.6417619177635,918.6417619177635,84628800,0.0
TQQQ.US,3 倍做多纳指 ETF - ProShares,1434945600000,2015-06-22,2015-06-22 00:00:00,940.8003797274934,949.1338633751734,934.5406662041208,940.8003797274934,131716800,0.0
TQQQ.US,3 倍做多纳指 ETF - ProShares,1435032000000,2015-06-23,2015-06-23 00:00:00,944.0646475157552,945.677579834661,931.1995921149587,943.1045687545017,114907200,0.0
TQQQ.US,3 倍做多纳指 ETF - ProShares,1435118400000,2015-06-24,2015-06-24 00:00:00,939.5330757626388,951.4380524021817,927.7433085744462,928.6265810347994,84902400,0.0
TQQQ.US,3 倍做多纳指 ETF - ProShares,1435204800000,2015-06-25,2015-06-25 00:00:00,939.033834806787,941.9140710905474,918.2193272628119,922.5588832636776,85204800,0.0
TQQQ.US,3 倍做多纳指 ETF - ProShares,1435291200000,2015-06-26,2015-06-26 00:00:00,921.7524171042246,928.4729684329989,894.1405519305749,905.4310781629158,131904000,0.0
TQQQ.US,3 倍做多纳指 ETF - ProShares,1435550400000,2015-06-29,2015-06-29 00:00:00,873.5180601388507,889.685786478359,839.6848845922786,841.4130263625349,273744000,0.0
TQQQ.US,3 倍做多纳指 ETF - ProShares,1435636800000,2015-06-30,2015-06-30 00:00:00,858.9632661182482,864.4549166326179,841.6050421147855,851.0138139750694,176793600,0.0
TQQQ.US,3 倍做多纳指 ETF - ProShares,1435723200000,2015-07-01,2015-07-01 00:00:00,874.0557042451526,879.5857579099726,857.6575590029435,868.4872474298826,141624000,0.0
TQQQ.US,3 倍做多纳指 ETF - ProShares,1435809600000,2015-07-02,2015-07-02 00:00:00,876.3214901217108,879.124920104571,862.2275339065098,871.7515152181443,105523200,0.0
TQQQ.US,3 倍做多纳指 ETF - ProShares,1436155200000,2015-07-06,2015-07-06 00:00:00,853.7404376570292,878.8560980514198,848.0567713904088,864.3781103317176,131808000,0.0
TQQQ.US,3 倍做多纳指 ETF - ProShares,1436241600000,2015-07-07,2015-07-07 00:00:00,866.8743151109767,872.8652065811982,819.3312148537052,868.7944726334837,250329600,0.0
TQQQ.US,3 倍做多纳指 ETF - ProShares,1436328000000,2015-07-08,2015-07-08 00:00:00,851.5130549309213,854.777322719183,820.2144873140584,825.2837031734766,184881600,0.0
TQQQ.US,3 倍做多纳指 ETF - ProShares,1436414400000,2015-07-09,2015-07-09 00:00:00,858.5408314632966,859.4241039236498,822.8643046951179,822.8643046951179,125260800,0.0
TQQQ.US,3 倍做多纳指 ETF - ProShares,1436500800000,2015-07-10,2015-07-10 00:00:00,854.4700975155819,870.4842112532897,847.0966926291553,861.1138425434559,123259200,0.0
TQQQ.US,3 倍做多纳指 ETF - ProShares,1436760000000,2015-07-13,2015-07-13 00:00:00,882.8884288486845,908.5417333493771,882.6964130964337,905.1238529593147,104860800,0.0
TQQQ.US,3 倍做多纳指 ETF - ProShares,1436846400000,2015-07-14,2015-07-14 00:00:00,910.2314719691831,931.3532047167593,908.8105554025279,923.2885431222302,102201600,0.0
TQQQ.US,3 倍做多纳指 ETF - ProShares,1436932800000,2015-07-15,2015-07-15 00:00:00,928.5497747338992,937.6897245410321,919.1025997231651,927.666502273546,119140800,0.0
TQQQ.US,3 倍做多纳指 ETF - ProShares,1437019200000,2015-07-16,2015-07-16 00:00:00,950.0939421364268,966.4920873786359,944.4102758698064,963.9190762984767,139680000,0.0
TQQQ.US,3 倍做多纳指 ETF - ProShares,1437105600000,2015-07-17,2015-07-17 00:00:00,989.2651555955681,1008.082699316136,984.810390143352,1008.0058930152356,143328000,0.0
TQQQ.US,3 倍做多纳指 ETF - ProShares,1437364800000,2015-07-20,2015-07-20 00:00:00,1016.416182963816,1030.3181234267663,1006.0089291918284,1019.2964192475764,95889600,0.0
TQQQ.US,3 倍做多纳指 ETF - ProShares,1437451200000,2015-07-21,2015-07-21 00:00:00,1020.8709484160321,1024.9800855141968,1008.3899245197371,1016.4929892647162,87408000,0.0
TQQQ.US,3 倍做多纳指 ETF - ProShares,1437537600000,2015-07-22,2015-07-22 00:00:00,970.7932402290515,997.2914140396471,970.6396276272509,983.1206515235459,108388800,0.0
TQQQ.US,3 倍做多纳指 ETF - ProShares,1437624000000,2015-07-23,2015-07-23 00:00:00,986.0008878073063,995.1024344639892,964.0726889002773,971.3692874858035,96782400,0.0
TQQQ.US,3 倍做多纳指 ETF - ProShares,1437710400000,2015-07-24,2015-07-24 00:00:00,986.5769350640584,988.8043177901665,939.1106411076872,943.757422312154,106473600,0.0
TQQQ.US,3 倍做多纳指 ETF - ProShares,1437969600000,2015-07-27,2015-07-27 00:00:00,926.9368424149934,939.1874474085876,913.6877555096955,919.5250343781166,120624000,0.0
TQQQ.US,3 倍做多纳指 ETF - ProShares,1438056000000,2015-07-28,2015-07-28 00:00:00,932.6205086816138,948.9418476229228,909.924246765582,943.757422312154,155596800,0.0
TQQQ.US,3 倍做多纳指 ETF - ProShares,1438142400000,2015-07-29,2015-07-29 00:00:00,949.287475976974,960.3091801561637,938.6498033022856,954.3182886859421,121737600,0.0
TQQQ.US,3 倍做多纳指 ETF - ProShares,1438228800000,2015-07-30,2015-07-30 00:00:00,947.5209310562676,972.2525599461568,930.4699322564061,967.60577874169,137044800,0.0
TQQQ.US,3 倍做多纳指 ETF - ProShares,1438315200000,2015-07-31,2015-07-31 00:00:00,976.476906495672,978.0898388145778,958.0049911291553,964.6487361570294,109036800,0.0
TQQQ.US,3 倍做多纳指 ETF - ProShares,1438574400000,2015-08-03,2015-08-03 00:00:00,965.1863802633313,972.5597851497579,936.0767922221263,955.7392052525972,147734400,0.0
TQQQ.US,3 倍做多纳指 ETF - ProShares,1438660800000,2015-08-04,2015-08-04 00:00:00,953.0509847210875,958.6194415363576,937.5361119392315,949.594701180575,141350400,0.0
TQQQ.US,3 倍做多纳指 ETF - ProShares,1438747200000,2015-08-05,2015-08-05 00:00:00,965.378396015582,990.3020406577219,962.2293376786706,971.8301252912053,127411200,0.0
TQQQ.US,3 倍做多纳指 ETF - ProShares,1438833600000,2015-08-06,2015-08-06 00:00:00,973.7502828137121,978.0130325136776,911.8444042880889,925.2087006447371,175296000,0.0
TQQQ.US,3 倍做多纳指 ETF - ProShares,1438920000000,2015-08-07,2015-08-07 00:00:00,918.0657146610114,927.8201148753466,898.3264953296401,921.5219982015238,160176000,0.0
TQQQ.US,3 倍做多纳指 ETF - ProShares,1439179200000,2015-08-10,2015-08-10 00:00:00,938.8802222049864,958.8114572886083,938.8802222049864,952.628550066136,133804800,0.0
TQQQ.US,3 倍做多纳指 ETF - ProShares,1439265600000,2015-08-11,2015-08-11 00:00:00,937.2672898860806,948.6346224193215,900.7074906575488,916.299169740305,173289600,0.0
TQQQ.US,3 倍做多纳指 ETF - ProShares,1439352000000,2015-08-12,2015-08-12 00:00:00,897.8272543737884,931.0459795131582,867.9880064740306,924.4022344852842,224347200,0.0
TQQQ.US,3 倍做多纳指 ETF - ProShares,1439438400000,2015-08-13,2015-08-13 00:00:00,928.0889369284974,941.261217532895,914.9550594745501,920.2546942366693,140659200,0.0
TQQQ.US,3 倍做多纳指 ETF - ProShares,1439524800000,2015-08-14,2015-08-14 00:00:00,914.071787014197,928.8954030879504,909.0409743052288,925.2087006447371,145982400,0.0
TQQQ.US,3 倍做多纳指 ETF - ProShares,1439784000000,2015-08-17,2015-08-17 00:00:00,918.0657146610114,948.6346224193215,911.2683570313368,947.9049625607689,125356800,0.0
TQQQ.US,3 倍做多纳指 ETF - ProShares,1439870400000,2015-08-18,2015-08-18 00:00:00,942.5669246481997,946.4840459941138,929.8554818492038,932.8125244338645,108998400,0.0
TQQQ.US,3 倍做多纳指 ETF - ProShares,1439956800000,2015-08-19,2015-08-19 00:00:00,924.095009281683,939.609882063539,898.9409457368424,915.2622846781512,235516800,0.0
TQQQ.US,3 倍做多纳指 ETF - ProShares,1440043200000,2015-08-20,2015-08-20 00:00:00,889.685786478359,898.2496890287399,838.5327900787745,839.9153034949794,300019200,0.0
TQQQ.US,3 倍做多纳指 ETF - ProShares,1440129600000,2015-08-21,2015-08-21 00:00:00,804.0851641250001,824.4772370140237,735.4203311201526,735.4203311201526,380289600,0.0
TQQQ.US,3 倍做多纳指 ETF - ProShares,1440388800000,2015-08-24,2015-08-24 00:00:00,600.4332572879157,731.8872412787398,522.4364587236844,648.2835827487883,392716800,0.0
TQQQ.US,3 倍做多纳指 ETF - ProShares,1440475200000,2015-08-25,2015-08-25 00:00:00,716.0651432932827,729.0838112958797,636.839443914647,639.7196801984073,289665600,0.0
TQQQ.US,3 倍做多纳指 ETF - ProShares,1440561600000,2015-08-26,2015-08-26 00:00:00,694.3673632889544,737.4172949435598,653.4296049091068,732.0792570309904,285019200,0.0
TQQQ.US,3 倍做多纳指 ETF - ProShares,1440648000000,2015-08-27,2015-08-27 00:00:00,766.4500766838645,790.8744803701526,738.6845989084144,789.2615480512468,485952000,0.0
TQQQ.US,3 倍做多纳指 ETF - ProShares,1440734400000,2015-08-28,2015-08-28 00:00:00,776.7037178540514,796.8653718403741,771.596098844183,788.6086944935944,214094400,0.0
TQQQ.US,3 倍做多纳指 ETF - ProShares,1440993600000,2015-08-31,2015-08-31 00:00:00,775.6668327918977,788.4550818917938,753.6618275839684,759.3454938505888,206870400,0.0
TQQQ.US,3 倍做多纳指 ETF - ProShares,1441080000000,2015-09-01,2015-09-01 00:00:00,702.3168154321331,737.1100697399587,678.698877905298,690.4502419430404,313862400,0.0
TQQQ.US,3 倍做多纳指 ETF - ProShares,1441166400000,2015-09-02,2015-09-02 00:00:00,725.5123183040168,746.634051051593,701.5871555735805,746.634051051593,180278400,0.0
TQQQ.US,3 倍做多纳指 ETF - ProShares,1441252800000,2015-09-03,2015-09-03 00:00:00,755.7355977082758,770.2903917288784,729.0070049949794,734.3066397570985,223224000,0.0
TQQQ.US,3 倍做多纳指 ETF - ProShares,1441339200000,2015-09-04,2015-09-04 00:00:00,704.8514233618423,723.5921607815098,696.7867617673132,709.7286234690099,279643200,0.0
TQQQ.US,3 倍做多纳指 ETF - ProShares,1441684800000,2015-09-08,2015-09-08 00:00:00,749.975125140755,771.6729051450833,741.103997386773,769.9831665252772,225350400,0.0
TQQQ.US,3 倍做多纳指 ETF - ProShares,1441771200000,2015-09-09,2015-09-09 00:00:00,796.4045340349725,796.7885655394739,737.0332634390584,743.1777675110806,281284800,0.0
TQQQ.US,3 倍做多纳指 ETF - ProShares,1441857600000,2015-09-10,2015-09-10 00:00:00,740.1439186255196,781.8881431648201,737.49410124446,766.9493176397162,247161600,0.0
TQQQ.US,3 倍做多纳指 ETF - ProShares,1441944000000,2015-09-11,2015-09-11 00:00:00,756.6956764695293,779.3535352351109,750.0519314416554,779.3535352351109,189720000,0.0
TQQQ.US,3 倍做多纳指 ETF - ProShares,1442203200000,2015-09-14,2015-09-14 00:00:00,788.0710503872924,788.3014692899933,763.9154687541553,772.4025650036359,176664000,0.0
TQQQ.US,3 倍做多纳指 ETF - ProShares,1442289600000,2015-09-15,2015-09-15 00:00:00,778.1246344207066,807.1958193114614,769.6759413216761,799.3615766196332,152654400,0.0
TQQQ.US,3 倍做多纳指 ETF - ProShares,1442376000000,2015-09-16,2015-09-16 00:00:00,800.9361057880889,815.682915560942,792.0649780341068,812.7258729762814,140414400,0.0
TQQQ.US,3 倍做多纳指 ETF - ProShares,1442462400000,2015-09-17,2015-09-17 00:00:00,811.8426005159281,850.8602013732689,804.0851641250001,814.9532557023894,242361600,0.0
TQQQ.US,3 倍做多纳指 ETF - ProShares,1442548800000,2015-09-18,2015-09-18 00:00:00,777.5869903144046,808.2327043736151,775.8204453936983,780.467226598165,272342400,0.0
TQQQ.US,3 倍做多纳指 ETF - ProShares,1442808000000,2015-09-21,2015-09-21 00:00:00,792.3722032377079,806.1589342493077,766.0660451793631,787.1109716260389,200313600,0.0
TQQQ.US,3 倍做多纳指 ETF - ProShares,1442894400000,2015-09-22,2015-09-22 00:00:00,750.7047849993077,759.2686875496886,730.3127121102841,752.3945236191138,283795200,0.0
TQQQ.US,3 倍做多纳指 ETF - ProShares,1442980800000,2015-09-23,2015-09-23 00:00:00,757.6557552307828,763.5698404001041,741.641641493075,753.585021283068,223761600,0.0
TQQQ.US,3 倍做多纳指 ETF - ProShares,1443067200000,2015-09-24,2015-09-24 00:00:00,731.3495971724378,753.5082149821678,712.0712156464683,744.8675061308867,293836800,0.0
TQQQ.US,3 倍做多纳指 ETF - ProShares,1443153600000,2015-09-25,2015-09-25 00:00:00,770.1367791270778,771.1736641892315,712.3016345491692,726.7796222688714,283824000,0.0
TQQQ.US,3 倍做多纳指 ETF - ProShares,1443412800000,2015-09-28,2015-09-28 00:00:00,716.7179968509352,717.9853008157896,657.7307577595222,664.1440838846955,360057600,0.0
TQQQ.US,3 倍做多纳指 ETF - ProShares,1443499200000,2015-09-29,2015-09-29 00:00:00,668.9444776909628,689.2597442790861,639.4124549948062,654.31287736946,365750400,0.0
TQQQ.US,3 倍做多纳指 ETF - ProShares,1443585600000,2015-09-30,2015-09-30 00:00:00,681.5023078881582,700.8574957150279,673.6680651963298,697.5932279267661,333864000,0.0
TQQQ.US,3 倍做多纳指 ETF - ProShares,1443672000000,2015-10-01,2015-10-01 00:00:00,701.9711870780819,707.808465946503,674.282515603532,707.3476281411013,219264000,0.0
TQQQ.US,3 倍做多纳指 ETF - ProShares,1443758400000,2015-10-02,2015-10-02 00:00:00,678.9292968079988,744.9443124317869,672.0551328774241,744.0610399714337,317404800,0.0
TQQQ.US,3 倍做多纳指 ETF - ProShares,1444017600000,2015-10-05,2015-10-05 00:00:00,761.4192639748964,782.7714156251733,756.5420638677288,777.971021818906,208152000,0.0
TQQQ.US,3 倍做多纳指 ETF - ProShares,1444104000000,2015-10-06,2015-10-06 00:00:00,772.2873555522856,779.0847131819601,747.5173235119462,766.872511338816,230121600,0.0
TQQQ.US,3 倍做多纳指 ETF - ProShares,1444190400000,2015-10-07,2015-10-07 00:00:00,780.5440328990653,784.61476684678,750.1287377425556,779.1999226333104,253108800,0.0
TQQQ.US,3 倍做多纳指 ETF - ProShares,1444276800000,2015-10-08,2015-10-08 00:00:00,770.8664389856303,792.8714441935598,748.1317739191484,788.7239039449448,291873600,0.0
TQQQ.US,3 倍做多纳指 ETF - ProShares,1444363200000,2015-10-09,2015-10-09 00:00:00,789.7607890070985,804.0851641250001,783.5010754837259,798.2862884070294,175224000,0.0
TQQQ.US,3 倍做多纳指 ETF - ProShares,1444622400000,2015-10-12,2015-10-12 00:00:00,804.3923893286013,809.7304272411706,795.5212615746193,805.0452428862536,152539200,0.0
TQQQ.US,3 倍做多纳指 ETF - ProShares,1444708800000,2015-10-13,2015-10-13 00:00:00,791.2585118746539,815.8365281627425,787.2645842278396,789.2615480512468,212966400,0.0
TQQQ.US,3 倍做多纳指 ETF - ProShares,1444795200000,2015-10-14,2015-10-14 00:00:00,789.4919669539476,801.4353467439406,775.7436390927979,785.9204739620847,183331200,0.0
TQQQ.US,3 倍做多纳指 ETF - ProShares,1444881600000,2015-10-15,2015-10-15 00:00:00,794.3691670611151,824.4772370140237,791.3353181755542,824.3236244122231,214569600,0.0
TQQQ.US,3 倍做多纳指 ETF - ProShares,1444968000000,2015-10-16,2015-10-16 00:00:00,829.7384686256927,836.0749884499655,817.6798793843492,834.5388624319601,132643200,0.0
TQQQ.US,3 倍做多纳指 ETF - ProShares,1445227200000,2015-10-19,2015-10-19 00:00:00,830.6985473869462,850.8602013732689,826.0517661824795,849.5160911075142,163622400,0.0
TQQQ.US,3 倍做多纳指 ETF - ProShares,1445313600000,2015-10-20,2015-10-20 00:00:00,844.4084720976457,850.053735213816,827.4342795986844,835.4221348923132,145252800,0.0
TQQQ.US,3 倍做多纳指 ETF - ProShares,1445400000000,2015-10-21,2015-10-21 00:00:00,848.5560123462606,850.9370076741692,819.6000369068561,821.9810322347647,176496000,0.0
TQQQ.US,3 倍做多纳指 ETF - ProShares,1445486400000,2015-10-22,2015-10-22 00:00:00,842.565120876039,872.7884002802981,835.4989411932135,870.7146301559906,259752000,0.0
TQQQ.US,3 倍做多纳指 ETF - ProShares,1445572800000,2015-10-23,2015-10-23 00:00:00,940.9539923292939,954.548707588643,926.8600361140931,943.1045687545017,204057600,0.0
TQQQ.US,3 倍做多纳指 ETF - ProShares,1445832000000,2015-10-26,2015-10-26 00:00:00,941.9140710905474,951.1308271985806,931.276398415859,945.9079987373618,119889600,0.0
TQQQ.US,3 倍做多纳指 ETF - ProShares,1445918400000,2015-10-27,2015-10-27 00:00:00,938.2273686473341,955.4319800489961,937.4209024878812,952.090905959834,104462400,0.0
TQQQ.US,3 倍做多纳指 ETF - ProShares,1446004800000,2015-10-28,2015-10-28 00:00:00,956.3920588102495,974.7871678758659,932.8125244338645,974.1727174686637,208958400,0.0
TQQQ.US,3 倍做多纳指 ETF - ProShares,1446091200000,2015-10-29,2015-10-29 00:00:00,961.5380809705681,975.2864088317177,958.7346509877079,970.5628213263507,99825600,0.0
TQQQ.US,3 倍做多纳指 ETF - ProShares,1446177600000,2015-10-30,2015-10-30 00:00:00,971.8301252912053,976.8993411506235,957.1985249697025,957.2753312706028,120072000,0.0
TQQQ.US,3 倍做多纳指 ETF - ProShares,1446440400000,2015-11-02,2015-11-02 00:00:00,964.4183172543285,993.105470640582,959.0418761913091,989.9180091532205,110601600,0.0
TQQQ.US,3 倍做多纳指 ETF - ProShares,1446526800000,2015-11-03,2015-11-03 00:00:00,983.8503113820985,1010.8093229980958,979.2803364785321,999.3651841639545,123624000,0.0
TQQQ.US,3 倍做多纳指 ETF - ProShares,1446613200000,2015-11-04,2015-11-04 00:00:00,1009.2731969800902,1012.0766269629504,987.844239028913,999.7492156684559,145833600,0.0
TQQQ.US,3 倍做多纳指 ETF - ProShares,1446699600000,2015-11-05,2015-11-05 00:00:00,1002.7830645540168,1010.1564694404435,976.5537127965723,990.9548942153742,142252800,0.0
TQQQ.US,3 倍做多纳指 ETF - ProShares,1446786000000,2015-11-06,2015-11-06 00:00:00,986.8073539667593,997.4450266414476,967.1833440867385,994.2575651540861,136248000,0.0
TQQQ.US,3 倍做多纳指 ETF - ProShares,1447045200000,2015-11-09,2015-11-09 00:00:00,982.7366200190445,986.7305476658589,943.9110349139546,962.2293376786706,151315200,0.0
TQQQ.US,3 倍做多纳指 ETF - ProShares,1447131600000,2015-11-10,2015-11-10 00:00:00,946.8680774986152,957.4289438724034,938.4577875500349,955.4319800489961,98721600,0.0
TQQQ.US,3 倍做多纳指 ETF - ProShares,1447218000000,2015-11-11,2015-11-11 00:00:00,962.7285786345224,976.476906495672,946.4840459941138,951.2076334994808,100828800,0.0
TQQQ.US,3 倍做多纳指 ETF - ProShares,1447304400000,2015-11-12,2015-11-12 00:00:00,938.9570285058867,953.2814036237884,921.5219982015238,923.5957683258313,137928000,0.0
TQQQ.US,3 倍做多纳指 ETF - ProShares,1447390800000,2015-11-13,2015-11-13 00:00:00,911.9980168898894,914.7246405718492,867.75758757133,869.2553104388852,197697600,0.0
TQQQ.US,3 倍做多纳指 ETF - ProShares,1447650000000,2015-11-16,2015-11-16 00:00:00,866.3750741551248,906.890397880021,860.307376384003,905.507884463816,185544000,0.0
TQQQ.US,3 倍做多纳指 ETF - ProShares,1447736400000,2015-11-17,2015-11-17 00:00:00,911.037938128636,927.7433085744462,901.2835379143008,908.6185396502773,221414400,0.0
TQQQ.US,3 倍做多纳指 ETF - ProShares,1447822800000,2015-11-18,2015-11-18 00:00:00,918.8721808204642,963.2662227408243,916.4911854925557,960.7316148111152,196276800,0.0
TQQQ.US,3 倍做多纳指 ETF - ProShares,1447909200000,2015-11-19,2015-11-19 00:00:00,962.306143979571,975.5936340353188,957.1985249697025,962.1525313777704,103958400,0.0
TQQQ.US,3 倍做多纳指 ETF - ProShares,1447995600000,2015-11-20,2015-11-20 00:00:00,975.5936340353188,984.0807302847994,973.2126387074102,981.2773003019394,101995200,0.0
TQQQ.US,3 倍做多纳指 ETF - ProShares,1448254800000,2015-11-23,2015-11-23 00:00:00,982.4677979658936,993.6815178973341,960.962033713816,973.3662513092107,112876800,0.0
TQQQ.US,3 倍做多纳指 ETF - ProShares,1448341200000,2015-11-24,2015-11-24 00:00:00,954.4719012877426,977.590597858726,939.5330757626388,970.3324024236498,132494400,0.0
TQQQ.US,3 倍做多纳指 ETF - ProShares,1448427600000,2015-11-25,2015-11-25 00:00:00,974.0959111677633,978.6274829208797,967.2601503876388,972.4829788488576,55977600,0.0
TQQQ.US,3 倍做多纳指 ETF - ProShares,1448600400000,2015-11-27,2015-11-27 00:00:00,979.4339490803327,983.1206515235459,967.2601503876388,976.0160686902703,27206400,0.0
TQQQ.US,3 倍做多纳指 ETF - ProShares,1448859600000,2015-11-30,2015-11-30 00:00:00,985.7704689046055,985.9240815064061,960.2323738552634,969.833161467798,93273600,0.0
TQQQ.US,3 倍做多纳指 ETF - ProShares,1448946000000,2015-12-01,2015-12-01 00:00:00,980.7396561956374,998.6355243054019,977.590597858726,998.6355243054019,117043200,0.0
TQQQ.US,3 倍做多纳指 ETF - ProShares,1449032400000,2015-12-02,2015-12-02 00:00:00,1000.5556818279089,1013.9967844854573,975.3632151326179,980.4708341424864,122092800,0.0
TQQQ.US,3 倍做多纳指 ETF - ProShares,1449118800000,2015-12-03,2015-12-03 00:00:00,988.2282705334144,992.6446328351803,913.3421271556443,930.4699322564061,225912000,0.0
TQQQ.US,3 倍做多纳指 ETF - ProShares,1449205200000,2015-12-04,2015-12-04 00:00:00,938.3809812491346,1000.0948440225071,932.8893307347648,994.4111777558867,173289600,0.0
TQQQ.US,3 倍做多纳指 ETF - ProShares,1449464400000,2015-12-07,2015-12-07 00:00:00,997.3682203405473,999.211571562154,967.6825850425903,982.2373790631927,138451200,0.0
TQQQ.US,3 倍做多纳指 ETF - ProShares,1449550800000,2015-12-08,2015-12-08 00:00:00,951.1308271985806,991.3773288703258,949.9019263841761,982.3141853640931,162600000,0.0
TQQQ.US,3 倍做多纳指 ETF - ProShares,1449637200000,2015-12-09,2015-12-09 00:00:00,968.4122449011429,985.0408090460529,919.8322595817177,936.576033177978,289732800,0.0
TQQQ.US,3 倍做多纳指 ETF - ProShares,1449723600000,2015-12-10,2015-12-10 00:00:00,943.3733908076526,968.4122449011429,935.1167134608728,949.8251200832759,162926400,0.0
TQQQ.US,3 倍做多纳指 ETF - ProShares,1449810000000,2015-12-11,2015-12-11 00:00:00,916.9520232979573,924.3254281843839,882.6196067955334,884.7317800702912,294873600,0.0
TQQQ.US,3 倍做多纳指 ETF - ProShares,1450069200000,2015-12-14,2015-12-14 00:00:00,888.5720951153049,905.3542718620155,850.322557266967,904.5478057025626,232344000,0.0
TQQQ.US,3 倍做多纳指 ETF - ProShares,1450155600000,2015-12-15,2015-12-15 00:00:00,927.7433085744462,943.9878412148548,917.3744579529089,919.909065882618,191558400,0.0
TQQQ.US,3 倍做多纳指 ETF - ProShares,1450242000000,2015-12-16,2015-12-16 00:00:00,939.3410600103881,966.223265325485,911.2683570313368,960.5780022093146,196512000,0.0
TQQQ.US,3 倍做多纳指 ETF - ProShares,1450328400000,2015-12-17,2015-12-17 00:00:00,973.3662513092107,974.1727174686637,919.3714217763161,920.5619194402703,189513600,0.0
TQQQ.US,3 倍做多纳指 ETF - ProShares,1450414800000,2015-12-18,2015-12-18 00:00:00,910.6155034736845,917.1056358997579,868.0648127749309,869.9849702974378,204955200,0.0
TQQQ.US,3 倍做多纳指 ETF - ProShares,1450674000000,2015-12-21,2015-12-21 00:00:00,891.5291376999656,895.9070968512815,871.981934120845,895.8302905503812,128059200,0.0
TQQQ.US,3 倍做多纳指 ETF - ProShares,1450760400000,2015-12-22,2015-12-22 00:00:00,909.8474404646817,916.7984106961568,895.5230653467801,912.8044830493424,134044800,0.0
TQQQ.US,3 倍做多纳指 ETF - ProShares,1450846800000,2015-12-23,2015-12-23 00:00:00,927.1288581672441,935.1167134608728,922.0596423078258,933.6957968942177,109896000,0.0
TQQQ.US,3 倍做多纳指 ETF - ProShares,1450933200000,2015-12-24,2015-12-24 00:00:00,932.8893307347648,940.4163482229919,931.276398415859,931.7372362212607,48480000,0.0
TQQQ.US,3 倍做多纳指 ETF - ProShares,1451278800000,2015-12-28,2015-12-28 00:00:00,925.2087006447371,931.5068173185598,905.5846907647164,931.5068173185598,102672000,0.0
TQQQ.US,3 倍做多纳指 ETF - ProShares,1451365200000,2015-12-29,2015-12-29 00:00:00,947.6745436580682,981.0468813992385,945.7543861355612,974.0191048668631,145305600,0.0
TQQQ.US,3 倍做多纳指 ETF - ProShares,1451451600000,2015-12-30,2015-12-30 00:00:00,972.2525599461568,973.443057610111,948.4042035166208,949.1338633751734,89592000,0.0
TQQQ.US,3 倍做多纳指 ETF - ProShares,1451538000000,2015-12-31,2015-12-31 00:00:00,938.8034159040861,943.8342286130543,912.8812893502427,913.9181744123964,175905600,0.0
TQQQ.US,3 倍做多纳指 ETF - ProShares,1451883600000,2016-01-04,2016-01-04 00:00:00,853.0491809489268,858.079993657895,821.9810322347647,858.079993657895,265867200,0.0
TQQQ.US,3 倍做多纳指 ETF - ProShares,1451970000000,2016-01-05,2016-01-05 00:00:00,868.0648127749309,871.5210963154435,838.8016121319255,850.3993635678673,132326400,0.0
TQQQ.US,3 倍做多纳指 ETF - ProShares,1452056400000,2016-01-06,2016-01-06 00:00:00,807.8870760195639,840.4529476012814,806.7733846565098,827.5878922004849,243787200,0.0
TQQQ.US,3 倍做多纳指 ETF - ProShares,1452142800000,2016-01-07,2016-01-07 00:00:00,773.6698689684905,804.0851641250001,747.7477424146471,748.861433777701,340348800,0.0
TQQQ.US,3 倍做多纳指 ETF - ProShares,1452229200000,2016-01-08,2016-01-08 00:00:00,765.1059664181096,779.0079068810597,727.8165073310252,731.1959845706373,331819200,0.0
TQQQ.US,3 倍做多纳指 ETF - ProShares,1452488400000,2016-01-11,2016-01-11 00:00:00,746.365228998442,752.3177173182135,703.2384910429364,737.5709075453603,336177600,0.0
TQQQ.US,3 倍做多纳指 ETF - ProShares,1452574800000,2016-01-12,2016-01-12 00:00:00,757.4253363280819,773.9002878711914,731.2727908715376,762.4561490370501,317520000,0.0
TQQQ.US,3 倍做多纳指 ETF - ProShares,1452661200000,2016-01-13,2016-01-13 00:00:00,771.6729051450833,777.0109430576525,680.0429881710528,682.6928055521124,413400000,0.0
TQQQ.US,3 倍做多纳指 ETF - ProShares,1452747600000,2016-01-14,2016-01-14 00:00:00,691.3335144033936,745.251537635388,658.460417618075,726.8564285697717,363417600,0.0
TQQQ.US,3 倍做多纳指 ETF - ProShares,1452834000000,2016-01-15,2016-01-15 00:00:00,654.31287736946,682.4623866494115,631.5014060020777,660.0733499369808,564715200,0.0
TQQQ.US,3 倍做多纳指 ETF - ProShares,1453179600000,2016-01-19,2016-01-19 00:00:00,685.8802670394738,689.0293253763853,640.1421148533589,662.8383767693907,259228800,0.0
TQQQ.US,3 倍做多纳指 ETF - ProShares,1453266000000,2016-01-20,2016-01-20 00:00:00,631.7318249047785,678.3148464007966,588.3746680465722,656.8474852991691,554697600,0.0
TQQQ.US,3 倍做多纳指 ETF - ProShares,1453352400000,2016-01-21,2016-01-21 00:00:00,665.104162645949,688.1460529160321,638.9516171894046,659.2668837775279,338112000,0.0
TQQQ.US,3 倍做多纳指 ETF - ProShares,1453438800000,2016-01-22,2016-01-22 00:00:00,698.0540657321678,717.1788346563368,692.1399805628465,716.0651432932827,286881600,0.0
TQQQ.US,3 倍做多纳指 ETF - ProShares,1453698000000,2016-01-25,2016-01-25 00:00:00,709.6518171681097,720.7887307986498,682.4623866494115,683.8064969151663,277084800,0.0
TQQQ.US,3 倍做多纳指 ETF - ProShares,1453784400000,2016-01-26,2016-01-26 00:00:00,692.8696404213991,711.6487809915169,675.0889817629849,703.353700494287,243038400,0.0
TQQQ.US,3 倍做多纳指 ETF - ProShares,1453870800000,2016-01-27,2016-01-27 00:00:00,690.5270482439406,699.3213696970223,641.6398377209143,651.0102064307481,358315200,0.0
TQQQ.US,3 倍做多纳指 ETF - ProShares,1453957200000,2016-01-28,2016-01-28 00:00:00,681.5791141890584,683.2688528088645,644.1360425001733,676.7019140818908,315571200,0.0
TQQQ.US,3 倍做多纳指 ETF - ProShares,1454043600000,2016-01-29,2016-01-29 00:00:00,678.1996369494461,720.7887307986498,676.47149517919,720.7887307986498,257716800,0.0
TQQQ.US,3 倍做多纳指 ETF - ProShares,1454302800000,2016-02-01,2016-02-01 00:00:00,709.0373667609074,733.9610114030473,701.2415272195292,724.8594647463644,228240000,0.0
TQQQ.US,3 倍做多纳指 ETF - ProShares,1454389200000,2016-02-02,2016-02-02 00:00:00,716.2955621959836,716.2955621959836,672.2087454792245,678.8524905070984,256867200,0.0
TQQQ.US,3 倍做多纳指 ETF - ProShares,1454475600000,2016-02-03,2016-02-03 00:00:00,691.6407396069945,691.8327553592453,633.1527414714337,669.2517028945639,471302400,0.0
TQQQ.US,3 倍做多纳指 ETF - ProShares,1454562000000,2016-02-04,2016-02-04 00:00:00,662.6079578666898,684.4593504728188,645.2497338632273,668.0612052306096,284035200,0.0
TQQQ.US,3 倍做多纳指 ETF - ProShares,1454648400000,2016-02-05,2016-02-05 00:00:00,661.6478791054365,662.3007326630889,591.8693547375348,599.3195659248616,429777600,0.0
TQQQ.US,3 倍做多纳指 ETF - ProShares,1454907600000,2016-02-08,2016-02-08 00:00:00,565.870421882791,579.0811056376386,538.7577976649933,571.9765228043631,514963200,0.0
TQQQ.US,3 倍做多纳指 ETF - ProShares,1454994000000,2016-02-09,2016-02-09 00:00:00,548.3585852775278,591.9845641888852,545.7855741973686,565.332777776489,459494400,0.0
TQQQ.US,3 倍做多纳指 ETF - ProShares,1455080400000,2016-02-10,2016-02-10 00:00:00,586.0320758691138,607.4226306698408,571.1700566449101,572.0533291052633,375528000,0.0
TQQQ.US,3 倍做多纳指 ETF - ProShares,1455166800000,2016-02-11,2016-02-11 00:00:00,550.4323554018354,583.343855337604,545.4783489937674,570.6708156890584,477076800,0.0
TQQQ.US,3 倍做多纳指 ETF - ProShares,1455253200000,2016-02-12,2016-02-12 00:00:00,588.5282806483727,597.476214703255,573.0134078665168,595.0184130744461,316430400,0.0
TQQQ.US,3 倍做多纳指 ETF - ProShares,1455598800000,2016-02-16,2016-02-16 00:00:00,622.6302782480957,634.6120611885389,610.9941236617037,634.6120611885389,299313600,0.0
TQQQ.US,3 倍做多纳指 ETF - ProShares,1455685200000,2016-02-17,2016-02-17 00:00:00,650.702981227147,681.8863393926595,644.865702358726,678.4684590025971,365232000,0.0
TQQQ.US,3 倍做多纳指 ETF - ProShares,1455771600000,2016-02-18,2016-02-18 00:00:00,685.649848136773,685.8802670394738,653.2375891568561,655.426568732514,257899200,0.0
TQQQ.US,3 倍做多纳指 ETF - ProShares,1455858000000,2016-02-19,2016-02-19 00:00:00,647.976357545187,667.7155768765583,641.7934503227149,662.2239263621885,238934400,0.0
TQQQ.US,3 倍做多纳指 ETF - ProShares,1456117200000,2016-02-22,2016-02-22 00:00:00,680.2350039233036,695.8266830060597,678.3148464007966,693.4840908286012,248265600,0.0
TQQQ.US,3 倍做多纳指 ETF - ProShares,1456203600000,2016-02-23,2016-02-23 00:00:00,681.2718889854573,687.1859741547786,658.3068050162744,658.9212554234766,267825600,0.0
TQQQ.US,3 倍做多纳指 ETF - ProShares,1456290000000,2016-02-24,2016-02-24 00:00:00,636.6090250119461,680.8494543305056,624.3584200183519,678.5452653034974,350558400,0.0
TQQQ.US,3 倍做多纳指 ETF - ProShares,1456376400000,2016-02-25,2016-02-25 00:00:00,683.0000307557134,698.0540657321678,664.4513090882965,697.2475995727149,259598400,0.0
TQQQ.US,3 倍做多纳指 ETF - ProShares,1456462800000,2016-02-26,2016-02-26 00:00:00,713.1849070095224,714.8746456293285,690.9494828988921,695.6730704042592,248577600,0.0
TQQQ.US,3 倍做多纳指 ETF - ProShares,1456722000000,2016-02-29,2016-02-29 00:00:00,694.0601380853534,709.5750108672094,677.2395581881926,677.2395581881926,229968000,0.0
TQQQ.US,3 倍做多纳指 ETF - ProShares,1456808400000,2016-03-01,2016-03-01 00:00:00,695.8266830060597,742.2176887498271,690.2966293412398,742.0640761480265,311136000,0.0
TQQQ.US,3 倍做多纳指 ETF - ProShares,1456894800000,2016-03-02,2016-03-02 00:00:00,739.2606461651665,743.6770084669323,725.7427372067177,742.8705423074795,193972800,0.0
TQQQ.US,3 倍做多纳指 ETF - ProShares,1456981200000,2016-03-03,2016-03-03 00:00:00,740.9503847849725,741.5648351921748,723.0161135247579,738.6845989084144,206596800,0.0
TQQQ.US,3 倍做多纳指 ETF - ProShares,1457067600000,2016-03-04,2016-03-04 00:00:00,741.4880288912744,754.1610685398201,725.0898836490653,739.9903060237191,237844800,0.0
TQQQ.US,3 倍做多纳指 ETF - ProShares,1457326800000,2016-03-07,2016-03-07 00:00:00,728.4693608886774,741.4112225903742,710.2278644248617,726.2035750121194,189124800,0.0
TQQQ.US,3 倍做多纳指 ETF - ProShares,1457413200000,2016-03-08,2016-03-08 00:00:00,710.7655085311636,730.0438900571332,704.2369729546401,707.00199978705,212563200,0.0
TQQQ.US,3 倍做多纳指 ETF - ProShares,1457499600000,2016-03-09,2016-03-09 00:00:00,716.5259810986845,721.8256158608035,704.0449572023895,720.5583118959489,208344000,0.0
TQQQ.US,3 倍做多纳指 ETF - ProShares,1457586000000,2016-03-10,2016-03-10 00:00:00,732.0792570309904,742.9473486083797,690.2198230403395,717.8316882139891,343454400,0.0
TQQQ.US,3 倍做多纳指 ETF - ProShares,1457672400000,2016-03-11,2016-03-11 00:00:00,741.0271910858728,755.8124040091761,734.6906712616,755.0059378497232,169660800,0.0
TQQQ.US,3 倍做多纳指 ETF - ProShares,1457928000000,2016-03-14,2016-03-14 00:00:00,747.4021140605957,765.0291601172094,746.5572447506927,759.4223001514891,157166400,0.0
TQQQ.US,3 倍做多纳指 ETF - ProShares,1458014400000,2016-03-15,2016-03-15 00:00:00,751.7416700614614,761.0352324703949,744.1378462723341,758.9614623460874,193118400,0.0
TQQQ.US,3 倍做多纳指 ETF - ProShares,1458100800000,2016-03-16,2016-03-16 00:00:00,752.2409110173132,784.7683794485805,752.2409110173132,778.3166501729572,176457600,0.0
TQQQ.US,3 倍做多纳指 ETF - ProShares,1458187200000,2016-03-17,2016-03-17 00:00:00,772.4025650036359,783.0402376783243,763.3394214974032,776.0508642963991,127507200,0.0
TQQQ.US,3 倍做多纳指 ETF - ProShares,1458273600000,2016-03-18,2016-03-18 00:00:00,782.4641904215722,787.1109716260389,768.9462814631235,780.5440328990653,147537600,0.0
TQQQ.US,3 倍做多纳指 ETF - ProShares,1458532800000,2016-03-21,2016-03-21 00:00:00,777.2029588099032,792.4490095386083,775.6668327918977,789.8375953079988,136008000,0.0
TQQQ.US,3 倍做多纳指 ETF - ProShares,1458619200000,2016-03-22,2016-03-22 00:00:00,777.0109430576525,802.8562633105958,776.31968634955,796.8653718403741,127214400,0.0
TQQQ.US,3 倍做多纳指 ETF - ProShares,1458705600000,2016-03-23,2016-03-23 00:00:00,792.6410252908589,794.3691670611151,772.4793713045362,777.8942155180058,154454400,0.0
TQQQ.US,3 倍做多纳指 ETF - ProShares,1458792000000,2016-03-24,2016-03-24 00:00:00,765.2595790199102,779.0847131819601,762.4561490370501,777.6637966153049,127022400,0.0
TQQQ.US,3 倍做多纳指 ETF - ProShares,1459137600000,2016-03-28,2016-03-28 00:00:00,785.4980393071331,785.6516519089338,771.0968578883312,774.8603666324448,129384000,0.0
TQQQ.US,3 倍做多纳指 ETF - ProShares,1459224000000,2016-03-29,2016-03-29 00:00:00,770.6360200829296,813.6859517375348,766.872511338816,811.9194068168284,179793600,0.0
TQQQ.US,3 倍做多纳指 ETF - ProShares,1459310400000,2016-03-30,2016-03-30 00:00:00,826.7046197401318,839.3392562382273,818.7935707474032,824.0548023590723,209884800,0.0
TQQQ.US,3 倍做多纳指 ETF - ProShares,1459396800000,2016-03-31,2016-03-31 00:00:00,822.2114511374656,831.4282072454988,816.6429943221955,819.2544085528049,118521600,0.0
TQQQ.US,3 倍做多纳指 ETF - ProShares,1459483200000,2016-04-01,2016-04-01 00:00:00,806.7733846565098,847.519127284107,802.2418129033936,846.5590485228535,163022400,0.0
TQQQ.US,3 倍做多纳指 ETF - ProShares,1459742400000,2016-04-04,2016-04-04 00:00:00,845.2533414075486,848.0567713904088,831.0441757409975,836.0749884499655,136632000,0.0
TQQQ.US,3 倍做多纳指 ETF - ProShares,1459828800000,2016-04-05,2016-04-05 00:00:00,816.9502195257966,826.6278134392314,809.3463957366691,813.5707422861844,146841600,0.0
TQQQ.US,3 倍做多纳指 ETF - ProShares,1459915200000,2016-04-06,2016-04-06 00:00:00,816.0669470654434,853.2027935507274,815.2604809059904,852.549939993075,182088000,0.0
TQQQ.US,3 倍做多纳指 ETF - ProShares,1460001600000,2016-04-07,2016-04-07 00:00:00,838.0719522733727,842.2194925219877,805.122049187154,815.7597218618423,252225600,0.0
TQQQ.US,3 倍做多纳指 ETF - ProShares,1460088000000,2016-04-08,2016-04-08 00:00:00,830.5449347851456,836.3054073526664,805.3524680898547,813.8395643393353,166243200,0.0
TQQQ.US,3 倍做多纳指 ETF - ProShares,1460347200000,2016-04-11,2016-04-11 00:00:00,824.4004307131235,836.459019954467,804.4691956295015,805.122049187154,137059200,0.0
TQQQ.US,3 倍做多纳指 ETF - ProShares,1460433600000,2016-04-12,2016-04-12 00:00:00,806.6197720547093,829.5080497229919,791.5657370782551,823.9011897572717,182424000,0.0
TQQQ.US,3 倍做多纳指 ETF - ProShares,1460520000000,2016-04-13,2016-04-13 00:00:00,843.986037442694,860.1537637822025,840.6449633535321,856.0830298344878,162182400,0.0
TQQQ.US,3 倍做多纳指 ETF - ProShares,1460606400000,2016-04-14,2016-04-14 00:00:00,856.3134487371885,866.0678489515237,849.9001226120155,856.6206739407896,111240000,0.0
TQQQ.US,3 倍做多纳指 ETF - ProShares,1460692800000,2016-04-15,2016-04-15 00:00:00,853.8172439579296,859.9233448795017,843.6020059381927,850.053735213816,83092800,0.0
TQQQ.US,3 倍做多纳指 ETF - ProShares,1460952000000,2016-04-18,2016-04-18 00:00:00,843.0259586814407,864.3781103317176,841.3362200616345,862.6115654110113,101462400,0.0
TQQQ.US,3 倍做多纳指 ETF - ProShares,1461038400000,2016-04-19,2016-04-19 00:00:00,871.2522742622924,872.0587404217454,834.0780246265583,847.7495461868076,158582400,0.0
TQQQ.US,3 倍做多纳指 ETF - ProShares,1461124800000,2016-04-20,2016-04-20 00:00:00,846.6358548237537,861.2674551452565,838.8016121319255,849.8233163111151,107769600,0.0
TQQQ.US,3 倍做多纳指 ETF - ProShares,1461211200000,2016-04-21,2016-04-21 00:00:00,849.3624785057136,858.9632661182482,838.5327900787745,850.053735213816,133473600,0.0
TQQQ.US,3 倍做多纳指 ETF - ProShares,1461297600000,2016-04-22,2016-04-22 00:00:00,817.4110573311983,828.4711646608381,791.9113654323063,811.5737784627772,201321600,0.0
TQQQ.US,3 倍做多纳指 ETF - ProShares,1461556800000,2016-04-25,2016-04-25 00:00:00,802.7026507087952,811.4201658609767,799.5151892214337,810.9593280555749,96950400,0.0
TQQQ.US,3 倍做多纳指 ETF - ProShares,1461643200000,2016-04-26,2016-04-26 00:00:00,815.682915560942,820.6369219690099,792.2185906359074,799.8224144250348,109315200,0.0
TQQQ.US,3 倍做多纳指 ETF - ProShares,1461729600000,2016-04-27,2016-04-27 00:00:00,775.5900264909974,785.5748456080335,760.5359915145432,780.6208391999655,183004800,0.0
TQQQ.US,3 倍做多纳指 ETF - ProShares,1461816000000,2016-04-28,2016-04-28 00:00:00,783.1938502801248,796.6349529376733,747.5941298128464,752.9321677254158,160771200,0.0
TQQQ.US,3 倍做多纳指 ETF - ProShares,1461902400000,2016-04-29,2016-04-29 00:00:00,750.3975597957066,756.5420638677288,722.4784694184559,740.9503847849725,191260800,0.0
TQQQ.US,3 倍做多纳指 ETF - ProShares,1462161600000,2016-05-02,2016-05-02 00:00:00,745.5971659894392,763.9922750550556,736.4572161823063,760.5359915145432,118017600,0.0
TQQQ.US,3 倍做多纳指 ETF - ProShares,1462248000000,2016-05-03,2016-05-03 00:00:00,744.6370872281858,754.6219063452218,733.5001735976457,740.2975312273202,145963200,0.0
TQQQ.US,3 倍做多纳指 ETF - ProShares,1462334400000,2016-05-04,2016-05-04 00:00:00,726.7028159679711,734.2298334561982,719.9054583382966,725.6659309058174,155145600,0.0
TQQQ.US,3 倍做多纳指 ETF - ProShares,1462420800000,2016-05-05,2016-05-05 00:00:00,732.5400948363922,737.9933422003119,720.1358772409975,725.2434962508659,143976000,0.0
TQQQ.US,3 倍做多纳指 ETF - ProShares,1462507200000,2016-05-06,2016-05-06 00:00:00,713.6457448149241,736.3804098814061,711.6487809915169,735.7275563237537,156849600,0.0
TQQQ.US,3 倍做多纳指 ETF - ProShares,1462766400000,2016-05-09,2016-05-09 00:00:00,736.4572161823063,752.3177173182135,735.4203311201526,742.2176887498271,118540800,0.0
TQQQ.US,3 倍做多纳指 ETF - ProShares,1462852800000,2016-05-10,2016-05-10 00:00:00,750.1287377425556,773.823481570291,746.2884226975418,773.3626437648894,116481600,0.0
TQQQ.US,3 倍做多纳指 ETF - ProShares,1462939200000,2016-05-11,2016-05-11 00:00:00,769.5991350207757,776.3964926504503,751.0888165038091,752.2409110173132,127065600,0.0
TQQQ.US,3 倍做多纳指 ETF - ProShares,1463025600000,2016-05-12,2016-05-12 00:00:00,758.1549961866345,759.4991064523894,726.126768711219,741.641641493075,184742400,0.0
TQQQ.US,3 倍做多纳指 ETF - ProShares,1463112000000,2016-05-13,2016-05-13 00:00:00,741.1808036876733,753.3546023803673,729.2758270481304,732.6937074381927,155966400,0.0
TQQQ.US,3 倍做多纳指 ETF - ProShares,1463371200000,2016-05-16,2016-05-16 00:00:00,735.6507500228535,769.0230877640238,734.8442838634005,760.9584261694946,117292800,0.0
TQQQ.US,3 倍做多纳指 ETF - ProShares,1463457600000,2016-05-17,2016-05-17 00:00:00,760.0751537091414,765.4131916217108,726.39559076437,731.7336286769392,187228800,0.0
TQQQ.US,3 倍做多纳指 ETF - ProShares,1463544000000,2016-05-18,2016-05-18 00:00:00,727.6628947292246,751.9720889641623,722.6320820202565,740.0671123246193,237969600,0.0
TQQQ.US,3 倍做多纳指 ETF - ProShares,1463630400000,2016-05-19,2016-05-19 00:00:00,731.0039688183866,737.1868760408589,712.4552471509697,728.3925545877772,254097600,0.0
TQQQ.US,3 倍做多纳指 ETF - ProShares,1463716800000,2016-05-20,2016-05-20 00:00:00,737.2636823417592,761.342457673996,735.9963783769047,752.7017488227149,125352000,0.0
TQQQ.US,3 倍做多纳指 ETF - ProShares,1463976000000,2016-05-23,2016-05-23 00:00:00,754.6219063452218,763.1090025947024,747.5173235119462,749.0150463795017,86928000,0.0
TQQQ.US,3 倍做多纳指 ETF - ProShares,1464062400000,2016-05-24,2016-05-24 00:00:00,761.9185049307481,797.2494033448755,761.342457673996,794.8684080169669,150004800,0.0
TQQQ.US,3 倍做多纳指 ETF - ProShares,1464148800000,2016-05-25,2016-05-25 00:00:00,803.9699546736498,818.8703770483035,799.5151892214337,811.9962131177288,140846400,0.0
TQQQ.US,3 倍做多纳指 ETF - ProShares,1464235200000,2016-05-26,2016-05-26 00:00:00,814.7228367996885,821.750613332064,808.2327043736151,818.7935707474032,95270400,0.0
TQQQ.US,3 倍做多纳指 ETF - ProShares,1464321600000,2016-05-27,2016-05-27 00:00:00,820.137681013158,831.7354324490999,820.0608747122578,831.1209820418977,107140800,0.0
TQQQ.US,3 倍做多纳指 ETF - ProShares,1464667200000,2016-05-31,2016-05-31 00:00:00,835.652553795014,839.9921097958796,823.6707708545708,836.0749884499655,112948800,0.0
TQQQ.US,3 倍做多纳指 ETF - ProShares,1464753600000,2016-06-01,2016-06-01 00:00:00,828.4711646608381,841.7586547165862,826.2437819347302,836.3822136535666,100536000,0.0
TQQQ.US,3 倍做多纳指 ETF - ProShares,1464840000000,2016-06-02,2016-06-02 00:00:00,830.6985473869462,841.6050421147855,817.6798793843492,841.1058011589337,104659200,0.0
TQQQ.US,3 倍做多纳指 ETF - ProShares,1464926400000,2016-06-03,2016-06-03 00:00:00,836.3054073526664,837.841533370672,813.3403233834836,829.5848560238921,155529600,0.0
TQQQ.US,3 倍做多纳指 ETF - ProShares,1465185600000,2016-06-06,2016-06-06 00:00:00,833.3483647680057,845.0997288057481,829.815274926593,838.4559837778742,85996800,0.0
TQQQ.US,3 倍做多纳指 ETF - ProShares,1465272000000,2016-06-07,2016-06-07 00:00:00,841.182607459834,842.4499114246886,830.9289662896471,832.5418986085529,77107200,0.0
TQQQ.US,3 倍做多纳指 ETF - ProShares,1465358400000,2016-06-08,2016-06-08 00:00:00,837.1118735121192,841.5282358138853,827.2806669968838,836.2286010517661,82262400,0.0
TQQQ.US,3 倍做多纳指 ETF - ProShares,1465444800000,2016-06-09,2016-06-09 00:00:00,826.2437819347302,835.0381033878118,821.4433881284627,832.5418986085529,99729600,0.0
TQQQ.US,3 倍做多纳指 ETF - ProShares,1465531200000,2016-06-10,2016-06-10 00:00:00,810.1528618961221,814.3004021447371,795.5212615746193,804.5460019304019,161760000,0.0
TQQQ.US,3 倍做多纳指 ETF - ProShares,1465790400000,2016-06-13,2016-06-13 00:00:00,791.0280929719531,803.6627294700487,780.8512581026664,783.8851069882273,119049600,0.0
TQQQ.US,3 倍做多纳指 ETF - ProShares,1465876800000,2016-06-14,2016-06-14 00:00:00,777.5101840135044,791.9881717332065,766.4500766838645,784.3075416431789,141729600,0.0
TQQQ.US,3 倍做多纳指 ETF - ProShares,1465963200000,2016-06-15,2016-06-15 00:00:00,789.4151606530473,791.9881717332065,772.9402091099379,777.2797651108035,106377600,0.0
TQQQ.US,3 倍做多纳指 ETF - ProShares,1466049600000,2016-06-16,2016-06-16 00:00:00,765.8356262766622,785.9204739620847,750.3207534948062,782.8482219260736,164361600,0.0
TQQQ.US,3 倍做多纳指 ETF - ProShares,1466136000000,2016-06-17,2016-06-17 00:00:00,779.6607604387121,779.6607604387121,750.8583976011082,756.081226062327,167020800,0.0
TQQQ.US,3 倍做多纳指 ETF - ProShares,1466395200000,2016-06-20,2016-06-20 00:00:00,783.1938502801248,793.1018630962606,768.562249958622,769.6759413216761,139243200,0.0
TQQQ.US,3 倍做多纳指 ETF - ProShares,1466481600000,2016-06-21,2016-06-21 00:00:00,774.3995288270431,782.2337715188713,768.9462814631235,777.3565714117038,86414400,0.0
TQQQ.US,3 倍做多纳指 ETF - ProShares,1466568000000,2016-06-22,2016-06-22 00:00:00,779.5839541378118,792.4490095386083,770.0599728261775,772.2873555522856,103296000,0.0
TQQQ.US,3 倍做多纳指 ETF - ProShares,1466654400000,2016-06-23,2016-06-23 00:00:00,790.2216268125002,805.1988554880542,780.467226598165,804.853227134003,128558400,0.0
TQQQ.US,3 倍做多纳指 ETF - ProShares,1466740800000,2016-06-24,2016-06-24 00:00:00,720.0590709400972,754.8523252479226,700.8574957150279,706.3107430789476,325502400,0.0
TQQQ.US,3 倍做多纳指 ETF - ProShares,1467000000000,2016-06-27,2016-06-27 00:00:00,690.2198230403395,691.179901801593,654.4664899712606,665.1809689468492,235963200,0.0
TQQQ.US,3 倍做多纳指 ETF - ProShares,1467086400000,2016-06-28,2016-06-28 00:00:00,685.4194292340723,707.808465946503,684.7665756764198,706.8483871852495,199468800,0.0
TQQQ.US,3 倍做多纳指 ETF - ProShares,1467172800000,2016-06-29,2016-06-29 00:00:00,724.1298048878118,748.7846274768008,722.785694622057,743.561799015582,208464000,0.0
TQQQ.US,3 倍做多纳指 ETF - ProShares,1467259200000,2016-06-30,2016-06-30 00:00:00,748.0549676182482,771.5192925432827,740.8735784840723,770.6360200829296,165811200,0.0
TQQQ.US,3 倍做多纳指 ETF - ProShares,1467345600000,2016-07-01,2016-07-01 00:00:00,769.2535066667245,790.5288520161014,768.3702342063714,781.1968864567176,131424000,0.0
TQQQ.US,3 倍做多纳指 ETF - ProShares,1467691200000,2016-07-05,2016-07-05 00:00:00,771.0968578883312,772.5561776054365,754.929131548823,767.3333491442177,130939200,0.0
TQQQ.US,3 倍做多纳指 ETF - ProShares,1467777600000,2016-07-06,2016-07-06 00:00:00,756.8492890713298,787.1109716260389,749.4374810344531,785.4212330062329,173476800,0.0
TQQQ.US,3 倍做多纳指 ETF - ProShares,1467864000000,2016-07-07,2016-07-07 00:00:00,788.9543228476456,798.4783041592799,782.0801589170708,792.8714441935598,126230400,0.0
TQQQ.US,3 倍做多纳指 ETF - ProShares,1467950400000,2016-07-08,2016-07-08 00:00:00,804.6228082313021,831.4282072454988,802.4722318060943,829.5080497229919,150043200,0.0
TQQQ.US,3 倍做多纳指 ETF - ProShares,1468209600000,2016-07-11,2016-07-11 00:00:00,838.9552247337259,853.3564061525279,838.1487585742731,843.6788122390931,142646400,0.0
TQQQ.US,3 倍做多纳指 ETF - ProShares,1468296000000,2016-07-12,2016-07-12 00:00:00,859.3472976227495,863.7636599245155,853.5868250552287,856.966302294841,115790400,0.0
TQQQ.US,3 倍做多纳指 ETF - ProShares,1468382400000,2016-07-13,2016-07-13 00:00:00,863.9172725263161,864.3781103317176,850.3993635678673,850.9370076741692,126412800,0.0
TQQQ.US,3 倍做多纳指 ETF - ProShares,1468468800000,2016-07-14,2016-07-14 00:00:00,867.8343938722302,872.8652065811982,861.7666961011083,868.2184253767315,109905600,0.0
TQQQ.US,3 倍做多纳指 ETF - ProShares,1468555200000,2016-07-15,2016-07-15 00:00:00,873.8252853424517,875.3614113604573,858.079993657895,863.3412252695639,85416000,0.0
TQQQ.US,3 倍做多纳指 ETF - ProShares,1468814400000,2016-07-18,2016-07-18 00:00:00,865.6838174470224,885.4998430792938,864.9541575884698,880.5458366712261,83860800,0.0
TQQQ.US,3 倍做多纳指 ETF - ProShares,1468900800000,2016-07-19,2016-07-19 00:00:00,872.0587404217454,879.432145308172,866.7975088100765,871.4442900145432,78667200,0.0
TQQQ.US,3 倍做多纳指 ETF - ProShares,1468987200000,2016-07-20,2016-07-20 00:00:00,884.8085863711914,906.6215758268701,882.2355752910321,901.2835379143008,90724800,0.0
TQQQ.US,3 倍做多纳指 ETF - ProShares,1469073600000,2016-07-21,2016-07-21 00:00:00,904.0101615962607,908.7337491016277,888.2264667612537,895.9070968512815,112804800,0.0
TQQQ.US,3 倍做多纳指 ETF - ProShares,1469160000000,2016-07-22,2016-07-22 00:00:00,897.9808669755889,909.6938278628811,889.1865455225072,906.314350623269,86803200,0.0
TQQQ.US,3 倍做多纳指 ETF - ProShares,1469419200000,2016-07-25,2016-07-25 00:00:00,904.3173867998618,907.1976230836221,897.6736417719878,907.1208167827218,76243200,0.0
TQQQ.US,3 倍做多纳指 ETF - ProShares,1469505600000,2016-07-26,2016-07-26 00:00:00,906.2375443223686,919.7554532808174,896.060709453082,910.1546656682829,136353600,0.0
TQQQ.US,3 倍做多纳指 ETF - ProShares,1469592000000,2016-07-27,2016-07-27 00:00:00,932.4668960798133,935.8463733194254,916.9520232979573,927.8969211762468,130564800,0.0
TQQQ.US,3 倍做多纳指 ETF - ProShares,1469678400000,2016-07-28,2016-07-28 00:00:00,933.0429433365654,941.530039586046,924.2486218834837,937.9969497446332,87120000,0.0
TQQQ.US,3 倍做多纳指 ETF - ProShares,1469764800000,2016-07-29,2016-07-29 00:00:00,944.7175010734074,951.8988902075833,935.5775512662746,944.1414538166554,102633600,0.0
TQQQ.US,3 倍做多纳指 ETF - ProShares,1470024000000,2016-08-01,2016-08-01 00:00:00,946.4840459941138,966.223265325485,942.9509561527011,958.9650698904088,105316800,0.0
TQQQ.US,3 倍做多纳指 ETF - ProShares,1470110400000,2016-08-02,2016-08-02 00:00:00,954.8943359426942,957.5825564742039,919.0257934222648,937.3440961869809,161107200,0.0
TQQQ.US,3 倍做多纳指 ETF - ProShares,1470196800000,2016-08-03,2016-08-03 00:00:00,935.2703260626733,946.7144648968147,933.4269748410668,946.253627091413,85334400,0.0
TQQQ.US,3 倍做多纳指 ETF - ProShares,1470283200000,2016-08-04,2016-08-04 00:00:00,945.984805038262,957.4289438724034,939.033834806787,954.7023201904435,84028800,0.0
TQQQ.US,3 倍做多纳指 ETF - ProShares,1470369600000,2016-08-05,2016-08-05 00:00:00,970.1403866713991,988.4970925865654,966.0696527236845,982.3141853640931,123480000,0.0
TQQQ.US,3 倍做多纳指 ETF - ProShares,1470628800000,2016-08-08,2016-08-08 00:00:00,984.0039239838991,984.5799712406512,969.4491299632966,979.2035301776318,75902400,0.0
TQQQ.US,3 倍做多纳指 ETF - ProShares,1470715200000,2016-08-09,2016-08-09 00:00:00,980.8932687974379,994.7184029594878,979.2803364785321,985.6936626037052,79819200,0.0
TQQQ.US,3 倍做多纳指 ETF - ProShares,1470801600000,2016-08-10,2016-08-10 00:00:00,986.3849193118077,987.9210453298133,970.0635803704989,978.0898388145778,87720000,0.0
TQQQ.US,3 倍做多纳指 ETF - ProShares,1470888000000,2016-08-11,2016-08-11 00:00:00,987.2681917721609,996.8689793846955,981.9301538595917,990.7244753126733,68649600,0.0
TQQQ.US,3 倍做多纳指 ETF - ProShares,1470974400000,2016-08-12,2016-08-12 00:00:00,984.8871964442524,992.56782653428,982.0069601604919,992.56782653428,68275200,0.0
TQQQ.US,3 倍做多纳指 ETF - ProShares,1471233600000,2016-08-15,2016-08-15 00:00:00,996.1009163756927,1011.692595458449,995.1024344639892,1005.048850430575,57254400,0.0
TQQQ.US,3 倍做多纳指 ETF - ProShares,1471320000000,2016-08-16,2016-08-16 00:00:00,999.211571562154,1000.0948440225071,987.844239028913,989.1883492946679,62596800,0.0
TQQQ.US,3 倍做多纳指 ETF - ProShares,1471406400000,2016-08-17,2016-08-17 00:00:00,989.1883492946679,994.5647903576872,972.7133977515584,993.8351304991346,89836800,0.0
TQQQ.US,3 倍做多纳指 ETF - ProShares,1471492800000,2016-08-18,2016-08-18 00:00:00,990.7244753126733,998.6355243054019,985.6936626037052,994.7952092603881,56755200,0.0
TQQQ.US,3 倍做多纳指 ETF - ProShares,1471579200000,2016-08-19,2016-08-19 00:00:00,989.3803650469185,999.8260219693562,981.0468813992385,993.4510989946332,73617600,0.0
TQQQ.US,3 倍做多纳指 ETF - ProShares,1471838400000,2016-08-22,2016-08-22 00:00:00,988.7275114892661,1000.7861007306096,983.5814893289477,994.4111777558867,73243200,0.0
TQQQ.US,3 倍做多纳指 ETF - ProShares,1471924800000,2016-08-23,2016-08-23 00:00:00,1006.4697669972302,1012.230239564751,999.5956030666554,1000.325262925208,62654400,0.0
TQQQ.US,3 倍做多纳指 ETF - ProShares,1472011200000,2016-08-24,2016-08-24 00:00:00,998.8659432081027,1003.2054992089684,971.6765126894047,981.0468813992385,71198400,0.0
TQQQ.US,3 倍做多纳指 ETF - ProShares,1472097600000,2016-08-25,2016-08-25 00:00:00,973.2894450083105,985.348034249654,969.9099677686984,976.4001001947718,58444800,0.0
TQQQ.US,3 倍做多纳指 ETF - ProShares,1472184000000,2016-08-26,2016-08-26 00:00:00,977.6674041596264,999.7492156684559,963.2662227408243,981.1236877001387,107313600,0.0
TQQQ.US,3 倍做多纳指 ETF - ProShares,1472443200000,2016-08-29,2016-08-29 00:00:00,981.6997349568908,992.6446328351803,981.1236877001387,983.8503113820985,49833600,0.0
TQQQ.US,3 倍做多纳指 ETF - ProShares,1472529600000,2016-08-30,2016-08-30 00:00:00,980.2404152397855,988.4970925865654,965.0327676615308,974.9407804776665,65750400,0.0
TQQQ.US,3 倍做多纳指 ETF - ProShares,1472616000000,2016-08-31,2016-08-31 00:00:00,970.7164339281512,975.1327962299172,959.6947297489614,972.4061725479573,71616000,0.0
TQQQ.US,3 倍做多纳指 ETF - ProShares,1472702400000,2016-09-01,2016-09-01 00:00:00,973.0590261056096,982.6214105676942,958.6194415363576,976.7073253983729,85953600,0.0
TQQQ.US,3 倍做多纳指 ETF - ProShares,1472788800000,2016-09-02,2016-09-02 00:00:00,994.0655494018355,1000.0180377216069,977.7442104605266,988.1514642325141,90739200,0.0
TQQQ.US,3 倍做多纳指 ETF - ProShares,1473134400000,2016-09-06,2016-09-06 00:00:00,994.0655494018355,1007.276233156683,987.2681917721609,1006.4697669972302,65985600,0.0
TQQQ.US,3 倍做多纳指 ETF - ProShares,1473220800000,2016-09-07,2016-09-07 00:00:00,1009.6188253341414,1013.9967844854573,997.5986392432482,1008.3131182188368,58075200,0.0
TQQQ.US,3 倍做多纳指 ETF - ProShares,1473307200000,2016-09-08,2016-09-08 00:00:00,1000.0948440225071,1000.6324881288091,983.3510704262468,991.0317005162744,70065600,0.0
TQQQ.US,3 倍做多纳指 ETF - ProShares,1473393600000,2016-09-09,2016-09-09 00:00:00,966.8761188831373,972.867010353359,915.9151382358036,915.9151382358036,160915200,0.0
TQQQ.US,3 倍做多纳指 ETF - ProShares,1473652800000,2016-09-12,2016-09-12 00:00:00,902.166810374654,969.2187110605958,900.4770717548479,962.8821912363229,130651200,0.0
TQQQ.US,3 倍做多纳指 ETF - ProShares,1473739200000,2016-09-13,2016-09-13 00:00:00,950.0171358355266,959.1186824922094,925.5927321492385,940.147526169841,125308800,0.0
TQQQ.US,3 倍做多纳指 ETF - ProShares,1473825600000,2016-09-14,2016-09-14 00:00:00,942.5669246481997,968.0666165470917,941.6068458869462,952.2445185616345,111528000,0.0
TQQQ.US,3 倍做多纳指 ETF - ProShares,1473912000000,2016-09-15,2016-09-15 00:00:00,953.6654351282898,1001.131729084661,952.897372119287,996.4081415792939,131860800,0.0
TQQQ.US,3 倍做多纳指 ETF - ProShares,1473998400000,2016-09-16,2016-09-16 00:00:00,993.9119368000349,998.6355243054019,980.8932687974379,995.2944502162399,81523200,0.0
TQQQ.US,3 倍做多纳指 ETF - ProShares,1474257600000,2016-09-19,2016-09-19 00:00:00,1002.8982740053673,1012.3070458656513,976.9761474515237,982.2373790631927,91670400,0.0
TQQQ.US,3 倍做多纳指 ETF - ProShares,1474344000000,2016-09-20,2016-09-20 00:00:00,992.0685855784283,1000.0948440225071,983.1206515235459,987.6906264271124,75782400,0.0
TQQQ.US,3 倍做多纳指 ETF - ProShares,1474430400000,2016-09-21,2016-09-21 00:00:00,1000.0948440225071,1020.9477547169324,983.1974578244462,1016.416182963816,138600000,0.0
TQQQ.US,3 倍做多纳指 ETF - ProShares,1474516800000,2016-09-22,2016-09-22 00:00:00,1035.4257424366347,1044.5656922437677,1031.7774431438716,1040.1493299420017,78100800,0.0
TQQQ.US,3 倍做多纳指 ETF - ProShares,1474603200000,2016-09-23,2016-09-23 00:00:00,1036.88506215374,1037.4611094104919,1016.7234081674171,1021.4469956727842,73065600,0.0
TQQQ.US,3 倍做多纳指 ETF - ProShares,1474862400000,2016-09-26,2016-09-26 00:00:00,1003.8583527666207,1007.4298457584837,991.1085068171748,996.1009163756927,81883200,0.0
TQQQ.US,3 倍做多纳指 ETF - ProShares,1474948800000,2016-09-27,2016-09-27 00:00:00,994.9488218621887,1026.1705831781512,991.1085068171748,1024.3272319565444,82900800,0.0
TQQQ.US,3 倍做多纳指 ETF - ProShares,1475035200000,2016-09-28,2016-09-28 00:00:00,1028.0139343997578,1031.7774431438716,1014.3040096890585,1029.9340919222648,75696000,0.0
TQQQ.US,3 倍做多纳指 ETF - ProShares,1475121600000,2016-09-29,2016-09-29 00:00:00,1025.517729620499,1030.548542329467,994.5647903576872,1008.082699316136,114830400,0.0
TQQQ.US,3 倍做多纳指 ETF - ProShares,1475208000000,2016-09-30,2016-09-30 00:00:00,1017.3762617250695,1039.0356385789476,1012.3070458656513,1028.8204005592108,79987200,0.0
TQQQ.US,3 倍做多纳指 ETF - ProShares,1475467200000,2016-10-03,2016-10-03 00:00:00,1025.287310717798,1029.5116572673135,1013.2671246269047,1026.4778083817525,81758400,0.0
TQQQ.US,3 倍做多纳指 ETF - ProShares,1475553600000,2016-10-04,2016-10-04 00:00:00,1033.7744069672785,1041.3014244555056,1009.4268095818909,1020.6405295133312,112204800,0.0
TQQQ.US,3 倍做多纳指 ETF - ProShares,1475640000000,2016-10-05,2016-10-05 00:00:00,1029.9340919222648,1041.3014244555056,1028.4747722051595,1031.2782021880198,68856000,0.0
TQQQ.US,3 倍做多纳指 ETF - ProShares,1475726400000,2016-10-06,2016-10-06 00:00:00,1027.4378871430058,1036.3090148969877,1015.033669547611,1029.7036730195641,74529600,0.0
TQQQ.US,3 倍做多纳指 ETF - ProShares,1475812800000,2016-10-07,2016-10-07 00:00:00,1032.9679408078257,1036.8082558528395,1008.2363119179365,1022.9447185403396,90561600,0.0
TQQQ.US,3 倍做多纳指 ETF - ProShares,1476072000000,2016-10-10,2016-10-10 00:00:00,1038.075559817694,1049.4428923509352,1037.5379157113923,1041.3014244555056,59889600,0.0
TQQQ.US,3 倍做多纳指 ETF - ProShares,1476158400000,2016-10-11,2016-10-11 00:00:00,1039.112444879848,1040.4181519951526,984.4647617893008,998.2514928009005,129643200,0.0
TQQQ.US,3 倍做多纳指 ETF - ProShares,1476244800000,2016-10-12,2016-10-12 00:00:00,999.2883778630543,1005.4328819350765,986.0008878073063,996.177722676593,82056000,0.0
TQQQ.US,3 倍做多纳指 ETF - ProShares,1476331200000,2016-10-13,2016-10-13 00:00:00,975.3632151326179,992.56782653428,957.4289438724034,984.4647617893008,104428800,0.0
TQQQ.US,3 倍做多纳指 ETF - ProShares,1476417600000,2016-10-14,2016-10-14 00:00:00,997.7522518450487,1010.6557103962953,985.8472752055058,986.7305476658589,81811200,0.0
TQQQ.US,3 倍做多纳指 ETF - ProShares,1476676800000,2016-10-17,2016-10-17 00:00:00,986.461725612708,991.6077477730265,976.0160686902703,979.9331900361844,55862400,0.0
TQQQ.US,3 倍做多纳指 ETF - ProShares,1476763200000,2016-10-18,2016-10-18 00:00:00,1014.0735907863576,1019.5268381502773,1004.0887716693215,1005.048850430575,76968000,0.0
TQQQ.US,3 倍做多纳指 ETF - ProShares,1476849600000,2016-10-19,2016-10-19 00:00:00,1003.2054992089684,1009.4268095818909,1000.0180377216069,1005.4328819350765,47054400,0.0
TQQQ.US,3 倍做多纳指 ETF - ProShares,1476936000000,2016-10-20,2016-10-20 00:00:00,1000.7861007306096,1008.2363119179365,984.2343428866,1001.2085353855612,69950400,0.0
TQQQ.US,3 倍做多纳指 ETF - ProShares,1477022400000,2016-10-21,2016-10-21 00:00:00,1003.3591118107689,1014.4192191404088,993.9119368000349,1012.0766269629504,58632000,0.0
TQQQ.US,3 倍做多纳指 ETF - ProShares,1477281600000,2016-10-24,2016-10-24 00:00:00,1032.5839093033244,1051.0558246698408,1031.7774431438716,1048.9820545455334,68649600,0.0
TQQQ.US,3 倍做多纳指 ETF - ProShares,1477368000000,2016-10-25,2016-10-25 00:00:00,1049.942133306787,1051.4398561743424,1034.388857374481,1038.4979944726458,59712000,0.0
TQQQ.US,3 倍做多纳指 ETF - ProShares,1477454400000,2016-10-26,2016-10-26 00:00:00,1018.4899530881235,1034.9649046312331,1008.8891654755889,1018.5667593890238,95308800,0.0
TQQQ.US,3 倍做多纳指 ETF - ProShares,1477540800000,2016-10-27,2016-10-27 00:00:00,1031.0477832853187,1033.543988064578,999.7492156684559,1004.3191905720224,103041600,0.0
TQQQ.US,3 倍做多纳指 ETF - ProShares,1477627200000,2016-10-28,2016-10-28 00:00:00,994.7952092603881,1010.8093229980958,976.0928749911706,986.9609665685598,142958400,0.0
TQQQ.US,3 倍做多纳指 ETF - ProShares,1477886400000,2016-10-31,2016-10-31 00:00:00,996.5617541810944,996.5617541810944,980.8932687974379,981.3541066028396,56904000,0.0
TQQQ.US,3 倍做多纳指 ETF - ProShares,1477972800000,2016-11-01,2016-11-01 00:00:00,987.6906264271124,987.6906264271124,934.617472505021,961.1924526165169,101923200,0.0
TQQQ.US,3 倍做多纳指 ETF - ProShares,1478059200000,2016-11-02,2016-11-02 00:00:00,958.0049911291553,964.4951235552288,929.7402723978535,936.1535985230266,81763200,0.0
TQQQ.US,3 倍做多纳指 ETF - ProShares,1478145600000,2016-11-03,2016-11-03 00:00:00,932.3132834780127,941.1076049310944,905.7383033665169,909.1945869070294,87014400,0.0
TQQQ.US,3 倍做多纳指 ETF - ProShares,1478232000000,2016-11-04,2016-11-04 00:00:00,900.7842969584491,920.6387257411707,894.2941645323756,898.8641394359421,84921600,0.0
TQQQ.US,3 倍做多纳指 ETF - ProShares,1478494800000,2016-11-07,2016-11-07 00:00:00,942.4133120463991,966.3000716263854,938.7266096031858,963.2662227408243,100963200,0.0
TQQQ.US,3 倍做多纳指 ETF - ProShares,1478581200000,2016-11-08,2016-11-08 00:00:00,960.0787612534629,995.1024344639892,953.6654351282898,982.1605727622925,110587200,0.0
TQQQ.US,3 倍做多纳指 ETF - ProShares,1478667600000,2016-11-09,2016-11-09 00:00:00,947.367318454467,1000.325262925208,944.6406947725072,995.908900623442,183292800,0.0
TQQQ.US,3 倍做多纳指 ETF - ProShares,1478754000000,2016-11-10,2016-11-10 00:00:00,1008.0058930152356,1013.6895592818562,907.8504766412744,948.5578161184213,247968000,0.0
TQQQ.US,3 倍做多纳指 ETF - ProShares,1478840400000,2016-11-11,2016-11-11 00:00:00,933.9262157969185,954.6255138895432,924.8630722906859,947.7513499589684,113563200,0.0
TQQQ.US,3 倍做多纳指 ETF - ProShares,1479099600000,2016-11-14,2016-11-14 00:00:00,949.5178948796748,951.5916650039823,905.3542718620155,915.7615256340031,177552000,0.0
TQQQ.US,3 倍做多纳指 ETF - ProShares,1479186000000,2016-11-15,2016-11-15 00:00:00,938.9570285058867,966.8761188831373,936.3072111248272,958.158603730956,105571200,0.0
TQQQ.US,3 倍做多纳指 ETF - ProShares,1479272400000,2016-11-16,2016-11-16 00:00:00,943.6806160112537,976.7841316992731,943.6806160112537,973.7502828137121,86337600,0.0
TQQQ.US,3 倍做多纳指 ETF - ProShares,1479358800000,2016-11-17,2016-11-17 00:00:00,973.13583240651,996.3313352783936,967.0297314849379,996.3313352783936,75537600,0.0
TQQQ.US,3 倍做多纳指 ETF - ProShares,1479445200000,2016-11-18,2016-11-18 00:00:00,998.1746865000002,1004.6264157756235,982.0837664613922,985.1176153469531,63057600,0.0
TQQQ.US,3 倍做多纳指 ETF - ProShares,1479704400000,2016-11-21,2016-11-21 00:00:00,991.3773288703258,1017.8370995304712,990.9548942153742,1014.7264443440099,83625600,0.0
TQQQ.US,3 倍做多纳指 ETF - ProShares,1479790800000,2016-11-22,2016-11-22 00:00:00,1027.0538556385043,1032.0846683474726,1016.7234081674171,1023.8279910006928,76680000,0.0
TQQQ.US,3 倍做多纳指 ETF - ProShares,1479877200000,2016-11-23,2016-11-23 00:00:00,1013.9967844854573,1017.4530680259697,998.4819117036013,1011.5389828566484,73824000,0.0
TQQQ.US,3 倍做多纳指 ETF - ProShares,1480050000000,2016-11-25,2016-11-25 00:00:00,1016.3393766629157,1022.791105938539,1012.1534332638506,1021.2933830709836,38280000,0.0
TQQQ.US,3 倍做多纳指 ETF - ProShares,1480309200000,2016-11-28,2016-11-28 00:00:00,1016.6466018665169,1028.897206860111,1011.423773405298,1015.6097168043631,71467200,0.0
TQQQ.US,3 倍做多纳指 ETF - ProShares,1480395600000,2016-11-29,2016-11-29 00:00:00,1016.4929892647162,1039.4580732338993,1009.0427780773895,1025.3641170186984,74582400,0.0
TQQQ.US,3 倍做多纳指 ETF - ProShares,1480482000000,2016-11-30,2016-11-30 00:00:00,1027.4378871430058,1029.9340919222648,986.7305476658589,992.1453918793285,151296000,0.0
TQQQ.US,3 倍做多纳指 ETF - ProShares,1480568400000,2016-12-01,2016-12-01 00:00:00,987.1145791703603,987.1913854712607,931.852445672611,937.6897245410321,186384000,0.0
TQQQ.US,3 倍做多纳指 ETF - ProShares,1480654800000,2016-12-02,2016-12-02 00:00:00,938.5729970013853,953.3582099246886,930.2395133537052,941.4532332851456,102984000,0.0
TQQQ.US,3 倍做多纳指 ETF - ProShares,1480914000000,2016-12-05,2016-12-05 00:00:00,956.6224777129504,975.1327962299172,943.4501971085529,963.1894164399241,89942400,0.0
TQQQ.US,3 倍做多纳指 ETF - ProShares,1481000400000,2016-12-06,2016-12-06 00:00:00,970.6396276272509,975.6704403362191,958.8114572886083,970.1403866713991,69254400,0.0
TQQQ.US,3 倍做多纳指 ETF - ProShares,1481086800000,2016-12-07,2016-12-07 00:00:00,964.4951235552288,1010.9629355998964,956.0848336066484,1006.1625417936291,148867200,0.0
TQQQ.US,3 倍做多纳指 ETF - ProShares,1481173200000,2016-12-08,2016-12-08 00:00:00,1008.7355528737883,1020.4869169115307,1002.8982740053673,1012.3070458656513,113016000,0.0
TQQQ.US,3 倍做多纳指 ETF - ProShares,1481259600000,2016-12-09,2016-12-09 00:00:00,1023.7511846997925,1037.768334614093,1023.7511846997925,1036.0017896933866,102672000,0.0
TQQQ.US,3 倍做多纳指 ETF - ProShares,1481518800000,2016-12-12,2016-12-12 00:00:00,1021.8310271772856,1028.3979659042593,1009.8492442368423,1021.6006082745847,95150400,0.0
TQQQ.US,3 倍做多纳指 ETF - ProShares,1481605200000,2016-12-13,2016-12-13 00:00:00,1032.737521905125,1077.9380299849379,1031.2782021880198,1061.5398847427289,169195200,0.0
TQQQ.US,3 倍做多纳指 ETF - ProShares,1481691600000,2016-12-14,2016-12-14 00:00:00,1063.6136548670363,1075.1346000020778,1044.719304845568,1053.7824483518007,142377600,0.0
TQQQ.US,3 倍做多纳指 ETF - ProShares,1481778000000,2016-12-15,2016-12-15 00:00:00,1056.6626846355612,1077.7076110822372,1050.9790183689408,1060.1573713265238,106425600,0.0
TQQQ.US,3 倍做多纳指 ETF - ProShares,1481864400000,2016-12-16,2016-12-16 00:00:00,1065.1113777345915,1072.0239448156165,1041.4550370573063,1047.2923159257275,114753600,0.0
TQQQ.US,3 倍做多纳指 ETF - ProShares,1482123600000,2016-12-19,2016-12-19 00:00:00,1051.6702750770432,1079.282140250693,1046.9466875716762,1060.0805650256236,83572800,0.0
TQQQ.US,3 倍做多纳指 ETF - ProShares,1482210000000,2016-12-20,2016-12-20 00:00:00,1068.4140486733036,1078.0916425867385,1066.4938911507968,1072.9072172759697,62784000,0.0
TQQQ.US,3 倍做多纳指 ETF - ProShares,1482296400000,2016-12-21,2016-12-21 00:00:00,1073.291248780471,1075.441825205679,1062.423157203082,1069.1437085318562,48288000,0.0
TQQQ.US,3 倍做多纳指 ETF - ProShares,1482382800000,2016-12-22,2016-12-22 00:00:00,1069.604546337258,1071.0638660543632,1048.4060072887814,1059.8501461229228,65520000,0.0
TQQQ.US,3 倍做多纳指 ETF - ProShares,1482469200000,2016-12-23,2016-12-23 00:00:00,1055.510590122057,1063.6136548670363,1052.0927097319948,1063.1144139111846,32251200,0.0
TQQQ.US,3 倍做多纳指 ETF - ProShares,1482814800000,2016-12-27,2016-12-27 00:00:00,1068.8748864787053,1097.1396052100072,1067.7611951156514,1078.6292866930405,75643200,0.0
TQQQ.US,3 倍做多纳指 ETF - ProShares,1482901200000,2016-12-28,2016-12-28 00:00:00,1085.1962254200141,1088.6525089605266,1051.3630498734422,1053.7056420509007,91339200,0.0
TQQQ.US,3 倍做多纳指 ETF - ProShares,1482987600000,2016-12-29,2016-12-29 00:00:00,1053.1295947941485,1059.7733398220225,1039.112444879848,1048.559619890582,85728000,0.0
TQQQ.US,3 倍做多纳指 ETF - ProShares,1483074000000,2016-12-30,2016-12-30 00:00:00,1054.5505113608035,1055.203364918456,1008.082699316136,1017.9139058313715,105384000,0.0
TQQQ.US,3 倍做多纳指 ETF - ProShares,1483419600000,2017-01-03,2017-01-03 00:00:00,1036.9618684546401,1055.203364918456,1027.0538556385043,1042.5687284203602,97646400,0.0
TQQQ.US,3 倍做多纳指 ETF - ProShares,1483506000000,2017-01-04,2017-01-04 00:00:00,1047.3691222266277,1066.1482627967455,1046.025011960873,1060.3109839283243,66513600,0.0
TQQQ.US,3 倍做多纳指 ETF - ProShares,1483592400000,2017-01-05,2017-01-05 00:00:00,1059.4277114679712,1080.472637914647,1058.4676327067177,1079.1285276488923,61372800,0.0
TQQQ.US,3 倍做多纳指 ETF - ProShares,1483678800000,2017-01-06,2017-01-06 00:00:00,1081.1254914722995,1114.9586670188714,1072.9072172759697,1106.4715707693908,95798400,0.0
TQQQ.US,3 倍做多纳指 ETF - ProShares,1483938000000,2017-01-09,2017-01-09 00:00:00,1109.1981944513507,1123.2921506665516,1106.9708117252428,1117.6852907008313,66172800,0.0
TQQQ.US,3 倍做多纳指 ETF - ProShares,1484024400000,2017-01-10,2017-01-10 00:00:00,1117.2244528954297,1134.6594831997925,1111.3871740270085,1124.0986168260044,66336000,0.0
TQQQ.US,3 倍做多纳指 ETF - ProShares,1484110800000,2017-01-11,2017-01-11 00:00:00,1124.9050829854573,1133.5457918367385,1108.4301314423478,1132.7393256772857,94104000,0.0
TQQQ.US,3 倍做多纳指 ETF - ProShares,1484197200000,2017-01-12,2017-01-12 00:00:00,1121.5403739389453,1130.3348111952123,1096.577997447358,1126.9936931109537,80517600,0.0
TQQQ.US,3 倍做多纳指 ETF - ProShares,1484283600000,2017-01-13,2017-01-13 00:00:00,1130.6804441004804,1145.3890444024464,1130.3348111952123,1139.935725230438,58612800,0.0
TQQQ.US,3 倍做多纳指 ETF - ProShares,1484629200000,2017-01-17,2017-01-17 00:00:00,1129.720352696958,1136.0953596163479,1119.4665765073364,1129.2211051671259,55531200,0.0
TQQQ.US,3 倍做多纳指 ETF - ProShares,1484715600000,2017-01-18,2017-01-18 00:00:00,1134.5208097145708,1139.1292484514793,1125.3807395530357,1136.9018363953066,49329600,0.0
TQQQ.US,3 倍做多纳指 ETF - ProShares,1484802000000,2017-01-19,2017-01-19 00:00:00,1140.1277435111426,1152.7625463815,1127.4545369846444,1133.8679475601755,59731200,0.0
TQQQ.US,3 倍做多纳指 ETF - ProShares,1484888400000,2017-01-20,2017-01-20 00:00:00,1148.9221807674094,1157.7166180236763,1132.9078561566528,1141.241449539229,56846400,0.0
TQQQ.US,3 倍做多纳指 ETF - ProShares,1485147600000,2017-01-23,2017-01-23 00:00:00,1137.7083131742656,1148.9221807674094,1122.8076945915952,1143.7760908445287,55250400,0.0
TQQQ.US,3 倍做多纳指 ETF - ProShares,1485234000000,2017-01-24,2017-01-24 00:00:00,1150.0358867954958,1172.578832950206,1145.235429777883,1167.6247613080295,51691200,0.0
TQQQ.US,3 倍做多纳指 ETF - ProShares,1485320400000,2017-01-25,2017-01-25 00:00:00,1188.7467721855264,1203.4553724874925,1186.173727224086,1201.7272079611519,56148000,0.0
TQQQ.US,3 倍做多纳指 ETF - ProShares,1485406800000,2017-01-26,2017-01-26 00:00:00,1207.1421234770191,1213.8627633016774,1200.2678690277976,1206.6812796033282,50856000,0.0
TQQQ.US,3 倍做多纳指 ETF - ProShares,1485493200000,2017-01-27,2017-01-27 00:00:00,1212.9026718981547,1216.435808263118,1201.3815750558838,1212.4418280244638,33249600,0.0
TQQQ.US,3 倍做多纳指 ETF - ProShares,1485752400000,2017-01-30,2017-01-30 00:00:00,1199.615006873402,1200.2678690277976,1164.5908724728981,1184.906406571436,75043200,0.0
TQQQ.US,3 倍做多纳指 ETF - ProShares,1485838800000,2017-01-31,2017-01-31 00:00:00,1172.7708512309107,1178.3393813713417,1156.7565266201539,1178.3393813713417,59616000,0.0
TQQQ.US,3 倍做多纳指 ETF - ProShares,1485925200000,2017-02-01,2017-02-01 00:00:00,1201.3815750558838,1208.44784778581,1185.4056541012678,1200.7671165576294,72511200,0.0
TQQQ.US,3 倍做多纳指 ETF - ProShares,1486011600000,2017-02-02,2017-02-02 00:00:00,1194.6609352312255,1208.9086916595008,1184.7527919468725,1197.733227722498,57895200,0.0
TQQQ.US,3 倍做多纳指 ETF - ProShares,1486098000000,2017-02-03,2017-02-03 00:00:00,1202.4952810839698,1212.1345987753366,1198.8469337505842,1208.1022148805419,48192000,0.0
TQQQ.US,3 倍做多纳指 ETF - ProShares,1486357200000,2017-02-06,2017-02-06 00:00:00,1202.1880518348426,1213.248304803423,1199.0005483751477,1212.5954426490275,41707200,0.0
TQQQ.US,3 倍做多纳指 ETF - ProShares,1486443600000,2017-02-07,2017-02-07 00:00:00,1219.0088532245584,1233.563838901961,1217.0886704175132,1225.0766308948212,46634400,0.0
TQQQ.US,3 倍做多纳指 ETF - ProShares,1486530000000,2017-02-08,2017-02-08 00:00:00,1220.77542140704,1236.7513423616558,1214.0547815823818,1231.9508853440427,36967200,0.0
TQQQ.US,3 倍做多纳指 ETF - ProShares,1486616400000,2017-02-09,2017-02-09 00:00:00,1235.3304070844424,1253.418529126808,1233.4102242773972,1244.7777064951047,51525600,0.0
TQQQ.US,3 倍做多纳指 ETF - ProShares,1486702800000,2017-02-10,2017-02-10 00:00:00,1253.418529126808,1262.520195632202,1247.005118551277,1257.0668764601937,47872800,0.0
TQQQ.US,3 倍做多纳指 ETF - ProShares,1486962000000,2017-02-13,2017-02-13 00:00:00,1268.933606207733,1283.7958211342627,1267.0134234006878,1279.1489787412133,42988800,0.0
TQQQ.US,3 倍做多纳指 ETF - ProShares,1487048400000,2017-02-14,2017-02-14 00:00:00,1279.955455520172,1291.630166987007,1267.9735148042103,1291.169323113316,62664000,0.0
TQQQ.US,3 倍做多纳指 ETF - ProShares,1487134800000,2017-02-15,2017-02-15 00:00:00,1289.556369555398,1315.9780849803396,1286.522480720267,1313.4050400188992,73564800,0.0
TQQQ.US,3 倍做多纳指 ETF - ProShares,1487221200000,2017-02-16,2017-02-16 00:00:00,1316.5925434785943,1324.4652929874792,1302.8440345801507,1312.291333990813,63950400,0.0
TQQQ.US,3 倍做多纳指 ETF - ProShares,1487307600000,2017-02-17,2017-02-17 00:00:00,1306.8380148188048,1329.726593878783,1306.0315380398458,1328.7665024752607,51607200,0.0
TQQQ.US,3 倍做多纳指 ETF - ProShares,1487653200000,2017-02-21,2017-02-21 00:00:00,1338.0601872613593,1351.8086961598028,1334.9878947700868,1349.8885133527574,66729600,0.0
TQQQ.US,3 倍做多纳指 ETF - ProShares,1487739600000,2017-02-22,2017-02-22 00:00:00,1345.74091848954,1353.4216497177206,1338.6746457596137,1350.0421279773211,43056000,0.0
TQQQ.US,3 倍做多纳指 ETF - ProShares,1487826000000,2017-02-23,2017-02-23 00:00:00,1355.9562910230202,1356.1483093037248,1318.8583591909075,1335.4871422999186,62676000,0.0
TQQQ.US,3 倍做多纳指 ETF - ProShares,1487912400000,2017-02-24,2017-02-24 00:00:00,1316.285314229467,1342.6686259982675,1315.3252228259444,1342.6686259982675,50731200,0.0
TQQQ.US,3 倍做多纳指 ETF - ProShares,1488171600000,2017-02-27,2017-02-27 00:00:00,1335.6407569244823,1347.4690830158804,1328.3056586015698,1346.7010098930625,52437600,0.0
TQQQ.US,3 倍做多纳指 ETF - ProShares,1488258000000,2017-02-28,2017-02-28 00:00:00,1346.854624517626,1348.121945170276,1323.9660454576476,1336.140004454314,41904000,0.0
TQQQ.US,3 倍做多纳指 ETF - ProShares,1488344400000,2017-03-01,2017-03-01 00:00:00,1359.4894273879831,1385.7191245322203,1353.0760168124525,1379.3441176128304,63254400,0.0
TQQQ.US,3 倍做多纳指 ETF - ProShares,1488430800000,2017-03-02,2017-03-02 00:00:00,1378.691255458435,1378.691255458435,1353.0760168124525,1357.5692445809382,42919200,0.0
TQQQ.US,3 倍做多纳指 ETF - ProShares,1488517200000,2017-03-03,2017-03-03 00:00:00,1354.381741121243,1366.5172964617686,1343.9743503070583,1364.5971136547237,34646400,0.0
TQQQ.US,3 倍做多纳指 ETF - ProShares,1488776400000,2017-03-06,2017-03-06 00:00:00,1349.8885133527574,1362.6769308476782,1339.4811225385727,1355.1498142440612,38774400,0.0
TQQQ.US,3 倍做多纳指 ETF - ProShares,1488862800000,2017-03-07,2017-03-07 00:00:00,1346.508991612358,1366.5172964617686,1342.0541675000131,1348.467578075544,35428800,0.0
TQQQ.US,3 倍做多纳指 ETF - ProShares,1488949200000,2017-03-08,2017-03-08 00:00:00,1351.8086961598028,1368.4374792688138,1347.1618537667532,1355.3418325247658,38652000,0.0
TQQQ.US,3 倍做多纳指 ETF - ProShares,1489035600000,2017-03-09,2017-03-09 00:00:00,1354.9961996194975,1364.44349903016,1337.2537104824003,1359.4894273879831,44172000,0.0
TQQQ.US,3 倍做多纳指 ETF - ProShares,1489122000000,2017-03-10,2017-03-10 00:00:00,1376.9246872759536,1381.8787589181302,1358.6829506090244,1374.3516423145131,51456000,0.0
TQQQ.US,3 倍做多纳指 ETF - ProShares,1489377600000,2017-03-13,2017-03-13 00:00:00,1373.0843216618632,1383.6453271006117,1371.8170010092135,1382.3780064479618,33883200,0.0
TQQQ.US,3 倍做多纳指 ETF - ProShares,1489464000000,2017-03-14,2017-03-14 00:00:00,1372.9307070372995,1375.0045044689082,1355.649061773893,1372.1242302583405,53020800,0.0
TQQQ.US,3 倍做多纳指 ETF - ProShares,1489550400000,2017-03-15,2017-03-15 00:00:00,1381.571529669003,1406.8411354097175,1367.3237732407276,1396.1265153464053,63813600,0.0
TQQQ.US,3 倍做多纳指 ETF - ProShares,1489636800000,2017-03-16,2017-03-16 00:00:00,1405.727429381631,1405.727429381631,1385.2582806585297,1395.3200385674463,38875200,0.0
TQQQ.US,3 倍做多纳指 ETF - ProShares,1489723200000,2017-03-17,2017-03-17 00:00:00,1398.5459456832823,1404.1528794798542,1391.1724437042287,1391.9789204831875,35320800,0.0
TQQQ.US,3 倍做多纳指 ETF - ProShares,1489982400000,2017-03-20,2017-03-20 00:00:00,1391.9789204831875,1406.0730622868994,1385.7191245322203,1396.1265153464053,36696000,0.0
TQQQ.US,3 倍做多纳指 ETF - ProShares,1490068800000,2017-03-21,2017-03-21 00:00:00,1411.6415924273304,1416.134820195816,1330.6866852823057,1333.8741887420008,93568800,0.0
TQQQ.US,3 倍做多纳指 ETF - ProShares,1490155200000,2017-03-22,2017-03-22 00:00:00,1334.6806655209596,1363.7906368757647,1328.4592732261333,1360.1422895423786,71373600,0.0
TQQQ.US,3 倍做多纳指 ETF - ProShares,1490241600000,2017-03-23,2017-03-23 00:00:00,1355.1498142440612,1365.9028379635142,1342.8606442789721,1349.2356511983621,59064000,0.0
TQQQ.US,3 倍做多纳指 ETF - ProShares,1490328000000,2017-03-24,2017-03-24 00:00:00,1362.0624723494238,1377.884778679476,1342.2077821245766,1356.6091531774157,51686400,0.0
TQQQ.US,3 倍做多纳指 ETF - ProShares,1490587200000,2017-03-27,2017-03-27 00:00:00,1328.9201170998242,1370.8569096056908,1319.0119738154713,1363.7906368757647,75259200,0.0
TQQQ.US,3 倍做多纳指 ETF - ProShares,1490673600000,2017-03-28,2017-03-28 00:00:00,1363.637022251201,1401.2726052692865,1355.1498142440612,1389.4058755217472,84000000,0.0
TQQQ.US,3 倍做多纳指 ETF - ProShares,1490760000000,2017-03-29,2017-03-29 00:00:00,1390.673196174397,1409.7214096202852,1387.4856927147018,1407.80122681324,48170400,0.0
TQQQ.US,3 倍做多纳指 ETF - ProShares,1490846400000,2017-03-30,2017-03-30 00:00:00,1407.340382939549,1419.4759382800746,1402.6935405464997,1414.867499543166,52927200,0.0
TQQQ.US,3 倍做多纳指 ETF - ProShares,1490932800000,2017-03-31,2017-03-31 00:00:00,1408.607703592199,1422.855460020474,1403.9608611991496,1411.4879778027666,54146400,0.0
TQQQ.US,3 倍做多纳指 ETF - ProShares,1491192000000,2017-04-03,2017-04-03 00:00:00,1415.6355726659842,1425.4285049819146,1386.0647574374887,1408.4540889676352,64521600,0.0
TQQQ.US,3 倍做多纳指 ETF - ProShares,1491278400000,2017-04-04,2017-04-04 00:00:00,1396.1265153464053,1415.9812055712523,1395.1664239428826,1414.867499543166,32424000,0.0
TQQQ.US,3 倍做多纳指 ETF - ProShares,1491364800000,2017-04-05,2017-04-05 00:00:00,1421.7417539923879,1446.2048829541434,1390.3659669252697,1398.6995603078458,73360800,0.0
TQQQ.US,3 倍做多纳指 ETF - ProShares,1491451200000,2017-04-06,2017-04-06 00:00:00,1403.5000173254589,1411.4879778027666,1389.7515084270153,1399.813266335932,61651200,0.0
TQQQ.US,3 倍做多纳指 ETF - ProShares,1491537600000,2017-04-07,2017-04-07 00:00:00,1398.8531749324095,1410.8351156483714,1382.9924649462162,1398.200312778014,41575200,0.0
TQQQ.US,3 倍做多纳指 ETF - ProShares,1491796800000,2017-04-10,2017-04-10 00:00:00,1403.0007697956269,1416.6340677256478,1387.7929219638293,1399.813266335932,48376800,0.0
TQQQ.US,3 倍做多纳指 ETF - ProShares,1491883200000,2017-04-11,2017-04-11 00:00:00,1394.3599471639238,1401.42621989385,1351.0022193808436,1382.224391823398,85346400,0.0
TQQQ.US,3 倍做多纳指 ETF - ProShares,1491969600000,2017-04-12,2017-04-12 00:00:00,1380.6114382654803,1383.491712476048,1359.7966566371106,1363.982655156469,68095200,0.0
TQQQ.US,3 倍做多纳指 ETF - ProShares,1492056000000,2017-04-13,2017-04-13 00:00:00,1358.5293359844609,1382.0707771988345,1347.0082391421897,1347.8147159211487,61370400,0.0
TQQQ.US,3 倍做多纳指 ETF - ProShares,1492401600000,2017-04-17,2017-04-17 00:00:00,1359.1821981388562,1381.571529669003,1357.5692445809382,1379.8049614865213,36333600,0.0
TQQQ.US,3 倍做多纳指 ETF - ProShares,1492488000000,2017-04-18,2017-04-18 00:00:00,1367.0165439916004,1387.0248488410111,1364.44349903016,1375.8109812478674,50755200,0.0
TQQQ.US,3 倍做多纳指 ETF - ProShares,1492574400000,2017-04-19,2017-04-19 00:00:00,1391.6332875779196,1405.2665855079404,1374.8508898443447,1380.6114382654803,57568800,0.0
TQQQ.US,3 倍做多纳指 ETF - ProShares,1492660800000,2017-04-20,2017-04-20 00:00:00,1397.4322396551959,1424.122780673124,1391.0188290796652,1414.0610227642073,82492800,0.0
TQQQ.US,3 倍做多纳指 ETF - ProShares,1492747200000,2017-04-21,2017-04-21 00:00:00,1418.7078651572565,1420.474433339738,1403.6536319500224,1413.4081606098118,54026400,0.0
TQQQ.US,3 倍做多纳指 ETF - ProShares,1493006400000,2017-04-24,2017-04-24 00:00:00,1460.1454101332913,1468.9398473895583,1453.8856141823242,1464.7922525263407,60072000,0.0
TQQQ.US,3 倍做多纳指 ETF - ProShares,1493092800000,2017-04-25,2017-04-25 00:00:00,1479.3472382037432,1504.6168439444577,1475.9677164633435,1497.281745621545,64113600,0.0
TQQQ.US,3 倍做多纳指 ETF - ProShares,1493179200000,2017-04-26,2017-04-26 00:00:00,1498.7026808987584,1509.4173009620706,1487.4888133056145,1490.7147204214505,87660000,0.0
TQQQ.US,3 倍做多纳指 ETF - ProShares,1493265600000,2017-04-27,2017-04-27 00:00:00,1501.8901843584536,1516.9444175656877,1498.2034333689267,1516.7908029411242,57676800,0.0
TQQQ.US,3 倍做多纳指 ETF - ProShares,1493352000000,2017-04-28,2017-04-28 00:00:00,1535.1861542326167,1536.9527224150984,1517.7508943446464,1525.4316255728272,68500800,0.0
TQQQ.US,3 倍做多纳指 ETF - ProShares,1493611200000,2017-05-01,2017-05-01 00:00:00,1539.487363720398,1571.6696275664751,1537.567180913353,1563.8352817137309,64634400,0.0
TQQQ.US,3 倍做多纳指 ETF - ProShares,1493697600000,2017-05-02,2017-05-02 00:00:00,1571.5160129419116,1575.3563785560018,1559.4956685698087,1573.1289664998294,60412800,0.0
TQQQ.US,3 倍做多纳指 ETF - ProShares,1493784000000,2017-05-03,2017-05-03 00:00:00,1563.4896488084626,1563.6816670891671,1544.9406828924064,1557.5754857627637,73586400,0.0
TQQQ.US,3 倍做多纳指 ETF - ProShares,1493870400000,2017-05-04,2017-05-04 00:00:00,1558.3819625417225,1565.6018498962123,1543.1741147099247,1559.1884393206815,72607200,0.0
TQQQ.US,3 倍做多纳指 ETF - ProShares,1493956800000,2017-05-05,2017-05-05 00:00:00,1570.4023069138252,1576.1628553349608,1553.5815055241096,1576.1628553349608,54506400,0.0
TQQQ.US,3 倍做多纳指 ETF - ProShares,1494216000000,2017-05-08,2017-05-08 00:00:00,1578.543882015697,1586.2246132438775,1568.942967980471,1585.5717510894822,61267200,0.0
TQQQ.US,3 倍做多纳指 ETF - ProShares,1494302400000,2017-05-09,2017-05-09 00:00:00,1593.0988676930992,1613.452805447778,1589.6041349842772,1603.0454146335933,75717600,0.0
TQQQ.US,3 倍做多纳指 ETF - ProShares,1494388800000,2017-05-10,2017-05-10 00:00:00,1604.8119828160748,1607.0393948722474,1588.6440435807544,1605.5800559388929,56193600,0.0
TQQQ.US,3 倍做多纳指 ETF - ProShares,1494475200000,2017-05-11,2017-05-11 00:00:00,1592.6380238194083,1602.5461671037617,1570.2102886331209,1601.7396903248025,62433600,0.0
TQQQ.US,3 倍做多纳指 ETF - ProShares,1494561600000,2017-05-12,2017-05-12 00:00:00,1603.8134877564114,1613.10717254251,1599.6658928931938,1612.1470811389875,58538400,0.0
TQQQ.US,3 倍做多纳指 ETF - ProShares,1494820800000,2017-05-15,2017-05-15 00:00:00,1613.7600346969052,1629.9279739322255,1609.574036177547,1627.2013143462216,69340800,0.0
TQQQ.US,3 倍做多纳指 ETF - ProShares,1494907200000,2017-05-16,2017-05-16 00:00:00,1638.7224111884925,1647.824077693887,1625.5883607883036,1647.6704630693232,77066400,0.0
TQQQ.US,3 倍做多纳指 ETF - ProShares,1494993600000,2017-05-17,2017-05-17 00:00:00,1608.9595776792924,1617.446785686432,1520.9383978043415,1523.0121952359502,140236800,0.0
TQQQ.US,3 倍做多纳指 ETF - ProShares,1495080000000,2017-05-18,2017-05-18 00:00:00,1520.784783179778,1576.6236992086517,1514.2177579796835,1561.5694660014176,120384000,0.0
TQQQ.US,3 倍做多纳指 ETF - ProShares,1495166400000,2017-05-19,2017-05-19 00:00:00,1576.7773138332152,1600.7795989212798,1575.5099931805653,1580.4640648227419,72844800,0.0
TQQQ.US,3 倍做多纳指 ETF - ProShares,1495425600000,2017-05-22,2017-05-22 00:00:00,1591.5243177913223,1623.3609487321312,1589.7577496088406,1621.440765925086,65354400,0.0
TQQQ.US,3 倍做多纳指 ETF - ProShares,1495512000000,2017-05-23,2017-05-23 00:00:00,1634.7284309498386,1635.342889448093,1613.2607871670734,1625.4347461637399,68858400,0.0
TQQQ.US,3 倍做多纳指 ETF - ProShares,1495598400000,2017-05-24,2017-05-24 00:00:00,1639.0296404376197,1649.744260500932,1626.2412229426989,1647.824077693887,64941600,0.0
TQQQ.US,3 倍做多纳指 ETF - ProShares,1495684800000,2017-05-25,2017-05-25 00:00:00,1665.9121997362522,1701.9348291964197,1655.5048089220672,1691.1818054769667,87504000,0.0
TQQQ.US,3 倍做多纳指 ETF - ProShares,1495771200000,2017-05-26,2017-05-26 00:00:00,1689.914484824317,1700.1682610139383,1683.501074248786,1698.4016928314566,54856800,0.0
TQQQ.US,3 倍做多纳指 ETF - ProShares,1496116800000,2017-05-30,2017-05-30 00:00:00,1694.254097968239,1708.156221491246,1692.4875297857575,1701.9348291964197,55192800,0.0
TQQQ.US,3 倍做多纳指 ETF - ProShares,1496203200000,2017-05-31,2017-05-31 00:00:00,1717.4499062773448,1721.1366572668715,1673.9001602135602,1699.8226281086702,96902400,0.0
TQQQ.US,3 倍做多纳指 ETF - ProShares,1496289600000,2017-06-01,2017-06-01 00:00:00,1709.9227896737277,1721.5975011405624,1688.9543934207943,1720.1765658633487,74092800,0.0
TQQQ.US,3 倍做多纳指 ETF - ProShares,1496376000000,2017-06-02,2017-06-02 00:00:00,1737.1125782214874,1780.1630767554402,1729.5854616178704,1778.8957561027903,83244000,0.0
TQQQ.US,3 倍做多纳指 ETF - ProShares,1496635200000,2017-06-05,2017-06-05 00:00:00,1777.436417169436,1786.7301019555346,1769.909300565819,1777.436417169436,51477600,0.0
TQQQ.US,3 倍做多纳指 ETF - ProShares,1496721600000,2017-06-06,2017-06-06 00:00:00,1771.061410250046,1788.3430555134526,1748.3264458146311,1757.2744976954616,77733600,0.0
TQQQ.US,3 倍做多纳指 ETF - ProShares,1496808000000,2017-06-07,2017-06-07 00:00:00,1769.7556859412553,1780.969553534399,1746.7134922567132,1776.4763257659133,81410400,0.0
TQQQ.US,3 倍做多纳指 ETF - ProShares,1496894400000,2017-06-08,2017-06-08 00:00:00,1787.5365787344938,1790.2632383204977,1753.2805174568075,1781.2767827835262,92563200,0.0
TQQQ.US,3 倍做多纳指 ETF - ProShares,1496980800000,2017-06-09,2017-06-09 00:00:00,1787.6901933590573,1794.2572185591516,1578.6974966402604,1652.470920086936,233138400,0.0
TQQQ.US,3 倍做多纳指 ETF - ProShares,1497240000000,2017-06-12,2017-06-12 00:00:00,1606.5401473424154,1629.9279739322255,1559.034824696118,1622.5544719531724,166449600,0.0
TQQQ.US,3 倍做多纳指 ETF - ProShares,1497326400000,2017-06-13,2017-06-13 00:00:00,1647.824077693887,1667.0259057643384,1623.2073341075675,1660.4972842203847,126492000,0.0
TQQQ.US,3 倍做多纳指 ETF - ProShares,1497412800000,2017-06-14,2017-06-14 00:00:00,1680.0063415399638,1680.0063415399638,1599.0514343949394,1638.2231636586607,139012800,0.0
TQQQ.US,3 倍做多纳指 ETF - ProShares,1497499200000,2017-06-15,2017-06-15 00:00:00,1588.1447960509227,1621.5943805496497,1558.2283479171588,1616.1410613776413,141158400,0.0
TQQQ.US,3 倍做多纳指 ETF - ProShares,1497585600000,2017-06-16,2017-06-16 00:00:00,1612.9535579179462,1614.0672639460327,1577.2765613630472,1596.785618682626,93856800,0.0
TQQQ.US,3 倍做多纳指 ETF - ProShares,1497844800000,2017-06-19,2017-06-19 00:00:00,1641.2570524937921,1679.507094010132,1633.9219541708796,1674.0921784942648,110944800,0.0
TQQQ.US,3 倍做多纳指 ETF - ProShares,1497931200000,2017-06-20,2017-06-20 00:00:00,1670.0981982556107,1676.0123613013097,1633.9219541708796,1636.149366227052,85939200,0.0
TQQQ.US,3 倍做多纳指 ETF - ProShares,1498017600000,2017-06-21,2017-06-21 00:00:00,1646.2495277921096,1685.2676424312676,1642.87000605171,1683.6930925294905,83589600,0.0
TQQQ.US,3 倍做多纳指 ETF - ProShares,1498104000000,2017-06-22,2017-06-22 00:00:00,1691.1818054769667,1700.3218756385018,1668.9460885713836,1681.7729097224455,68445600,0.0
TQQQ.US,3 倍做多纳指 ETF - ProShares,1498190400000,2017-06-23,2017-06-23 00:00:00,1675.8203430206054,1707.3497447122872,1662.2254487467255,1700.629104887629,68786400,0.0
TQQQ.US,3 倍做多纳指 ETF - ProShares,1498449600000,2017-06-26,2017-06-26 00:00:00,1728.6253702143476,1738.879146403969,1666.2194289853794,1678.0861587329186,105681600,0.0
TQQQ.US,3 倍做多纳指 ETF - ProShares,1498536000000,2017-06-27,2017-06-27 00:00:00,1658.5386977571986,1663.992016929207,1585.7637693701868,1585.7637693701868,144088800,0.0
TQQQ.US,3 倍做多纳指 ETF - ProShares,1498622400000,2017-06-28,2017-06-28 00:00:00,1602.392552479198,1657.4249917291127,1575.202763931438,1652.3173054623726,120861600,0.0
TQQQ.US,3 倍做多纳指 ETF - ProShares,1498708800000,2017-06-29,2017-06-29 00:00:00,1632.0017713638345,1633.1154773919206,1520.1319210253826,1568.136491201512,231564000,0.0
TQQQ.US,3 倍做多纳指 ETF - ProShares,1498795200000,2017-06-30,2017-06-30 00:00:00,1581.769789131533,1593.9053444720582,1553.5815055241096,1562.7215756856444,98616000,0.0
TQQQ.US,3 倍做多纳指 ETF - ProShares,1499054400000,2017-07-03,2017-07-03 00:00:00,1590.5642263877996,1595.5182980299762,1516.2915554112924,1520.1319210253826,81684000,0.0
TQQQ.US,3 倍做多纳指 ETF - ProShares,1499227200000,2017-07-05,2017-07-05 00:00:00,1531.8066324922174,1576.0092407103973,1517.7508943446464,1563.4896488084626,114033600,0.0
TQQQ.US,3 倍做多纳指 ETF - ProShares,1499313600000,2017-07-06,2017-07-06 00:00:00,1527.3518083798724,1547.1680949485788,1504.6168439444577,1522.2057184569915,106324800,0.0
TQQQ.US,3 倍做多纳指 ETF - ProShares,1499400000000,2017-07-07,2017-07-07 00:00:00,1537.2599516642256,1582.5378622543508,1536.1462456361394,1567.8292619523847,89623200,0.0
TQQQ.US,3 倍做多纳指 ETF - ProShares,1499659200000,2017-07-10,2017-07-10 00:00:00,1573.7434249980838,1612.1470811389875,1561.1086221277267,1600.6259842967163,92114400,0.0
TQQQ.US,3 倍做多纳指 ETF - ProShares,1499745600000,2017-07-11,2017-07-11 00:00:00,1593.598115222931,1619.8278123671682,1575.663607805129,1613.7600346969052,108571200,0.0
TQQQ.US,3 倍做多纳指 ETF - ProShares,1499832000000,2017-07-12,2017-07-12 00:00:00,1654.2374882694176,1676.3195905504372,1645.289436388587,1671.2119042836969,105307200,0.0
TQQQ.US,3 倍做多纳指 ETF - ProShares,1499918400000,2017-07-13,2017-07-13 00:00:00,1677.7789294837914,1694.1004833436755,1667.5251532941704,1682.2337535961362,91476000,0.0
TQQQ.US,3 倍做多纳指 ETF - ProShares,1500004800000,2017-07-14,2017-07-14 00:00:00,1702.0884438209835,1727.8572970915295,1688.647164171667,1721.7511157651259,84636000,0.0
TQQQ.US,3 倍做多纳指 ETF - ProShares,1500264000000,2017-07-17,2017-07-17 00:00:00,1727.358049561698,1742.2586681443684,1714.2239991615088,1722.7112071686486,100663200,0.0
TQQQ.US,3 倍做多纳指 ETF - ProShares,1500350400000,2017-07-18,2017-07-18 00:00:00,1719.2164744598263,1758.7338366288159,1704.1622412525921,1756.9672684463344,84182400,0.0
TQQQ.US,3 倍做多纳指 ETF - ProShares,1500436800000,2017-07-19,2017-07-19 00:00:00,1772.1751162781322,1796.1774013661968,1770.8693919693415,1789.1495322924115,104234400,0.0
TQQQ.US,3 倍做多纳指 ETF - ProShares,1500523200000,2017-07-20,2017-07-20 00:00:00,1802.2451790364596,1805.9319300259863,1771.2150248746095,1795.8317684609287,108460800,0.0
TQQQ.US,3 倍做多纳指 ETF - ProShares,1500609600000,2017-07-21,2017-07-21 00:00:00,1773.5960515553456,1793.2971271556291,1765.454476453474,1793.1435125310654,86916000,0.0
TQQQ.US,3 倍做多纳指 ETF - ProShares,1500868800000,2017-07-24,2017-07-24 00:00:00,1792.6442650012339,1821.139777857784,1785.9236251765756,1816.4929354647347,88732800,0.0
TQQQ.US,3 倍做多纳指 ETF - ProShares,1500955200000,2017-07-25,2017-07-25 00:00:00,1799.71053773116,1816.3393208401712,1788.8038993871432,1804.3189764680685,94180800,0.0
TQQQ.US,3 倍做多纳指 ETF - ProShares,1501041600000,2017-07-26,2017-07-26 00:00:00,1815.8400733103394,1823.8664374437883,1808.159342082159,1820.4869157033888,60607200,0.0
TQQQ.US,3 倍做多纳指 ETF - ProShares,1501128000000,2017-07-27,2017-07-27 00:00:00,1857.1240036618108,1861.77084605486,1722.7112071686486,1787.9974226081845,188956800,0.0
TQQQ.US,3 倍做多纳指 ETF - ProShares,1501214400000,2017-07-28,2017-07-28 00:00:00,1756.5064245726435,1790.4168529450612,1745.2925569795,1782.236874187049,70022400,0.0
TQQQ.US,3 倍做多纳指 ETF - ProShares,1501473600000,2017-07-31,2017-07-31 00:00:00,1796.8302635205923,1803.7045179698139,1747.212739786545,1759.041065877943,88716000,0.0
TQQQ.US,3 倍做多纳指 ETF - ProShares,1501560000000,2017-08-01,2017-08-01 00:00:00,1776.629940390477,1778.0892793238313,1754.5478381094574,1770.5621627202142,61156800,0.0
TQQQ.US,3 倍做多纳指 ETF - ProShares,1501646400000,2017-08-02,2017-08-02 00:00:00,1804.011747218941,1805.7783154014226,1735.1923954144422,1783.5425984958397,110366400,0.0
TQQQ.US,3 倍做多纳指 ETF - ProShares,1501732800000,2017-08-03,2017-08-03 00:00:00,1790.2632383204977,1790.8776968187522,1753.933379611203,1764.9552289236424,72640800,0.0
TQQQ.US,3 倍做多纳指 ETF - ProShares,1501819200000,2017-08-04,2017-08-04 00:00:00,1775.3626197378273,1785.2707630221803,1751.513949274326,1771.8294833728642,71488800,0.0
TQQQ.US,3 倍做多纳指 ETF - ProShares,1502078400000,2017-08-07,2017-08-07 00:00:00,1782.236874187049,1806.08554465055,1774.5561429588681,1803.205270439982,54837600,0.0
TQQQ.US,3 倍做多纳指 ETF - ProShares,1502164800000,2017-08-08,2017-08-08 00:00:00,1795.2173099626743,1840.1879913036723,1781.1231681589627,1796.484630615324,103886400,0.0
TQQQ.US,3 倍做多纳指 ETF - ProShares,1502251200000,2017-08-09,2017-08-09 00:00:00,1752.4740406778487,1791.6841735977112,1739.992852432055,1789.4567615415388,99081600,0.0
TQQQ.US,3 倍做多纳指 ETF - ProShares,1502337600000,2017-08-10,2017-08-10 00:00:00,1759.3866987832114,1762.5742022429065,1669.1381068520882,1673.2857017153058,163382400,0.0
TQQQ.US,3 倍做多纳指 ETF - ProShares,1502424000000,2017-08-11,2017-08-11 00:00:00,1681.4272768171772,1722.8648217932123,1669.598950725779,1711.5357432316457,105271200,0.0
TQQQ.US,3 倍做多纳指 ETF - ProShares,1502683200000,2017-08-14,2017-08-14 00:00:00,1751.3603346497625,1785.7700105520119,1750.8994907760716,1778.0892793238313,95488800,0.0
TQQQ.US,3 倍做多纳指 ETF - ProShares,1502769600000,2017-08-15,2017-08-15 00:00:00,1787.9974226081845,1791.6841735977112,1766.7217971061239,1781.2767827835262,72297600,0.0
TQQQ.US,3 倍做多纳指 ETF - ProShares,1502856000000,2017-08-16,2017-08-16 00:00:00,1793.7579710293198,1815.3792294366488,1772.8279784325275,1790.570467569625,99052800,0.0
TQQQ.US,3 倍做多纳指 ETF - ProShares,1502942400000,2017-08-17,2017-08-17 00:00:00,1768.7955945377325,1777.436417169436,1680.1599561645276,1680.4671854136545,158582400,0.0
TQQQ.US,3 倍做多纳指 ETF - ProShares,1503028800000,2017-08-18,2017-08-18 00:00:00,1683.0402303750952,1710.7292664526865,1656.1576710764627,1674.5530223679557,129852000,0.0
TQQQ.US,3 倍做多纳指 ETF - ProShares,1503288000000,2017-08-21,2017-08-21 00:00:00,1677.4332965785234,1687.1878252383128,1638.568796563929,1671.519133532824,86481600,0.0
TQQQ.US,3 倍做多纳指 ETF - ProShares,1503374400000,2017-08-22,2017-08-22 00:00:00,1696.1742807752842,1751.0531054006353,1695.3678039963252,1745.9070154777542,94264800,0.0
TQQQ.US,3 倍做多纳指 ETF - ProShares,1503460800000,2017-08-23,2017-08-23 00:00:00,1717.2962916527813,1738.418302530278,1715.0304759404678,1726.3979581581752,84076800,0.0
TQQQ.US,3 倍做多纳指 ETF - ProShares,1503547200000,2017-08-24,2017-08-24 00:00:00,1739.0327610285324,1745.7534008531904,1681.7729097224455,1711.9965871053364,97180800,0.0
TQQQ.US,3 倍做多纳指 ETF - ProShares,1503633600000,2017-08-25,2017-08-25 00:00:00,1729.4318469933066,1744.02523632685,1694.1004833436755,1700.4754902630652,92620800,0.0
TQQQ.US,3 倍做多纳指 ETF - ProShares,1503892800000,2017-08-28,2017-08-28 00:00:00,1715.3761088457359,1727.8572970915295,1699.5153988595428,1715.3761088457359,66242400,0.0
TQQQ.US,3 倍做多纳指 ETF - ProShares,1503979200000,2017-08-29,2017-08-29 00:00:00,1670.712656753865,1744.1788509514136,1666.7186765152112,1736.4981197232328,85123200,0.0
TQQQ.US,3 倍做多纳指 ETF - ProShares,1504065600000,2017-08-30,2017-08-30 00:00:00,1739.5320085583644,1804.9718386224638,1736.4981197232328,1796.6382452398877,106248000,0.0
TQQQ.US,3 倍做多纳指 ETF - ProShares,1504152000000,2017-08-31,2017-08-31 00:00:00,1811.19323091729,1854.2437294512429,1808.3129567067224,1847.7151079072894,106176000,0.0
TQQQ.US,3 倍做多纳指 ETF - ProShares,1504238400000,2017-09-01,2017-09-01 00:00:00,1861.77084605486,1868.8371187847863,1832.1616271702235,1846.4093835984986,71001600,0.0
TQQQ.US,3 倍做多纳指 ETF - ProShares,1504584000000,2017-09-05,2017-09-05 00:00:00,1828.8205090859649,1841.455311956322,1754.8934710147257,1796.9838781451558,129235200,0.0
TQQQ.US,3 倍做多纳指 ETF - ProShares,1504670400000,2017-09-06,2017-09-06 00:00:00,1811.5388638225584,1824.6345105666064,1773.7880698360502,1812.4989552260809,85557600,0.0
TQQQ.US,3 倍做多纳指 ETF - ProShares,1504756800000,2017-09-07,2017-09-07 00:00:00,1823.0599606648293,1838.5750377457543,1804.9718386224638,1823.7128228192246,73970400,0.0
TQQQ.US,3 倍做多纳指 ETF - ProShares,1504843200000,2017-09-08,2017-09-08 00:00:00,1816.800164713862,1820.026071829698,1772.1751162781322,1778.7421414782266,82646400,0.0
TQQQ.US,3 倍做多纳指 ETF - ProShares,1505102400000,2017-09-11,2017-09-11 00:00:00,1818.8739621454708,1847.0622457528941,1818.2595036472162,1835.3875342860595,85279200,0.0
TQQQ.US,3 倍做多纳指 ETF - ProShares,1505188800000,2017-09-12,2017-09-12 00:00:00,1852.9764087985932,1858.8905718442923,1825.2873727210017,1850.9026113669843,73418400,0.0
TQQQ.US,3 倍做多纳指 ETF - ProShares,1505275200000,2017-09-13,2017-09-13 00:00:00,1840.1879913036723,1859.0441864688557,1832.814489324619,1858.583342595165,51604800,0.0
TQQQ.US,3 倍做多纳指 ETF - ProShares,1505361600000,2017-09-14,2017-09-14 00:00:00,1838.1141938720634,1853.130023423157,1822.5607131349975,1827.207555528047,73576800,0.0
TQQQ.US,3 倍做多纳指 ETF - ProShares,1505448000000,2017-09-15,2017-09-15 00:00:00,1825.2873727210017,1864.3438910163006,1815.8400733103394,1841.916155830013,79264800,0.0
TQQQ.US,3 倍做多纳指 ETF - ProShares,1505707200000,2017-09-18,2017-09-18 00:00:00,1849.9425199634618,1867.6850091005592,1820.1796864542616,1837.4613317176681,91509600,0.0
TQQQ.US,3 倍做多纳指 ETF - ProShares,1505793600000,2017-09-19,2017-09-19 00:00:00,1846.1021543493714,1853.9365002021157,1827.207555528047,1845.2956775704124,56942400,0.0
TQQQ.US,3 倍做多纳指 ETF - ProShares,1505880000000,2017-09-20,2017-09-20 00:00:00,1844.33558616689,1849.7889053388983,1786.7301019555346,1829.934215114051,107306400,0.0
TQQQ.US,3 倍做多纳指 ETF - ProShares,1505966400000,2017-09-21,2017-09-21 00:00:00,1824.4808959420427,1825.1337580964382,1776.169096516786,1794.7180624328425,84890400,0.0
TQQQ.US,3 倍做多纳指 ETF - ProShares,1506052800000,2017-09-22,2017-09-22 00:00:00,1776.975573295745,1797.4447220188467,1772.328730902696,1790.2632383204977,62167200,0.0
TQQQ.US,3 倍做多纳指 ETF - ProShares,1506312000000,2017-09-25,2017-09-25 00:00:00,1768.3347506640418,1771.061410250046,1706.543267933328,1734.078689386356,135520800,0.0
TQQQ.US,3 倍做多纳指 ETF - ProShares,1506398400000,2017-09-26,2017-09-26 00:00:00,1759.1946805025068,1768.7955945377325,1727.7036824669658,1745.9070154777542,95090400,0.0
TQQQ.US,3 倍做多纳指 ETF - ProShares,1506484800000,2017-09-27,2017-09-27 00:00:00,1773.7880698360502,1812.3453406015174,1760.1547719060295,1793.2971271556291,111348000,0.0
TQQQ.US,3 倍做多纳指 ETF - ProShares,1506571200000,2017-09-28,2017-09-28 00:00:00,1780.316691380004,1795.370924587238,1767.2210446359556,1790.2632383204977,64536000,0.0
TQQQ.US,3 倍做多纳指 ETF - ProShares,1506657600000,2017-09-29,2017-09-29 00:00:00,1801.1314730083734,1832.0080125456598,1786.7301019555346,1828.1676469315696,88248000,0.0
TQQQ.US,3 倍做多纳指 ETF - ProShares,1506916800000,2017-10-02,2017-10-02 00:00:00,1837.6149463422319,1855.7030683845971,1808.8122042365542,1833.2753331983097,92205600,0.0
TQQQ.US,3 倍做多纳指 ETF - ProShares,1507003200000,2017-10-03,2017-10-03 00:00:00,1840.1879913036723,1851.056225991548,1828.1676469315696,1844.8348336967217,62738400,0.0
TQQQ.US,3 倍做多纳指 ETF - ProShares,1507089600000,2017-10-04,2017-10-04 00:00:00,1834.0818099772687,1861.1563875566055,1829.127738335092,1849.5968870581937,90153600,0.0
TQQQ.US,3 倍做多纳指 ETF - ProShares,1507176000000,2017-10-05,2017-10-05 00:00:00,1871.2181454655222,1905.935050616899,1863.383799612778,1902.9011617817678,94291200,0.0
TQQQ.US,3 倍做多纳指 ETF - ProShares,1507262400000,2017-10-06,2017-10-06 00:00:00,1884.9666543639657,1910.5818930099485,1884.1985812411476,1909.7754162309893,85960800,0.0
TQQQ.US,3 倍做多纳指 ETF - ProShares,1507521600000,2017-10-09,2017-10-09 00:00:00,1918.569853487256,1924.3304019083919,1897.2942279851957,1904.9749592133765,68851200,0.0
TQQQ.US,3 倍做多纳指 ETF - ProShares,1507608000000,2017-10-10,2017-10-10 00:00:00,1923.0630812557422,1929.2844735505682,1883.5457190867523,1908.9689394520303,71757600,0.0
TQQQ.US,3 倍做多纳指 ETF - ProShares,1507694400000,2017-10-11,2017-10-11 00:00:00,1906.5879127712944,1926.5962176207051,1898.5615486378454,1925.6361262171824,59788800,0.0
TQQQ.US,3 倍做多纳指 ETF - ProShares,1507780800000,2017-10-12,2017-10-12 00:00:00,1917.45614745917,1937.4644523085808,1908.354480953776,1915.2287354029977,66180000,0.0
TQQQ.US,3 倍做多纳指 ETF - ProShares,1507867200000,2017-10-13,2017-10-13 00:00:00,1937.3108376840173,1943.2250007297164,1930.5901978593593,1936.6579755296218,48873600,0.0
TQQQ.US,3 倍做多纳指 ETF - ProShares,1508126400000,2017-10-16,2017-10-16 00:00:00,1951.2129612070241,1957.6263717825552,1938.2709290875396,1956.6662803790325,57079200,0.0
TQQQ.US,3 倍做多纳指 ETF - ProShares,1508212800000,2017-10-17,2017-10-17 00:00:00,1954.2468500421555,1964.1933969826496,1945.1451835367616,1963.540534828254,60189600,0.0
TQQQ.US,3 倍做多纳指 ETF - ProShares,1508299200000,2017-10-18,2017-10-18 00:00:00,1968.9938540002624,1969.3010832493896,1947.8718431227658,1956.0134182246372,57900000,0.0
TQQQ.US,3 倍做多纳指 ETF - ProShares,1508385600000,2017-10-19,2017-10-19 00:00:00,1922.4102191013467,1934.5841780980131,1893.3002477465416,1934.4305634734494,80680800,0.0
TQQQ.US,3 倍做多纳指 ETF - ProShares,1508472000000,2017-10-20,2017-10-20 00:00:00,1957.6263717825552,1962.2732141756044,1942.7641568560255,1948.5247052771608,66554400,0.0
TQQQ.US,3 倍做多纳指 ETF - ProShares,1508731200000,2017-10-23,2017-10-23 00:00:00,1960.81387524225,1961.313122772082,1903.0547764063313,1912.1948465678663,61456800,0.0
TQQQ.US,3 倍做多纳指 ETF - ProShares,1508817600000,2017-10-24,2017-10-24 00:00:00,1921.2965130732603,1932.5103806664042,1899.521640041368,1921.9493752276558,58872000,0.0
TQQQ.US,3 倍做多纳指 ETF - ProShares,1508904000000,2017-10-25,2017-10-25 00:00:00,1908.9689394520303,1927.863538273355,1855.7030683845971,1898.5615486378454,89191200,0.0
TQQQ.US,3 倍做多纳指 ETF - ProShares,1508990400000,2017-10-26,2017-10-26 00:00:00,1895.8732927079823,1908.5080955783394,1878.2460145393077,1880.9726741253116,72768000,0.0
TQQQ.US,3 倍做多纳指 ETF - ProShares,1509076800000,2017-10-27,2017-10-27 00:00:00,1970.414789277476,2054.441988913773,1965.4607176352995,2043.0745066960656,147818400,0.0
TQQQ.US,3 倍做多纳指 ETF - ProShares,1509336000000,2017-10-30,2017-10-30 00:00:00,2037.9668204293253,2081.478162836969,2033.4735926608396,2057.6294923734677,96556800,0.0
TQQQ.US,3 倍做多纳指 ETF - ProShares,1509422400000,2017-10-31,2017-10-31 00:00:00,2076.024843664961,2089.005279440586,2059.549675180513,2079.4043654053603,60196800,0.0
TQQQ.US,3 倍做多纳指 ETF - ProShares,1509508800000,2017-11-01,2017-11-01 00:00:00,2105.480447925034,2108.360722135601,2053.7891267593777,2076.677705819356,83064000,0.0
TQQQ.US,3 倍做多纳指 ETF - ProShares,1509595200000,2017-11-02,2017-11-02 00:00:00,2070.4563135245294,2073.2981840789566,2023.4118347519227,2066.1167003806077,91780800,0.0
TQQQ.US,3 倍做多纳指 ETF - ProShares,1509681600000,2017-11-03,2017-11-03 00:00:00,2088.0451880370633,2126.1416149288393,2066.9231771595664,2123.7221845919626,86700000,0.0
TQQQ.US,3 倍做多纳指 ETF - ProShares,1509944400000,2017-11-06,2017-11-06 00:00:00,2120.035433602436,2148.68456108355,2117.5007922971363,2145.305039343151,76096800,0.0
TQQQ.US,3 倍做多纳指 ETF - ProShares,1510030800000,2017-11-07,2017-11-07 00:00:00,2140.542985981678,2158.4390897433395,2127.562550206053,2148.838175708114,93321600,0.0
TQQQ.US,3 倍做多纳指 ETF - ProShares,1510117200000,2017-11-08,2017-11-08 00:00:00,2146.764378276505,2176.9880556593957,2138.7764177991967,2175.720735006746,68863200,0.0
TQQQ.US,3 倍做多纳指 ETF - ProShares,1510203600000,2017-11-09,2017-11-09 00:00:00,2122.76209318844,2144.191333315064,2074.603908387747,2140.8502152308056,163195200,0.0
TQQQ.US,3 倍做多纳指 ETF - ProShares,1510290000000,2017-11-10,2017-11-10 00:00:00,2126.4488441779667,2145.151424718587,2114.428499805864,2140.19735307641,66436800,0.0
TQQQ.US,3 倍做多纳指 ETF - ProShares,1510549200000,2017-11-13,2017-11-13 00:00:00,2117.6544069217,2156.0580630626037,2115.8878387392183,2146.610763651941,75144000,0.0
TQQQ.US,3 倍做多纳指 ETF - ProShares,1510635600000,2017-11-14,2017-11-14 00:00:00,2124.9895052446127,2132.055777974539,2093.652121833635,2124.9895052446127,91000800,0.0
TQQQ.US,3 倍做多纳指 ETF - ProShares,1510722000000,2017-11-15,2017-11-15 00:00:00,2097.7997166968526,2111.3946109707326,2060.356151959472,2093.805736458199,80668800,0.0
TQQQ.US,3 倍做多纳指 ETF - ProShares,1510808400000,2017-11-16,2017-11-16 00:00:00,2126.756073427094,2187.549061098144,2125.642367399008,2172.226002297924,80853600,0.0
TQQQ.US,3 倍做多纳指 ETF - ProShares,1510894800000,2017-11-17,2017-11-17 00:00:00,2174.4534143540964,2178.754623841877,2142.1175358834553,2147.878084304591,69352800,0.0
TQQQ.US,3 倍做多纳指 ETF - ProShares,1511154000000,2017-11-20,2017-11-20 00:00:00,2151.2576060449906,2158.592704367903,2133.975960781584,2142.616783413287,50059200,0.0
TQQQ.US,3 倍做多纳指 ETF - ProShares,1511240400000,2017-11-21,2017-11-21 00:00:00,2172.533231547051,2214.6236386774813,2170.267415834738,2210.1304109089956,70742400,0.0
TQQQ.US,3 倍做多纳指 ETF - ProShares,1511326800000,2017-11-22,2017-11-22 00:00:00,2217.96475676174,2225.9527172390476,2205.483568515946,2218.9248481652626,60117600,0.0
TQQQ.US,3 倍做多纳指 ETF - ProShares,1511499600000,2017-11-24,2017-11-24 00:00:00,2227.412056172402,2245.6537928393313,2223.2644613091843,2243.88722465685,39952800,0.0
TQQQ.US,3 倍做多纳指 ETF - ProShares,1511758800000,2017-11-27,2017-11-27 00:00:00,2241.0069504462817,2256.5220275272072,2225.491873365357,2240.200473667323,66837600,0.0
TQQQ.US,3 倍做多纳指 ETF - ProShares,1511845200000,2017-11-28,2017-11-28 00:00:00,2255.408321499121,2261.8217320746517,2219.577710319658,2256.6756421517703,70305600,0.0
TQQQ.US,3 倍做多纳指 ETF - ProShares,1511931600000,2017-11-29,2017-11-29 00:00:00,2251.1071120113397,2251.1071120113397,2108.360722135601,2140.696600606242,208288800,0.0
TQQQ.US,3 倍做多纳指 ETF - ProShares,1512018000000,2017-11-30,2017-11-30 00:00:00,2167.5791599048744,2205.63718314051,2151.411220669554,2193.8088570491113,118780800,0.0
TQQQ.US,3 倍做多纳指 ETF - ProShares,1512104400000,2017-12-01,2017-12-01 00:00:00,2151.411220669554,2195.8826544807202,2068.843359966612,2164.545271069743,170294400,0.0
TQQQ.US,3 倍做多纳指 ETF - ProShares,1512363600000,2017-12-04,2017-12-04 00:00:00,2206.942907449301,2211.896979091477,2083.2447310194507,2089.811756219545,165444000,0.0
TQQQ.US,3 倍做多纳指 ETF - ProShares,1512450000000,2017-12-05,2017-12-05 00:00:00,2086.125005230018,2164.8525003188706,2063.3900407946035,2092.8456450546764,115480800,0.0
TQQQ.US,3 倍做多纳指 ETF - ProShares,1512536400000,2017-12-06,2017-12-06 00:00:00,2069.6498367455706,2130.596439041184,2061.9691055173903,2120.534681132268,94759200,0.0
TQQQ.US,3 倍做多纳指 ETF - ProShares,1512622800000,2017-12-07,2017-12-07 00:00:00,2121.8020017849176,2160.205657925821,2113.622023026905,2141.503077385201,76156800,0.0
TQQQ.US,3 倍做多纳指 ETF - ProShares,1512709200000,2017-12-08,2017-12-08 00:00:00,2189.0084000314987,2204.677091736987,2160.205657925821,2169.8065719610468,88401600,0.0
TQQQ.US,3 倍做多纳指 ETF - ProShares,1512968400000,2017-12-11,2017-12-11 00:00:00,2173.1860937014467,2222.304369905662,2172.226002297924,2219.577710319658,71568000,0.0
TQQQ.US,3 倍做多纳指 ETF - ProShares,1513054800000,2017-12-12,2017-12-12 00:00:00,2216.351803203822,2230.9451925373655,2197.3419934140748,2211.244116937082,73377600,0.0
TQQQ.US,3 倍做多纳指 ETF - ProShares,1513141200000,2017-12-13,2017-12-13 00:00:00,2236.3601080532326,2244.6937014358086,2214.278005772213,2222.304369905662,83342400,0.0
TQQQ.US,3 倍做多纳指 ETF - ProShares,1513227600000,2017-12-14,2017-12-14 00:00:00,2235.246402025147,2251.260726635903,2210.591254782686,2219.078462789826,71246400,0.0
TQQQ.US,3 倍做多纳指 ETF - ProShares,1513314000000,2017-12-15,2017-12-15 00:00:00,2245.000930684936,2301.1854796190773,2232.86537534441,2291.2389326785833,111669600,0.0
TQQQ.US,3 倍做多纳指 ETF - ProShares,1513573200000,2017-12-18,2017-12-18 00:00:00,2336.3632286441452,2356.8707810233877,2326.608699984356,2350.1501411987297,81081600,0.0
TQQQ.US,3 倍做多纳指 ETF - ProShares,1513659600000,2017-12-19,2017-12-19 00:00:00,2337.5153383283728,2345.0040512758487,2290.2788412750615,2311.9000996823897,98868000,0.0
TQQQ.US,3 倍做多纳指 ETF - ProShares,1513746000000,2017-12-20,2017-12-20 00:00:00,2333.9822019634094,2334.9422933669316,2273.65005816605,2302.299185647164,71150400,0.0
TQQQ.US,3 倍做多纳指 ETF - ProShares,1513832400000,2017-12-21,2017-12-21 00:00:00,2310.479164405176,2331.562771626532,2293.351133766333,2301.1854796190773,66518400,0.0
TQQQ.US,3 倍做多纳指 ETF - ProShares,1513918800000,2017-12-22,2017-12-22 00:00:00,2291.430950959288,2296.0777933523373,2274.1493056958816,2293.504748390897,42492000,0.0
TQQQ.US,3 倍做多纳指 ETF - ProShares,1514264400000,2017-12-26,2017-12-26 00:00:00,2256.867660432475,2264.548391660656,2230.4459450075333,2256.3684129026433,48866400,0.0
TQQQ.US,3 倍做多纳指 ETF - ProShares,1514350800000,2017-12-27,2017-12-27 00:00:00,2256.5220275272072,2274.4565349450086,2249.8013877025487,2256.3684129026433,45196800,0.0
TQQQ.US,3 倍做多纳指 ETF - ProShares,1514437200000,2017-12-28,2017-12-28 00:00:00,2276.376717752054,2278.450515183663,2255.9075690289524,2262.474594229047,46730400,0.0
TQQQ.US,3 倍做多纳指 ETF - ProShares,1514523600000,2017-12-29,2017-12-29 00:00:00,2270.9233985800456,2270.9233985800456,2218.1183713863034,2219.7313249442213,68558400,0.0
TQQQ.US,3 倍做多纳指 ETF - ProShares,1514869200000,2018-01-02,2018-01-02 00:00:00,2254.601844720162,2338.475429731895,2238.4723091409824,2333.674972714282,91735200,0.0
TQQQ.US,3 倍做多纳指 ETF - ProShares,1514955600000,2018-01-03,2018-01-03 00:00:00,2343.122272124944,2410.789514245216,2342.7766392196763,2401.995076988949,85224000,0.0
TQQQ.US,3 倍做多纳指 ETF - ProShares,1515042000000,2018-01-04,2018-01-04 00:00:00,2430.1449569402316,2438.785779571935,2407.6020107855215,2416.0892187926606,70024800,0.0
TQQQ.US,3 倍做多纳指 ETF - ProShares,1515128400000,2018-01-05,2018-01-05 00:00:00,2449.846032540515,2494.317466351681,2437.211229670158,2489.0177618042367,82380000,0.0
TQQQ.US,3 倍做多纳指 ETF - ProShares,1515387600000,2018-01-08,2018-01-08 00:00:00,2488.7105325551092,2521.852887804709,2486.3295058743734,2516.706797881828,72252000,0.0
TQQQ.US,3 倍做多纳指 ETF - ProShares,1515474000000,2018-01-09,2018-01-09 00:00:00,2532.0682603381897,2540.5554683453292,2496.2376491587265,2518.6269806888736,104169600,0.0
TQQQ.US,3 倍做多纳指 ETF - ProShares,1515560400000,2018-01-10,2018-01-10 00:00:00,2483.602846288369,2501.690968330735,2451.5741970668555,2500.730876927212,95853600,0.0
TQQQ.US,3 倍做多纳指 ETF - ProShares,1515646800000,2018-01-11,2018-01-11 00:00:00,2513.3656797975696,2550.8092445349507,2501.690968330735,2550.8092445349507,74839200,0.0
TQQQ.US,3 倍做多纳指 ETF - ProShares,1515733200000,2018-01-12,2018-01-12 00:00:00,2542.168421903247,2614.8281393218367,2534.948534548757,2604.8815923813427,89560800,0.0
TQQQ.US,3 倍做多纳指 ETF - ProShares,1516078800000,2018-01-16,2018-01-16 00:00:00,2657.5330049505214,2698.970549926556,2561.5238645982627,2584.719672907368,165021600,0.0
TQQQ.US,3 倍做多纳指 ETF - ProShares,1516165200000,2018-01-17,2018-01-17 00:00:00,2619.1293488096176,2679.461492606977,2583.7595815038458,2666.1738275822245,82624800,0.0
TQQQ.US,3 倍做多纳指 ETF - ProShares,1516251600000,2018-01-18,2018-01-18 00:00:00,2654.49911611539,2686.489361680762,2635.6045172940653,2668.7468725436647,94394400,0.0
TQQQ.US,3 倍做多纳指 ETF - ProShares,1516338000000,2018-01-19,2018-01-19 00:00:00,2691.5970479475027,2705.8448043757776,2653.8462539609945,2694.3237075335064,84948000,0.0
TQQQ.US,3 倍做多纳指 ETF - ProShares,1516597200000,2018-01-22,2018-01-22 00:00:00,2687.9487006141167,2778.504521794367,2681.0360425087542,2778.504521794367,103862400,0.0
TQQQ.US,3 倍做多纳指 ETF - ProShares,1516683600000,2018-01-23,2018-01-23 00:00:00,2805.233466468436,2855.811081606006,2800.8938533245137,2848.8984235006433,129343200,0.0
TQQQ.US,3 倍做多纳指 ETF - ProShares,1516770000000,2018-01-24,2018-01-24 00:00:00,2864.4135005815683,2884.421805430979,2743.480387393863,2791.1393246647244,209073600,0.0
TQQQ.US,3 倍做多纳指 ETF - ProShares,1516856400000,2018-01-25,2018-01-25 00:00:00,2849.397671030475,2851.4714684620835,2761.3764911555245,2787.606188299761,133300800,0.0
TQQQ.US,3 倍做多纳指 ETF - ProShares,1516942800000,2018-01-26,2018-01-26 00:00:00,2832.269640391632,2912.11084150857,2817.561040089666,2912.11084150857,106437600,0.0
TQQQ.US,3 倍做多纳指 ETF - ProShares,1517202000000,2018-01-29,2018-01-29 00:00:00,2894.829196245164,2914.5302718454473,2854.8509902024834,2873.5535707431036,132348000,0.0
TQQQ.US,3 倍做多纳指 ETF - ProShares,1517288400000,2018-01-30,2018-01-30 00:00:00,2793.5587550016016,2837.876574188204,2756.729648762475,2800.1257802016958,132506400,0.0
TQQQ.US,3 倍做多纳指 ETF - ProShares,1517374800000,2018-01-31,2018-01-31 00:00:00,2849.0520381252068,2865.219977360527,2784.2650702155024,2834.650667072368,110997600,0.0
TQQQ.US,3 倍做多纳指 ETF - ProShares,1517461200000,2018-02-01,2018-02-01 00:00:00,2771.9374965942725,2851.4714684620835,2734.340317232328,2763.7959214924012,127968000,0.0
TQQQ.US,3 倍做多纳指 ETF - ProShares,1517547600000,2018-02-02,2018-02-02 00:00:00,2732.9193819551147,2749.548165064126,2590.825854233772,2594.9734490969895,190185600,0.0
TQQQ.US,3 倍做多纳指 ETF - ProShares,1517806800000,2018-02-05,2018-02-05 00:00:00,2524.233914485445,2650.505135876736,2281.983651548626,2295.424931197942,230628000,0.0
TQQQ.US,3 倍做多纳指 ETF - ProShares,1517893200000,2018-02-06,2018-02-06 00:00:00,2189.3156292806257,2480.2233245479697,2160.6665017995115,2472.3889786952254,239383200,0.0
TQQQ.US,3 倍做多纳指 ETF - ProShares,1517979600000,2018-02-07,2018-02-07 00:00:00,2449.1931703861196,2528.0742800995354,2374.613270160485,2374.613270160485,176112000,0.0
TQQQ.US,3 倍做多纳指 ETF - ProShares,1518066000000,2018-02-08,2018-02-08 00:00:00,2399.1148027783815,2402.45592086264,2080.210842184319,2080.3644568088826,216405600,0.0
TQQQ.US,3 倍做多纳指 ETF - ProShares,1518152400000,2018-02-09,2018-02-09 00:00:00,2163.3931613855157,2226.605579393443,1939.384635115626,2178.2937799681868,320344800,0.0
TQQQ.US,3 倍做多纳指 ETF - ProShares,1518411600000,2018-02-12,2018-02-12 00:00:00,2252.681661913117,2342.469409970549,2195.8826544807202,2300.2253882155555,175056000,0.0
TQQQ.US,3 倍做多纳指 ETF - ProShares,1518498000000,2018-02-13,2018-02-13 00:00:00,2259.9015492676067,2345.8105280548075,2246.1530403691627,2328.2216535422735,108055200,0.0
TQQQ.US,3 倍做多纳指 ETF - ProShares,1518584400000,2018-02-14,2018-02-14 00:00:00,2293.351133766333,2474.155546877707,2290.9317034294563,2464.554632842481,168115200,0.0
TQQQ.US,3 倍做多纳指 ETF - ProShares,1518670800000,2018-02-15,2018-02-15 00:00:00,2528.2278947240993,2596.740017279471,2451.113353193165,2593.3604955390715,190375200,0.0
TQQQ.US,3 倍做多纳指 ETF - ProShares,1518757200000,2018-02-16,2018-02-16 00:00:00,2574.504300373888,2647.7784762907318,2549.849153131428,2564.40413880883,170553600,0.0
TQQQ.US,3 倍做多纳指 ETF - ProShares,1519102800000,2018-02-20,2018-02-20 00:00:00,2534.948534548757,2644.091725301205,2532.567507868021,2577.192556303751,145869600,0.0
TQQQ.US,3 倍做多纳指 ETF - ProShares,1519189200000,2018-02-21,2018-02-21 00:00:00,2614.175277167441,2691.5970479475027,2552.230179812164,2553.9967479946454,177477600,0.0
TQQQ.US,3 倍做多纳指 ETF - ProShares,1519275600000,2018-02-22,2018-02-22 00:00:00,2591.1330834828987,2629.84396887293,2534.948534548757,2554.495995524477,166603200,0.0
TQQQ.US,3 倍做多纳指 ETF - ProShares,1519362000000,2018-02-23,2018-02-23 00:00:00,2612.4087089849595,2708.4178493372183,2584.8732875319315,2706.6512811547364,142768800,0.0
TQQQ.US,3 倍做多纳指 ETF - ProShares,1519621200000,2018-02-26,2018-02-26 00:00:00,2749.240935814999,2816.6009486861435,2743.2883691131588,2815.2952243773525,133951200,0.0
TQQQ.US,3 倍做多纳指 ETF - ProShares,1519707600000,2018-02-27,2018-02-27 00:00:00,2820.2876996756704,2835.3035292267637,2710.990894298659,2714.4856270074806,173308800,0.0
TQQQ.US,3 倍做多纳指 ETF - ProShares,1519794000000,2018-02-28,2018-02-28 00:00:00,2759.8019412537474,2786.6460968962388,2657.225775701394,2659.9140316312573,153014400,0.0
TQQQ.US,3 倍做多纳指 ETF - ProShares,1519880400000,2018-03-01,2018-03-01 00:00:00,2665.866598333097,2701.389980263433,2459.101313670473,2531.9146457136258,251916000,0.0
TQQQ.US,3 倍做多纳指 ETF - ProShares,1519966800000,2018-03-02,2018-03-02 00:00:00,2443.125392715857,2613.6760296376096,2412.7096970522616,2601.540474297084,193399200,0.0
TQQQ.US,3 倍做多纳指 ETF - ProShares,1520226000000,2018-03-05,2018-03-05 00:00:00,2564.903386338662,2706.190437281046,2533.988443145234,2683.148243596504,148881600,0.0
TQQQ.US,3 倍做多纳指 ETF - ProShares,1520312400000,2018-03-06,2018-03-06 00:00:00,2723.1264496391846,2747.282349351812,2669.054101792792,2717.0586719689218,142060800,0.0
TQQQ.US,3 倍做多纳指 ETF - ProShares,1520398800000,2018-03-07,2018-03-07 00:00:00,2657.6866195750845,2744.248460516681,2643.7844960520774,2737.3742060674595,133764000,0.0
TQQQ.US,3 倍做多纳指 ETF - ProShares,1520485200000,2018-03-08,2018-03-08 00:00:00,2767.9435163556186,2787.798206580466,2738.0270682218547,2778.19729254524,115168800,0.0
TQQQ.US,3 倍做多纳指 ETF - ProShares,1520571600000,2018-03-09,2018-03-09 00:00:00,2841.2176922724625,2939.9534922107255,2828.736504026669,2939.9534922107255,147348000,0.0
TQQQ.US,3 倍做多纳指 ETF - ProShares,1520827200000,2018-03-12,2018-03-12 00:00:00,2968.2953904427122,3011.000256071397,2949.7080208705147,2983.9640821482008,132679200,0.0
TQQQ.US,3 倍做多纳指 ETF - ProShares,1520913600000,2018-03-13,2018-03-13 00:00:00,2968.2953904427122,3011.000256071397,2846.018149290075,2875.627368174712,182292000,0.0
TQQQ.US,3 倍做多纳指 ETF - ProShares,1521000000000,2018-03-14,2018-03-14 00:00:00,2911.9572268840066,2920.7516641402735,2829.082136931937,2865.8728395149224,133622400,0.0
TQQQ.US,3 倍做多纳指 ETF - ProShares,1521086400000,2018-03-15,2018-03-15 00:00:00,2874.5136621466254,2909.2305672980024,2826.5090919704962,2853.084422020002,110896800,0.0
TQQQ.US,3 倍做多纳指 ETF - ProShares,1521172800000,2018-03-16,2018-03-16 00:00:00,2869.4059758798853,2891.142445255637,2829.082136931937,2834.1898231986775,78268800,0.0
TQQQ.US,3 倍做多纳指 ETF - ProShares,1521432000000,2018-03-19,2018-03-19 00:00:00,2760.1091705028743,2760.1091705028743,2577.3461709283147,2656.2656842978713,194232000,0.0
TQQQ.US,3 倍做多纳指 ETF - ProShares,1521518400000,2018-03-20,2018-03-20 00:00:00,2656.8801427961257,2694.6693404387747,2626.963694662362,2675.77474161745,92193600,0.0
TQQQ.US,3 倍做多纳指 ETF - ProShares,1521604800000,2018-03-21,2018-03-21 00:00:00,2656.2656842978713,2729.847089463842,2604.0751156023834,2637.06385622742,132496800,0.0
TQQQ.US,3 倍做多纳指 ETF - ProShares,1521691200000,2018-03-22,2018-03-22 00:00:00,2534.64130529963,2585.833378935454,2435.444661487676,2444.3927133685065,205879200,0.0
TQQQ.US,3 倍做多纳指 ETF - ProShares,1521777600000,2018-03-23,2018-03-23 00:00:00,2435.444661487676,2456.221039459905,2246.921113491981,2246.921113491981,217598400,0.0
TQQQ.US,3 倍做多纳指 ETF - ProShares,1522036800000,2018-03-26,2018-03-26 00:00:00,2384.214184195711,2509.6789288080427,2278.296900559099,2499.7707855236895,183504000,0.0
TQQQ.US,3 倍做多纳指 ETF - ProShares,1522123200000,2018-03-27,2018-03-27 00:00:00,2558.489975763131,2558.489975763131,2194.922563077198,2260.05516389217,273614400,0.0
TQQQ.US,3 倍做多纳指 ETF - ProShares,1522209600000,2018-03-28,2018-03-28 00:00:00,2220.53780172318,2285.3247696328845,2128.215412360448,2182.1341455822767,242289600,0.0
TQQQ.US,3 倍做多纳指 ETF - ProShares,1522296000000,2018-03-29,2018-03-29 00:00:00,2215.2380971757357,2363.437806223482,2152.6785413222037,2302.9520478015593,197073600,0.0
TQQQ.US,3 倍做多纳指 ETF - ProShares,1522641600000,2018-04-02,2018-04-02 00:00:00,2248.534067049899,2280.2170833661444,2028.5195210186628,2098.4525788512483,244953600,0.0
TQQQ.US,3 倍做多纳指 ETF - ProShares,1522728000000,2018-04-03,2018-04-03 00:00:00,2156.211677687167,2195.4218106070293,2054.441988913773,2168.846480557524,221805600,0.0
TQQQ.US,3 倍做多纳指 ETF - ProShares,1522814400000,2018-04-04,2018-04-04 00:00:00,2042.2680299171063,2291.0853180540203,2035.3937754678848,2271.4226461098774,216729600,0.0
TQQQ.US,3 倍做多纳指 ETF - ProShares,1522900800000,2018-04-05,2018-04-05 00:00:00,2339.0898882301494,2348.2299583916847,2258.78784323952,2307.099642664777,183355200,0.0
TQQQ.US,3 倍做多纳指 ETF - ProShares,1522987200000,2018-04-06,2018-04-06 00:00:00,2235.246402025147,2301.3390942436413,2102.9074029635926,2134.9360521851067,232291200,0.0
TQQQ.US,3 倍做多纳指 ETF - ProShares,1523246400000,2018-04-09,2018-04-09 00:00:00,2191.235812087671,2308.3669633174263,2169.000095182088,2177.640917813791,175891200,0.0
TQQQ.US,3 倍做多纳指 ETF - ProShares,1523332800000,2018-04-10,2018-04-10 00:00:00,2279.4106065871856,2345.0040512758487,2234.439925246187,2321.501013717616,194875200,0.0
TQQQ.US,3 倍做多纳指 ETF - ProShares,1523419200000,2018-04-11,2018-04-11 00:00:00,2281.8300369240624,2358.1381016760374,2275.5702409730948,2282.444495422317,143440800,0.0
TQQQ.US,3 倍做多纳指 ETF - ProShares,1523505600000,2018-04-12,2018-04-12 00:00:00,2328.2216535422735,2388.246568090506,2320.0800784404023,2362.47771481996,142766400,0.0
TQQQ.US,3 倍做多纳指 ETF - ProShares,1523592000000,2018-04-13,2018-04-13 00:00:00,2400.3821234310317,2410.482284996089,2298.7660492822006,2327.415176763315,142485600,0.0
TQQQ.US,3 倍做多纳指 ETF - ProShares,1523851200000,2018-04-16,2018-04-16 00:00:00,2374.9589030657535,2406.488304757435,2332.7148813107597,2378.7992686798434,118298400,0.0
TQQQ.US,3 倍做多纳指 ETF - ProShares,1523937600000,2018-04-17,2018-04-17 00:00:00,2450.1532617896423,2549.3499056015958,2437.8256881684124,2530.9545543101035,124147200,0.0
TQQQ.US,3 倍做多纳指 ETF - ProShares,1524024000000,2018-04-18,2018-04-18 00:00:00,2534.64130529963,2575.4643917774106,2497.8506027166445,2548.581832478778,118089600,0.0
TQQQ.US,3 倍做多纳指 ETF - ProShares,1524110400000,2018-04-19,2018-04-19 00:00:00,2511.7527262396516,2527.920665474972,2452.227059221251,2479.263233144447,129019200,0.0
TQQQ.US,3 倍做多纳指 ETF - ProShares,1524196800000,2018-04-20,2018-04-20 00:00:00,2460.2534233547003,2464.2474035933537,2334.6350641178046,2360.3655137322103,140812800,0.0
TQQQ.US,3 倍做多纳指 ETF - ProShares,1524456000000,2018-04-23,2018-04-23 00:00:00,2393.2006397326822,2421.3505196839646,2304.219368454209,2341.8165478161536,123333600,0.0
TQQQ.US,3 倍做多纳指 ETF - ProShares,1524542400000,2018-04-24,2018-04-24 00:00:00,2372.69308735344,2385.673523129065,2146.764378276505,2192.5415363964617,213019200,0.0
TQQQ.US,3 倍做多纳指 ETF - ProShares,1524628800000,2018-04-25,2018-04-25 00:00:00,2203.10254183521,2227.412056172402,2110.2809049426464,2201.182359028165,210816000,0.0
TQQQ.US,3 倍做多纳指 ETF - ProShares,1524715200000,2018-04-26,2018-04-26 00:00:00,2284.863925759194,2360.2118991076463,2262.9354381027374,2337.668952952936,141993600,0.0
TQQQ.US,3 倍做多纳指 ETF - ProShares,1524801600000,2018-04-27,2018-04-27 00:00:00,2439.899485600021,2442.626145186025,2302.9520478015593,2343.122272124944,164858400,0.0
TQQQ.US,3 倍做多纳指 ETF - ProShares,1525060800000,2018-04-30,2018-04-30 00:00:00,2358.790963830433,2401.8414623643857,2274.3029203204455,2293.19751914177,161124000,0.0
TQQQ.US,3 倍做多纳指 ETF - ProShares,1525147200000,2018-05-01,2018-05-01 00:00:00,2273.189214292359,2370.772904546395,2258.2885957096887,2367.7390157112636,116978400,0.0
TQQQ.US,3 倍做多纳指 ETF - ProShares,1525233600000,2018-05-02,2018-05-02 00:00:00,2383.446111072893,2404.2224890451216,2320.233693064966,2326.455085359792,143652000,0.0
TQQQ.US,3 倍做多纳指 ETF - ProShares,1525320000000,2018-05-03,2018-05-03 00:00:00,2295.424931197942,2352.0703240057746,2215.43011545644,2326.608699984356,196072800,0.0
TQQQ.US,3 倍做多纳指 ETF - ProShares,1525406400000,2018-05-04,2018-05-04 00:00:00,2297.191499380424,2474.616390751398,2291.0853180540203,2457.526763768696,185932800,0.0
TQQQ.US,3 倍做多纳指 ETF - ProShares,1525665600000,2018-05-07,2018-05-07 00:00:00,2494.010237102554,2543.1285133067695,2486.3295058743734,2515.9003211028694,139063200,0.0
TQQQ.US,3 倍做多纳指 ETF - ProShares,1525752000000,2018-05-08,2018-05-08 00:00:00,2502.4974451096937,2527.2678033205766,2456.3746540844686,2507.6051313764337,126715200,0.0
TQQQ.US,3 倍做多纳指 ETF - ProShares,1525838400000,2018-05-09,2018-05-09 00:00:00,2525.040391264404,2597.853723307557,2497.8506027166445,2591.59392735659,114996000,0.0
TQQQ.US,3 倍做多纳指 ETF - ProShares,1525924800000,2018-05-10,2018-05-10 00:00:00,2616.24907459905,2677.6949244244956,2610.488526177914,2672.2416052524873,119006400,0.0
TQQQ.US,3 倍做多纳指 ETF - ProShares,1526011200000,2018-05-11,2018-05-11 00:00:00,2658.646710978607,2682.1881521929813,2629.0374920939707,2664.253644775179,119697600,0.0
TQQQ.US,3 倍做多纳指 ETF - ProShares,1526270400000,2018-05-14,2018-05-14 00:00:00,2681.0360425087542,2728.1189249375016,2664.253644775179,2676.0819708665776,109183200,0.0
TQQQ.US,3 倍做多纳指 ETF - ProShares,1526356800000,2018-05-15,2018-05-15 00:00:00,2612.4087089849595,2616.901936753445,2546.469631391028,2589.520129924981,174520800,0.0
TQQQ.US,3 倍做多纳指 ETF - ProShares,1526443200000,2018-05-16,2018-05-16 00:00:00,2595.43429297068,2656.2656842978713,2594.8198344724256,2637.217470851983,89712000,0.0
TQQQ.US,3 倍做多纳指 ETF - ProShares,1526529600000,2018-05-17,2018-05-17 00:00:00,2610.334911553351,2667.2875336103107,2568.705348296611,2607.454637342783,103219200,0.0
TQQQ.US,3 倍做多纳指 ETF - ProShares,1526616000000,2018-05-18,2018-05-18 00:00:00,2577.6918038335825,2603.460657104129,2555.1104540227316,2565.67145946148,85466400,0.0
TQQQ.US,3 倍做多纳指 ETF - ProShares,1526875200000,2018-05-21,2018-05-21 00:00:00,2624.582667981626,2659.9140316312573,2576.2324649002285,2610.488526177914,116892000,0.0
TQQQ.US,3 倍做多纳指 ETF - ProShares,1526961600000,2018-05-22,2018-05-22 00:00:00,2643.9381106766414,2657.8402341996484,2585.5261496863272,2596.8936319040345,96943200,0.0
TQQQ.US,3 倍做多纳指 ETF - ProShares,1527048000000,2018-05-23,2018-05-23 00:00:00,2539.4417623172426,2663.7928009014886,2536.8687173558023,2662.17984734357,123045600,0.0
TQQQ.US,3 倍做多纳指 ETF - ProShares,1527134400000,2018-05-24,2018-05-24 00:00:00,2661.373294626758,2674.315326376963,2579.76552765588,2659.913955735043,71110400,0.0
TQQQ.US,3 倍做多纳指 ETF - ProShares,1527220800000,2018-05-25,2018-05-25 00:00:00,2660.9124507662164,2695.936584167365,2643.5924023408675,2666.6345953679393,63081600,0.0
TQQQ.US,3 倍做多纳指 ETF - ProShares,1527566400000,2018-05-29,2018-05-29 00:00:00,2630.189526730121,2677.6948480209335,2584.105140675978,2632.5705533429186,94451200,0.0
TQQQ.US,3 倍做多纳指 ETF - ProShares,1527652800000,2018-05-30,2018-05-30 00:00:00,2659.4531118745017,2701.697132424133,2642.6323109647396,2688.7166970188828,70806400,0.0
TQQQ.US,3 倍做多纳指 ETF - ProShares,1527739200000,2018-05-31,2018-05-31 00:00:00,2684.914735169416,2735.300330588612,2661.373294626758,2682.956148762115,81056800,0.0
TQQQ.US,3 倍做多纳指 ETF - ProShares,1527825600000,2018-06-01,2018-06-01 00:00:00,2719.478024710023,2812.10764067885,2719.478024710023,2807.806431313797,77171200,0.0
TQQQ.US,3 倍做多纳指 ETF - ProShares,1528084800000,2018-06-04,2018-06-04 00:00:00,2827.469102696898,2885.074585264577,2823.6287371923863,2879.813284523396,64049600,0.0
TQQQ.US,3 倍做多纳指 ETF - ProShares,1528171200000,2018-06-05,2018-06-05 00:00:00,2902.855477550467,2923.9390841702375,2871.1724621382436,2909.576117183363,55900000,0.0
TQQQ.US,3 倍做多纳指 ETF - ProShares,1528257600000,2018-06-06,2018-06-06 00:00:00,2918.677783429056,2959.961712602559,2874.5135801271695,2957.5806859897616,57628000,0.0
TQQQ.US,3 倍做多纳指 ETF - ProShares,1528344000000,2018-06-07,2018-06-07 00:00:00,2961.3826478392284,2962.841986730943,2843.2914085754874,2888.9149507690886,78452000,0.0
TQQQ.US,3 倍做多纳指 ETF - ProShares,1528430400000,2018-06-08,2018-06-08 00:00:00,2843.2914085754874,2899.4759559064964,2824.1279847079727,2886.994768016833,49320800,0.0
TQQQ.US,3 倍做多纳指 ETF - ProShares,1528689600000,2018-06-11,2018-06-11 00:00:00,2879.813284523396,2931.15897131872,2878.353945631681,2909.576117183363,40836000,0.0
TQQQ.US,3 倍做多纳指 ETF - ProShares,1528776000000,2018-06-12,2018-06-12 00:00:00,2921.55805755744,2963.3028305914845,2912.417987656702,2955.622099582461,47848000,0.0
TQQQ.US,3 倍做多纳指 ETF - ProShares,1528862400000,2018-06-13,2018-06-13 00:00:00,2966.682352235455,3020.9467168142082,2934.9993368232317,2952.280981593535,72247200,0.0
TQQQ.US,3 倍做多纳指 ETF - ProShares,1528948800000,2018-06-14,2018-06-14 00:00:00,2994.5250021431666,3055.970850215357,2986.3450236185563,3042.030323433979,90452800,0.0
TQQQ.US,3 倍做多纳指 ETF - ProShares,1529035200000,2018-06-15,2018-06-15 00:00:00,3007.00619003283,3028.6274478232326,2966.682352235455,3011.80664691347,77689600,0.0
TQQQ.US,3 倍做多纳指 ETF - ProShares,1529294400000,2018-06-18,2018-06-18 00:00:00,2952.280981593535,3012.3058944290565,2924.4383316858243,3005.0860072805744,68726400,0.0
TQQQ.US,3 倍做多纳指 ETF - ProShares,1529380800000,2018-06-19,2018-06-19 00:00:00,2889.37579462963,2979.1635401251187,2862.032392237505,2978.203448748991,107633600,0.0
TQQQ.US,3 倍做多纳指 ETF - ProShares,1529467200000,2018-06-20,2018-06-20 00:00:00,3017.567195170238,3078.513795726842,3011.3073993978833,3040.6093881973097,79644800,0.0
TQQQ.US,3 倍做多纳指 ETF - ProShares,1529553600000,2018-06-21,2018-06-21 00:00:00,3061.731398472125,3071.8315597489914,2944.13940672397,2961.8818953548152,102280800,0.0
TQQQ.US,3 倍做多纳指 ETF - ProShares,1529640000000,2018-06-22,2018-06-22 00:00:00,2991.6447280147827,2994.5250021431666,2909.576117183363,2932.119062694848,62227200,0.0
TQQQ.US,3 倍做多纳指 ETF - ProShares,1529899200000,2018-06-25,2018-06-25 00:00:00,2862.032392237505,2874.0143326115826,2663.7927248946003,2744.901244349892,171306400,0.0
TQQQ.US,3 倍做多纳指 ETF - ProShares,1529985600000,2018-06-26,2018-06-26 00:00:00,2771.2845553658885,2821.7085544401302,2741.06087884538,2775.163324525446,94165600,0.0
TQQQ.US,3 倍做多纳指 ETF - ProShares,1530072000000,2018-06-27,2018-06-27 00:00:00,2810.1874579265946,2847.631021595586,2655.61274636999,2663.7927248946003,131838400,0.0
TQQQ.US,3 倍做多纳指 ETF - ProShares,1530158400000,2018-06-28,2018-06-28 00:00:00,2650.81228948935,2755.923093347841,2633.991488579588,2729.040534816258,111300000,0.0
TQQQ.US,3 倍做多纳指 ETF - ProShares,1530244800000,2018-06-29,2018-06-29 00:00:00,2768.404281237505,2811.147549302723,2739.140696093124,2741.5601263609665,78536000,0.0
TQQQ.US,3 倍做多纳指 ETF - ProShares,1530504000000,2018-07-02,2018-07-02 00:00:00,2671.934299764165,2806.347092422083,2653.692563617734,2802.967570778112,83296800,0.0
TQQQ.US,3 倍做多纳指 ETF - ProShares,1530590400000,2018-07-03,2018-07-03 00:00:00,2833.2296509536664,2836.10992508205,2699.27770215629,2706.497589304773,56425600,0.0
TQQQ.US,3 倍做多纳指 ETF - ProShares,1530763200000,2018-07-05,2018-07-05 00:00:00,2759.8018625073983,2812.606888194437,2716.597750581639,2805.8862485615414,65622400,0.0
TQQQ.US,3 倍做多纳指 ETF - ProShares,1530849600000,2018-07-06,2018-07-06 00:00:00,2823.167893331845,2942.219223971714,2809.2273665504667,2932.119062694848,75012000,0.0
TQQQ.US,3 倍做多纳指 ETF - ProShares,1531108800000,2018-07-09,2018-07-09 00:00:00,2980.1236315012466,3017.0679476546516,2946.9812771973093,3013.726829665726,72377600,0.0
TQQQ.US,3 倍做多纳指 ETF - ProShares,1531195200000,2018-07-10,2018-07-10 00:00:00,3026.668861415931,3041.070232057851,2989.7245452625266,3020.9467168142082,66784000,0.0
TQQQ.US,3 倍做多纳指 ETF - ProShares,1531281600000,2018-07-11,2018-07-11 00:00:00,2952.280981593535,3007.966281408958,2942.219223971714,2976.7441098572763,79829600,0.0
TQQQ.US,3 倍做多纳指 ETF - ProShares,1531368000000,2018-07-12,2018-07-12 00:00:00,3013.2659858051848,3126.0575206727,3007.00619003283,3123.638090404857,81352000,0.0
TQQQ.US,3 倍做多纳指 ETF - ProShares,1531454400000,2018-07-13,2018-07-13 00:00:00,3124.1373379204438,3150.5206489364405,3100.595897377786,3132.7781603055955,67876000,0.0
TQQQ.US,3 倍做多纳指 ETF - ProShares,1531713600000,2018-07-16,2018-07-16 00:00:00,3135.159186918393,3151.979987828155,3095.3345966366046,3111.65615003078,55560000,0.0
TQQQ.US,3 倍做多纳指 ETF - ProShares,1531800000000,2018-07-17,2018-07-17 00:00:00,3014.686921041854,3187.5033687448904,3013.726829665726,3169.2616325984586,75593600,0.0
TQQQ.US,3 倍做多纳指 ETF - ProShares,1531886400000,2018-07-18,2018-07-18 00:00:00,3168.301541222331,3177.441611123069,3120.2969724159316,3149.0997136997707,46537600,0.0
TQQQ.US,3 倍做多纳指 ETF - ProShares,1531972800000,2018-07-19,2018-07-19 00:00:00,3118.3767896636755,3147.179530947515,3090.534139755964,3102.5160801300412,76874400,0.0
TQQQ.US,3 倍做多纳指 ETF - ProShares,1532059200000,2018-07-20,2018-07-20 00:00:00,3127.9777034249555,3160.1599663527654,3088.153113143167,3098.2148707649885,57396000,0.0
TQQQ.US,3 倍做多纳指 ETF - ProShares,1532318400000,2018-07-23,2018-07-23 00:00:00,3070.871468372863,3131.3572250689263,3033.8887485644136,3125.0974292965716,63027200,0.0
TQQQ.US,3 倍做多纳指 ETF - ProShares,1532404800000,2018-07-24,2018-07-24 00:00:00,3223.5259971772125,3257.090791686646,3127.5168595644145,3164.9604232334054,95066400,0.0
TQQQ.US,3 倍做多纳指 ETF - ProShares,1532491200000,2018-07-25,2018-07-25 00:00:00,3169.2616325984586,3303.1751777407894,3166.880605985661,3296.95378562348,77241600,0.0
TQQQ.US,3 倍做多纳指 ETF - ProShares,1532577600000,2018-07-26,2018-07-26 00:00:00,3164.461175717819,3194.2240083777865,3135.159186918393,3152.9400792042834,111888000,0.0
TQQQ.US,3 倍做多纳指 ETF - ProShares,1532664000000,2018-07-27,2018-07-27 00:00:00,3208.625379019706,3211.50565314809,2965.722260859327,3021.4075606747497,118098400,0.0
TQQQ.US,3 倍做多纳指 ETF - ProShares,1532923200000,2018-07-30,2018-07-30 00:00:00,3021.9068081903365,3024.748678663675,2847.631021595586,2891.295977381886,100805600,0.0
TQQQ.US,3 倍做多纳指 ETF - ProShares,1533009600000,2018-07-31,2018-07-31 00:00:00,2922.0189014179814,2990.223792778113,2875.9345153638383,2948.93986360461,95712000,0.0
TQQQ.US,3 倍做多纳指 ETF - ProShares,1533096000000,2018-08-01,2018-08-01 00:00:00,2976.283265996735,3016.1462599335687,2939.7997937038717,2989.263701401985,69301600,0.0
TQQQ.US,3 倍做多纳指 ETF - ProShares,1533182400000,2018-08-02,2018-08-02 00:00:00,2923.478240309696,3120.2969724159316,2920.597966181312,3108.3150320418545,92242400,0.0
TQQQ.US,3 倍做多纳指 ETF - ProShares,1533268800000,2018-08-03,2018-08-03 00:00:00,3124.598181780985,3138.999552422905,3086.6937742514524,3136.157681949566,72133600,0.0
TQQQ.US,3 倍做多纳指 ETF - ProShares,1533528000000,2018-08-06,2018-08-06 00:00:00,3132.317316445054,3195.6449436144553,3119.797724900345,3193.7247608621997,68068000,0.0
TQQQ.US,3 倍做多纳指 ETF - ProShares,1533614400000,2018-08-07,2018-08-07 00:00:00,3218.725540296572,3245.1088513125687,3199.523712774013,3224.9469324138818,71970400,0.0
TQQQ.US,3 倍做多纳指 ETF - ProShares,1533700800000,2018-08-08,2018-08-08 00:00:00,3214.3859272764735,3257.090791686646,3187.5033687448904,3233.587754799033,63434400,0.0
TQQQ.US,3 倍做多纳指 ETF - ProShares,1533787200000,2018-08-09,2018-08-09 00:00:00,3230.707480670649,3269.1111357157683,3217.2662014048574,3230.707480670649,54530400,0.0
TQQQ.US,3 倍做多纳指 ETF - ProShares,1533873600000,2018-08-10,2018-08-10 00:00:00,3166.3813584700742,3194.7232558933724,3121.2570637920594,3155.359509472126,85626400,0.0
TQQQ.US,3 倍做多纳指 ETF - ProShares,1534132800000,2018-08-13,2018-08-13 00:00:00,3172.6027505873844,3234.08700231462,3141.8798265512887,3146.2194395713873,92674400,0.0
TQQQ.US,3 倍做多纳指 ETF - ProShares,1534219200000,2018-08-14,2018-08-14 00:00:00,3180.7827291119947,3215.8068625131427,3131.3572250689263,3204.3241696546525,60727200,0.0
TQQQ.US,3 倍做多纳指 ETF - ProShares,1534305600000,2018-08-15,2018-08-15 00:00:00,3131.8180689294672,3158.7006274610508,3028.128200307646,3087.65386562758,115857600,0.0
TQQQ.US,3 倍做多纳指 ETF - ProShares,1534392000000,2018-08-16,2018-08-16 00:00:00,3155.820353332667,3175.5214283708133,3097.7156232494017,3115.9957630508784,65142400,0.0
TQQQ.US,3 倍做多纳指 ETF - ProShares,1534478400000,2018-08-17,2018-08-17 00:00:00,3090.994983616506,3140.4588913146194,3034.349592424955,3115.496515535292,70262400,0.0
TQQQ.US,3 倍做多纳指 ETF - ProShares,1534737600000,2018-08-20,2018-08-20 00:00:00,3138.077864701822,3140.9581388302063,3072.292403609533,3109.2367197629374,67461600,0.0
TQQQ.US,3 倍做多纳指 ETF - ProShares,1534824000000,2018-08-21,2018-08-21 00:00:00,3136.6185258101077,3198.0643738822982,3130.3587300377526,3141.4189826907473,67069600,0.0
TQQQ.US,3 倍做多纳指 ETF - ProShares,1534910400000,2018-08-22,2018-08-22 00:00:00,3120.2969724159316,3188.463460121018,3110.235214794111,3177.902454983611,63313600,0.0
TQQQ.US,3 倍做多纳指 ETF - ProShares,1534996800000,2018-08-23,2018-08-23 00:00:00,3162.0801491050215,3228.7872979183935,3147.640374808056,3162.0801491050215,71133600,0.0
TQQQ.US,3 倍做多纳指 ETF - ProShares,1535083200000,2018-08-24,2018-08-24 00:00:00,3195.6449436144553,3258.0892867178195,3192.3038256255304,3249.909308193209,63956800,0.0
TQQQ.US,3 倍做多纳指 ETF - ProShares,1535342400000,2018-08-27,2018-08-27 00:00:00,3302.2534900197065,3348.337876073849,3284.472597733816,3347.8386285582624,72851200,0.0
TQQQ.US,3 倍做多纳指 ETF - ProShares,1535428800000,2018-08-28,2018-08-28 00:00:00,3375.6812784659737,3387.6632188400513,3343.038171677623,3362.739246715769,65224800,0.0
TQQQ.US,3 倍做多纳指 ETF - ProShares,1535515200000,2018-08-29,2018-08-29 00:00:00,3380.0208914860723,3485.1316953445635,3377.1022137026434,3480.331238463924,65735200,0.0
TQQQ.US,3 倍做多纳指 ETF - ProShares,1535601600000,2018-08-30,2018-08-30 00:00:00,3459.2092281891087,3521.615167637427,3425.106782509042,3460.630163425778,87863200,0.0
TQQQ.US,3 倍做多纳指 ETF - ProShares,1535688000000,2018-08-31,2018-08-31 00:00:00,3447.688131675572,3501.914092599281,3435.66778764645,3470.730324702644,63180000,0.0
TQQQ.US,3 倍做多纳指 ETF - ProShares,1536033600000,2018-09-04,2018-09-04 00:00:00,3440.4682445270905,3457.749889297394,3371.380069100921,3429.446395529141,80209600,0.0
TQQQ.US,3 倍做多纳指 ETF - ProShares,1536120000000,2018-09-05,2018-09-05 00:00:00,3408.3243852543255,3409.745320490995,3260.4703133306166,3293.1134201189675,107729600,0.0
TQQQ.US,3 倍做多纳指 ETF - ProShares,1536206400000,2018-09-06,2018-09-06 00:00:00,3298.873968375736,3308.9741296526026,3138.5387085623634,3203.3640782785246,115504800,0.0
TQQQ.US,3 倍做多纳指 ETF - ProShares,1536292800000,2018-09-07,2018-09-07 00:00:00,3137.5786171862355,3249.4484643326673,3130.8579775533394,3171.6426592112557,77009600,0.0
TQQQ.US,3 倍做多纳指 ETF - ProShares,1536552000000,2018-09-10,2018-09-10 00:00:00,3220.607319393783,3226.8671151661374,3145.720192055801,3199.523712774013,55448800,0.0
TQQQ.US,3 倍做多纳指 ETF - ProShares,1536638400000,2018-09-11,2018-09-11 00:00:00,3157.241288569336,3287.3528718622,3134.698343057851,3270.5320709524376,70522400,0.0
TQQQ.US,3 倍做多纳指 ETF - ProShares,1536724800000,2018-09-12,2018-09-12 00:00:00,3257.090791686646,3263.811431319542,3158.23978360051,3242.2285771841853,88261600,0.0
TQQQ.US,3 倍做多纳指 ETF - ProShares,1536811200000,2018-09-13,2018-09-13 00:00:00,3297.913876999608,3361.279907824054,3296.4545381078933,3338.2377147969833,74676000,0.0
TQQQ.US,3 倍做多纳指 ETF - ProShares,1536897600000,2018-09-14,2018-09-14 00:00:00,3350.2580588261058,3367.0404560808224,3274.37243645695,3312.8144951571144,76688000,0.0
TQQQ.US,3 倍做多纳指 ETF - ProShares,1537156800000,2018-09-17,2018-09-17 00:00:00,3294.073511495096,3304.173672771962,3161.5809015894347,3173.1019981029704,72823200,0.0
TQQQ.US,3 倍做多纳指 ETF - ProShares,1537243200000,2018-09-18,2018-09-18 00:00:00,3179.822637735866,3295.532850386811,3175.0221808552265,3248.4499693014945,72758400,0.0
TQQQ.US,3 倍做多纳指 ETF - ProShares,1537329600000,2018-09-19,2018-09-19 00:00:00,3249.909308193209,3272.9515012202805,3177.441611123069,3241.268485808057,58962400,0.0
TQQQ.US,3 倍做多纳指 ETF - ProShares,1537416000000,2018-09-20,2018-09-20 00:00:00,3303.6744252563753,3359.359725071799,3281.5923236054323,3343.038171677623,62683200,0.0
TQQQ.US,3 倍做多纳指 ETF - ProShares,1537502400000,2018-09-21,2018-09-21 00:00:00,3372.8010043375907,3388.1624663556377,3279.17289333759,3289.7338984749977,60281600,0.0
TQQQ.US,3 倍做多纳指 ETF - ProShares,1537761600000,2018-09-24,2018-09-24 00:00:00,3221.605814424956,3321.4553175422657,3179.822637735866,3318.075795898296,52875200,0.0
TQQQ.US,3 倍做多纳指 ETF - ProShares,1537848000000,2018-09-25,2018-09-25 00:00:00,3311.8160001259407,3337.7384672813964,3279.17289333759,3331.5170751640876,43259200,0.0
TQQQ.US,3 倍做多纳指 ETF - ProShares,1537934400000,2018-09-26,2018-09-26 00:00:00,3334.3973492924706,3430.9057344208554,3317.614952037754,3328.175957175162,70920000,0.0
TQQQ.US,3 倍做多纳指 ETF - ProShares,1538020800000,2018-09-27,2018-09-27 00:00:00,3377.6014612182303,3455.3688626845965,3371.380069100921,3420.3447292834476,58525600,0.0
TQQQ.US,3 倍做多纳指 ETF - ProShares,1538107200000,2018-09-28,2018-09-28 00:00:00,3391.042740484022,3444.347013686647,3373.761095713718,3415.045024887221,61857600,0.0
TQQQ.US,3 倍做多纳指 ETF - ProShares,1538366400000,2018-10-01,2018-10-01 00:00:00,3480.331238463924,3512.475097736689,3412.1647507588373,3434.746099925367,68232000,0.0
TQQQ.US,3 倍做多纳指 ETF - ProShares,1538452800000,2018-10-02,2018-10-02 00:00:00,3425.606030024629,3492.812426353588,3391.042740484022,3415.045024887221,64787200,0.0
TQQQ.US,3 倍做多纳指 ETF - ProShares,1538539200000,2018-10-03,2018-10-03 00:00:00,3456.828201576311,3480.331238463924,3409.745320490995,3425.106782509042,66569600,0.0
TQQQ.US,3 倍做多纳指 ETF - ProShares,1538625600000,2018-10-04,2018-10-04 00:00:00,3384.322100851126,3388.1624663556377,3153.900170580411,3229.7473892945213,150889600,0.0
TQQQ.US,3 倍做多纳指 ETF - ProShares,1538712000000,2018-10-05,2018-10-05 00:00:00,3225.9070237900096,3256.1691039655634,3015.647012417982,3108.3150320418545,132924000,0.0
TQQQ.US,3 倍做多纳指 ETF - ProShares,1538971200000,2018-10-08,2018-10-08 00:00:00,3064.6116726005093,3132.317316445054,2939.7997937038717,3052.6297322264318,119353600,0.0
TQQQ.US,3 倍做多纳指 ETF - ProShares,1539057600000,2018-10-09,2018-10-09 00:00:00,3056.4316940758986,3149.0997136997707,3033.3895010488272,3076.1327691140445,104289600,0.0
TQQQ.US,3 倍做多纳指 ETF - ProShares,1539144000000,2018-10-10,2018-10-10 00:00:00,3023.8269909425926,3027.168108931518,2661.373294626758,2677.234004160392,242856000,0.0
TQQQ.US,3 倍做多纳指 ETF - ProShares,1539230400000,2018-10-11,2018-10-11 00:00:00,2640.7121282124835,2748.2807659938626,2488.09600306318,2568.705275002885,222432000,0.0
TQQQ.US,3 倍做多纳指 ETF - ProShares,1539316800000,2018-10-12,2018-10-12 00:00:00,2773.7039856337315,2809.2273665504667,2630.6503705906625,2785.6859260078086,168488000,0.0
TQQQ.US,3 倍做多纳指 ETF - ProShares,1539576000000,2018-10-15,2018-10-15 00:00:00,2758.3425236156836,2770.3244639897607,2652.2716283810646,2680.5751221493174,159735200,0.0
TQQQ.US,3 倍做多纳指 ETF - ProShares,1539662400000,2018-10-16,2018-10-16 00:00:00,2766.9833460008354,2936.4202720599014,2753.042819219457,2911.496299935619,124466400,0.0
TQQQ.US,3 倍做多纳指 ETF - ProShares,1539748800000,2018-10-17,2018-10-17 00:00:00,2960.9218039786874,2965.722260859327,2829.888532964741,2921.0588100418536,130120800,0.0
TQQQ.US,3 倍做多纳指 ETF - ProShares,1539835200000,2018-10-18,2018-10-18 00:00:00,2883.154402512321,2886.5339241562915,2679.154186912648,2718.517933333895,156348800,0.0
TQQQ.US,3 倍做多纳指 ETF - ProShares,1539921600000,2018-10-19,2018-10-19 00:00:00,2774.203233149318,2850.9721395845113,2678.19409553652,2707.457680680901,134836800,0.0
TQQQ.US,3 倍做多纳指 ETF - ProShares,1540180800000,2018-10-22,2018-10-22 00:00:00,2755.923093347841,2812.10764067885,2686.8349179216716,2748.2807659938626,114926400,0.0
TQQQ.US,3 倍做多纳指 ETF - ProShares,1540267200000,2018-10-23,2018-10-23 00:00:00,2601.3483817912365,2759.3026149918114,2507.2594269306946,2718.0186858183083,176781600,0.0
TQQQ.US,3 倍做多纳指 ETF - ProShares,1540353600000,2018-10-24,2018-10-24 00:00:00,2707.918524541442,2721.8590513228205,2336.8624094955007,2348.383506009037,204842400,0.0
TQQQ.US,3 倍做多纳指 ETF - ProShares,1540440000000,2018-10-25,2018-10-25 00:00:00,2452.572622146445,2629.2294353539933,2420.8896067342216,2589.3664414171594,152073600,0.0
TQQQ.US,3 倍做多纳指 ETF - ProShares,1540526400000,2018-10-26,2018-10-26 00:00:00,2323.421130229709,2536.100571869579,2279.256926927822,2388.2464999458703,244761600,0.0
TQQQ.US,3 倍做多纳指 ETF - ProShares,1540785600000,2018-10-29,2018-10-29 00:00:00,2495.277486556617,2525.040319216585,2104.52029647253,2260.554346920849,217961600,0.0
TQQQ.US,3 倍做多纳指 ETF - ProShares,1540872000000,2018-10-30,2018-10-30 00:00:00,2219.7312616078875,2354.6048981263457,2187.5489986800776,2347.88425849345,184865600,0.0
TQQQ.US,3 倍做多纳指 ETF - ProShares,1540958400000,2018-10-31,2018-10-31 00:00:00,2460.2533531554686,2575.9251621513677,2460.2533531554686,2506.299335554567,180157600,0.0
TQQQ.US,3 倍做多纳指 ETF - ProShares,1541044800000,2018-11-01,2018-11-01 00:00:00,2528.3814372055103,2622.0095482055103,2469.355019401162,2615.7881560882015,126066400,0.0
TQQQ.US,3 倍做多纳指 ETF - ProShares,1541131200000,2018-11-02,2018-11-02 00:00:00,2589.865688932746,2636.9101663630167,2438.6320953650666,2498.618604545543,174357600,0.0
TQQQ.US,3 倍做多纳指 ETF - ProShares,1541394000000,2018-11-05,2018-11-05 00:00:00,2500.077943437257,2502.9582175656415,2388.7073438064117,2474.155476281802,102600800,0.0
TQQQ.US,3 倍做多纳指 ETF - ProShares,1541480400000,2018-11-06,2018-11-06 00:00:00,2467.895680509447,2569.6653663790134,2461.213444531597,2526.499658108299,111461600,0.0
TQQQ.US,3 倍做多纳指 ETF - ProShares,1541566800000,2018-11-07,2018-11-07 00:00:00,2616.709843809284,2763.1429804963236,2600.3882904151087,2758.84177113127,138552000,0.0
TQQQ.US,3 倍做多纳指 ETF - ProShares,1541653200000,2018-11-08,2018-11-08 00:00:00,2726.198664342919,2751.621883982788,2671.934299764165,2711.7972937009995,117524800,0.0
TQQQ.US,3 倍做多纳指 ETF - ProShares,1541739600000,2018-11-09,2018-11-09 00:00:00,2636.4109188474304,2653.692563617734,2510.1781047141235,2574.0049793991116,136739200,0.0
TQQQ.US,3 倍做多纳指 ETF - ProShares,1541998800000,2018-11-12,2018-11-12 00:00:00,2520.239862335945,2534.180389117323,2332.5612001304476,2347.88425849345,154367200,0.0
TQQQ.US,3 倍做多纳指 ETF - ProShares,1542085200000,2018-11-13,2018-11-13 00:00:00,2374.8052206800785,2472.2352935295457,2325.341312981965,2346.924167117322,154454400,0.0
TQQQ.US,3 倍做多纳指 ETF - ProShares,1542171600000,2018-11-14,2018-11-14 00:00:00,2413.669719585739,2439.592186741195,2250.454185643983,2287.4369054524323,156124000,0.0
TQQQ.US,3 倍做多纳指 ETF - ProShares,1542258000000,2018-11-15,2018-11-15 00:00:00,2274.917313907724,2429.5304291193734,2218.271922716173,2409.8293540812274,169816800,0.0
TQQQ.US,3 倍做多纳指 ETF - ProShares,1542344400000,2018-11-16,2018-11-16 00:00:00,2340.702775000013,2419.430267842507,2309.979850963917,2383.4460430652302,134324800,0.0
TQQQ.US,3 倍做多纳指 ETF - ProShares,1542603600000,2018-11-19,2018-11-19 00:00:00,2348.383506009037,2359.4437586620306,2131.4028550041135,2154.9058918917262,186492000,0.0
TQQQ.US,3 倍做多纳指 ETF - ProShares,1542690000000,2018-11-20,2018-11-20 00:00:00,2002.7506106029641,2123.7221239950895,1953.7859504204373,2035.3937173913155,202991200,0.0
TQQQ.US,3 倍做多纳指 ETF - ProShares,1542776400000,2018-11-21,2018-11-21 00:00:00,2113.621962718223,2141.963860141521,2069.9570069319225,2080.978855929872,115115200,0.0
TQQQ.US,3 倍做多纳指 ETF - ProShares,1542949200000,2018-11-23,2018-11-23 00:00:00,2029.6331691345476,2098.759748215762,2028.2122338978781,2034.894469875729,56880000,0.0
TQQQ.US,3 倍做多纳指 ETF - ProShares,1543208400000,2018-11-26,2018-11-26 00:00:00,2120.8418498667056,2178.4473324343844,2093.959291335122,2174.606966929872,119964800,0.0
TQQQ.US,3 倍做多纳指 ETF - ProShares,1543294800000,2018-11-27,2018-11-27 00:00:00,2141.963860141521,2213.9707133511197,2106.9013230853275,2197.1883160964026,120163200,0.0
TQQQ.US,3 倍做多纳指 ETF - ProShares,1543381200000,2018-11-28,2018-11-28 00:00:00,2246.6138201394706,2407.9091713289713,2208.210165094352,2405.5281447161738,195064800,0.0
TQQQ.US,3 倍做多纳指 ETF - ProShares,1543467600000,2018-11-29,2018-11-29 00:00:00,2377.186247292876,2432.3722995927124,2327.261495734221,2383.4460430652302,129044800,0.0
TQQQ.US,3 倍做多纳指 ETF - ProShares,1543554000000,2018-11-30,2018-11-30 00:00:00,2392.547709310924,2440.5522781173227,2358.4836672859033,2433.33239096884,116635200,0.0
TQQQ.US,3 倍做多纳指 ETF - ProShares,1543813200000,2018-12-03,2018-12-03 00:00:00,2596.087081050055,2606.648086187463,2508.257921961868,2558.1826735205227,149343200,0.0
TQQQ.US,3 倍做多纳指 ETF - ProShares,1543899600000,2018-12-04,2018-12-04 00:00:00,2522.620888948742,2543.781302878603,2259.555851889676,2276.875900315025,210096000,0.0
TQQQ.US,3 倍做多纳指 ETF - ProShares,1544072400000,2018-12-06,2018-12-06 00:00:00,2131.863698864655,2314.7803078445572,2104.0594526119885,2309.979850963917,196156000,0.0
TQQQ.US,3 倍做多纳指 ETF - ProShares,1544158800000,2018-12-07,2018-12-07 00:00:00,2285.0174751845902,2324.3812216058373,2064.1964586751546,2083.8591300582557,222987200,0.0
TQQQ.US,3 倍做多纳指 ETF - ProShares,1544418000000,2018-12-10,2018-12-10 00:00:00,2071.8771896841786,2177.487241058256,2007.5510674836041,2149.183747290004,176468800,0.0
TQQQ.US,3 倍做多纳指 ETF - ProShares,1544504400000,2018-12-11,2018-12-11 00:00:00,2252.8736159118253,2256.2147339007506,2116.5406405016524,2172.225940317075,172163200,0.0
TQQQ.US,3 倍做多纳指 ETF - ProShares,1544590800000,2018-12-12,2018-12-12 00:00:00,2266.7757390381585,2329.6425223470187,2225.952653725197,2226.9127451013246,169451200,0.0
TQQQ.US,3 倍做多纳指 ETF - ProShares,1544677200000,2018-12-13,2018-12-13 00:00:00,2270.61610454267,2298.9195983109234,2185.1679720672805,2227.411992616911,164724800,0.0
TQQQ.US,3 倍做多纳指 ETF - ProShares,1544763600000,2018-12-14,2018-12-14 00:00:00,2154.9058918917262,2176.066305821587,2050.2559318937765,2059.396001794515,156177600,0.0
TQQQ.US,3 倍做多纳指 ETF - ProShares,1545022800000,2018-12-17,2018-12-17 00:00:00,2038.7732390352858,2087.737899217813,1876.5177964696577,1926.4425480283126,200592800,0.0
TQQQ.US,3 倍做多纳指 ETF - ProShares,1545109200000,2018-12-18,2018-12-18 00:00:00,1972.0276865668689,2016.6527337292973,1909.1609032580088,1958.586407301077,157893600,0.0
TQQQ.US,3 倍做多纳指 ETF - ProShares,1545195600000,2018-12-19,2018-12-19 00:00:00,1954.2467942809787,2044.533787292054,1770.4084975799933,1816.9537274946779,307862400,0.0
TQQQ.US,3 倍做多纳指 ETF - ProShares,1545282000000,2018-12-20,2018-12-20 00:00:00,1798.750395003291,1861.6171783121513,1667.1794728187128,1744.0251865639964,320818400,0.0
TQQQ.US,3 倍做多纳指 ETF - ProShares,1545368400000,2018-12-21,2018-12-21 00:00:00,1759.386648582044,1795.831717219862,1546.2079594265876,1575.5099482260136,369034400,0.0
TQQQ.US,3 倍做多纳指 ETF - ProShares,1545627600000,2018-12-24,2018-12-24 00:00:00,1536.1462018047664,1598.0912973925435,1455.4985262100163,1458.8396441989416,175600800,0.0
TQQQ.US,3 倍做多纳指 ETF - ProShares,1545800400000,2018-12-26,2018-12-26 00:00:00,1504.5899021974449,1727.6345394561074,1472.8637253459972,1723.7889422619926,378235200,0.0
TQQQ.US,3 倍做多纳指 ETF - ProShares,1545886800000,2018-12-27,2018-12-27 00:00:00,1663.2207864546835,1749.746723322268,1544.0072734371222,1748.2853963885043,341834400,0.0
TQQQ.US,3 倍做多纳指 ETF - ProShares,1545973200000,2018-12-28,2018-12-28 00:00:00,1778.5887022781296,1831.965591332444,1700.2154314620684,1741.0941296355095,304842400,0.0
TQQQ.US,3 倍做多纳指 ETF - ProShares,1546232400000,2018-12-31,2018-12-31 00:00:00,1795.8938896516465,1811.276278428106,1732.9030076120448,1780.511500875187,216966400,0.0
TQQQ.US,3 倍做多纳指 ETF - ProShares,1546405200000,2019-01-02,2019-01-02 00:00:00,1671.8733801414419,1837.6955311516751,1669.4506539091494,1805.9693543002277,271665600,0.0
TQQQ.US,3 倍做多纳指 ETF - ProShares,1546491600000,2019-01-03,2019-01-03 00:00:00,1729.5573380531648,1750.2081949855617,1616.6121484620112,1631.0331379399418,330510400,0.0
TQQQ.US,3 倍做多纳指 ETF - ProShares,1546578000000,2019-01-04,2019-01-04 00:00:00,1708.868025148827,1863.1918405486567,1690.6014384767814,1839.656785720674,272964000,0.0
TQQQ.US,3 倍做多纳指 ETF - ProShares,1546837200000,2019-01-07,2019-01-07 00:00:00,1849.270778705961,1930.0283197823733,1832.926990630973,1898.3021429309258,213106400,0.0
TQQQ.US,3 倍做多纳指 ETF - ProShares,1546923600000,2019-01-08,2019-01-08 00:00:00,1955.9476448707076,1976.1754861117518,1869.9216356383579,1953.1019029470629,211622400,0.0
TQQQ.US,3 倍做多纳指 ETF - ProShares,1547010000000,2019-01-09,2019-01-09 00:00:00,1976.6369577750456,2027.091192961833,1951.640576013299,1999.2490692764413,178098400,0.0
TQQQ.US,3 倍做多纳指 ETF - ProShares,1547096400000,2019-01-10,2019-01-10 00:00:00,1953.5633746103565,2020.3613978721319,1920.87579846038,2018.4770552470156,175131200,0.0
TQQQ.US,3 倍做多纳指 ETF - ProShares,1547182800000,2019-01-11,2019-01-11 00:00:00,1982.405353566218,2001.1718678734987,1961.7544966338212,1994.4420727837976,120804800,0.0
TQQQ.US,3 倍做多纳指 ETF - ProShares,1547442000000,2019-01-14,2019-01-14 00:00:00,1943.4879099617754,1967.984364088287,1916.0688019677364,1942.4880546913055,111383200,0.0
TQQQ.US,3 倍做多纳指 ETF - ProShares,1547528400000,2019-01-15,2019-01-15 00:00:00,1967.984364088287,2063.1628946426304,1964.1387668941722,2050.203232098463,145125600,0.0
TQQQ.US,3 倍做多纳指 ETF - ProShares,1547614800000,2019-01-16,2019-01-16 00:00:00,2065.585620874923,2108.3486616734804,2051.626103060286,2053.0489740221083,135892800,0.0
TQQQ.US,3 倍做多纳指 ETF - ProShares,1547701200000,2019-01-17,2019-01-17 00:00:00,2033.35951638824,2128.0765752792895,2021.8227248058956,2101.1189389485444,142040000,0.0
TQQQ.US,3 倍做多纳指 ETF - ProShares,1547787600000,2019-01-18,2019-01-18 00:00:00,2149.688831510215,2192.4903282807136,2107.8487340382453,2158.802896860267,166908800,0.0
TQQQ.US,3 倍做多纳指 ETF - ProShares,1548133200000,2019-01-22,2019-01-22 00:00:00,2115.539928426475,2118.924053957296,1986.250950760333,2039.6278398146474,181734400,0.0
TQQQ.US,3 倍做多纳指 ETF - ProShares,1548219600000,2019-01-23,2019-01-23 00:00:00,2064.624221576394,2091.0434742999632,1971.8299612824023,2041.5506384117048,166093600,0.0
TQQQ.US,3 倍做多纳指 ETF - ProShares,1548306000000,2019-01-24,2019-01-24 00:00:00,2058.355898149987,2087.1978771058484,2035.2823149852977,2077.583884120561,128115200,0.0
TQQQ.US,3 倍做多纳指 ETF - ProShares,1548392400000,2019-01-25,2019-01-25 00:00:00,2127.5766476440544,2171.3010877411407,2106.425863076423,2151.6116301072725,139513600,0.0
TQQQ.US,3 倍做多纳指 ETF - ProShares,1548651600000,2019-01-28,2019-01-28 00:00:00,2067.469963500039,2072.3154159646238,2019.3999985736032,2072.3154159646238,140359200,0.0
TQQQ.US,3 倍做多纳指 ETF - ProShares,1548738000000,2019-01-29,2019-01-29 00:00:00,2076.1225571867976,2077.0839564853263,1991.5578748882115,2013.631602782431,122530400,0.0
TQQQ.US,3 倍做多纳指 ETF - ProShares,1548824400000,2019-01-30,2019-01-30 00:00:00,2081.4294813146757,2188.144803451364,2061.7015677088666,2164.5712926514398,175824000,0.0
TQQQ.US,3 倍做多纳指 ETF - ProShares,1548910800000,2019-01-31,2019-01-31 00:00:00,2202.5657929292947,2293.898726289523,2195.8359978395933,2259.749823205783,160575200,0.0
TQQQ.US,3 倍做多纳指 ETF - ProShares,1548997200000,2019-02-01,2019-02-01 00:00:00,2227.5621746910415,2279.477736811592,2214.102584511639,2230.9078442499213,141561600,0.0
TQQQ.US,3 倍做多纳指 ETF - ProShares,1549256400000,2019-02-04,2019-02-04 00:00:00,2233.8304981174483,2315.0495108571545,2227.5621746910415,2312.6652405968034,110976800,0.0
TQQQ.US,3 倍做多纳指 ETF - ProShares,1549342800000,2019-02-05,2019-02-05 00:00:00,2325.1249755057356,2384.2702603512225,2321.7793059468554,2373.694868067407,128916800,0.0
TQQQ.US,3 倍做多纳指 ETF - ProShares,1549429200000,2019-02-06,2019-02-06 00:00:00,2378.50186456005,2390.5001278056884,2322.7407052453846,2354.9668097320673,145420000,0.0
TQQQ.US,3 倍做多纳指 ETF - ProShares,1549515600000,2019-02-07,2019-02-07 00:00:00,2291.4760000572305,2308.7811874307477,2205.9114624881745,2258.826879879195,209793600,0.0
TQQQ.US,3 倍做多纳指 ETF - ProShares,1549602000000,2019-02-08,2019-02-08 00:00:00,2197.258868801416,2271.3250707600687,2191.990400645479,2270.3252154895986,144722400,0.0
TQQQ.US,3 倍做多纳指 ETF - ProShares,1549861200000,2019-02-11,2019-02-11 00:00:00,2296.3214525218154,2312.6652405968034,2247.7515599601443,2265.0567473336614,121196800,0.0
TQQQ.US,3 倍做多纳指 ETF - ProShares,1549947600000,2019-02-12,2019-02-12 00:00:00,2313.626639895332,2374.1563397307004,2302.0513923410467,2363.1194757835906,128226400,0.0
TQQQ.US,3 倍做多纳指 ETF - ProShares,1550034000000,2019-02-13,2019-02-13 00:00:00,2396.7684512320957,2416.957836501199,2361.196677186533,2367.926472276234,127609600,0.0
TQQQ.US,3 倍做多纳指 ETF - ProShares,1550120400000,2019-02-14,2019-02-14 00:00:00,2341.0072919174304,2401.1139760614456,2317.9337087527406,2376.5790659629924,153369600,0.0
TQQQ.US,3 倍做多纳指 ETF - ProShares,1550206800000,2019-02-15,2019-02-15 00:00:00,2427.9947004483083,2428.494628083544,2372.7334687688776,2404.9211172836194,142496000,0.0
TQQQ.US,3 倍做多纳指 ETF - ProShares,1550552400000,2019-02-19,2019-02-19 00:00:00,2382.347461754165,2441.4927465996516,2382.347461754165,2419.380562733491,103572800,0.0
TQQQ.US,3 倍做多纳指 ETF - ProShares,1550638800000,2019-02-20,2019-02-20 00:00:00,2425.1489585246636,2452.9910822100555,2379.001792195285,2417.4577641364335,171065600,0.0
TQQQ.US,3 倍做多纳指 ETF - ProShares,1550725200000,2019-02-21,2019-02-21 00:00:00,2397.2299228953893,2417.4577641364335,2352.0826118364807,2390.0386561423948,128493600,0.0
TQQQ.US,3 倍做多纳指 ETF - ProShares,1550811600000,2019-02-22,2019-02-22 00:00:00,2406.382444217383,2447.722614054118,2402.0753753599743,2441.9542182629452,119637600,0.0
TQQQ.US,3 倍做多纳指 ETF - ProShares,1551070800000,2019-02-25,2019-02-25 00:00:00,2500.0996478379625,2517.9047628467147,2464.066402129106,2468.87339862175,124102400,0.0
TQQQ.US,3 倍做多纳指 ETF - ProShares,1551157200000,2019-02-26,2019-02-26 00:00:00,2449.6454126511753,2499.638176174669,2438.108621068831,2476.5645930099795,105356800,0.0
TQQQ.US,3 倍做多纳指 ETF - ProShares,1551243600000,2019-02-27,2019-02-27 00:00:00,2443.415545196709,2479.4487909055656,2393.422781673216,2468.87339862175,115844000,0.0
TQQQ.US,3 倍做多纳指 ETF - ProShares,1551330000000,2019-02-28,2019-02-28 00:00:00,2447.222686418883,2479.4487909055656,2432.3402252776586,2453.49100984529,92063200,0.0
TQQQ.US,3 倍做多纳指 ETF - ProShares,1551416400000,2019-03-01,2019-03-01 00:00:00,2505.406571965841,2513.5976939893058,2452.5296105467614,2502.522374070255,140156800,0.0
TQQQ.US,3 倍做多纳指 ETF - ProShares,1551675600000,2019-03-04,2019-03-04 00:00:00,2546.285270139282,2563.590457512799,2420.303506060079,2502.9838457335486,213088000,0.0
TQQQ.US,3 倍做多纳指 ETF - ProShares,1551762000000,2019-03-05,2019-03-05 00:00:00,2508.290769861427,2532.3257523246452,2471.757596517336,2509.252169159956,100348800,0.0
TQQQ.US,3 倍做多纳指 ETF - ProShares,1551848400000,2019-03-06,2019-03-06 00:00:00,2515.520492586363,2517.9047628467147,2454.452409143819,2465.9892007261633,123468800,0.0
TQQQ.US,3 倍做多纳指 ETF - ProShares,1551934800000,2019-03-07,2019-03-07 00:00:00,2445.7998154570605,2448.6840133526466,2347.275615343837,2376.117594299699,169306400,0.0
TQQQ.US,3 倍做多纳指 ETF - ProShares,1552021200000,2019-03-08,2019-03-08 00:00:00,2294.8601255880517,2366.0036736791767,2286.2075319012934,2362.658004120297,174936800,0.0
TQQQ.US,3 倍做多纳指 ETF - ProShares,1552276800000,2019-03-11,2019-03-11 00:00:00,2390.5001278056884,2514.5590932878345,2390.5001278056884,2510.2135684584846,128468000,0.0
TQQQ.US,3 倍做多纳指 ETF - ProShares,1552363200000,2019-03-12,2019-03-12 00:00:00,2529.941482064294,2570.3202526025,2511.6748953922483,2551.0538106599847,151606400,0.0
TQQQ.US,3 倍做多纳指 ETF - ProShares,1552449600000,2019-03-13,2019-03-13 00:00:00,2589.5097826011333,2648.1935957833266,2579.434317952552,2606.3534983113564,145129600,0.0
TQQQ.US,3 倍做多纳指 ETF - ProShares,1552536000000,2019-03-14,2019-03-14 00:00:00,2611.160494804,2620.7744877892874,2590.971109534897,2594.816706729012,95443200,0.0
TQQQ.US,3 倍做多纳指 ETF - ProShares,1552622400000,2019-03-15,2019-03-15 00:00:00,2625.120012618637,2689.0338379848263,2617.8902898937013,2659.230459730436,138845600,0.0
TQQQ.US,3 倍做多纳指 ETF - ProShares,1552881600000,2019-03-18,2019-03-18 00:00:00,2661.614729990787,2708.261823955401,2645.7708695510337,2683.265442193654,148994400,0.0
TQQQ.US,3 倍做多纳指 ETF - ProShares,1552968000000,2019-03-19,2019-03-19 00:00:00,2717.875816940688,2753.4475909862504,2676.997118767247,2710.184622552458,164380800,0.0
TQQQ.US,3 倍做多纳指 ETF - ProShares,1553054400000,2019-03-20,2019-03-20 00:00:00,2708.7232956186945,2790.4422359936357,2672.228578246544,2740.449472470142,183522400,0.0
TQQQ.US,3 倍做多纳指 ETF - ProShares,1553140800000,2019-03-21,2019-03-21 00:00:00,2714.9916190451017,2879.3908990935124,2713.5687480832794,2867.392635847874,151957600,0.0
TQQQ.US,3 倍做多纳指 ETF - ProShares,1553227200000,2019-03-22,2019-03-22 00:00:00,2829.859607233313,2852.9331903980024,2669.8058520142517,2679.919772634774,267601600,0.0
TQQQ.US,3 倍做多纳指 ETF - ProShares,1553486400000,2019-03-25,2019-03-25 00:00:00,2646.732268849563,2690.49516491859,2604.430699714299,2663.076056924551,210369600,0.0
TQQQ.US,3 倍做多纳指 ETF - ProShares,1553572800000,2019-03-26,2019-03-26 00:00:00,2725.0670836936824,2772.675576956825,2658.7689880671423,2699.609230268642,175872000,0.0
TQQQ.US,3 倍做多纳指 ETF - ProShares,1553659200000,2019-03-27,2019-03-27 00:00:00,2710.646094215752,2729.4126085230328,2588.5483833026046,2646.732268849563,176810400,0.0
TQQQ.US,3 倍做多纳指 ETF - ProShares,1553745600000,2019-03-28,2019-03-28 00:00:00,2666.460182455372,2693.340906842235,2616.4674189318785,2663.5375285878445,128437600,0.0
TQQQ.US,3 倍做多纳指 ETF - ProShares,1553832000000,2019-03-29,2019-03-29 00:00:00,2722.2213417700377,2731.3354071200897,2676.535647103953,2723.64421273186,126980000,0.0
TQQQ.US,3 倍做多纳指 ETF - ProShares,1554091200000,2019-04-01,2019-04-01 00:00:00,2802.478955211215,2840.934927152364,2773.6369762553536,2830.8210065318417,122364800,0.0
TQQQ.US,3 倍做多纳指 ETF - ProShares,1554177600000,2019-04-02,2019-04-02 00:00:00,2840.47345548907,2870.738305406754,2818.3612716229095,2862.0857117199957,106728800,0.0
TQQQ.US,3 倍做多纳指 ETF - ProShares,1554264000000,2019-04-03,2019-04-03 00:00:00,2910.1556766464314,2965.416908325862,2884.65936724945,2911.578547608254,151384000,0.0
TQQQ.US,3 倍做多纳指 ETF - ProShares,1554350400000,2019-04-04,2019-04-04 00:00:00,2912.078475243489,2945.7274506919944,2856.817243564058,2907.2714787508453,143620800,0.0
TQQQ.US,3 倍做多纳指 ETF - ProShares,1554436800000,2019-04-05,2019-04-05 00:00:00,2935.1520584081786,2956.30284297581,2921.6924682287763,2950.9959188479315,104654400,0.0
TQQQ.US,3 倍做多纳指 ETF - ProShares,1554696000000,2019-04-08,2019-04-08 00:00:00,2936.113457706707,2979.8763537757345,2901.503082959673,2974.069502012621,103460000,0.0
TQQQ.US,3 倍做多纳指 ETF - ProShares,1554782400000,2019-04-09,2019-04-09 00:00:00,2943.804652094937,2972.1851593875044,2922.653867527305,2941.3819258626445,104121600,0.0
TQQQ.US,3 倍做多纳指 ETF - ProShares,1554868800000,2019-04-10,2019-04-10 00:00:00,2954.3800443787527,2990.913217722844,2943.304724459702,2988.9904191257865,99244000,0.0
TQQQ.US,3 倍做多纳指 ETF - ProShares,1554955200000,2019-04-11,2019-04-11 00:00:00,3000.027283072896,3001.027138343366,2949.573047886109,2966.3783076243913,111770400,0.0
TQQQ.US,3 倍做多纳指 ETF - ProShares,1555041600000,2019-04-12,2019-04-12 00:00:00,3004.372807902246,3009.1798043948897,2967.3397069229195,3002.9499369404234,95228000,0.0
TQQQ.US,3 倍做多纳指 ETF - ProShares,1555300800000,2019-04-15,2019-04-15 00:00:00,3002.9499369404234,3014.948200186062,2944.766051393465,3005.334207200775,83369600,0.0
TQQQ.US,3 倍做多纳指 ETF - ProShares,1555387200000,2019-04-16,2019-04-16 00:00:00,3035.6375130904,3054.827043089033,3008.718332731596,3034.676113791871,94287200,0.0
TQQQ.US,3 倍做多纳指 ETF - ProShares,1555473600000,2019-04-17,2019-04-17 00:00:00,3093.782942665417,3103.396935650704,3038.483255014045,3064.940963709555,114422400,0.0
TQQQ.US,3 倍做多纳指 ETF - ProShares,1555560000000,2019-04-18,2019-04-18 00:00:00,3080.3233524860148,3081.7846794197785,3022.1394669390565,3074.5549566948425,91903200,0.0
TQQQ.US,3 倍做多纳指 ETF - ProShares,1555905600000,2019-04-22,2019-04-22 00:00:00,3035.6375130904,3104.819806612527,3028.407790365464,3100.512737755118,75756800,0.0
TQQQ.US,3 倍做多纳指 ETF - ProShares,1555992000000,2019-04-23,2019-04-23 00:00:00,3125.047647853571,3230.301643056495,3111.588057674169,3218.2649238389154,104954400,0.0
TQQQ.US,3 倍做多纳指 ETF - ProShares,1556078400000,2019-04-24,2019-04-24 00:00:00,3225.494646563851,3238.954236743253,3185.577347688939,3187.0386746227023,95075200,0.0
TQQQ.US,3 倍做多纳指 ETF - ProShares,1556164800000,2019-04-25,2019-04-25 00:00:00,3257.6822950785927,3261.5278922727075,3174.0405561065945,3222.6104486682657,119690400,0.0
TQQQ.US,3 倍做多纳指 ETF - ProShares,1556251200000,2019-04-26,2019-04-26 00:00:00,3211.5351287492144,3235.1086395491384,3129.354716710979,3234.1472402506097,110516800,0.0
TQQQ.US,3 倍做多纳指 ETF - ProShares,1556510400000,2019-04-29,2019-04-29 00:00:00,3233.1858409520814,3267.334744035821,3217.8034521756213,3251.452427624127,83797600,0.0
TQQQ.US,3 倍做多纳指 ETF - ProShares,1556596800000,2019-04-30,2019-04-30 00:00:00,3172.6176851447717,3192.345598750581,3108.6654038066417,3176.9247540021806,127595200,0.0
TQQQ.US,3 倍做多纳指 ETF - ProShares,1556683200000,2019-05-01,2019-05-01 00:00:00,3236.070038847667,3264.450546140235,3137.0459110992097,3140.4300366300304,125916000,0.0
TQQQ.US,3 倍做多纳指 ETF - ProShares,1556769600000,2019-05-02,2019-05-02 00:00:00,3141.3529799566177,3188.500001556466,3040.4445095830433,3101.9356087169404,141288800,0.0
TQQQ.US,3 倍做多纳指 ETF - ProShares,1556856000000,2019-05-03,2019-05-03 00:00:00,3179.347480234473,3256.7593517520054,3162.542220496191,3248.068302093305,108889600,0.0
TQQQ.US,3 倍做多纳指 ETF - ProShares,1557115200000,2019-05-06,2019-05-06 00:00:00,3043.32870747863,3202.4210633991624,3026.4849917684064,3189.922872518289,161715200,0.0
TQQQ.US,3 倍做多纳指 ETF - ProShares,1557201600000,2019-05-07,2019-05-07 00:00:00,3086.5532199404806,3125.5091195168643,2914.9626731390754,3004.372807902246,237529600,0.0
TQQQ.US,3 倍做多纳指 ETF - ProShares,1557288000000,2019-05-08,2019-05-08 00:00:00,2974.069502012621,3047.1358487008033,2941.3819258626445,2977.953555178677,161237600,0.0
TQQQ.US,3 倍做多纳指 ETF - ProShares,1557374400000,2019-05-09,2019-05-09 00:00:00,2882.275096989099,2960.64836780516,2801.056084249393,2930.8449895507697,220417600,0.0
TQQQ.US,3 倍做多纳指 ETF - ProShares,1557460800000,2019-05-10,2019-05-10 00:00:00,2895.734687168501,2981.7606964008505,2751.524792389193,2938.997655602293,227858400,0.0
TQQQ.US,3 倍做多纳指 ETF - ProShares,1557720000000,2019-05-13,2019-05-13 00:00:00,2714.9916190451017,2760.6773137111863,2608.776224543649,2635.195477267218,234920800,0.0
TQQQ.US,3 倍做多纳指 ETF - ProShares,1557806400000,2019-05-14,2019-05-14 00:00:00,2673.6514492083666,2767.868580464181,2645.270941915799,2717.875816940688,140192000,0.0
TQQQ.US,3 倍做多纳指 ETF - ProShares,1557892800000,2019-05-15,2019-05-15 00:00:00,2665.960254820137,2854.8559889950598,2662.576129289316,2830.8210065318417,176160000,0.0
TQQQ.US,3 倍做多纳指 ETF - ProShares,1557979200000,2019-05-16,2019-05-16 00:00:00,2836.1279306597203,2971.68523175227,2827.0138653096683,2919.269741996484,174026400,0.0
TQQQ.US,3 倍做多纳指 ETF - ProShares,1558065600000,2019-05-17,2019-05-17 00:00:00,2830.8210065318417,2948.6116485875805,2820.245614248026,2828.4367362714906,182510400,0.0
TQQQ.US,3 倍做多纳指 ETF - ProShares,1558324800000,2019-05-20,2019-05-20 00:00:00,2710.184622552458,2741.410871768671,2655.8847901715562,2686.611111752534,184368800,0.0
TQQQ.US,3 倍做多纳指 ETF - ProShares,1558411200000,2019-05-21,2019-05-21 00:00:00,2752.9861193229567,2789.9807643303416,2726.98988229074,2767.3686528289463,114487200,0.0
TQQQ.US,3 倍做多纳指 ETF - ProShares,1558497600000,2019-05-22,2019-05-22 00:00:00,2719.7986155377453,2777.4825734494684,2718.8372162392166,2731.3354071200897,128912800,0.0
TQQQ.US,3 倍做多纳指 ETF - ProShares,1558584000000,2019-05-23,2019-05-23 00:00:00,2637.1182758642753,2638.0796751628045,2553.015065228983,2602.5079011172415,207680800,0.0
TQQQ.US,3 倍做多纳指 ETF - ProShares,1558670400000,2019-05-24,2019-05-24 00:00:00,2647.1937405128565,2672.6900499098383,2590.0097102363684,2598.6623039231267,137225600,0.0
TQQQ.US,3 倍做多纳指 ETF - ProShares,1559016000000,2019-05-28,2019-05-28 00:00:00,2621.735887087816,2663.5375285878445,2568.397454005443,2570.781724265794,116903200,0.0
TQQQ.US,3 倍做多纳指 ETF - ProShares,1559102400000,2019-05-29,2019-05-29 00:00:00,2523.211686974593,2547.7081411011045,2464.066402129106,2506.3679712643698,177921600,0.0
TQQQ.US,3 倍做多纳指 ETF - ProShares,1559188800000,2019-05-30,2019-05-30 00:00:00,2525.0960295997093,2556.3607347878633,2491.946981786439,2536.17134951876,136428000,0.0
TQQQ.US,3 倍做多纳指 ETF - ProShares,1559275200000,2019-05-31,2019-05-31 00:00:00,2445.2998878218255,2471.257668882101,2410.228041411498,2414.073638605613,140600800,0.0
TQQQ.US,3 倍做多纳指 ETF - ProShares,1559534400000,2019-06-03,2019-06-03 00:00:00,2394.8456526350383,2413.112239307084,2217.4867100424603,2259.749823205783,241812800,0.0
TQQQ.US,3 倍做多纳指 ETF - ProShares,1559620800000,2019-06-04,2019-06-04 00:00:00,2326.5863024394994,2445.7998154570605,2303.012791639575,2442.9156175614744,163869600,0.0
TQQQ.US,3 倍做多纳指 ETF - ProShares,1559707200000,2019-06-05,2019-06-05 00:00:00,2513.5976939893058,2515.020564951128,2421.2649053586074,2496.7539782790823,152316800,0.0
TQQQ.US,3 倍做多纳指 ETF - ProShares,1559793600000,2019-06-06,2019-06-06 00:00:00,2509.252169159956,2574.1273938246736,2476.0646653747444,2554.437936190806,100302400,0.0
TQQQ.US,3 倍做多纳指 ETF - ProShares,1559880000000,2019-06-07,2019-06-07 00:00:00,2595.7781060275406,2736.1424036127337,2587.1255123407823,2700.070701931936,151548000,0.0
TQQQ.US,3 倍做多纳指 ETF - ProShares,1560139200000,2019-06-10,2019-06-10 00:00:00,2757.293188180365,2875.5453018993976,2757.293188180365,2798.6333580171004,183272000,0.0
TQQQ.US,3 倍做多纳指 ETF - ProShares,1560225600000,2019-06-11,2019-06-11 00:00:00,2887.0820934817425,2901.9645546229667,2780.8282430083486,2809.208750300916,137447200,0.0
TQQQ.US,3 倍做多纳指 ETF - ProShares,1560312000000,2019-06-12,2019-06-12 00:00:00,2784.7122961744044,2802.478955211215,2744.794997299492,2761.638713009715,110176000,0.0
TQQQ.US,3 倍做多纳指 ETF - ProShares,1560398400000,2019-06-13,2019-06-13 00:00:00,2794.3262891596914,2827.9752646081965,2777.4825734494684,2806.7860240686236,98559200,0.0
TQQQ.US,3 倍做多纳指 ETF - ProShares,1560484800000,2019-06-14,2019-06-14 00:00:00,2762.6001123082438,2792.864962225928,2739.526529143555,2770.291306696474,77144800,0.0
TQQQ.US,3 倍做多纳指 ETF - ProShares,1560744000000,2019-06-17,2019-06-17 00:00:00,2787.5964940699905,2844.280596711244,2780.3667713450545,2820.7455418832606,75050400,0.0
TQQQ.US,3 倍做多纳指 ETF - ProShares,1560830400000,2019-06-18,2019-06-18 00:00:00,2920.2695972669535,3003.911336238952,2899.118812699322,2942.843252796408,141829600,0.0
TQQQ.US,3 倍做多纳指 ETF - ProShares,1560916800000,2019-06-19,2019-06-19 00:00:00,2957.725713937633,2997.643012812545,2903.4258815567305,2977.4536275434416,136979200,0.0
TQQQ.US,3 倍做多纳指 ETF - ProShares,1561003200000,2019-06-20,2019-06-20 00:00:00,3100.012810119883,3101.9356087169404,2991.3746893861376,3059.172567918383,119355200,0.0
TQQQ.US,3 倍做多纳指 ETF - ProShares,1561089600000,2019-06-21,2019-06-21 00:00:00,3043.32870747863,3102.435536352176,3026.0235201051128,3045.213050103746,104646400,0.0
TQQQ.US,3 倍做多纳指 ETF - ProShares,1561348800000,2019-06-24,2019-06-24 00:00:00,3061.5568381787343,3071.1708311640214,3038.483255014045,3044.290106777158,68938400,0.0
TQQQ.US,3 倍做多纳指 ETF - ProShares,1561435200000,2019-06-25,2019-06-25 00:00:00,3037.0603840522226,3041.867380544866,2873.62250330234,2888.5434204155063,139623200,0.0
TQQQ.US,3 倍做多纳指 ETF - ProShares,1561521600000,2019-06-26,2019-06-26 00:00:00,2942.843252796408,2998.604412111074,2913.039874542018,2925.038137787656,94115200,0.0
TQQQ.US,3 倍做多纳指 ETF - ProShares,1561608000000,2019-06-27,2019-06-27 00:00:00,2956.7643146391038,2979.8763537757345,2934.652130772943,2956.7643146391038,75270400,0.0
TQQQ.US,3 倍做多纳指 ETF - ProShares,1561694400000,2019-06-28,2019-06-28 00:00:00,2979.376426140499,2989.45189078908,2937.5747846404706,2969.3009614919183,98932800,0.0
TQQQ.US,3 倍做多纳指 ETF - ProShares,1561953600000,2019-07-01,2019-07-01 00:00:00,3138.9687096962666,3151.005428913846,3047.1358487008033,3087.5530752109507,144820800,0.0
TQQQ.US,3 倍做多纳指 ETF - ProShares,1562040000000,2019-07-02,2019-07-02 00:00:00,3084.1689496801296,3125.047647853571,3059.172567918383,3125.047647853571,81248800,0.0
TQQQ.US,3 倍做多纳指 ETF - ProShares,1562126400000,2019-07-03,2019-07-03 00:00:00,3144.737105487439,3194.2299413756978,3137.0459110992097,3194.2299413756978,67127200,0.0
TQQQ.US,3 倍做多纳指 ETF - ProShares,1562299200000,2019-07-05,2019-07-05 00:00:00,3128.8547890757445,3191.345743480111,3091.3602164331246,3173.5790844433004,116844800,0.0
TQQQ.US,3 倍做多纳指 ETF - ProShares,1562558400000,2019-07-08,2019-07-08 00:00:00,3114.4722555697554,3114.9337272330486,3067.8251616051416,3106.742605209584,105787200,0.0
TQQQ.US,3 倍做多纳指 ETF - ProShares,1562644800000,2019-07-09,2019-07-09 00:00:00,3060.5954388802056,3163.965091458013,3053.8656437905047,3153.389699174197,88595200,0.0
TQQQ.US,3 倍做多纳指 ETF - ProShares,1562731200000,2019-07-10,2019-07-10 00:00:00,3211.0736570859203,3273.0646838550524,3191.8456711153462,3246.6454311314833,154109600,0.0
TQQQ.US,3 倍做多纳指 ETF - ProShares,1562817600000,2019-07-11,2019-07-11 00:00:00,3262.5277475431776,3283.1786044755745,3206.7281322565705,3237.9928374447245,127849600,0.0
TQQQ.US,3 倍做多纳指 ETF - ProShares,1562904000000,2019-07-12,2019-07-12 00:00:00,3247.145358766718,3293.2925250960966,3238.954236743253,3292.2926698256265,89192800,0.0
TQQQ.US,3 倍做多纳指 ETF - ProShares,1563163200000,2019-07-15,2019-07-15 00:00:00,3314.9047813270217,3325.980101246073,3288.4855286034526,3320.1732494829594,73394400,0.0
TQQQ.US,3 倍做多纳指 ETF - ProShares,1563249600000,2019-07-16,2019-07-16 00:00:00,3309.5978571991436,3320.6731771181944,3241.8384346388393,3273.0646838550524,111992000,0.0
TQQQ.US,3 倍做多纳指 ETF - ProShares,1563336000000,2019-07-17,2019-07-17 00:00:00,3274.526010788816,3289.446927901982,3222.6104486682657,3224.5332472653226,92508000,0.0
TQQQ.US,3 倍做多纳指 ETF - ProShares,1563422400000,2019-07-18,2019-07-18 00:00:00,3176.9247540021806,3252.4138269226555,3145.2370331226743,3238.49276507996,135568000,0.0
TQQQ.US,3 倍做多纳指 ETF - ProShares,1563508800000,2019-07-19,2019-07-19 00:00:00,3302.406590446149,3302.406590446149,3151.9283722404334,3160.119494263898,140779200,0.0
TQQQ.US,3 倍做多纳指 ETF - ProShares,1563768000000,2019-07-22,2019-07-22 00:00:00,3184.154476727116,3255.7979524534767,3183.1930774285875,3234.647167885845,95506400,0.0
TQQQ.US,3 倍做多纳指 ETF - ProShares,1563854400000,2019-07-23,2019-07-23 00:00:00,3288.4855286034526,3298.560993252034,3222.6104486682657,3297.0996663182705,116049600,0.0
TQQQ.US,3 倍做多纳指 ETF - ProShares,1563940800000,2019-07-24,2019-07-24 00:00:00,3261.0664206094143,3367.3202710828077,3259.1436220123564,3367.3202710828077,109244800,0.0
TQQQ.US,3 倍做多纳指 ETF - ProShares,1564027200000,2019-07-25,2019-07-25 00:00:00,3333.171367999068,3333.632839662361,3251.452427624127,3271.180341229936,150075200,0.0
TQQQ.US,3 倍做多纳指 ETF - ProShares,1564113600000,2019-07-26,2019-07-26 00:00:00,3331.24856940201,3383.625603185855,3327.4029722078953,3368.243214409395,111478400,0.0
TQQQ.US,3 倍做多纳指 ETF - ProShares,1564372800000,2019-07-29,2019-07-29 00:00:00,3362.974746253458,3362.974746253458,3272.1032845565232,3337.016965193183,113275200,0.0
TQQQ.US,3 倍做多纳指 ETF - ProShares,1564459200000,2019-07-30,2019-07-30 00:00:00,3260.1050213108847,3330.287170103482,3252.4138269226555,3292.2926698256265,111504000,0.0
TQQQ.US,3 倍做多纳指 ETF - ProShares,1564545600000,2019-07-31,2019-07-31 00:00:00,3318.2504508859024,3324.057302649016,3062.0567658139694,3153.389699174197,196340800,0.0
TQQQ.US,3 倍做多纳指 ETF - ProShares,1564632000000,2019-08-01,2019-08-01 00:00:00,3170.694886547714,3345.6695588799407,3059.172567918383,3109.165331441877,298384800,0.0
TQQQ.US,3 倍做多纳指 ETF - ProShares,1564718400000,2019-08-02,2019-08-02 00:00:00,3038.0217833507513,3049.097103269802,2913.039874542018,2966.878235259626,246920000,0.0
TQQQ.US,3 倍做多纳指 ETF - ProShares,1564977600000,2019-08-05,2019-08-05 00:00:00,2785.173767837698,2785.173767837698,2580.395717251081,2655.384862536321,302484800,0.0
TQQQ.US,3 倍做多纳指 ETF - ProShares,1565064000000,2019-08-06,2019-08-06 00:00:00,2726.528410627446,2787.0965664347555,2667.8830534171943,2764.48445493336,213540800,0.0
TQQQ.US,3 倍做多纳指 ETF - ProShares,1565150400000,2019-08-07,2019-08-07 00:00:00,2673.189977545073,2818.3612716229095,2610.199095505471,2804.8632254715662,307908800,0.0
TQQQ.US,3 倍做多纳指 ETF - ProShares,1565236800000,2019-08-08,2019-08-08 00:00:00,2847.664722242065,2991.3746893861376,2821.2070135465547,2990.4132900876093,219056000,0.0
TQQQ.US,3 倍做多纳指 ETF - ProShares,1565323200000,2019-08-09,2019-08-09 00:00:00,2944.766051393465,2976.4922282449133,2834.7050596978975,2901.9645546229667,221366400,0.0
TQQQ.US,3 倍做多纳指 ETF - ProShares,1565582400000,2019-08-12,2019-08-12 00:00:00,2849.5875208391226,2876.0452295346327,2764.9843825685953,2804.8632254715662,213311200,0.0
TQQQ.US,3 倍做多纳指 ETF - ProShares,1565668800000,2019-08-13,2019-08-13 00:00:00,2799.594757315629,3047.1358487008033,2788.057965733284,2988.9904191257865,239259200,0.0
TQQQ.US,3 倍做多纳指 ETF - ProShares,1565755200000,2019-08-14,2019-08-14 00:00:00,2843.3576533846563,2871.699704705283,2704.4162267612855,2721.259942471509,304930400,0.0
TQQQ.US,3 倍做多纳指 ETF - ProShares,1565841600000,2019-08-15,2019-08-15 00:00:00,2735.1810043142045,2755.3703895833078,2647.1937405128565,2709.684694917223,208939200,0.0
TQQQ.US,3 倍做多纳指 ETF - ProShares,1565928000000,2019-08-16,2019-08-16 00:00:00,2777.4825734494684,2859.7014414596447,2777.4825734494684,2834.7050596978975,164405600,0.0
TQQQ.US,3 倍做多纳指 ETF - ProShares,1566187200000,2019-08-19,2019-08-19 00:00:00,2954.8799720139873,2991.8746170213726,2930.8449895507697,2967.3397069229195,120044000,0.0
TQQQ.US,3 倍做多纳指 ETF - ProShares,1566273600000,2019-08-20,2019-08-20 00:00:00,2951.9573181464602,2982.722095699379,2903.887353220024,2906.3100794523166,125264000,0.0
TQQQ.US,3 倍做多纳指 ETF - ProShares,1566360000000,2019-08-21,2019-08-21 00:00:00,2981.7606964008505,3008.718332731596,2950.034519549403,2980.337825439028,101481600,0.0
TQQQ.US,3 倍做多纳指 ETF - ProShares,1566446400000,2019-08-22,2019-08-22 00:00:00,2997.643012812545,3018.332325716883,2880.852226027276,2951.4958464831666,152629600,0.0
TQQQ.US,3 倍做多纳指 ETF - ProShares,1566532800000,2019-08-23,2019-08-23 00:00:00,2890.4662190125637,2970.7238324537407,2647.693668148091,2681.3426435965966,302350400,0.0
TQQQ.US,3 倍做多纳指 ETF - ProShares,1566792000000,2019-08-26,2019-08-26 00:00:00,2763.5615116067725,2790.9421636288707,2714.030219746573,2789.9807643303416,146585600,0.0
TQQQ.US,3 倍做多纳指 ETF - ProShares,1566878400000,2019-08-27,2019-08-27 00:00:00,2848.1646498773,2863.0471110185244,2739.9880008068485,2773.1370486201185,154579200,0.0
TQQQ.US,3 倍做多纳指 ETF - ProShares,1566964800000,2019-08-28,2019-08-28 00:00:00,2745.2949249347266,2815.4386177553824,2703.954755097992,2801.056084249393,127824800,0.0
TQQQ.US,3 倍做多纳指 ETF - ProShares,1567051200000,2019-08-29,2019-08-29 00:00:00,2904.387280855259,2952.95717341693,2871.699704705283,2928.4222633184772,141523200,0.0
TQQQ.US,3 倍做多纳指 ETF - ProShares,1567137600000,2019-08-30,2019-08-30 00:00:00,2976.4922282449133,2976.992155880148,2858.240114525881,2907.7714063860803,136103200,0.0
TQQQ.US,3 倍做多纳指 ETF - ProShares,1567483200000,2019-09-03,2019-09-03 00:00:00,2850.087448474357,2892.8504892729147,2793.3648898611627,2823.129812143612,128785600,0.0
TQQQ.US,3 倍做多纳指 ETF - ProShares,1567569600000,2019-09-04,2019-09-04 00:00:00,2902.4644822582018,2950.034519549403,2880.3522983920416,2941.8818534978795,100464800,0.0
TQQQ.US,3 倍做多纳指 ETF - ProShares,1567656000000,2019-09-05,2019-09-05 00:00:00,3038.98318264928,3129.854644346214,3034.176186156636,3104.358334949233,126744000,0.0
TQQQ.US,3 倍做多纳指 ETF - ProShares,1567742400000,2019-09-06,2019-09-06 00:00:00,3117.3179974933996,3122.624921621278,3074.5549566948425,3095.7057412624745,115038400,0.0
TQQQ.US,3 倍做多纳指 ETF - ProShares,1568001600000,2019-09-09,2019-09-09 00:00:00,3123.1248492565132,3127.8933897772154,3026.9849194036415,3076.0162836286063,112312800,0.0
TQQQ.US,3 倍做多纳指 ETF - ProShares,1568088000000,2019-09-10,2019-09-10 00:00:00,3025.5235924698777,3051.481373530153,2964.9554366625684,3050.5199742316245,136765600,0.0
TQQQ.US,3 倍做多纳指 ETF - ProShares,1568174400000,2019-09-11,2019-09-11 00:00:00,3064.4794920462614,3138.507238032973,3044.290106777158,3132.7003862698593,111400800,0.0
TQQQ.US,3 倍做多纳指 ETF - ProShares,1568260800000,2019-09-12,2019-09-12 00:00:00,3190.884271816817,3243.761233235897,3157.735224003547,3171.6562858462435,139931200,0.0
TQQQ.US,3 倍做多纳指 ETF - ProShares,1568347200000,2019-09-13,2019-09-13 00:00:00,3158.196695666841,3179.347480234473,3124.547720218336,3138.007310397738,107610400,0.0
TQQQ.US,3 倍做多纳指 ETF - ProShares,1568606400000,2019-09-16,2019-09-16 00:00:00,3076.0162836286063,3113.97232793452,3066.8637623066124,3094.7443419639453,97124000,0.0
TQQQ.US,3 倍做多纳指 ETF - ProShares,1568692800000,2019-09-17,2019-09-17 00:00:00,3093.782942665417,3138.507238032973,3075.5163559933712,3135.623040137387,90796000,0.0
TQQQ.US,3 倍做多纳指 ETF - ProShares,1568779200000,2019-09-18,2019-09-18 00:00:00,3117.8179251286347,3137.507382762503,3016.4095271198257,3133.700241540329,142063200,0.0
TQQQ.US,3 倍做多纳指 ETF - ProShares,1568865600000,2019-09-19,2019-09-19 00:00:00,3150.0055736433765,3205.805188929983,3129.354716710979,3147.6213033830254,132770400,0.0
TQQQ.US,3 倍做多纳指 ETF - ProShares,1568952000000,2019-09-20,2019-09-20 00:00:00,3161.0808935624273,3170.1949589124797,3015.9095994845907,3048.597175634567,123512800,0.0
TQQQ.US,3 倍做多纳指 ETF - ProShares,1569211200000,2019-09-23,2019-09-23 00:00:00,3041.867380544866,3078.400553888958,3013.9868008875333,3051.481373530153,89409600,0.0
TQQQ.US,3 倍做多纳指 ETF - ProShares,1569297600000,2019-09-24,2019-09-24 00:00:00,3093.2830150301816,3112.0495293374624,2890.9276906758573,2930.8449895507697,203765600,0.0
TQQQ.US,3 倍做多纳指 ETF - ProShares,1569384000000,2019-09-25,2019-09-25 00:00:00,2920.7310689302476,3049.5585749330958,2847.1647946068297,3024.562193171349,152304000,0.0
TQQQ.US,3 倍做多纳指 ETF - ProShares,1569470400000,2019-09-26,2019-09-26 00:00:00,3015.4096718493556,3021.677995275763,2925.538065422891,2994.297343253665,136214400,0.0
TQQQ.US,3 倍做多纳指 ETF - ProShares,1569556800000,2019-09-27,2019-09-27 00:00:00,3006.7570781625973,3011.6025306271817,2819.784142584732,2885.6207665479787,188492000,0.0
TQQQ.US,3 倍做多纳指 ETF - ProShares,1569816000000,2019-09-30,2019-09-30 00:00:00,2913.039874542018,2976.4922282449133,2897.6574857655582,2962.5711664022174,117103200,0.0
TQQQ.US,3 倍做多纳指 ETF - ProShares,1569902400000,2019-10-01,2019-10-01 00:00:00,2995.7202142154874,3045.213050103746,2875.5453018993976,2890.9276906758573,158454400,0.0
TQQQ.US,3 倍做多纳指 ETF - ProShares,1569988800000,2019-10-02,2019-10-02 00:00:00,2832.78226110084,2832.78226110084,2692.879435178941,2742.8721987024346,270824000,0.0
TQQQ.US,3 倍做多纳指 ETF - ProShares,1570075200000,2019-10-03,2019-10-03 00:00:00,2740.949400105377,2834.7050596978975,2639.5025461246264,2833.243732764134,240521600,0.0
TQQQ.US,3 倍做多纳指 ETF - ProShares,1570161600000,2019-10-04,2019-10-04 00:00:00,2870.2383777715195,2964.9554366625684,2864.508437952288,2952.4572457816953,168977600,0.0
TQQQ.US,3 倍做多纳指 ETF - ProShares,1570420800000,2019-10-07,2019-10-07 00:00:00,2925.538065422891,2996.2201418507225,2910.1556766464314,2925.038137787656,162530400,0.0
TQQQ.US,3 倍做多纳指 ETF - ProShares,1570507200000,2019-10-08,2019-10-08 00:00:00,2866.8927082126393,2907.2714787508453,2788.057965733284,2791.903562927399,235405600,0.0
TQQQ.US,3 倍做多纳指 ETF - ProShares,1570593600000,2019-10-09,2019-10-09 00:00:00,2864.969909615582,2913.5398021772526,2839.0121285553064,2876.5067011979268,152269600,0.0
TQQQ.US,3 倍做多纳指 ETF - ProShares,1570680000000,2019-10-10,2019-10-10 00:00:00,2876.9681728612204,2974.069502012621,2868.8155068096967,2939.497583237528,176239200,0.0
TQQQ.US,3 倍做多纳指 ETF - ProShares,1570766400000,2019-10-11,2019-10-11 00:00:00,3038.98318264928,3124.547720218336,3035.137585455165,3049.5585749330958,222509600,0.0
TQQQ.US,3 倍做多纳指 ETF - ProShares,1571025600000,2019-10-14,2019-10-14 00:00:00,3040.4445095830433,3081.7846794197785,3031.2919882610504,3052.9042444919755,91493600,0.0
TQQQ.US,3 倍做多纳指 ETF - ProShares,1571112000000,2019-10-15,2019-10-15 00:00:00,3080.3233524860148,3189.422944883054,3075.054884330077,3168.772087950657,140721600,0.0
TQQQ.US,3 倍做多纳指 ETF - ProShares,1571198400000,2019-10-16,2019-10-16 00:00:00,3135.123112502152,3168.310616287363,3114.4722555697554,3145.2370331226743,117193600,0.0
TQQQ.US,3 倍做多纳指 ETF - ProShares,1571284800000,2019-10-17,2019-10-17 00:00:00,3199.536865503576,3213.957854981507,3131.277515308037,3166.8492893535995,121839200,0.0
TQQQ.US,3 倍做多纳指 ETF - ProShares,1571371200000,2019-10-18,2019-10-18 00:00:00,3154.3510984727263,3174.0405561065945,3027.94631870217,3076.0162836286063,154444000,0.0
TQQQ.US,3 倍做多纳指 ETF - ProShares,1571630400000,2019-10-21,2019-10-21 00:00:00,3125.9705911801584,3163.965091458013,3097.1670681962382,3157.2352963683124,94176000,0.0
TQQQ.US,3 倍做多纳指 ETF - ProShares,1571716800000,2019-10-22,2019-10-22 00:00:00,3189.922872518289,3207.7279875270406,3080.3233524860148,3084.1689496801296,125023200,0.0
TQQQ.US,3 倍做多纳指 ETF - ProShares,1571803200000,2019-10-23,2019-10-23 00:00:00,3062.518237477263,3101.012665390353,3047.6357763360384,3098.58993915806,96905600,0.0
TQQQ.US,3 倍做多纳指 ETF - ProShares,1571889600000,2019-10-24,2019-10-24 00:00:00,3166.387817690306,3193.7684697124037,3123.1248492565132,3187.5001462859964,122484800,0.0
TQQQ.US,3 倍做多纳指 ETF - ProShares,1571976000000,2019-10-25,2019-10-25 00:00:00,3138.507238032973,3268.2576873624084,3136.5844394359156,3260.1050213108847,129177600,0.0
TQQQ.US,3 倍做多纳指 ETF - ProShares,1572235200000,2019-10-28,2019-10-28 00:00:00,3310.0977848343787,3373.050210902039,3310.0977848343787,3359.590620722637,111596000,0.0
TQQQ.US,3 倍做多纳指 ETF - ProShares,1572321600000,2019-10-29,2019-10-29 00:00:00,3343.2852886195897,3357.6678221255793,3279.8329349166947,3282.217205177046,107028000,0.0
TQQQ.US,3 倍做多纳指 ETF - ProShares,1572408000000,2019-10-30,2019-10-30 00:00:00,3299.522392550563,3344.7081595814125,3243.299761572603,3328.364371506424,118984800,0.0
TQQQ.US,3 倍做多纳指 ETF - ProShares,1572494400000,2019-10-31,2019-10-31 00:00:00,3353.8222249314645,3361.051947656401,3274.064539125522,3330.787097738717,123296000,0.0
TQQQ.US,3 倍做多纳指 ETF - ProShares,1572580800000,2019-11-01,2019-11-01 00:00:00,3374.9730094990964,3422.1200310989448,3359.590620722637,3421.120175828475,115052800,0.0
TQQQ.US,3 倍做多纳指 ETF - ProShares,1572843600000,2019-11-04,2019-11-04 00:00:00,3490.3793812944837,3507.684568668001,3466.80587049456,3482.188259271019,99926400,0.0
TQQQ.US,3 倍做多纳指 ETF - ProShares,1572930000000,2019-11-05,2019-11-05 00:00:00,3498.0321197107723,3508.146040331295,3455.730550575509,3486.495328128428,103229600,0.0
TQQQ.US,3 倍做多纳指 ETF - ProShares,1573016400000,2019-11-06,2019-11-06 00:00:00,3477.842734441669,3479.304061375433,3415.390236009244,3464.3831442622673,115329600,0.0
TQQQ.US,3 倍做多纳指 ETF - ProShares,1573102800000,2019-11-07,2019-11-07 00:00:00,3519.1829042784043,3566.7913975415468,3469.190140754911,3499.493446644536,125719200,0.0
TQQQ.US,3 倍做多纳指 ETF - ProShares,1573189200000,2019-11-08,2019-11-08 00:00:00,3478.8425897121397,3542.2949434150346,3452.8848086518638,3540.833616481271,81607200,0.0
TQQQ.US,3 倍做多纳指 ETF - ProShares,1573448400000,2019-11-11,2019-11-11 00:00:00,3488.418126725485,3531.219623495984,3473.074193920967,3525.912699368105,76092800,0.0
TQQQ.US,3 倍做多纳指 ETF - ProShares,1573534800000,2019-11-12,2019-11-12 00:00:00,3534.10382139157,3591.787779303293,3518.7214326151106,3554.7546783239673,128692000,0.0
TQQQ.US,3 倍做多纳指 ETF - ProShares,1573621200000,2019-11-13,2019-11-13 00:00:00,3520.1827595488744,3568.2527244753105,3511.9916375254097,3549.4862101680296,111758400,0.0
TQQQ.US,3 倍做多纳指 ETF - ProShares,1573707600000,2019-11-14,2019-11-14 00:00:00,3518.2599609518165,3555.754533594437,3485.5723848018406,3548.5248108695005,106651200,0.0
TQQQ.US,3 倍做多纳指 ETF - ProShares,1573794000000,2019-11-15,2019-11-15 00:00:00,3610.5542936105735,3621.591157557684,3579.2895884224195,3615.322834131276,90586400,0.0
TQQQ.US,3 倍做多纳指 ETF - ProShares,1574053200000,2019-11-18,2019-11-18 00:00:00,3610.5542936105735,3652.355935110603,3565.829998243018,3634.0893484385565,96696000,0.0
TQQQ.US,3 倍做多纳指 ETF - ProShares,1574139600000,2019-11-19,2019-11-19 00:00:00,3675.9294459105267,3675.9294459105267,3609.5544383401043,3649.010265551722,112120000,0.0
TQQQ.US,3 倍做多纳指 ETF - ProShares,1574226000000,2019-11-20,2019-11-20 00:00:00,3622.052629220977,3654.740205370954,3500.4548459430644,3585.057984213592,150380000,0.0
TQQQ.US,3 倍做多纳指 ETF - ProShares,1574312400000,2019-11-21,2019-11-21 00:00:00,3572.5597933327185,3578.789660787185,3525.912699368105,3557.1774045562593,90659200,0.0
TQQQ.US,3 倍做多纳指 ETF - ProShares,1574398800000,2019-11-22,2019-11-22 00:00:00,3584.0965849150634,3591.287851668058,3507.684568668001,3566.7913975415468,83668000,0.0
TQQQ.US,3 倍做多纳指 ETF - ProShares,1574658000000,2019-11-25,2019-11-25 00:00:00,3611.0157652738676,3692.7347056488084,3610.0543659753384,3690.3119794165164,80078400,0.0
TQQQ.US,3 倍做多纳指 ETF - ProShares,1574744400000,2019-11-26,2019-11-26 00:00:00,3697.0802304781582,3725.9222094340203,3682.1593133649926,3712.462619254618,83690400,0.0
TQQQ.US,3 倍做多纳指 ETF - ProShares,1574830800000,2019-11-27,2019-11-27 00:00:00,3738.881871978187,3788.87463550168,3726.3836810973135,3787.4517645398582,81556800,0.0
TQQQ.US,3 倍做多纳指 ETF - ProShares,1575003600000,2019-11-29,2019-11-29 00:00:00,3759.532728910584,3776.8379162841006,3730.2292782914283,3736.9590733811297,53796000,0.0
TQQQ.US,3 倍做多纳指 ETF - ProShares,1575262800000,2019-12-02,2019-12-02 00:00:00,3736.9590733811297,3739.381799613422,3558.600275518082,3616.78416106504,151815200,0.0
TQQQ.US,3 倍做多纳指 ETF - ProShares,1575349200000,2019-12-03,2019-12-03 00:00:00,3475.458464181318,3539.372289547507,3418.27443390483,3535.5651483253337,156052000,0.0
TQQQ.US,3 倍做多纳指 ETF - ProShares,1575435600000,2019-12-04,2019-12-04 00:00:00,3590.3649083414707,3613.400035534219,3573.5211926312477,3587.9421821091782,87659200,0.0
TQQQ.US,3 倍做多纳指 ETF - ProShares,1575522000000,2019-12-05,2019-12-05 00:00:00,3625.4367547517986,3625.9366823870337,3555.754533594437,3606.6702404445177,89080800,0.0
TQQQ.US,3 倍做多纳指 ETF - ProShares,1575608400000,2019-12-06,2019-12-06 00:00:00,3686.004910559108,3731.1906775899574,3679.275115469407,3718.1925590738488,92941600,0.0
TQQQ.US,3 倍做多纳指 ETF - ProShares,1575867600000,2019-12-09,2019-12-09 00:00:00,3705.694368192976,3755.687131716469,3668.6997231855903,3672.545320379706,77928800,0.0
TQQQ.US,3 倍做多纳指 ETF - ProShares,1575954000000,2019-12-10,2019-12-10 00:00:00,3674.929590640057,3714.846889514969,3637.934945632672,3664.3926543281823,112048000,0.0
TQQQ.US,3 倍做多纳指 ETF - ProShares,1576040400000,2019-12-11,2019-12-11 00:00:00,3686.004910559108,3731.652149253251,3670.622521782648,3719.6538860076125,90596000,0.0
TQQQ.US,3 倍做多纳指 ETF - ProShares,1576126800000,2019-12-12,2019-12-12 00:00:00,3707.617166790033,3845.597194114875,3692.7347056488084,3804.7569519133754,183164000,0.0
TQQQ.US,3 倍做多纳指 ETF - ProShares,1576213200000,2019-12-13,2019-12-13 00:00:00,3795.604430591381,3880.207568861909,3771.5694481281635,3838.8673990251737,160996000,0.0
TQQQ.US,3 倍做多纳指 ETF - ProShares,1576472400000,2019-12-16,2019-12-16 00:00:00,3913.856544310414,3969.1177759898446,3910.972346414828,3948.966846692683,99388000,0.0
TQQQ.US,3 倍做多纳指 ETF - ProShares,1576558800000,2019-12-17,2019-12-17 00:00:00,3969.1177759898446,3979.7316242456022,3941.737123967747,3954.2353148486204,84548800,0.0
TQQQ.US,3 倍做多纳指 ETF - ProShares,1576645200000,2019-12-18,2019-12-18 00:00:00,3973.001829155901,4003.266679073585,3958.0809120427352,3963.3493801986724,71408000,0.0
TQQQ.US,3 倍做多纳指 ETF - ProShares,1576731600000,2019-12-19,2019-12-19 00:00:00,3973.4633008191945,4046.5296475073774,3973.4633008191945,4044.1069212750845,83384800,0.0
TQQQ.US,3 倍做多纳指 ETF - ProShares,1576818000000,2019-12-20,2019-12-20 00:00:00,4097.0223386661055,4110.9434005088015,4066.71903277648,4092.1768862015206,99548000,0.0
TQQQ.US,3 倍做多纳指 ETF - ProShares,1577077200000,2019-12-23,2019-12-23 00:00:00,4134.978382972019,4142.66957736025,4113.327670769152,4122.480192091146,72427200,0.0
TQQQ.US,3 倍做多纳指 ETF - ProShares,1577163600000,2019-12-24,2019-12-24 00:00:00,4131.594257441198,4137.362653232371,4097.983737964634,4126.325789285261,39898400,0.0
TQQQ.US,3 倍做多纳指 ETF - ProShares,1577336400000,2019-12-26,2019-12-26 00:00:00,4145.092303592542,4235.463837654241,4145.092303592542,4233.502583085242,64258400,0.0
TQQQ.US,3 倍做多纳指 ETF - ProShares,1577422800000,2019-12-27,2019-12-27 00:00:00,4278.726806088033,4281.111076348385,4189.316671324863,4221.004392204369,99750400,0.0
TQQQ.US,3 倍做多纳指 ETF - ProShares,1577682000000,2019-12-30,2019-12-30 00:00:00,4217.197250982195,4223.427118436662,4076.333025761767,4136.9011815690765,112905600,0.0
TQQQ.US,3 倍做多纳指 ETF - ProShares,1577768400000,2019-12-31,2019-12-31 00:00:00,4100.368008224985,4170.550157017582,4079.2172236573538,4160.474692369001,84380000,0.0
TQQQ.US,3 倍做多纳指 ETF - ProShares,1577941200000,2020-01-02,2020-01-02 00:00:00,4264.267360638161,4366.67561391744,4240.732305810178,4366.67561391744,131072000,0.0
TQQQ.US,3 倍做多纳指 ETF - ProShares,1578027600000,2020-01-03,2020-01-03 00:00:00,4196.046466414564,4326.296843379234,4193.623740182271,4247.962028535115,145180000,0.0
TQQQ.US,3 倍做多纳指 ETF - ProShares,1578286800000,2020-01-06,2020-01-06 00:00:00,4146.976646217658,4330.142440573349,4131.594257441198,4328.719569611527,128095200,0.0
TQQQ.US,3 倍做多纳指 ETF - ProShares,1578373200000,2020-01-07,2020-01-07 00:00:00,4333.026638468936,4363.791416021854,4285.918072841028,4323.412645483648,107699200,0.0
TQQQ.US,3 倍做多纳指 ETF - ProShares,1578459600000,2020-01-08,2020-01-08 00:00:00,4324.3740447821765,4483.966328337944,4303.684731877839,4422.936700867342,159164800,0.0
TQQQ.US,3 倍做多纳指 ETF - ProShares,1578546000000,2020-01-09,2020-01-09 00:00:00,4529.652023004029,4559.916872921713,4457.04714797914,4534.459019496672,145423200,0.0
TQQQ.US,3 倍做多纳指 ETF - ProShares,1578632400000,2020-01-10,2020-01-10 00:00:00,4585.374726346753,4589.258779512809,4476.736605613008,4497.425918517346,137604000,0.0
TQQQ.US,3 倍做多纳指 ETF - ProShares,1578891600000,2020-01-13,2020-01-13 00:00:00,4553.687005467247,4657.018202073114,4533.459164226203,4654.633931812762,116558400,0.0
TQQQ.US,3 倍做多纳指 ETF - ProShares,1578978000000,2020-01-14,2020-01-14 00:00:00,4642.597212595183,4670.016320589222,4577.22206029523,4600.295643459919,145737600,0.0
TQQQ.US,3 倍做多纳指 ETF - ProShares,1579064400000,2020-01-15,2020-01-15 00:00:00,4604.141240654034,4669.016465318752,4557.994074324655,4603.179841355505,133003200,0.0
TQQQ.US,3 倍做多纳指 ETF - ProShares,1579150800000,2020-01-16,2020-01-16 00:00:00,4668.093521992164,4734.391617618705,4640.17448636289,4731.54587569506,121100800,0.0
TQQQ.US,3 倍做多纳指 ETF - ProShares,1579237200000,2020-01-17,2020-01-17 00:00:00,4793.036974828957,4813.726287733295,4723.354753671595,4802.189496150951,144402400,0.0
TQQQ.US,3 倍做多纳指 ETF - ProShares,1579582800000,2020-01-21,2020-01-21 00:00:00,4760.34939867898,4831.531402742046,4757.0037291201,4799.766769918658,138882400,0.0
TQQQ.US,3 倍做多纳指 ETF - ProShares,1579669200000,2020-01-22,2020-01-22 00:00:00,4866.141777489081,4917.095940311103,4815.6490863303525,4832.454346068635,136148800,0.0
TQQQ.US,3 倍做多纳指 ETF - ProShares,1579755600000,2020-01-23,2020-01-23 00:00:00,4822.878809055288,4883.408508890657,4757.503656755335,4877.1786414361895,143588800,0.0
TQQQ.US,3 倍做多纳指 ETF - ProShares,1579842000000,2020-01-24,2020-01-24 00:00:00,4946.399390930258,4961.281852071482,4687.321507962739,4750.773861665634,239374400,0.0
TQQQ.US,3 倍做多纳指 ETF - ProShares,1580101200000,2020-01-27,2020-01-27 00:00:00,4434.473492449686,4535.3819628232595,4334.949437065993,4457.04714797914,198626400,0.0
TQQQ.US,3 倍做多纳指 ETF - ProShares,1580187600000,2020-01-28,2020-01-28 00:00:00,4549.841408273132,4694.974246379027,4517.61530378645,4664.209468826109,171862400,0.0
TQQQ.US,3 倍做多纳指 ETF - ProShares,1580274000000,2020-01-29,2020-01-29 00:00:00,4741.121412708406,4757.0037291201,4623.369226624609,4681.053184536331,137877600,0.0
TQQQ.US,3 倍做多纳指 ETF - ProShares,1580360400000,2020-01-30,2020-01-30 00:00:00,4595.488646967276,4739.698541746583,4549.841408273132,4733.930145955411,200249600,0.0
TQQQ.US,3 倍做多纳指 ETF - ProShares,1580446800000,2020-01-31,2020-01-31 00:00:00,4791.614103867135,4794.998229397956,4458.508474912904,4501.271515711461,220384000,0.0
TQQQ.US,3 倍做多纳指 ETF - ProShares,1580706000000,2020-02-03,2020-02-03 00:00:00,4571.953592139293,4742.582739642169,4563.300998452534,4707.972364895136,173688000,0.0
TQQQ.US,3 倍做多纳指 ETF - ProShares,1580792400000,2020-02-04,2020-02-04 00:00:00,4903.1364224964655,5059.383036493353,4856.027856868558,5029.541202267022,140248800,0.0
TQQQ.US,3 倍做多纳指 ETF - ProShares,1580878800000,2020-02-05,2020-02-05 00:00:00,5218.475392413885,5219.436791712414,4993.969428221459,5087.725087813979,174612000,0.0
TQQQ.US,3 倍做多纳指 ETF - ProShares,1580965200000,2020-02-06,2020-02-06 00:00:00,5119.951192300662,5217.513993115357,5067.0742308815825,5211.745597324184,113132800,0.0
TQQQ.US,3 倍做多纳指 ETF - ProShares,1581051600000,2020-02-07,2020-02-07 00:00:00,5142.524847830116,5230.4736556595235,5101.184677993382,5144.447646427174,154052000,0.0
TQQQ.US,3 倍做多纳指 ETF - ProShares,1581310800000,2020-02-10,2020-02-10 00:00:00,5094.45488290368,5331.45903797698,5090.609285709566,5329.997711043216,123248800,0.0
TQQQ.US,3 倍做多纳指 ETF - ProShares,1581397200000,2020-02-11,2020-02-11 00:00:00,5417.48504720933,5473.746134159231,5291.541739102067,5333.843308237331,193770400,0.0
TQQQ.US,3 倍做多纳指 ETF - ProShares,1581483600000,2020-02-12,2020-02-12 00:00:00,5426.599112559383,5496.781261351978,5388.643068253468,5490.051466262277,121608000,0.0
TQQQ.US,3 倍做多纳指 ETF - ProShares,1581570000000,2020-02-13,2020-02-13 00:00:00,5373.7606071122445,5532.852963032776,5354.032693506434,5468.900681694646,155282400,0.0
TQQQ.US,3 倍做多纳指 ETF - ProShares,1581656400000,2020-02-14,2020-02-14 00:00:00,5490.551393897513,5527.546038904898,5435.751633881376,5505.933782673972,113969600,0.0
TQQQ.US,3 倍做多纳指 ETF - ProShares,1582002000000,2020-02-18,2020-02-18 00:00:00,5428.060439493146,5548.735279444471,5412.178123081451,5515.547775659259,130167200,0.0
TQQQ.US,3 倍做多纳指 ETF - ProShares,1582088400000,2020-02-19,2020-02-19 00:00:00,5615.0333750710115,5710.711833260589,5595.343917437143,5675.140059215027,105627200,0.0
TQQQ.US,3 倍做多纳指 ETF - ProShares,1582174800000,2020-02-20,2020-02-20 00:00:00,5638.606885870935,5671.294462020912,5306.424200243293,5513.624977062202,227657600,0.0
TQQQ.US,3 倍做多纳指 ETF - ProShares,1582261200000,2020-02-21,2020-02-21 00:00:00,5434.790234582847,5459.786616344593,5130.526584584478,5198.286007144782,207107200,0.0
TQQQ.US,3 倍做多纳指 ETF - ProShares,1582520400000,2020-02-24,2020-02-24 00:00:00,4628.176223117252,4786.80710737449,4500.771588076226,4599.33424416139,269674400,0.0
TQQQ.US,3 倍做多纳指 ETF - ProShares,1582606800000,2020-02-25,2020-02-25 00:00:00,4707.510893231842,4754.619458859749,4179.20275070434,4227.2727156307765,300793600,0.0
TQQQ.US,3 倍做多纳指 ETF - ProShares,1582693200000,2020-02-26,2020-02-26 00:00:00,4291.686468632201,4505.617040540811,4189.316671324863,4285.456601177734,335736000,0.0
TQQQ.US,3 倍做多纳指 ETF - ProShares,1582779600000,2020-02-27,2020-02-27 00:00:00,3956.1581134456774,4153.7448972793,3633.127949140028,3644.6647407223722,425116000,0.0
TQQQ.US,3 倍做多纳指 ETF - ProShares,1582866000000,2020-02-28,2020-02-28 00:00:00,3288.4855286034526,3722.0766122399054,3244.722632534426,3701.387299335567,494222400,0.0
TQQQ.US,3 倍做多纳指 ETF - ProShares,1583125200000,2020-03-02,2020-03-02 00:00:00,3810.486891732606,4217.6587226454885,3651.8944634473087,4206.62185869838,363518400,0.0
TQQQ.US,3 倍做多纳指 ETF - ProShares,1583211600000,2020-03-03,2020-03-03 00:00:00,4247.962028535115,4398.4017907688885,3695.6189035443945,3810.486891732606,548126400,0.0
TQQQ.US,3 倍做多纳指 ETF - ProShares,1583298000000,2020-03-04,2020-03-04 00:00:00,4015.7648699544584,4285.456601177734,3908.0881485192417,4272.91995432492,315827200,0.0
TQQQ.US,3 倍做多纳指 ETF - ProShares,1583384400000,2020-03-05,2020-03-05 00:00:00,3953.2739155500913,4170.550157017582,3801.834298045848,3897.9742278987196,386972000,0.0
TQQQ.US,3 倍做多纳指 ETF - ProShares,1583470800000,2020-03-06,2020-03-06 00:00:00,3496.1477770856563,3753.3028614561176,3412.9675097769514,3693.6961049473375,393519200,0.0
TQQQ.US,3 倍做多纳指 ETF - ProShares,1583726400000,2020-03-09,2020-03-09 00:00:00,2957.725713937633,3324.057302649016,2932.267860512592,2943.304724459702,406964800,0.0
TQQQ.US,3 倍做多纳指 ETF - ProShares,1583812800000,2020-03-10,2020-03-10 00:00:00,3267.7962156991152,3409.6218402180716,2932.267860512592,3401.430718194607,456252800,0.0
TQQQ.US,3 倍做多纳指 ETF - ProShares,1583899200000,2020-03-11,2020-03-11 00:00:00,3162.042292860956,3231.7629699902586,2836.1279306597203,2963.9940373640397,430928000,0.0
TQQQ.US,3 倍做多纳指 ETF - ProShares,1583985600000,2020-03-12,2020-03-12 00:00:00,2379.463263858579,2764.0229832700666,2134.3064427337554,2151.6116301072725,618225600,0.0
TQQQ.US,3 倍做多纳指 ETF - ProShares,1584072000000,2020-03-13,2020-03-13 00:00:00,2511.1749677570133,2754.908917920014,2166.0326195852035,2732.296806418619,556290400,0.0
TQQQ.US,3 倍做多纳指 ETF - ProShares,1584331200000,2020-03-16,2020-03-16 00:00:00,1944.910780923598,2336.2002954247864,1778.127230614836,1790.6254214957091,658290400,0.0
TQQQ.US,3 倍做多纳指 ETF - ProShares,1584417600000,2020-03-17,2020-03-17 00:00:00,1892.9952188030472,2169.8782167793183,1718.5204741060552,2082.390880613205,762020800,0.0
TQQQ.US,3 倍做多纳指 ETF - ProShares,1584504000000,2020-03-18,2020-03-18 00:00:00,1744.9397268296243,1994.9035444470915,1573.3107240562774,1889.6495492441672,848999200,0.0
TQQQ.US,3 倍做多纳指 ETF - ProShares,1584590400000,2020-03-19,2020-03-19 00:00:00,1867.4989094060656,2118.924053957296,1730.5187373516937,1933.3739893412533,804808800,0.0
TQQQ.US,3 倍做多纳指 ETF - ProShares,1584676800000,2020-03-20,2020-03-20 00:00:00,2066.5470201734515,2105.464463777894,1687.2557689179014,1706.9452265517696,782255200,0.0
TQQQ.US,3 倍做多纳指 ETF - ProShares,1584936000000,2020-03-23,2020-03-23 00:00:00,1727.1730677928138,1826.6586672045655,1551.2369961620584,1712.252150679648,820073600,0.0
TQQQ.US,3 倍做多纳指 ETF - ProShares,1585022400000,2020-03-24,2020-03-24 00:00:00,1981.905425930983,2102.580265882308,1929.0669204838448,2093.9276721955493,829824000,0.0
TQQQ.US,3 倍做多纳指 ETF - ProShares,1585108800000,2020-03-25,2020-03-25 00:00:00,2124.6924497484683,2299.667122080695,1974.7141591779882,2045.3577796338784,834874400,0.0
TQQQ.US,3 倍做多纳指 ETF - ProShares,1585195200000,2020-03-26,2020-03-26 00:00:00,2106.9257907116576,2403.4982463217966,2099.196140351487,2378.50186456005,649240000,0.0
TQQQ.US,3 倍做多纳指 ETF - ProShares,1585281600000,2020-03-27,2020-03-27 00:00:00,2193.4517275792423,2323.240632880619,2105.0029921146,2131.4222448381697,557143200,0.0
TQQQ.US,3 倍做多纳指 ETF - ProShares,1585540800000,2020-03-30,2020-03-30 00:00:00,2191.02900134695,2373.694868067407,2163.148421689617,2355.428281395361,416621600,0.0
TQQQ.US,3 倍做多纳指 ETF - ProShares,1585627200000,2020-03-31,2020-03-31 00:00:00,2336.7002230600215,2477.026064673273,2252.558556452788,2290.053129095408,731904000,0.0
TQQQ.US,3 倍做多纳指 ETF - ProShares,1585713600000,2020-04-01,2020-04-01 00:00:00,2095.8504707926068,2197.7587964366508,1952.6019753118276,2005.9404083942009,535589600,0.0
TQQQ.US,3 倍做多纳指 ETF - ProShares,1585800000000,2020-04-02,2020-04-02 00:00:00,1980.4825549691607,2131.4222448381697,1959.8316980367638,2124.6924497484683,467531200,0.0
TQQQ.US,3 倍做多纳指 ETF - ProShares,1585886400000,2020-04-03,2020-04-03 00:00:00,2108.3486616734804,2162.1870223910882,1964.1387668941722,2039.1279121794125,554484000,0.0
TQQQ.US,3 倍做多纳指 ETF - ProShares,1586145600000,2020-04-06,2020-04-06 00:00:00,2264.5952756703673,2508.752241524721,2228.52357398957,2465.9892007261633,518616800,0.0
TQQQ.US,3 倍做多纳指 ETF - ProShares,1586232000000,2020-04-07,2020-04-07 00:00:00,2687.111039387769,2705.8775536950493,2451.5682112482327,2461.18220423352,658009600,0.0
TQQQ.US,3 倍做多纳指 ETF - ProShares,1586318400000,2020-04-08,2020-04-08 00:00:00,2532.787223987939,2643.8480709539767,2465.027801427635,2618.390217528936,518180000,0.0
TQQQ.US,3 倍做多纳指 ETF - ProShares,1586404800000,2020-04-09,2020-04-09 00:00:00,2688.5723663215326,2726.528410627446,2560.706259617213,2627.9657545422824,553297600,0.0
TQQQ.US,3 倍做多纳指 ETF - ProShares,1586750400000,2020-04-13,2020-04-13 00:00:00,2595.7781060275406,2734.2196050156763,2551.0538106599847,2719.29868790251,426961600,0.0
TQQQ.US,3 倍做多纳指 ETF - ProShares,1586836800000,2020-04-14,2020-04-14 00:00:00,2886.5821658465075,3095.7057412624745,2854.8559889950598,3072.13223046255,490049600,0.0
TQQQ.US,3 倍做多纳指 ETF - ProShares,1586923200000,2020-04-15,2020-04-15 00:00:00,2927.922335683242,3047.1358487008033,2867.854107511168,2970.262360790447,431688000,0.0
TQQQ.US,3 倍做多纳指 ETF - ProShares,1587009600000,2020-04-16,2020-04-16 00:00:00,3067.363689941848,3175.9633547036515,2977.953555178677,3129.354716710979,562920000,0.0
TQQQ.US,3 倍做多纳指 ETF - ProShares,1587096000000,2020-04-17,2020-04-17 00:00:00,3252.875298585949,3273.564611490287,3077.9006262537227,3207.7279875270406,463564800,0.0
TQQQ.US,3 倍做多纳指 ETF - ProShares,1587355200000,2020-04-20,2020-04-20 00:00:00,3133.700241540329,3245.222560169661,3098.58993915806,3103.8584073139978,386998400,0.0
TQQQ.US,3 倍做多纳指 ETF - ProShares,1587441600000,2020-04-21,2020-04-21 00:00:00,3012.0640022904754,3034.676113791871,2706.838952993578,2760.6773137111863,519489600,0.0
TQQQ.US,3 倍做多纳指 ETF - ProShares,1587528000000,2020-04-22,2020-04-22 00:00:00,2933.690731474415,3060.1339672169115,2899.118812699322,3004.83427956554,274185600,0.0
TQQQ.US,3 倍做多纳指 ETF - ProShares,1587614400000,2020-04-23,2020-04-23 00:00:00,3039.4446543125737,3152.8897715389626,2966.878235259626,2985.1448219316717,424868000,0.0
TQQQ.US,3 倍做多纳指 ETF - ProShares,1587700800000,2020-04-24,2020-04-24 00:00:00,3006.2956064993036,3143.7757061889106,2942.343325161173,3129.354716710979,317981600,0.0
TQQQ.US,3 倍做多纳指 ETF - ProShares,1587960000000,2020-04-27,2020-04-27 00:00:00,3229.3402437579666,3249.029701391835,3155.312497771255,3190.422800153524,304741600,0.0
TQQQ.US,3 倍做多纳指 ETF - ProShares,1588046400000,2020-04-28,2020-04-28 00:00:00,3279.3330072814597,3279.8329349166947,3009.6797320301243,3017.832398081648,386247200,0.0
TQQQ.US,3 倍做多纳指 ETF - ProShares,1588132800000,2020-04-29,2020-04-29 00:00:00,3223.1103763035,3382.7026598592674,3176.9247540021806,3331.7100410653043,346104000,0.0
TQQQ.US,3 倍做多纳指 ETF - ProShares,1588219200000,2020-04-30,2020-04-30 00:00:00,3384.625458456325,3387.509656351911,3266.3348887653515,3353.8222249314645,380544800,0.0
TQQQ.US,3 倍做多纳指 ETF - ProShares,1588305600000,2020-05-01,2020-05-01 00:00:00,3139.930108994795,3235.5701112124325,3004.372807902246,3052.9042444919755,346245600,0.0
TQQQ.US,3 倍做多纳指 ETF - ProShares,1588564800000,2020-05-04,2020-05-04 00:00:00,3006.2956064993036,3169.272015585892,2983.683494997908,3160.619421899133,200756000,0.0
TQQQ.US,3 倍做多纳指 ETF - ProShares,1588651200000,2020-05-05,2020-05-05 00:00:00,3255.7979524534767,3375.4729371343315,3230.7631147197885,3261.5278922727075,288714400,0.0
TQQQ.US,3 倍做多纳指 ETF - ProShares,1588737600000,2020-05-06,2020-05-06 00:00:00,3342.7853609843555,3419.1973772314172,3287.4856733329834,3325.980101246073,311880800,0.0
TQQQ.US,3 倍做多纳指 ETF - ProShares,1588824000000,2020-05-07,2020-05-07 00:00:00,3452.8848086518638,3497.109176384185,3392.278196872613,3455.730550575509,289489600,0.0
TQQQ.US,3 倍做多纳指 ETF - ProShares,1588910400000,2020-05-08,2020-05-08 00:00:00,3535.5651483253337,3602.824643250403,3486.033856465134,3595.1719048341147,262202400,0.0
TQQQ.US,3 倍做多纳指 ETF - ProShares,1589169600000,2020-05-11,2020-05-11 00:00:00,3531.719551131219,3744.6502677693597,3521.144158847403,3684.5820395972855,269384000,0.0
TQQQ.US,3 倍做多纳指 ETF - ProShares,1589256000000,2020-05-12,2020-05-12 00:00:00,3723.9994108369624,3755.687131716469,3462.46034566521,3465.3445435607964,339363200,0.0
TQQQ.US,3 倍做多纳指 ETF - ProShares,1589342400000,2020-05-13,2020-05-13 00:00:00,3489.3795260240145,3578.789660787185,3209.1508584888634,3334.1327672975967,491119200,0.0
TQQQ.US,3 倍做多纳指 ETF - ProShares,1589428800000,2020-05-14,2020-05-14 00:00:00,3270.6804135947013,3446.155013562163,3177.9246092726503,3444.693686628399,402999200,0.0
TQQQ.US,3 倍做多纳指 ETF - ProShares,1589515200000,2020-05-15,2020-05-15 00:00:00,3302.8680621094422,3513.9144361224667,3282.717132812281,3503.800515501945,357806400,0.0
TQQQ.US,3 倍做多纳指 ETF - ProShares,1589774400000,2020-05-18,2020-05-18 00:00:00,3653.317334409131,3759.0712572472903,3615.822761766511,3706.6942234634457,296474400,0.0
TQQQ.US,3 倍做多纳指 ETF - ProShares,1589860800000,2020-05-19,2020-05-19 00:00:00,3719.6538860076125,3824.9078812105367,3672.545320379706,3678.313716170878,261430400,0.0
TQQQ.US,3 倍做多纳指 ETF - ProShares,1589947200000,2020-05-20,2020-05-20 00:00:00,3807.6026938370196,3918.202069139764,3807.6026938370196,3893.6671590413107,285416000,0.0
TQQQ.US,3 倍做多纳指 ETF - ProShares,1590033600000,2020-05-21,2020-05-21 00:00:00,3905.203950623655,3937.891526773632,3746.1115947031235,3773.9921743604564,322693600,0.0
TQQQ.US,3 倍做多纳指 ETF - ProShares,1590120000000,2020-05-22,2020-05-22 00:00:00,3753.7643331194117,3821.062284016422,3703.810025567859,3808.1026214722547,209664800,0.0
TQQQ.US,3 倍做多纳指 ETF - ProShares,1590465600000,2020-05-26,2020-05-26 00:00:00,3992.229815126475,4005.1894776706417,3767.7238509340486,3792.2203050605603,245202400,0.0
TQQQ.US,3 倍做多纳指 ETF - ProShares,1590552000000,2020-05-27,2020-05-27 00:00:00,3754.7641883898814,3847.5199927119324,3527.374026301869,3845.597194114875,347291200,0.0
TQQQ.US,3 倍做多纳指 ETF - ProShares,1590638400000,2020-05-28,2020-05-28 00:00:00,3778.2992432178644,3999.8825535427636,3775.9149729575133,3821.062284016422,303992800,0.0
TQQQ.US,3 倍做多纳指 ETF - ProShares,1590724800000,2020-05-29,2020-05-29 00:00:00,3847.5199927119324,4005.1894776706417,3764.839653038462,3978.7317689751317,358492800,0.0
TQQQ.US,3 倍做多纳指 ETF - ProShares,1590984000000,2020-06-01,2020-06-01 00:00:00,3944.621321863333,4049.413845402963,3923.9320089589946,4027.801589172038,209881600,0.0
TQQQ.US,3 倍做多纳指 ETF - ProShares,1591070400000,2020-06-02,2020-06-02 00:00:00,4049.413845402963,4112.404727442565,3924.4319365942297,4108.059202613214,250714400,0.0
TQQQ.US,3 倍做多纳指 ETF - ProShares,1591156800000,2020-06-03,2020-06-03 00:00:00,4141.246706398427,4205.6220034279095,4096.022483395635,4163.820361927881,215033600,0.0
TQQQ.US,3 倍做多纳指 ETF - ProShares,1591243200000,2020-06-04,2020-06-04 00:00:00,4145.092303592542,4224.388517735189,4007.1122762676996,4079.2172236573538,266408800,0.0
TQQQ.US,3 倍做多纳指 ETF - ProShares,1591329600000,2020-06-05,2020-06-05 00:00:00,4129.209987180847,4351.754696804275,4109.982001210273,4320.989919251356,281394400,0.0
TQQQ.US,3 倍做多纳指 ETF - ProShares,1591588800000,2020-06-08,2020-06-08 00:00:00,4306.568929773425,4426.282370426221,4225.349917033719,4417.129849104228,218544800,0.0
TQQQ.US,3 倍做多纳指 ETF - ProShares,1591675200000,2020-06-09,2020-06-09 00:00:00,4369.059884177792,4565.685268712886,4361.868617424797,4515.692505189391,213179200,0.0
TQQQ.US,3 倍做多纳指 ETF - ProShares,1591761600000,2020-06-10,2020-06-10 00:00:00,4612.793834340792,4769.501920000974,4584.91325468346,4678.668914275981,302911200,0.0
TQQQ.US,3 倍做多纳指 ETF - ProShares,1591848000000,2020-06-11,2020-06-11 00:00:00,4450.317352889439,4528.652167733559,3981.154495207424,3989.807088894183,383332000,0.0
TQQQ.US,3 倍做多纳指 ETF - ProShares,1591934400000,2020-06-12,2020-06-12 00:00:00,4244.116431341,4309.491583640953,3866.2865070192133,4076.333025761767,411876800,0.0
TQQQ.US,3 倍做多纳指 ETF - ProShares,1592193600000,2020-06-15,2020-06-15 00:00:00,3897.5127562354255,4262.844489676339,3848.481392010461,4220.081448877781,398184800,0.0
TQQQ.US,3 倍做多纳指 ETF - ProShares,1592280000000,2020-06-16,2020-06-16 00:00:00,4489.234796493882,4524.345098876151,4245.039374667587,4443.126086136444,383217600,0.0
TQQQ.US,3 倍做多纳指 ETF - ProShares,1592366400000,2020-06-17,2020-06-17 00:00:00,4526.729369136502,4588.758851877574,4441.664759202681,4486.389054570236,258858400,0.0
TQQQ.US,3 倍做多纳指 ETF - ProShares,1592452800000,2020-06-18,2020-06-18 00:00:00,4467.622540262956,4535.881890458495,4424.3595718291635,4520.99942931727,212785600,0.0
TQQQ.US,3 倍做多纳指 ETF - ProShares,1592539200000,2020-06-19,2020-06-19 00:00:00,4661.363726902463,4673.861917783337,4420.513974635049,4514.731105890864,289950400,0.0
TQQQ.US,3 倍做多纳指 ETF - ProShares,1592798400000,2020-06-22,2020-06-22 00:00:00,4514.269634227569,4689.244306559796,4495.041648256995,4675.28478874516,220133600,0.0
TQQQ.US,3 倍做多纳指 ETF - ProShares,1592884800000,2020-06-23,2020-06-23 00:00:00,4776.73164272591,4932.939800750856,4742.582739642169,4797.382499658306,234898400,0.0
TQQQ.US,3 倍做多纳指 ETF - ProShares,1592971200000,2020-06-24,2020-06-24 00:00:00,4754.1195312245145,4829.608604144989,4415.20705050717,4514.731105890864,392821600,0.0
TQQQ.US,3 倍做多纳指 ETF - ProShares,1593057600000,2020-06-25,2020-06-25 00:00:00,4514.269634227569,4649.327007684884,4361.868617424797,4634.444546543659,301703200,0.0
TQQQ.US,3 倍做多纳指 ETF - ProShares,1593144000000,2020-06-26,2020-06-26 00:00:00,4615.678032236378,4629.13762241578,4273.419881960155,4301.300461617488,375940800,0.0
TQQQ.US,3 倍做多纳指 ETF - ProShares,1593403200000,2020-06-29,2020-06-29 00:00:00,4288.302343101379,4443.126086136444,4147.476573852892,4438.780561307094,259609600,0.0
TQQQ.US,3 倍做多纳指 ETF - ProShares,1593489600000,2020-06-30,2020-06-30 00:00:00,4437.819162008565,4733.930145955411,4428.6666406865725,4694.05130305244,251388800,0.0
TQQQ.US,3 倍做多纳指 ETF - ProShares,1593576000000,2020-07-01,2020-07-01 00:00:00,4704.126767701021,4925.748533997861,4674.32338944663,4861.79625265973,252137600,0.0
TQQQ.US,3 倍做多纳指 ETF - ProShares,1593662400000,2020-07-02,2020-07-02 00:00:00,5013.235870163975,5089.186414747744,4938.7081965420275,4965.165905237539,228152000,0.0
TQQQ.US,3 倍做多纳指 ETF - ProShares,1594008000000,2020-07-06,2020-07-06 00:00:00,5157.907236606576,5363.646686491722,5157.4457649432825,5329.997711043216,211984000,0.0
TQQQ.US,3 倍做多纳指 ETF - ProShares,1594094400000,2020-07-07,2020-07-07 00:00:00,5314.153850603463,5487.667196001927,5203.093003637426,5225.205187503587,246099200,0.0
TQQQ.US,3 倍做多纳指 ETF - ProShares,1594180800000,2020-07-08,2020-07-08 00:00:00,5308.385454812292,5429.021838791675,5215.091266883064,5426.137640896089,239931200,0.0
TQQQ.US,3 倍做多纳指 ETF - ProShares,1594267200000,2020-07-09,2020-07-09 00:00:00,5547.773880145942,5608.303579981311,5280.966346818252,5561.694941988638,317596000,0.0
TQQQ.US,3 倍做多纳指 ETF - ProShares,1594353600000,2020-07-10,2020-07-10 00:00:00,5548.235351809236,5693.868117550366,5378.529147632947,5679.485584044377,242789600,0.0
TQQQ.US,3 倍做多纳指 ETF - ProShares,1594612800000,2020-07-13,2020-07-13 00:00:00,5866.958447257476,6054.392854498636,5272.813680766728,5328.536384109453,374584800,0.0
TQQQ.US,3 倍做多纳指 ETF - ProShares,1594699200000,2020-07-14,2020-07-14 00:00:00,5171.828298449272,5466.516411434294,4969.934445758241,5441.520029672548,459751200,0.0
TQQQ.US,3 倍做多纳指 ETF - ProShares,1594785600000,2020-07-15,2020-07-15 00:00:00,5521.316171450431,5586.691323750384,5258.354235316857,5468.439210031353,367544000,0.0
TQQQ.US,3 倍做多纳指 ETF - ProShares,1594872000000,2020-07-16,2020-07-16 00:00:00,5289.618940505011,5401.141259134341,5142.9863194934105,5351.148495610848,299972000,0.0
TQQQ.US,3 倍做多纳指 ETF - ProShares,1594958400000,2020-07-17,2020-07-17 00:00:00,5391.527266149054,5433.828835284318,5239.626176981517,5376.144877372595,231003200,0.0
TQQQ.US,3 倍做多纳指 ETF - ProShares,1595217600000,2020-07-20,2020-07-20 00:00:00,5422.292043701974,5875.611040944235,5340.073175691798,5833.770943472266,251621600,0.0
TQQQ.US,3 倍做多纳指 ETF - ProShares,1595304000000,2020-07-21,2020-07-21 00:00:00,5940.947737272247,5944.793334466362,5595.343917437143,5647.259479557694,294313600,0.0
TQQQ.US,3 倍做多纳指 ETF - ProShares,1595390400000,2020-07-22,2020-07-22 00:00:00,5680.408527370964,5774.625658626778,5559.310671728287,5712.634631857647,227788800,0.0
TQQQ.US,3 倍做多纳指 ETF - ProShares,1595476800000,2020-07-23,2020-07-23 00:00:00,5687.138322460665,5731.862617828221,5170.866899150743,5265.084030406558,336648800,0.0
TQQQ.US,3 倍做多纳指 ETF - ProShares,1595563200000,2020-07-24,2020-07-24 00:00:00,5023.811262447791,5199.247406443311,4855.566385205265,5109.375800016846,357218400,0.0
TQQQ.US,3 倍做多纳指 ETF - ProShares,1595822400000,2020-07-27,2020-07-27 00:00:00,5219.898263375708,5410.293780456335,5166.559830293335,5383.836071760825,267624000,0.0
TQQQ.US,3 倍做多纳指 ETF - ProShares,1595908800000,2020-07-28,2020-07-28 00:00:00,5339.6117040285035,5369.876553946187,5161.291362137397,5181.4807474065,238702400,0.0
TQQQ.US,3 倍做多纳指 ETF - ProShares,1595995200000,2020-07-29,2020-07-29 00:00:00,5272.813680766728,5413.177978351921,5246.855899706453,5357.878290700549,194280800,0.0
TQQQ.US,3 倍做多纳指 ETF - ProShares,1596081600000,2020-07-30,2020-07-30 00:00:00,5234.819180488874,5478.553130651874,5160.791434502162,5444.865699231428,302200000,0.0
TQQQ.US,3 倍做多纳指 ETF - ProShares,1596168000000,2020-07-31,2020-07-31 00:00:00,5735.708215022336,5744.360808709094,5426.137640896089,5738.592412917922,359815200,0.0
TQQQ.US,3 倍做多纳指 ETF - ProShares,1596427200000,2020-08-03,2020-08-03 00:00:00,5876.572440242764,6014.975483258958,5867.41991892077,5952.522984826533,217868000,0.0
TQQQ.US,3 倍做多纳指 ETF - ProShares,1596513600000,2020-08-04,2020-08-04 00:00:00,5927.9880747280795,6038.548994058882,5880.879509100173,6029.896400372124,211008000,0.0
TQQQ.US,3 倍做多纳指 ETF - ProShares,1596600000000,2020-08-05,2020-08-05 00:00:00,6064.045303455864,6108.231215216244,6004.4385469470835,6077.96636529856,162381600,0.0
TQQQ.US,3 倍做多纳指 ETF - ProShares,1596686400000,2020-08-06,2020-08-06 00:00:00,6062.122504858807,6341.851244758722,6019.321008088308,6310.62499554251,192064000,0.0
TQQQ.US,3 倍做多纳指 ETF - ProShares,1596772800000,2020-08-07,2020-08-07 00:00:00,6278.898818691062,6336.582776602785,5945.793189736832,6104.385618022129,296708000,0.0
TQQQ.US,3 倍做多纳指 ETF - ProShares,1597032000000,2020-08-10,2020-08-10 00:00:00,6117.845208201531,6134.22745224846,5776.548457223836,6022.205205983894,254311200,0.0
TQQQ.US,3 倍做多纳指 ETF - ProShares,1597118400000,2020-08-11,2020-08-11 00:00:00,5939.524866310425,6030.357872035418,5642.913954728344,5680.408527370964,310273600,0.0
TQQQ.US,3 倍做多纳指 ETF - ProShares,1597204800000,2020-08-12,2020-08-12 00:00:00,5821.2727525913915,6170.2606979573175,5821.2727525913915,6105.385473292599,221247200,0.0
TQQQ.US,3 倍做多纳指 ETF - ProShares,1597291200000,2020-08-13,2020-08-13 00:00:00,6156.801107777916,6305.817999049867,6082.273434155969,6148.148514091156,234281600,0.0
TQQQ.US,3 倍做多纳指 ETF - ProShares,1597377600000,2020-08-14,2020-08-14 00:00:00,6184.681687435247,6210.17799683223,6028.473529410301,6130.343399082404,199737600,0.0
TQQQ.US,3 倍做多纳指 ETF - ProShares,1597636800000,2020-08-17,2020-08-17 00:00:00,6242.827117010264,6362.540557663061,6232.751652361683,6332.73717940867,126664800,0.0
TQQQ.US,3 倍做多纳指 ETF - ProShares,1597723200000,2020-08-18,2020-08-18 00:00:00,6413.956192148376,6556.743215965862,6311.086467205804,6518.7871716599475,149313600,0.0
TQQQ.US,3 倍做多纳指 ETF - ProShares,1597809600000,2020-08-19,2020-08-19 00:00:00,6517.787316389477,6595.699115542245,6359.156432132239,6391.382536618922,205847200,0.0
TQQQ.US,3 倍做多纳指 ETF - ProShares,1597896000000,2020-08-20,2020-08-20 00:00:00,6333.237107043906,6690.877646096589,6305.318071414631,6654.306016780556,152774400,0.0
TQQQ.US,3 倍做多纳指 ETF - ProShares,1597982400000,2020-08-21,2020-08-21 00:00:00,6665.381336699606,6826.396491217197,6623.541239227638,6793.247443403926,164280000,0.0
TQQQ.US,3 倍做多纳指 ETF - ProShares,1598241600000,2020-08-24,2020-08-24 00:00:00,7028.328799880169,7093.204024544887,6750.945874268663,6919.190751511189,251384000,0.0
TQQQ.US,3 倍做多纳指 ETF - ProShares,1598328000000,2020-08-25,2020-08-25 00:00:00,6865.852318428815,7087.897100417008,6829.319145084724,7080.705833664014,172556800,0.0
TQQQ.US,3 倍做多纳指 ETF - ProShares,1598414400000,2020-08-26,2020-08-26 00:00:00,7175.422892555062,7549.407219682735,7166.27037123307,7533.986374934334,219663200,0.0
TQQQ.US,3 倍做多纳指 ETF - ProShares,1598500800000,2020-08-27,2020-08-27 00:00:00,7622.935038034211,7684.926064803342,7286.44528354916,7465.727024738794,302602400,0.0
TQQQ.US,3 倍做多纳指 ETF - ProShares,1598587200000,2020-08-28,2020-08-28 00:00:00,7560.905555293139,7630.126304787206,7458.0358303505645,7581.133396534182,198145600,0.0
TQQQ.US,3 倍做多纳指 ETF - ProShares,1598846400000,2020-08-31,2020-08-31 00:00:00,7621.012239437153,7909.432028995769,7586.4018646901195,7756.569540529704,180398400,0.0
TQQQ.US,3 倍做多纳指 ETF - ProShares,1598932800000,2020-09-01,2020-09-01 00:00:00,7975.76858059425,8170.4711665322875,7832.9815567767655,8159.395846613236,193147200,0.0
TQQQ.US,3 倍做多纳指 ETF - ProShares,1599019200000,2020-09-02,2020-09-02 00:00:00,8435.317445290977,8444.43151064103,7915.661896450235,8389.631750624892,289369600,0.0
TQQQ.US,3 倍做多纳指 ETF - ProShares,1599105600000,2020-09-03,2020-09-03 00:00:00,8014.686024198693,8046.912128685376,6865.3523907935805,7101.356690596411,443024800,0.0
TQQQ.US,3 倍做多纳指 ETF - ProShares,1599192000000,2020-09-04,2020-09-04 00:00:00,6988.4115010052565,7224.915728443322,5953.945855788355,6808.629832180385,561480800,0.0
TQQQ.US,3 倍做多纳指 ETF - ProShares,1599537600000,2020-09-08,2020-09-08 00:00:00,6006.3228895721995,6439.952429180594,5819.349953994335,5846.269134353139,426824800,0.0
TQQQ.US,3 倍做多纳指 ETF - ProShares,1599624000000,2020-09-09,2020-09-09 00:00:00,6202.448346472058,6499.059258054138,6040.933264319234,6348.619495820365,290352000,0.0
TQQQ.US,3 倍做多纳指 ETF - ProShares,1599710400000,2020-09-10,2020-09-10 00:00:00,6562.511611757034,6652.383218183499,5852.037530144311,5981.364963782395,465936800,0.0
TQQQ.US,3 倍做多纳指 ETF - ProShares,1599796800000,2020-09-11,2020-09-11 00:00:00,6104.885545657364,6162.108031905794,5615.0333750710115,5850.576203210547,385797600,0.0
TQQQ.US,3 倍做多纳指 ETF - ProShares,1600056000000,2020-09-14,2020-09-14 00:00:00,6104.885545657364,6288.0128840411135,6012.591212998607,6151.994111285271,269032800,0.0
TQQQ.US,3 倍做多纳指 ETF - ProShares,1600142400000,2020-09-15,2020-09-15 00:00:00,6409.187651627674,6509.634650337954,6295.242606766051,6413.494720485082,300889600,0.0
TQQQ.US,3 倍做多纳指 ETF - ProShares,1600228800000,2020-09-16,2020-09-16 00:00:00,6466.833153567455,6504.827653845311,6085.157632051555,6105.385473292599,306141600,0.0
TQQQ.US,3 倍做多纳指 ETF - ProShares,1600315200000,2020-09-17,2020-09-17 00:00:00,5634.261361041586,5958.752852280998,5578.538657698861,5824.156950486978,446844800,0.0
TQQQ.US,3 倍做多纳指 ETF - ProShares,1600401600000,2020-09-18,2020-09-18 00:00:00,5905.875890861919,5934.217942182546,5324.229315252044,5599.189514631258,463042400,0.0
TQQQ.US,3 倍做多纳指 ETF - ProShares,1600660800000,2020-09-21,2020-09-21 00:00:00,5346.84142675344,5669.833135087149,5196.363208547725,5665.52606622974,375314400,0.0
TQQQ.US,3 倍做多纳指 ETF - ProShares,1600747200000,2020-09-22,2020-09-22 00:00:00,5826.079749084036,6014.975483258958,5598.2281153327285,5975.096640355987,315066400,0.0
TQQQ.US,3 倍做多纳指 ETF - ProShares,1600833600000,2020-09-23,2020-09-23 00:00:00,5953.44592815312,5967.905373602993,5369.876553946187,5421.83057203868,405507200,0.0
TQQQ.US,3 倍做多纳指 ETF - ProShares,1600920000000,2020-09-24,2020-09-24 00:00:00,5272.813680766728,5706.366308431239,5247.778843033041,5501.1267861813285,375036000,0.0
TQQQ.US,3 倍做多纳指 ETF - ProShares,1601006400000,2020-09-25,2020-09-25 00:00:00,5531.391636099012,5939.524866310425,5434.328762919553,5886.647904891344,324478400,0.0
TQQQ.US,3 倍做多纳指 ETF - ProShares,1601265600000,2020-09-28,2020-09-28 00:00:00,6214.946537352932,6249.095440436672,6036.126267826589,6235.635850257269,273331200,0.0
TQQQ.US,3 倍做多纳指 ETF - ProShares,1601352000000,2020-09-29,2020-09-29 00:00:00,6224.099058674925,6289.474210974878,6130.343399082404,6170.2606979573175,221805600,0.0
TQQQ.US,3 倍做多纳指 ETF - ProShares,1601438400000,2020-09-30,2020-09-30 00:00:00,6181.297561904426,6514.441646830599,6164.99222980138,6292.358408870465,338768000,0.0
TQQQ.US,3 倍做多纳指 ETF - ProShares,1601524800000,2020-10-01,2020-10-01 00:00:00,6564.934337989327,6637.039285378981,6430.7999078586,6587.008065883545,278676000,0.0
TQQQ.US,3 倍做多纳指 ETF - ProShares,1601611200000,2020-10-02,2020-10-02 00:00:00,6158.723906374972,6423.608641105605,5976.55796728975,6043.855918186761,399553600,0.0
TQQQ.US,3 倍做多纳指 ETF - ProShares,1601870400000,2020-10-05,2020-10-05 00:00:00,6175.567622085196,6446.182296635059,6164.99222980138,6425.031512067427,210790400,0.0
TQQQ.US,3 倍做多纳指 ETF - ProShares,1601956800000,2020-10-06,2020-10-06 00:00:00,6363.963428624883,6495.213660860024,6015.975338529428,6079.8891638956175,345648800,0.0
TQQQ.US,3 倍做多纳指 ETF - ProShares,1602043200000,2020-10-07,2020-10-07 00:00:00,6257.248106488196,6446.682224270294,6219.292062182281,6399.573658642387,225088800,0.0
TQQQ.US,3 倍做多纳指 ETF - ProShares,1602129600000,2020-10-08,2020-10-08 00:00:00,6559.1274862262135,6566.857136586384,6419.263116276255,6493.75233392626,197893600,0.0
TQQQ.US,3 倍做多纳指 ETF - ProShares,1602216000000,2020-10-09,2020-10-09 00:00:00,6611.542975981998,6796.593112962806,6583.662396324667,6782.67205112011,195271200,0.0
TQQQ.US,3 倍做多纳指 ETF - ProShares,1602475200000,2020-10-12,2020-10-12 00:00:00,7133.5827950830935,7630.126304787206,7059.555049096382,7415.272789552007,294116800,0.0
TQQQ.US,3 倍做多纳指 ETF - ProShares,1602561600000,2020-10-13,2020-10-13 00:00:00,7556.598486435729,7610.936774788573,7313.825935571257,7416.234188850536,283861600,0.0
TQQQ.US,3 倍做多纳指 ETF - ProShares,1602648000000,2020-10-14,2020-10-14 00:00:00,7482.570740449018,7556.598486435729,7097.511093402295,7233.106850466786,296589600,0.0
TQQQ.US,3 倍做多纳指 ETF - ProShares,1602734400000,2020-10-15,2020-10-15 00:00:00,6874.9663837788685,7133.082867447858,6823.050821658317,7083.5900315596,249076800,0.0
TQQQ.US,3 倍做多纳指 ETF - ProShares,1602820800000,2020-10-16,2020-10-16 00:00:00,7213.8788644962115,7319.632787334371,6946.109931869993,6974.951910825854,228096800,0.0
TQQQ.US,3 倍做多纳指 ETF - ProShares,1603080000000,2020-10-19,2020-10-19 00:00:00,7116.277607709576,7186.921228165466,6554.820417368805,6628.348235720281,277555200,0.0
TQQQ.US,3 倍做多纳指 ETF - ProShares,1603166400000,2020-10-20,2020-10-20 00:00:00,6680.763725476066,6893.232970450914,6565.8572813159135,6671.14973249078,274710400,0.0
TQQQ.US,3 倍做多纳指 ETF - ProShares,1603252800000,2020-10-21,2020-10-21 00:00:00,6686.032193632003,6874.466456143633,6620.195569668757,6653.844545117262,242572800,0.0
TQQQ.US,3 倍做多纳指 ETF - ProShares,1603339200000,2020-10-22,2020-10-22 00:00:00,6715.3741002231,6777.865054627467,6415.917446717375,6657.228670648083,239163200,0.0
TQQQ.US,3 倍做多纳指 ETF - ProShares,1603425600000,2020-10-23,2020-10-23 00:00:00,6701.453038380405,6702.375981706991,6484.138340940973,6696.146114252527,191088000,0.0
TQQQ.US,3 倍做多纳指 ETF - ProShares,1603684800000,2020-10-26,2020-10-26 00:00:00,6526.478366048177,6728.833690402502,6128.420600485347,6390.8826089836875,317113600,0.0
TQQQ.US,3 倍做多纳指 ETF - ProShares,1603771200000,2020-10-27,2020-10-27 00:00:00,6454.373418658523,6595.19918790701,6370.231752051291,6541.822298852696,223860000,0.0
TQQQ.US,3 倍做多纳指 ETF - ProShares,1603857600000,2020-10-28,2020-10-28 00:00:00,6221.214860779338,6260.632232019017,5758.781798187025,5774.164186963485,369440000,0.0
TQQQ.US,3 倍做多纳指 ETF - ProShares,1603944000000,2020-10-29,2020-10-29 00:00:00,5861.651523129598,6271.207624302832,5828.002547681092,6067.890900649979,276374400,0.0
TQQQ.US,3 倍做多纳指 ETF - ProShares,1604030400000,2020-10-30,2020-10-30 00:00:00,5939.063394647131,5995.785953260325,5458.363745382771,5645.79815262393,461622400,0.0
TQQQ.US,3 倍做多纳指 ETF - ProShares,1604293200000,2020-11-02,2020-11-02 00:00:00,5758.320326523732,5868.842789882593,5461.2479432783575,5647.720951220987,302272000,0.0
TQQQ.US,3 倍做多纳指 ETF - ProShares,1604379600000,2020-11-03,2020-11-03 00:00:00,5767.434391873784,6076.543494336737,5701.097840275302,5931.833671922195,269938400,0.0
TQQQ.US,3 倍做多纳指 ETF - ProShares,1604466000000,2020-11-04,2020-11-04 00:00:00,6517.787316389477,6856.699797106821,6408.687723992439,6733.640686895146,338375200,0.0
TQQQ.US,3 倍做多纳指 ETF - ProShares,1604552400000,2020-11-05,2020-11-05 00:00:00,7194.150950890402,7333.092377513773,7094.626895506709,7253.257779763948,300264800,0.0
TQQQ.US,3 倍做多纳指 ETF - ProShares,1604638800000,2020-11-06,2020-11-06 00:00:00,7204.226415538983,7334.053776812301,6924.959147302361,7277.792689862401,270302400,0.0
TQQQ.US,3 倍做多纳指 ETF - ProShares,1604898000000,2020-11-09,2020-11-09 00:00:00,7483.532139747547,7613.321045048923,6800.9386377921555,6833.626213942132,331731200,0.0
TQQQ.US,3 倍做多纳指 ETF - ProShares,1604984400000,2020-11-10,2020-11-10 00:00:00,6592.314990011424,6693.761843992175,6265.939156146896,6464.948810942339,337333600,0.0
TQQQ.US,3 倍做多纳指 ETF - ProShares,1605070800000,2020-11-11,2020-11-11 00:00:00,6637.039285378981,6931.227470728769,6608.658778086412,6899.462837905378,253661600,0.0
TQQQ.US,3 倍做多纳指 ETF - ProShares,1605157200000,2020-11-12,2020-11-12 00:00:00,6962.953647580216,7062.439246991968,6716.335499521629,6798.5159115598635,286687200,0.0
TQQQ.US,3 倍做多纳指 ETF - ProShares,1605243600000,2020-11-13,2020-11-13 00:00:00,6911.499557122959,7022.060476453762,6761.521266552479,6976.874709422911,209495200,0.0
TQQQ.US,3 倍做多纳指 ETF - ProShares,1605502800000,2020-11-16,2020-11-16 00:00:00,6958.146651087573,7162.886245702249,6909.576758525902,7137.428392277207,213748800,0.0
TQQQ.US,3 倍做多纳指 ETF - ProShares,1605589200000,2020-11-17,2020-11-17 00:00:00,7152.810781053668,7179.729961412472,7024.483202686054,7071.591768313961,182704000,0.0
TQQQ.US,3 倍做多纳指 ETF - ProShares,1605675600000,2020-11-18,2020-11-18 00:00:00,7030.713070140519,7150.426510793317,6907.6539599288435,6907.6539599288435,154341600,0.0
TQQQ.US,3 倍做多纳指 ETF - ProShares,1605762000000,2020-11-19,2020-11-19 00:00:00,6869.697915622931,7099.472347971295,6824.012220956846,7078.783035066956,159341600,0.0
TQQQ.US,3 倍做多纳指 ETF - ProShares,1605848400000,2020-11-20,2020-11-20 00:00:00,7068.707570418374,7127.352927628626,6927.843345197947,6935.073067922883,129993600,0.0
TQQQ.US,3 倍做多纳指 ETF - ProShares,1606107600000,2020-11-23,2020-11-23 00:00:00,7009.562285572888,7101.856618231645,6766.328263045122,6936.495938884706,179060800,0.0
TQQQ.US,3 倍做多纳指 ETF - ProShares,1606194000000,2020-11-24,2020-11-24 00:00:00,7009.562285572888,7259.987574853649,6877.3891100111605,7220.108731950677,156015200,0.0
TQQQ.US,3 倍做多纳指 ETF - ProShares,1606280400000,2020-11-25,2020-11-25 00:00:00,7293.17507863886,7403.236070334428,7232.106995196316,7356.12750470652,128677600,0.0
TQQQ.US,3 倍做多纳指 ETF - ProShares,1606453200000,2020-11-27,2020-11-27 00:00:00,7500.837327121063,7646.508548834136,7476.30241702261,7557.098414070963,92927200,0.0
TQQQ.US,3 倍做多纳指 ETF - ProShares,1606712400000,2020-11-30,2020-11-30 00:00:00,7581.594868197476,7632.549031019498,7238.375318622724,7596.0158576754075,184622400,0.0
TQQQ.US,3 倍做多纳指 ETF - ProShares,1606798800000,2020-12-01,2020-12-01 00:00:00,7777.2203974621,8025.261416482509,7696.001384722394,7894.5111118826035,169989600,0.0
TQQQ.US,3 倍做多纳指 ETF - ProShares,1606885200000,2020-12-02,2020-12-02 00:00:00,7797.448238703144,7952.694997429561,7651.777016990072,7926.237288734051,146129600,0.0
TQQQ.US,3 倍做多纳指 ETF - ProShares,1606971600000,2020-12-03,2020-12-03 00:00:00,7945.465274704626,8084.906628963231,7900.317963645717,7958.463393220733,157461600,0.0
TQQQ.US,3 倍做多纳指 ETF - ProShares,1607058000000,2020-12-04,2020-12-04 00:00:00,7960.386191817791,8068.0629132530075,7907.970702062005,8056.026194035428,127088000,0.0
TQQQ.US,3 倍做多纳指 ETF - ProShares,1607317200000,2020-12-07,2020-12-07 00:00:00,8070.947111148594,8220.925401719074,8056.526121670663,8192.544894426506,124028000,0.0
TQQQ.US,3 倍做多纳指 ETF - ProShares,1607403600000,2020-12-08,2020-12-08 00:00:00,8155.050321783886,8300.721543496958,8008.956084379462,8267.572495683688,133925600,0.0
TQQQ.US,3 倍做多纳指 ETF - ProShares,1607490000000,2020-12-09,2020-12-09 00:00:00,8260.342772958751,8280.532158227854,7624.857836631269,7713.806499731146,244878400,0.0
TQQQ.US,3 倍做多纳指 ETF - ProShares,1607576400000,2020-12-10,2020-12-10 00:00:00,7548.907292047499,7896.472366451601,7463.342754478443,7808.485102650254,173346400,0.0
TQQQ.US,3 倍做多纳指 ETF - ProShares,1607662800000,2020-12-11,2020-12-11 00:00:00,7674.350672519527,7764.722206581226,7494.107532031363,7753.685342634117,169819200,0.0
TQQQ.US,3 倍做多纳指 ETF - ProShares,1607922000000,2020-12-14,2020-12-14 00:00:00,7846.441146956167,8078.176833873529,7843.556949060581,7919.046021981057,146684800,0.0
TQQQ.US,3 倍做多纳指 ETF - ProShares,1608008400000,2020-12-15,2020-12-15 00:00:00,8103.6346872985705,8172.3555091574035,7927.698615667814,8165.1642424044085,157417600,0.0
TQQQ.US,3 倍做多纳指 ETF - ProShares,1608094800000,2020-12-16,2020-12-16 00:00:00,8208.927138473435,8376.210616417433,8122.862673269144,8302.18287043072,137590400,0.0
TQQQ.US,3 倍做多纳指 ETF - ProShares,1608181200000,2020-12-17,2020-12-17 00:00:00,8443.470111342502,8493.001403202701,8344.445983594043,8472.350546270305,139275200,0.0
TQQQ.US,3 倍做多纳指 ETF - ProShares,1608267600000,2020-12-18,2020-12-18 00:00:00,8535.302972337966,8552.14668804819,8197.35189091915,8380.056213611548,168756000,0.0
TQQQ.US,3 倍做多纳指 ETF - ProShares,1608526800000,2020-12-21,2020-12-21 00:00:00,8151.2431805617125,8393.977275454243,7916.1618240854705,8348.791508423394,203596800,0.0
TQQQ.US,3 倍做多纳指 ETF - ProShares,1608613200000,2020-12-22,2020-12-22 00:00:00,8426.66485160422,8494.462730136465,8180.546631180868,8414.666588358581,160330400,0.0
TQQQ.US,3 倍做多纳指 ETF - ProShares,1608699600000,2020-12-23,2020-12-23 00:00:00,8414.166660723346,8448.777035470379,8276.686561033739,8287.76188095279,119434400,0.0
TQQQ.US,3 倍做多纳指 ETF - ProShares,1608786000000,2020-12-24,2020-12-24 00:00:00,8311.79686341601,8433.394646693921,8302.644342094014,8395.400146416065,77065600,0.0
TQQQ.US,3 倍做多纳指 ETF - ProShares,1609131600000,2020-12-28,2020-12-28 00:00:00,8612.214916220262,8689.126860102559,8461.736698014547,8647.28676263059,117052800,0.0
TQQQ.US,3 倍做多纳指 ETF - ProShares,1609218000000,2020-12-29,2020-12-29 00:00:00,8765.577332321564,8816.031567508351,8595.371200510039,8672.78307202757,121142400,0.0
TQQQ.US,3 倍做多纳指 ETF - ProShares,1609304400000,2020-12-30,2020-12-30 00:00:00,8770.345872842267,8796.803581537777,8617.521840348141,8671.321745093808,104807200,0.0
TQQQ.US,3 倍做多纳指 ETF - ProShares,1609390800000,2020-12-31,2020-12-31 00:00:00,8665.591805274576,8771.807199776029,8572.33607331729,8739.119623626053,106708000,0.0
TQQQ.US,3 倍做多纳指 ETF - ProShares,1609736400000,2021-01-04,2021-01-04 00:00:00,8848.719143658327,8863.601604799553,8019.531476663277,8356.982630446859,197472000,0.0
TQQQ.US,3 倍做多纳指 ETF - ProShares,1609822800000,2021-01-05,2021-01-05 00:00:00,8281.493557526383,8583.372937264401,8281.493557526383,8566.567677526118,118712800,0.0
TQQQ.US,3 倍做多纳指 ETF - ProShares,1609909200000,2021-01-06,2021-01-06 00:00:00,8167.087041001466,8572.797544980585,8086.329499925053,8212.272808032316,210730400,0.0
TQQQ.US,3 倍做多纳指 ETF - ProShares,1609995600000,2021-01-07,2021-01-07 00:00:00,8430.0105211631,8876.099795680424,8429.087577836512,8805.456175224535,123695200,0.0
TQQQ.US,3 倍做多纳指 ETF - ProShares,1610082000000,2021-01-08,2021-01-08 00:00:00,9003.965902384743,9175.594905158092,8816.031567508351,9146.75292620223,152815200,0.0
TQQQ.US,3 倍做多纳指 ETF - ProShares,1610341200000,2021-01-11,2021-01-11 00:00:00,8883.790990068654,8986.199243347934,8691.511130362911,8742.465293184932,140325600,0.0
TQQQ.US,3 倍做多纳指 ETF - ProShares,1610427600000,2021-01-12,2021-01-12 00:00:00,8754.502012402512,8845.335018127507,8479.5418130233,8704.50924887902,146031200,0.0
TQQQ.US,3 倍做多纳指 ETF - ProShares,1610514000000,2021-01-13,2021-01-13 00:00:00,8728.082759678944,8950.165997639078,8676.628669221687,8873.715525420073,108750400,0.0
TQQQ.US,3 倍做多纳指 ETF - ProShares,1610600400000,2021-01-14,2021-01-14 00:00:00,8916.978493853867,9005.427229318508,8698.740853087847,8738.61969599082,118236000,0.0
TQQQ.US,3 倍做多纳指 ETF - ProShares,1610686800000,2021-01-15,2021-01-15 00:00:00,8720.391565290714,8803.071904964185,8416.089459320405,8526.15045101597,141692000,0.0
TQQQ.US,3 倍做多纳指 ETF - ProShares,1611032400000,2021-01-19,2021-01-19 00:00:00,8722.27590791583,8944.397601847906,8633.365700787894,8895.827709286235,120967200,0.0
TQQQ.US,3 倍做多纳指 ETF - ProShares,1611118800000,2021-01-20,2021-01-20 00:00:00,9215.512204033004,9602.956121340078,9184.24749884485,9515.930256837259,121736000,0.0
TQQQ.US,3 倍做多纳指 ETF - ProShares,1611205200000,2021-01-21,2021-01-21 00:00:00,9638.059020994615,9819.764073859253,9517.883721480966,9752.465906131609,92168400,0.0
TQQQ.US,3 倍做多纳指 ETF - ProShares,1611291600000,2021-01-22,2021-01-22 00:00:00,9653.441459332362,9760.157125300482,9602.487132338574,9664.016885689563,81878800,0.0
TQQQ.US,3 倍做多纳指 ETF - ProShares,1611550800000,2021-01-25,2021-01-25 00:00:00,9975.51126202894,10101.454975919243,9306.375194336944,9932.248154204028,153170400,0.0
TQQQ.US,3 倍做多纳指 ETF - ProShares,1611637200000,2021-01-26,2021-01-26 00:00:00,9971.665652444504,10054.346258509893,9823.609683443688,9942.823580561228,90968800,0.0
TQQQ.US,3 倍做多纳指 ETF - ProShares,1611723600000,2021-01-27,2021-01-27 00:00:00,9735.160663001643,9739.006272586079,8941.042283815454,9141.013982206165,188900800,0.0
TQQQ.US,3 倍做多纳指 ETF - ProShares,1611810000000,2021-01-28,2021-01-28 00:00:00,9218.887576291008,9710.164200702804,9166.971846901111,9275.61031766145,90021600,0.0
TQQQ.US,3 倍做多纳指 ETF - ProShares,1611896400000,2021-01-29,2021-01-29 00:00:00,9123.708739076199,9221.771783479337,8532.446265469049,8697.807477599828,184278400,0.0
TQQQ.US,3 倍做多纳指 ETF - ProShares,1612155600000,2021-02-01,2021-02-01 00:00:00,8993.919415601458,9424.627689058376,8819.905581905696,9337.14007101244,105659600,0.0
TQQQ.US,3 倍做多纳指 ETF - ProShares,1612242000000,2021-02-02,2021-02-02 00:00:00,9603.448534734684,9898.599070340204,9590.950303585265,9788.999197183757,92746400,0.0
TQQQ.US,3 倍做多纳指 ETF - ProShares,1612328400000,2021-02-03,2021-02-03 00:00:00,9991.855102762796,10020.697174646073,9676.515116838984,9676.515116838984,95172000,0.0
TQQQ.US,3 倍做多纳指 ETF - ProShares,1612414800000,2021-02-04,2021-02-04 00:00:00,9810.15004989816,10027.426991418837,9686.129140800074,10018.774369853852,72808800,0.0
TQQQ.US,3 倍做多纳指 ETF - ProShares,1612501200000,2021-02-05,2021-02-05 00:00:00,10113.953207068664,10218.746068244565,9957.244616502865,10123.567231029756,86615200,0.0
TQQQ.US,3 倍做多纳指 ETF - ProShares,1612760400000,2021-02-08,2021-02-08 00:00:00,10283.16002878388,10339.882770154323,10128.374243010301,10321.616124628248,76994800,0.0
TQQQ.US,3 倍做多纳指 ETF - ProShares,1612846800000,2021-02-09,2021-02-09 00:00:00,10237.01271377064,10437.945814557459,10237.01271377064,10316.809112647703,65768800,0.0
TQQQ.US,3 倍做多纳指 ETF - ProShares,1612933200000,2021-02-10,2021-02-10 00:00:00,10458.135264875753,10498.514165512339,9946.669190145663,10243.742530543404,123548000,0.0
TQQQ.US,3 倍做多纳指 ETF - ProShares,1613019600000,2021-02-11,2021-02-11 00:00:00,10398.528316316982,10454.289655291315,10187.01978917296,10409.103742674184,98860000,0.0
TQQQ.US,3 倍做多纳指 ETF - ProShares,1613106000000,2021-02-12,2021-02-12 00:00:00,10342.76697734265,10604.26842908435,10233.167104186203,10586.001783558275,77471600,0.0
TQQQ.US,3 倍做多纳指 ETF - ProShares,1613451600000,2021-02-16,2021-02-16 00:00:00,10667.720987227556,10754.247202877383,10390.837097148109,10497.55276311623,88663600,0.0
TQQQ.US,3 倍做多纳指 ETF - ProShares,1613538000000,2021-02-17,2021-02-17 00:00:00,10212.97765386791,10377.377463602581,9999.54632193167,10351.419598907632,105986800,0.0
TQQQ.US,3 倍做多纳指 ETF - ProShares,1613624400000,2021-02-18,2021-02-18 00:00:00,10004.353333912217,10283.16002878388,9833.22370740478,10212.016251471801,110202000,0.0
TQQQ.US,3 倍做多纳指 ETF - ProShares,1613710800000,2021-02-19,2021-02-19 00:00:00,10348.535391719306,10352.381001303744,9985.125285990032,10077.419916016514,93377200,0.0
TQQQ.US,3 倍做多纳指 ETF - ProShares,1613970000000,2021-02-22,2021-02-22 00:00:00,9665.939690481782,9787.076392391538,9277.53312245367,9296.761170375854,132734800,0.0
TQQQ.US,3 倍做多纳指 ETF - ProShares,1614056400000,2021-02-23,2021-02-23 00:00:00,8823.751191490133,9360.21372851906,8308.439507175608,9214.080564310463,199274800,0.0
TQQQ.US,3 倍做多纳指 ETF - ProShares,1614142800000,2021-02-24,2021-02-24 00:00:00,8964.115941322074,9466.929394487179,8739.147780632524,9436.164517811687,123042000,0.0
TQQQ.US,3 倍做多纳指 ETF - ProShares,1614229200000,2021-02-25,2021-02-25 00:00:00,9192.929711596062,9428.473298642812,8311.323714363934,8450.727061799767,237792000,0.0
TQQQ.US,3 倍做多纳指 ETF - ProShares,1614315600000,2021-02-26,2021-02-26 00:00:00,8690.116258430955,8956.4247221532,8292.095666441752,8577.63217808618,209318400,0.0
TQQQ.US,3 倍做多纳指 ETF - ProShares,1614574800000,2021-03-01,2021-03-01 00:00:00,8975.652770075385,9355.406716538513,8863.168689730608,9325.603242259129,133707200,0.0
TQQQ.US,3 倍做多纳指 ETF - ProShares,1614661200000,2021-03-02,2021-03-02 00:00:00,9377.518971649026,9391.940007590663,8854.516068165625,8878.551128068355,151693200,0.0
TQQQ.US,3 倍做多纳指 ETF - ProShares,1614747600000,2021-03-03,2021-03-03 00:00:00,8784.333693249657,8864.13009212672,8099.815187219913,8108.467808784896,231542400,0.0
TQQQ.US,3 倍做多纳指 ETF - ProShares,1614834000000,2021-03-04,2021-03-04 00:00:00,8072.895920128856,8329.59035989001,7391.261621287441,7707.563009607365,432037200,0.0
TQQQ.US,3 倍做多纳指 ETF - ProShares,1614920400000,2021-03-05,2021-03-05 00:00:00,7911.380317582513,8120.966039934316,7213.402178007242,8052.706469810564,336656400,0.0
TQQQ.US,3 倍做多纳指 ETF - ProShares,1615179600000,2021-03-08,2021-03-08 00:00:00,8006.559154797323,8157.499330986464,7332.616075124781,7364.342354196384,235731600,0.0
TQQQ.US,3 倍做多纳指 ETF - ProShares,1615266000000,2021-03-09,2021-03-09 00:00:00,7928.685560712478,8378.621882091578,7876.769831322583,8231.527315486872,173429200,0.0
TQQQ.US,3 倍做多纳指 ETF - ProShares,1615352400000,2021-03-10,2021-03-10 00:00:00,8581.477787670618,8604.551445177238,8105.583601596569,8161.344940570902,203371200,0.0
TQQQ.US,3 倍做多纳指 ETF - ProShares,1615438800000,2021-03-11,2021-03-11 00:00:00,8558.404130163995,8869.898506503374,8473.800719306388,8727.610951879215,158935600,0.0
TQQQ.US,3 倍做多纳指 ETF - ProShares,1615525200000,2021-03-12,2021-03-12 00:00:00,8380.544686883797,8524.755046300175,8178.650183700866,8510.334010358536,166590000,0.0
TQQQ.US,3 倍做多纳指 ETF - ProShares,1615780800000,2021-03-15,2021-03-15 00:00:00,8538.214679845703,8797.793326795185,8400.73413720209,8782.410888457436,126701600,0.0
TQQQ.US,3 倍做多纳指 ETF - ProShares,1615867200000,2021-03-16,2021-03-16 00:00:00,8973.729965283166,9228.5016002521,8806.445948360166,8926.621247873814,168770400,0.0
TQQQ.US,3 倍做多纳指 ETF - ProShares,1615953600000,2021-03-17,2021-03-17 00:00:00,8664.158393736008,9203.505137953262,8518.986631923519,9039.10532821859,196370800,0.0
TQQQ.US,3 倍做多纳指 ETF - ProShares,1616040000000,2021-03-18,2021-03-18 00:00:00,8615.126871534438,8700.691684788157,8167.113354947557,8209.415060376361,228253600,0.0
TQQQ.US,3 倍做多纳指 ETF - ProShares,1616126400000,2021-03-19,2021-03-19 00:00:00,8195.955426830833,8417.077977935945,8018.095983550633,8314.207921552263,193286400,0.0
TQQQ.US,3 倍做多纳指 ETF - ProShares,1616385600000,2021-03-22,2021-03-22 00:00:00,8488.221755248027,8928.544052666035,8488.221755248027,8757.414426158599,141101200,0.0
TQQQ.US,3 倍做多纳指 ETF - ProShares,1616472000000,2021-03-23,2021-03-23 00:00:00,8849.70905618508,8963.154538925965,8572.825166105635,8643.007541021605,187780800,0.0
TQQQ.US,3 倍做多纳指 ETF - ProShares,1616558400000,2021-03-24,2021-03-24 00:00:00,8757.414426158599,8760.298633346927,8195.955426830833,8206.530853188033,190483600,0.0
TQQQ.US,3 倍做多纳指 ETF - ProShares,1616644800000,2021-03-25,2021-03-25 00:00:00,8058.474884187218,8285.365849668988,7849.850564231525,8162.306342967011,239874400,0.0
TQQQ.US,3 倍做多纳指 ETF - ProShares,1616731200000,2021-03-26,2021-03-26 00:00:00,8145.001099837045,8553.59711818345,8030.594214700052,8522.832241507956,215060400,0.0
TQQQ.US,3 倍做多纳指 ETF - ProShares,1616990400000,2021-03-29,2021-03-29 00:00:00,8483.41474326748,8608.397054761675,8241.141339447964,8518.02522952741,190589200,0.0
TQQQ.US,3 倍做多纳指 ETF - ProShares,1617076800000,2021-03-30,2021-03-30 00:00:00,8359.393834169394,8440.151635442568,8168.074757343666,8396.888527617653,148349600,0.0
TQQQ.US,3 倍做多纳指 ETF - ProShares,1617163200000,2021-03-31,2021-03-31 00:00:00,8536.291875053486,8902.586187971085,8509.372607962428,8773.758266892455,161968800,0.0
TQQQ.US,3 倍做多纳指 ETF - ProShares,1617249600000,2021-04-01,2021-04-01 00:00:00,9098.71227677736,9232.347209836538,9077.561424062958,9219.848978687118,145087200,0.0
TQQQ.US,3 倍做多纳指 ETF - ProShares,1617595200000,2021-04-05,2021-04-05 00:00:00,9441.93293218834,9842.837731365871,9418.85927468172,9773.61675884601,130539600,0.0
TQQQ.US,3 倍做多纳指 ETF - ProShares,1617681600000,2021-04-06,2021-04-06 00:00:00,9744.774686962735,9929.3639470157,9682.283531215637,9750.54310133939,120606800,0.0
TQQQ.US,3 倍做多纳指 ETF - ProShares,1617768000000,2021-04-07,2021-04-07 00:00:00,9713.048407891132,9900.521875132425,9623.637985052977,9822.648281047579,98987200,0.0
TQQQ.US,3 倍做多纳指 ETF - ProShares,1617854400000,2021-04-08,2021-04-08 00:00:00,10087.033939977606,10146.640888536376,10008.198943496653,10129.33564540641,113619200,0.0
TQQQ.US,3 倍做多纳指 ETF - ProShares,1617940800000,2021-04-09,2021-04-09 00:00:00,10000.50772432778,10331.23014858934,9933.209556600135,10312.963503063265,129438400,0.0
TQQQ.US,3 倍做多纳指 ETF - ProShares,1618200000000,2021-04-12,2021-04-12 00:00:00,10219.707470640675,10310.079295874937,10092.802354354262,10272.58460242668,109632000,0.0
TQQQ.US,3 倍做多纳指 ETF - ProShares,1618286400000,2021-04-13,2021-04-13 00:00:00,10419.679169031386,10671.566596811992,10394.682706732547,10624.457879402644,115022000,0.0
TQQQ.US,3 倍做多纳指 ETF - ProShares,1618372800000,2021-04-14,2021-04-14 00:00:00,10651.3771464937,10664.83678003923,10167.791741250778,10251.433749712278,161227600,0.0
TQQQ.US,3 倍做多纳指 ETF - ProShares,1618459200000,2021-04-15,2021-04-15 00:00:00,10514.858006246195,10745.5945813124,10502.359775096775,10704.254278279706,120798000,0.0
TQQQ.US,3 倍做多纳指 ETF - ProShares,1618545600000,2021-04-16,2021-04-16 00:00:00,10759.054214857928,10766.745434026801,10565.812333239983,10749.440190896838,117488000,0.0
TQQQ.US,3 倍做多纳指 ETF - ProShares,1618804800000,2021-04-19,2021-04-19 00:00:00,10589.847393142712,10707.138485468033,10262.970578465587,10456.212460083536,159168000,0.0
TQQQ.US,3 倍做多纳指 ETF - ProShares,1618891200000,2021-04-20,2021-04-20 00:00:00,10387.952889959783,10510.050994265648,10036.07961298382,10227.398689809548,158283600,0.0
TQQQ.US,3 倍做多纳指 ETF - ProShares,1618977600000,2021-04-21,2021-04-21 00:00:00,10094.72515914648,10501.398372700667,10000.50772432778,10486.015934362918,111057200,0.0
TQQQ.US,3 倍做多纳指 ETF - ProShares,1619064000000,2021-04-22,2021-04-22 00:00:00,10447.559838518551,10539.854468545034,9992.816505158906,10104.339183107571,174848400,0.0
TQQQ.US,3 倍做多纳指 ETF - ProShares,1619150400000,2021-04-23,2021-04-23 00:00:00,10163.946131666342,10606.191233876567,10163.946131666342,10485.05453196681,107686000,0.0
TQQQ.US,3 倍做多纳指 ETF - ProShares,1619409600000,2021-04-26,2021-04-26 00:00:00,10509.08959186954,10716.752509429125,10436.023009765242,10692.717449526395,99976800,0.0
TQQQ.US,3 倍做多纳指 ETF - ProShares,1619496000000,2021-04-27,2021-04-27 00:00:00,10716.752509429125,10735.98055735131,10457.173862479644,10552.352699694455,119312800,0.0
TQQQ.US,3 倍做多纳指 ETF - ProShares,1619582400000,2021-04-28,2021-04-28 00:00:00,10516.780811038414,10613.882453045442,10380.26167079091,10443.714228934115,118950000,0.0
TQQQ.US,3 倍做多纳指 ETF - ProShares,1619668800000,2021-04-29,2021-04-29 00:00:00,10754.247202877383,10789.819091533423,10246.62673773173,10548.507090110017,148124400,0.0
TQQQ.US,3 倍做多纳指 ETF - ProShares,1619755200000,2021-04-30,2021-04-30 00:00:00,10314.886307855484,10556.19830927889,10257.202164088932,10350.458196511523,118440400,0.0
TQQQ.US,3 倍做多纳指 ETF - ProShares,1620014400000,2021-05-03,2021-05-03 00:00:00,10456.212460083536,10526.394834999504,10136.065462179175,10181.251374796308,134222000,0.0
TQQQ.US,3 倍做多纳指 ETF - ProShares,1620100800000,2021-05-04,2021-05-04 00:00:00,9945.707787749556,9968.781445256176,9272.726110473124,9644.788837767379,211234000,0.0
TQQQ.US,3 倍做多纳指 ETF - ProShares,1620187200000,2021-05-05,2021-05-05 00:00:00,9810.15004989816,9888.023643983004,9460.199577714417,9532.304757422606,136429200,0.0
TQQQ.US,3 倍做多纳指 ETF - ProShares,1620273600000,2021-05-06,2021-05-06 00:00:00,9505.385490331548,9756.311515716046,9305.413791940837,9740.929077378298,169663200,0.0
TQQQ.US,3 倍做多纳指 ETF - ProShares,1620360000000,2021-05-07,2021-05-07 00:00:00,9995.700712347234,10198.556617926271,9880.33242481413,9979.356871613376,158706800,0.0
TQQQ.US,3 倍做多纳指 ETF - ProShares,1620619200000,2021-05-10,2021-05-10 00:00:00,9853.413157723073,9869.756998456929,9206.38934514159,9229.46300264821,184214800,0.0
TQQQ.US,3 倍做多纳指 ETF - ProShares,1620705600000,2021-05-11,2021-05-11 00:00:00,8709.34430635314,9252.53666015483,8652.621564982697,9183.31568763497,228806800,0.0
TQQQ.US,3 倍做多纳指 ETF - ProShares,1620792000000,2021-05-12,2021-05-12 00:00:00,8750.684609385833,8955.463319757091,8394.965722825435,8484.37614566359,236158000,0.0
TQQQ.US,3 倍做多纳指 ETF - ProShares,1620878400000,2021-05-13,2021-05-13 00:00:00,8710.305708749247,8909.31600474385,8467.070902533624,8663.196991339897,208602000,0.0
TQQQ.US,3 倍做多纳指 ETF - ProShares,1620964800000,2021-05-14,2021-05-14 00:00:00,8929.505455062143,9315.027815901927,8885.28094484112,9226.578795459882,144263200,0.0
TQQQ.US,3 倍做多纳指 ETF - ProShares,1621224000000,2021-05-17,2021-05-17 00:00:00,9086.214045627941,9148.705201375038,8818.944179509586,9070.831607290193,138542400,0.0
TQQQ.US,3 倍做多纳指 ETF - ProShares,1621310400000,2021-05-18,2021-05-18 00:00:00,9153.512213355583,9256.382269739268,8863.168689730608,8880.473932860576,131684000,0.0
TQQQ.US,3 倍做多纳指 ETF - ProShares,1621396800000,2021-05-19,2021-05-19 00:00:00,8426.692001897038,8940.080881419344,8395.927125221544,8913.161614328286,191889600,0.0
TQQQ.US,3 倍做多纳指 ETF - ProShares,1621483200000,2021-05-20,2021-05-20 00:00:00,9043.912340199136,9504.424087935438,9020.838682692516,9428.473298642812,139226400,0.0
TQQQ.US,3 倍做多纳指 ETF - ProShares,1621569600000,2021-05-21,2021-05-21 00:00:00,9569.799450870863,9607.294144319121,9240.038429005412,9272.726110473124,128133200,0.0
TQQQ.US,3 倍做多纳指 ETF - ProShares,1621828800000,2021-05-24,2021-05-24 00:00:00,9474.620613656052,9838.992121781435,9442.89433458445,9737.083467793862,92181600,0.0
TQQQ.US,3 倍做多纳指 ETF - ProShares,1621915200000,2021-05-25,2021-05-25 00:00:00,9878.409620021912,9944.746385353446,9674.592312046763,9784.192185203212,106728800,0.0
TQQQ.US,3 倍做多纳指 ETF - ProShares,1622001600000,2021-05-26,2021-05-26 00:00:00,9840.914926573654,9925.518337431262,9779.385173222665,9883.216632002457,78034800,0.0
TQQQ.US,3 倍做多纳指 ETF - ProShares,1622088000000,2021-05-27,2021-05-27 00:00:00,9841.876328969764,9917.827118262388,9752.465906131609,9767.848344469356,83216800,0.0
TQQQ.US,3 倍做多纳指 ETF - ProShares,1622174400000,2021-05-28,2021-05-28 00:00:00,9881.29382721024,10008.198943496653,9835.146512196998,9863.027181684165,81857200,0.0
TQQQ.US,3 倍做多纳指 ETF - ProShares,1622520000000,2021-06-01,2021-06-01 00:00:00,9984.163883593923,10027.426991418837,9641.904630579053,9766.886942073246,103863600,0.0
TQQQ.US,3 倍做多纳指 ETF - ProShares,1622606400000,2021-06-02,2021-06-02 00:00:00,9801.497428333178,9899.560472736315,9664.978288085673,9817.841269067034,83178800,0.0
TQQQ.US,3 倍做多纳指 ETF - ProShares,1622692800000,2021-06-03,2021-06-03 00:00:00,9564.992438890316,9678.4379216312,9362.136533311277,9509.231099915984,121032000,0.0
TQQQ.US,3 倍做多纳指 ETF - ProShares,1622779200000,2021-06-04,2021-06-04 00:00:00,9674.592312046763,10036.07961298382,9664.978288085673,9996.662114743343,91175200,0.0
TQQQ.US,3 倍做多纳指 ETF - ProShares,1623038400000,2021-06-07,2021-06-07 00:00:00,9943.784982957337,10091.840951958153,9884.178034398568,10085.111135185389,62193200,0.0
TQQQ.US,3 倍做多纳指 ETF - ProShares,1623124800000,2021-06-08,2021-06-08 00:00:00,10246.62673773173,10327.384539004903,9943.784982957337,10096.647963938698,92944400,0.0
TQQQ.US,3 倍做多纳指 ETF - ProShares,1623211200000,2021-06-09,2021-06-09 00:00:00,10225.47588501733,10298.542467121628,10087.995342373715,10108.184792692009,77803600,0.0
TQQQ.US,3 倍做多纳指 ETF - ProShares,1623297600000,2021-06-10,2021-06-10 00:00:00,10136.065462179175,10431.215997784695,10094.72515914648,10417.756364239167,117206800,0.0
TQQQ.US,3 倍做多纳指 ETF - ProShares,1623384000000,2021-06-11,2021-06-11 00:00:00,10423.524778615822,10502.359775096775,10360.072220472617,10500.436970304558,68338800,0.0
TQQQ.US,3 倍做多纳指 ETF - ProShares,1623643200000,2021-06-14,2021-06-14 00:00:00,10540.815870941144,10803.278725078952,10431.215997784695,10794.626103513969,90823200,0.0
TQQQ.US,3 倍做多纳指 ETF - ProShares,1623729600000,2021-06-15,2021-06-15 00:00:00,10769.62964121513,10800.394517890625,10523.510627811178,10594.654405123258,90108000,0.0
TQQQ.US,3 倍做多纳指 ETF - ProShares,1623816000000,2021-06-16,2021-06-16 00:00:00,10635.033305759844,10735.98055735131,10144.718083744157,10481.208922382373,157778000,0.0
TQQQ.US,3 倍做多纳指 ETF - ProShares,1623902400000,2021-06-17,2021-06-17 00:00:00,10379.3002683948,10967.678534813624,10376.416061206473,10872.499697598814,144323600,0.0
TQQQ.US,3 倍做多纳指 ETF - ProShares,1623988800000,2021-06-18,2021-06-18 00:00:00,10710.984095052469,10823.468175397244,10544.661480525581,10612.921050649333,142894400,0.0
TQQQ.US,3 倍做多纳指 ETF - ProShares,1624248000000,2021-06-21,2021-06-21 00:00:00,10635.994708155953,10844.619028111647,10420.640571427495,10807.124334663387,107708400,0.0
TQQQ.US,3 倍做多纳指 ETF - ProShares,1624334400000,2021-06-22,2021-06-22 00:00:00,10797.510310702297,11157.074806847133,10764.822629234584,11109.004687041674,103578800,0.0
TQQQ.US,3 倍做多纳指 ETF - ProShares,1624420800000,2021-06-23,2021-06-23 00:00:00,11110.92749183389,11244.562424893069,11049.397738482905,11128.232734963858,93996800,0.0
TQQQ.US,3 倍做多纳指 ETF - ProShares,1624507200000,2021-06-24,2021-06-24 00:00:00,11319.551811789586,11487.797231108694,11266.67468000358,11333.011445335114,93672400,0.0
TQQQ.US,3 倍做多纳指 ETF - ProShares,1624593600000,2021-06-25,2021-06-25 00:00:00,11391.656991497775,11416.653453796614,11233.986998535867,11297.439556679075,86993200,0.0
TQQQ.US,3 倍做多纳指 ETF - ProShares,1624852800000,2021-06-28,2021-06-28 00:00:00,11418.576258588831,11717.57240377879,11415.692051400505,11697.382953460497,88787600,0.0
TQQQ.US,3 倍做多纳指 ETF - ProShares,1624939200000,2021-06-29,2021-06-29 00:00:00,11686.807527103296,11832.940691311893,11601.242713849579,11829.095081727457,74560000,0.0
TQQQ.US,3 倍做多纳指 ETF - ProShares,1625025600000,2021-06-30,2021-06-30 00:00:00,11814.674045785818,11854.091544026294,11714.688196590461,11777.17935233756,80546800,0.0
TQQQ.US,3 倍做多纳指 ETF - ProShares,1625112000000,2021-07-01,2021-07-01 00:00:00,11736.800451700974,11838.709105688547,11599.31990905736,11782.947766714215,83834800,0.0
TQQQ.US,3 倍做多纳指 ETF - ProShares,1625198400000,2021-07-02,2021-07-02 00:00:00,11982.919465104926,12224.231466528332,11957.923002806087,12182.891163495637,93502000,0.0
TQQQ.US,3 倍做多纳指 ETF - ProShares,1625544000000,2021-07-06,2021-07-06 00:00:00,12253.073538411609,12379.01725230191,11969.459831559398,12346.329570834198,109599600,0.0
TQQQ.US,3 倍做多纳指 ETF - ProShares,1625630400000,2021-07-07,2021-07-07 00:00:00,12584.75736506928,12615.522241744771,12219.424454547785,12425.164567315154,115275600,0.0
TQQQ.US,3 倍做多纳指 ETF - ProShares,1625716800000,2021-07-08,2021-07-08 00:00:00,11891.586237474552,12292.491036652085,11752.18289003872,12209.810430586695,152524400,0.0
TQQQ.US,3 倍做多纳指 ETF - ProShares,1625803200000,2021-07-09,2021-07-09 00:00:00,12140.589458066834,12479.003101497268,12078.098302319735,12416.511945750171,92875600,0.0
TQQQ.US,3 倍做多纳指 ETF - ProShares,1626062400000,2021-07-12,2021-07-12 00:00:00,12575.143341108187,12622.252058517535,12407.859324185187,12572.259133919859,87126000,0.0
TQQQ.US,3 倍做多纳指 ETF - ProShares,1626148800000,2021-07-13,2021-07-13 00:00:00,12534.7644404716,12889.52192463589,12479.964503893376,12565.529317147093,119450000,0.0
TQQQ.US,3 倍做多纳指 ETF - ProShares,1626235200000,2021-07-14,2021-07-14 00:00:00,12821.26235451214,12890.483327032001,12551.108281205457,12633.788887270846,136042800,0.0
TQQQ.US,3 倍做多纳指 ETF - ProShares,1626321600000,2021-07-15,2021-07-15 00:00:00,12633.788887270846,12650.132728004704,12157.894701196798,12372.287435529148,137192800,0.0
TQQQ.US,3 倍做多纳指 ETF - ProShares,1626408000000,2021-07-16,2021-07-16 00:00:00,12465.543467951738,12566.490719543204,12033.873792098713,12068.484278358645,127402800,0.0
TQQQ.US,3 倍做多纳指 ETF - ProShares,1626667200000,2021-07-19,2021-07-19 00:00:00,11710.842587006025,11825.24947214302,11505.10247423866,11779.102157129777,202286400,0.0
TQQQ.US,3 倍做多纳指 ETF - ProShares,1626753600000,2021-07-20,2021-07-20 00:00:00,11867.551177571822,12334.79274208089,11685.846124707186,12167.50872515789,121544800,0.0
TQQQ.US,3 倍做多纳指 ETF - ProShares,1626840000000,2021-07-21,2021-07-21 00:00:00,12143.47366525516,12458.813651178974,12113.670190975776,12445.354017633445,81763200,0.0
TQQQ.US,3 倍做多纳指 ETF - ProShares,1626926400000,2021-07-22,2021-07-22 00:00:00,12483.810113477814,12709.739676563471,12482.848711081704,12706.855469375143,94957600,0.0
TQQQ.US,3 倍做多纳指 ETF - ProShares,1627012800000,2021-07-23,2021-07-23 00:00:00,12853.95003597985,13181.788253053086,12718.392298128454,13128.91112126708,103898400,0.0
TQQQ.US,3 倍做多纳指 ETF - ProShares,1627272000000,2021-07-26,2021-07-26 00:00:00,13076.995391877184,13226.012763274106,12982.77795705848,13183.711057845301,85977600,0.0
TQQQ.US,3 倍做多纳指 ETF - ProShares,1627358400000,2021-07-27,2021-07-27 00:00:00,13154.868985962028,13154.868985962028,12289.606829463757,12753.002784388387,178782000,0.0
TQQQ.US,3 倍做多纳指 ETF - ProShares,1627444800000,2021-07-28,2021-07-28 00:00:00,12869.3324743176,13061.612953539438,12620.329253725318,12892.406131824218,143940400,0.0
TQQQ.US,3 倍做多纳指 ETF - ProShares,1627531200000,2021-07-29,2021-07-29 00:00:00,12832.799183265448,13086.609415838275,12831.837780869339,12955.858689967425,88638400,0.0
TQQQ.US,3 倍做多纳指 ETF - ProShares,1627617600000,2021-07-30,2021-07-30 00:00:00,12531.880233283273,12820.30095211603,12524.1890141144,12761.65540595337,113118800,0.0
TQQQ.US,3 倍做多纳指 ETF - ProShares,1627876800000,2021-08-02,2021-08-02 00:00:00,12934.707837253021,12997.19899300012,12692.434433433507,12757.80979636893,109120000,0.0
TQQQ.US,3 倍做多纳指 ETF - ProShares,1627963200000,2021-08-03,2021-08-03 00:00:00,12828.953573681012,12998.160395396228,12483.810113477814,12979.893749870154,126835600,0.0
TQQQ.US,3 倍做多纳指 ETF - ProShares,1628049600000,2021-08-04,2021-08-04 00:00:00,12987.584969039028,13148.139169189262,12863.564059940943,13044.30771040947,96856800,0.0
TQQQ.US,3 倍做多纳指 ETF - ProShares,1628136000000,2021-08-05,2021-08-05 00:00:00,13128.91112126708,13313.500381320042,13055.844539162781,13289.465321417312,77340400,0.0
TQQQ.US,3 倍做多纳指 ETF - ProShares,1628222400000,2021-08-06,2021-08-06 00:00:00,13151.023376377589,13260.62324953404,12994.314785811792,13116.41289011766,86306000,0.0
TQQQ.US,3 倍做多纳指 ETF - ProShares,1628481600000,2021-08-09,2021-08-09 00:00:00,13162.5602051309,13246.2022135924,13044.30771040947,13186.59526503363,68421600,0.0
TQQQ.US,3 倍做多纳指 ETF - ProShares,1628568000000,2021-08-10,2021-08-10 00:00:00,13245.240811196292,13277.928492664005,12855.872840772068,12989.507773831248,106162400,0.0
TQQQ.US,3 倍做多纳指 ETF - ProShares,1628654400000,2021-08-11,2021-08-11 00:00:00,13123.142706890423,13176.01983867643,12771.26942991446,12919.325398915274,93188000,0.0
TQQQ.US,3 倍做多纳指 ETF - ProShares,1628740800000,2021-08-12,2021-08-12 00:00:00,12864.525462337053,13094.300635007146,12713.58528614791,13053.921734370562,79490800,0.0
TQQQ.US,3 倍做多纳指 ETF - ProShares,1628827200000,2021-08-13,2021-08-13 00:00:00,13092.37783021493,13229.858372858545,13039.500698428923,13184.67246024141,73289600,0.0
TQQQ.US,3 倍做多纳指 ETF - ProShares,1629086400000,2021-08-16,2021-08-16 00:00:00,13069.30417270831,13212.553129728578,12642.44150883583,13207.74611774803,122458400,0.0
TQQQ.US,3 倍做多纳指 ETF - ProShares,1629172800000,2021-08-17,2021-08-17 00:00:00,12902.98155818142,13012.581431337867,12591.487181842042,12860.679852752615,166395200,0.0
TQQQ.US,3 倍做多纳指 ETF - ProShares,1629259200000,2021-08-18,2021-08-18 00:00:00,12796.2658922133,12952.013080382989,12451.1224320101,12486.69432066614,130084800,0.0
TQQQ.US,3 倍做多纳指 ETF - ProShares,1629345600000,2021-08-19,2021-08-19 00:00:00,12280.954207898774,12844.336012018759,12253.073538411609,12664.55376394634,163247600,0.0
TQQQ.US,3 倍做多纳指 ETF - ProShares,1629432000000,2021-08-20,2021-08-20 00:00:00,12781.84485627166,13101.030451779914,12746.272967615623,13055.844539162781,125082400,0.0
TQQQ.US,3 倍做多纳指 ETF - ProShares,1629691200000,2021-08-23,2021-08-23 00:00:00,13174.09703388421,13719.212192478119,13171.212826695883,13637.492988808839,96532400,0.0
TQQQ.US,3 倍做多纳指 ETF - ProShares,1629777600000,2021-08-24,2021-08-24 00:00:00,13710.55957091314,13838.42608959566,13658.64384152324,13772.089324264125,72686800,0.0
TQQQ.US,3 倍做多纳指 ETF - ProShares,1629864000000,2021-08-25,2021-08-25 00:00:00,13795.162981770747,13882.650599816683,13712.482375705356,13787.471762601872,76127200,0.0
TQQQ.US,3 倍做多纳指 ETF - ProShares,1629950400000,2021-08-26,2021-08-26 00:00:00,13716.327985289792,13797.085786562964,13501.935250957444,13553.850980347339,107004800,0.0
TQQQ.US,3 倍做多纳指 ETF - ProShares,1630036800000,2021-08-27,2021-08-27 00:00:00,13622.110550471092,13998.018887349785,13569.233418685086,13949.948767544325,92320000,0.0
TQQQ.US,3 倍做多纳指 ETF - ProShares,1630296000000,2021-08-30,2021-08-30 00:00:00,14036.474983194154,14471.028866235507,14031.667971213607,14412.383320072846,91270400,0.0
TQQQ.US,3 倍做多纳指 ETF - ProShares,1630382400000,2021-08-31,2021-08-31 00:00:00,14442.18679435223,14449.878013521105,14198.951988136605,14372.00441943626,91796000,0.0
TQQQ.US,3 倍做多纳指 ETF - ProShares,1630468800000,2021-09-01,2021-09-01 00:00:00,14500.832340514891,14692.15141734062,14427.765758410591,14450.839415917213,95568000,0.0
TQQQ.US,3 倍做多纳指 ETF - ProShares,1630555200000,2021-09-02,2021-09-02 00:00:00,14608.50940887912,14646.004102327379,14286.439606182541,14430.64996559892,95038400,0.0
TQQQ.US,3 倍做多纳指 ETF - ProShares,1630641600000,2021-09-03,2021-09-03 00:00:00,14296.053630143633,14607.54800648301,14292.208020559197,14560.43928907366,93201200,0.0
TQQQ.US,3 倍做多纳指 ETF - ProShares,1630987200000,2021-09-07,2021-09-07 00:00:00,14570.053313034754,14697.919831717274,14436.418379975576,14620.04623763243,90370800,0.0
TQQQ.US,3 倍做多纳指 ETF - ProShares,1631073600000,2021-09-08,2021-09-08 00:00:00,14595.049775333591,14598.895384918027,14200.874792928826,14470.067463839396,126846000,0.0
TQQQ.US,3 倍做多纳指 ETF - ProShares,1631160000000,2021-09-09,2021-09-09 00:00:00,14491.218316553797,14622.930444820757,14285.478203786433,14315.281678065818,110573600,0.0
TQQQ.US,3 倍做多纳指 ETF - ProShares,1631246400000,2021-09-10,2021-09-10 00:00:00,14517.176181248748,14598.895384918027,13950.910169940436,13993.211875369241,138435600,0.0
TQQQ.US,3 倍做多纳指 ETF - ProShares,1631505600000,2021-09-13,2021-09-13 00:00:00,14256.636131903157,14303.744849312507,13724.980606854775,13961.485596297636,155549200,0.0
TQQQ.US,3 倍做多纳指 ETF - ProShares,1631592000000,2021-09-14,2021-09-14 00:00:00,14127.808210824525,14215.295828870463,13730.74902123143,13841.310296783988,119258400,0.0
TQQQ.US,3 倍做多纳指 ETF - ProShares,1631678400000,2021-09-15,2021-09-15 00:00:00,13891.303221381666,14186.453756987186,13628.840367243856,14147.997661142817,111785200,0.0
TQQQ.US,3 倍做多纳指 ETF - ProShares,1631764800000,2021-09-16,2021-09-16 00:00:00,13993.211875369241,14241.25369356541,13771.127921868017,14175.878330629985,105230800,0.0
TQQQ.US,3 倍做多纳指 ETF - ProShares,1631851200000,2021-09-17,2021-09-17 00:00:00,14123.00119884398,14125.885406032308,13551.928175555122,13674.987682257099,154650400,0.0
TQQQ.US,3 倍做多纳指 ETF - ProShares,1632110400000,2021-09-20,2021-09-20 00:00:00,13019.311248110631,13215.437336916906,12305.950670197613,12833.76058566156,243827200,0.0
TQQQ.US,3 倍做多纳指 ETF - ProShares,1632196800000,2021-09-21,2021-09-21 00:00:00,13015.465638526193,13147.177766793153,12747.23437001173,12850.104426395414,143401200,0.0
TQQQ.US,3 倍做多纳指 ETF - ProShares,1632283200000,2021-09-22,2021-09-22 00:00:00,12965.472713928519,13385.605561028231,12845.29741441487,13226.012763274106,175338800,0.0
TQQQ.US,3 倍做多纳指 ETF - ProShares,1632369600000,2021-09-23,2021-09-23 00:00:00,13354.840684352737,13706.7139613287,13283.696907040658,13593.268478587815,138739200,0.0
TQQQ.US,3 倍做多纳指 ETF - ProShares,1632456000000,2021-09-24,2021-09-24 00:00:00,13336.574038826664,13675.949084653206,13296.195138190078,13631.724574432184,109550400,0.0
TQQQ.US,3 倍做多纳指 ETF - ProShares,1632715200000,2021-09-27,2021-09-27 00:00:00,13287.542516625095,13401.94940176209,13017.388443318414,13302.924954962842,156710800,0.0
TQQQ.US,3 倍做多纳指 ETF - ProShares,1632801600000,2021-09-28,2021-09-28 00:00:00,12800.111501797735,12872.216681505924,12120.40000774854,12193.466589852838,297646000,0.0
TQQQ.US,3 倍做多纳指 ETF - ProShares,1632888000000,2021-09-29,2021-09-29 00:00:00,12302.105060613176,12526.111818906616,12046.372023248132,12112.708788579666,195061200,0.0
TQQQ.US,3 倍做多纳指 ETF - ProShares,1632974400000,2021-09-30,2021-09-30 00:00:00,12284.799817483212,12454.006639198427,11929.080930922812,11976.189648332162,234624000,0.0
TQQQ.US,3 倍做多纳指 ETF - ProShares,1633060800000,2021-10-01,2021-10-01 00:00:00,12041.565011267587,12306.912072593721,11617.586554583435,12194.427992248948,208708000,0.0
TQQQ.US,3 倍做多纳指 ETF - ProShares,1633320000000,2021-10-04,2021-10-04 00:00:00,12027.143975325947,12064.638668774207,11197.453707483719,11444.534123283782,257236000,0.0
TQQQ.US,3 倍做多纳指 ETF - ProShares,1633406400000,2021-10-05,2021-10-05 00:00:00,11533.944546121935,12113.670190975776,11509.909486219205,11884.85642070179,162612800,0.0
TQQQ.US,3 倍做多纳指 ETF - ProShares,1633492800000,2021-10-06,2021-10-06 00:00:00,11561.825215609102,12144.43506765127,11465.684975998183,12119.43860535243,234990800,0.0
TQQQ.US,3 倍做多纳指 ETF - ProShares,1633579200000,2021-10-07,2021-10-07 00:00:00,12432.855786484026,12723.199310109001,12376.133045113584,12447.276822425663,150815200,0.0
TQQQ.US,3 倍做多纳指 ETF - ProShares,1633665600000,2021-10-08,2021-10-08 00:00:00,12562.645109958765,12586.680169861495,12206.926223398366,12255.957745599935,157132000,0.0
TQQQ.US,3 倍做多纳指 ETF - ProShares,1633924800000,2021-10-11,2021-10-11 00:00:00,12100.210557430248,12468.427675140067,11973.305441143835,11983.880867501035,136215200,0.0
TQQQ.US,3 倍做多纳指 ETF - ProShares,1634011200000,2021-10-12,2021-10-12 00:00:00,12130.014031709632,12173.277139534546,11787.75477869476,11861.782763195168,174403600,0.0
TQQQ.US,3 倍做多纳指 ETF - ProShares,1634097600000,2021-10-13,2021-10-13 00:00:00,12092.519338261374,12205.00341860615,11882.93361590957,12139.628055670722,140921200,0.0
TQQQ.US,3 倍做多纳指 ETF - ProShares,1634184000000,2021-10-14,2021-10-14 00:00:00,12508.806575776653,12829.91497607712,12440.547005652901,12809.72552575883,121750000,0.0
TQQQ.US,3 倍做多纳指 ETF - ProShares,1634270400000,2021-10-15,2021-10-15 00:00:00,12940.476251629678,13060.651551143326,12827.030768888791,13047.191917597798,102858000,0.0
TQQQ.US,3 倍做多纳指 ETF - ProShares,1634529600000,2021-10-18,2021-10-18 00:00:00,12906.827167765856,13461.55635032086,12842.413207226542,13438.482692814237,100876400,0.0
TQQQ.US,3 倍做多纳指 ETF - ProShares,1634616000000,2021-10-19,2021-10-19 00:00:00,13559.619394723995,13750.938471549724,13486.552812619697,13733.633228419758,106450800,0.0
TQQQ.US,3 倍做多纳指 ETF - ProShares,1634702400000,2021-10-20,2021-10-20 00:00:00,13795.162981770747,13865.345356686717,13525.008908464066,13690.370120594846,118709600,0.0
TQQQ.US,3 倍做多纳指 ETF - ProShares,1634788800000,2021-10-21,2021-10-21 00:00:00,13598.075490568363,13960.524193901527,13568.272016288978,13935.527731602688,92100400,0.0
TQQQ.US,3 倍做多纳指 ETF - ProShares,1634875200000,2021-10-22,2021-10-22 00:00:00,13793.240176978528,13907.64706211552,13398.103792177653,13582.693052230616,140248400,0.0
TQQQ.US,3 倍做多纳指 ETF - ProShares,1635134400000,2021-10-25,2021-10-25 00:00:00,13747.092861965288,14106.657358110122,13528.854518048502,13990.327668180913,118951600,0.0
TQQQ.US,3 倍做多纳指 ETF - ProShares,1635220800000,2021-10-26,2021-10-26 00:00:00,14259.520339091483,14536.40422917093,14002.825899330332,14121.078394051761,167975600,0.0
TQQQ.US,3 倍做多纳指 ETF - ProShares,1635307200000,2021-10-27,2021-10-27 00:00:00,14186.453756987186,14586.397153768608,14157.61168510391,14232.601072000427,145068000,0.0
TQQQ.US,3 倍做多纳指 ETF - ProShares,1635393600000,2021-10-28,2021-10-28 00:00:00,14450.839415917213,14733.491720373315,14363.351797871277,14699.842636509493,130737600,0.0
TQQQ.US,3 倍做多纳指 ETF - ProShares,1635480000000,2021-10-29,2021-10-29 00:00:00,14343.162347552983,14940.19323553679,14303.744849312507,14917.11957803017,134514400,0.0
TQQQ.US,3 倍做多纳指 ETF - ProShares,1635739200000,2021-11-01,2021-11-01 00:00:00,14978.649331381159,15087.287802141496,14726.76190360055,15064.214144634874,130045600,0.0
TQQQ.US,3 倍做多纳指 ETF - ProShares,1635825600000,2021-11-02,2021-11-02 00:00:00,15000.76158649167,15321.869986792139,14994.031769718906,15265.147245421696,120171200,0.0
TQQQ.US,3 倍做多纳指 ETF - ProShares,1635912000000,2021-11-03,2021-11-03 00:00:00,15318.98577960381,15797.764172866186,15196.887675297943,15749.694053060726,145210400,0.0
TQQQ.US,3 倍做多纳指 ETF - ProShares,1635998400000,2021-11-04,2021-11-04 00:00:00,15904.479838834306,16473.630057330945,15837.181671106662,16337.110917083442,160879600,0.0
TQQQ.US,3 倍做多纳指 ETF - ProShares,1636084800000,2021-11-05,2021-11-05 00:00:00,16580.345723299066,16695.71401083217,16221.742629550337,16397.67926803832,170505600,0.0
TQQQ.US,3 倍做多纳指 ETF - ProShares,1636347600000,2021-11-08,2021-11-08 00:00:00,16391.910853661666,16526.50718911695,16253.468908621942,16330.381100310678,112919600,0.0
TQQQ.US,3 倍做多纳指 ETF - ProShares,1636434000000,2021-11-09,2021-11-09 00:00:00,16464.016033369855,16515.93176275975,15821.799232768915,15993.890261672463,176237600,0.0
TQQQ.US,3 倍做多纳指 ETF - ProShares,1636520400000,2021-11-10,2021-11-10 00:00:00,15643.939789488715,15997.735871256898,15045.947499108801,15293.027914908862,193953600,0.0
TQQQ.US,3 倍做多纳指 ETF - ProShares,1636606800000,2021-11-11,2021-11-11 00:00:00,15646.823996677043,15669.897654183666,15372.824313785924,15417.048824006948,115438000,0.0
TQQQ.US,3 倍做多纳指 ETF - ProShares,1636693200000,2021-11-12,2021-11-12 00:00:00,15556.45217144278,15966.009592185294,15358.403277844287,15906.402643626523,127640800,0.0
TQQQ.US,3 倍做多纳指 ETF - ProShares,1636952400000,2021-11-15,2021-11-15 00:00:00,16046.767393458465,16085.223489302834,15583.371438533837,15901.59563164598,139458400,0.0
TQQQ.US,3 倍做多纳指 ETF - ProShares,1637038800000,2021-11-16,2021-11-16 00:00:00,15794.879965677857,16287.117992485762,15772.767710567348,16230.39525111532,103181600,0.0
TQQQ.US,3 倍做多纳指 ETF - ProShares,1637125200000,2021-11-17,2021-11-17 00:00:00,16267.88994456358,16506.317738798658,16131.370804316073,16249.623299037507,115936000,0.0
TQQQ.US,3 倍做多纳指 ETF - ProShares,1637211600000,2021-11-18,2021-11-18 00:00:00,16505.35633640255,16814.927907949706,16225.588239134777,16746.668337825955,173683200,0.0
TQQQ.US,3 倍做多纳指 ETF - ProShares,1637298000000,2021-11-19,2021-11-19 00:00:00,16962.022474554415,17196.604659205055,16855.306808586294,17030.282044678166,129214400,0.0
TQQQ.US,3 倍做多纳指 ETF - ProShares,1637557200000,2021-11-22,2021-11-22 00:00:00,17236.98355984164,17628.274335058082,16426.521339921597,16439.980973467125,179044800,0.0
TQQQ.US,3 倍做多纳指 ETF - ProShares,1637643600000,2021-11-23,2021-11-23 00:00:00,16290.963602070198,16552.4650538119,15650.66960626148,16215.974215173683,226025600,0.0
TQQQ.US,3 倍做多纳指 ETF - ProShares,1637730000000,2021-11-24,2021-11-24 00:00:00,15892.943010080997,16397.67926803832,15606.44509604046,16365.952988966716,198241600,0.0
TQQQ.US,3 倍做多纳指 ETF - ProShares,1637902800000,2021-11-26,2021-11-26 00:00:00,16034.269162309047,16213.090007985355,15259.37883104504,15463.196139020189,177682400,0.0
TQQQ.US,3 倍做多纳指 ETF - ProShares,1638162000000,2021-11-29,2021-11-29 00:00:00,15978.507823334712,16551.50365141579,15894.865814873216,16423.63713273327,158932000,0.0
TQQQ.US,3 倍做多纳指 ETF - ProShares,1638248400000,2021-11-30,2021-11-30 00:00:00,16313.075857180713,16612.072002370667,15450.69790787077,15717.967773989125,302586000,0.0
TQQQ.US,3 倍做多纳指 ETF - ProShares,1638334800000,2021-12-01,2021-12-01 00:00:00,16234.24086069976,16499.587922025894,14850.782812698635,14911.351163653513,302551200,0.0
TQQQ.US,3 倍做多纳指 ETF - ProShares,1638421200000,2021-12-02,2021-12-02 00:00:00,14749.83556110717,15432.431262344695,14579.667336995844,15192.080663317398,396432800,0.0
TQQQ.US,3 倍做多纳指 ETF - ProShares,1638507600000,2021-12-03,2021-12-03 00:00:00,15382.438337747017,15505.497844448993,13933.60492681047,14428.727160806702,480573600,0.0
TQQQ.US,3 倍做多纳指 ETF - ProShares,1638766800000,2021-12-06,2021-12-06 00:00:00,14477.758683008271,14928.65640678348,13991.28907057702,14766.179401841027,304828000,0.0
TQQQ.US,3 倍做多纳指 ETF - ProShares,1638853200000,2021-12-07,2021-12-07 00:00:00,15552.606561858343,16178.479521725425,15549.722354670017,16097.721720452253,270578400,0.0
TQQQ.US,3 倍做多纳指 ETF - ProShares,1638939600000,2021-12-08,2021-12-08 00:00:00,16140.984828277165,16343.840733856205,15908.325448418742,16321.728478745696,205243600,0.0
TQQQ.US,3 倍做多纳指 ETF - ProShares,1639026000000,2021-12-09,2021-12-09 00:00:00,16165.981290576006,16392.872256057773,15574.718816968854,15617.020522397659,212802000,0.0
TQQQ.US,3 倍做多纳指 ETF - ProShares,1639112400000,2021-12-10,2021-12-10 00:00:00,15937.167520302019,16135.216413900513,15553.567964254453,16100.605927640581,203075200,0.0
TQQQ.US,3 倍做多纳指 ETF - ProShares,1639371600000,2021-12-13,2021-12-13 00:00:00,16100.605927640581,16140.984828277165,15361.287485032615,15408.396202441965,179145200,0.0
TQQQ.US,3 倍做多纳指 ETF - ProShares,1639458000000,2021-12-14,2021-12-14 00:00:00,14817.133728834815,15147.856153096374,14404.692100903972,14949.807259497882,230933600,0.0
TQQQ.US,3 倍做多纳指 ETF - ProShares,1639544400000,2021-12-15,2021-12-15 00:00:00,14897.891530107987,15985.237640107478,14423.920148826155,15939.090325094236,269061200,0.0
TQQQ.US,3 倍做多纳指 ETF - ProShares,1639630800000,2021-12-16,2021-12-16 00:00:00,16056.381417419558,16115.026963582219,14512.3691692682,14722.916294016111,296220000,0.0
TQQQ.US,3 倍做多纳指 ETF - ProShares,1639717200000,2021-12-17,2021-12-17 00:00:00,14308.551861293054,14977.687928985048,14132.615222805072,14497.948133326565,300020800,0.0
TQQQ.US,3 倍做多纳指 ETF - ProShares,1639976400000,2021-12-20,2021-12-20 00:00:00,13942.257548375454,14156.650282707802,13699.984144555936,14064.355652681319,241866000,0.0
TQQQ.US,3 倍做多纳指 ETF - ProShares,1640062800000,2021-12-21,2021-12-21 00:00:00,14436.418379975576,15041.140487128254,14008.594313706986,15004.607196076106,219124800,0.0
TQQQ.US,3 倍做多纳指 ETF - ProShares,1640149200000,2021-12-22,2021-12-22 00:00:00,14957.498478666757,15574.718816968854,14884.431896562457,15540.108330708923,177222800,0.0
TQQQ.US,3 倍做多纳指 ETF - ProShares,1640235600000,2021-12-23,2021-12-23 00:00:00,15591.062657702709,16083.300684510614,15571.834609780526,15909.286850814851,131308400,0.0
TQQQ.US,3 倍做多纳指 ETF - ProShares,1640581200000,2021-12-27,2021-12-27 00:00:00,16064.072636588431,16683.21577968275,16055.420015023448,16669.75614613722,125963200,0.0
TQQQ.US,3 倍做多纳指 ETF - ProShares,1640667600000,2021-12-28,2021-12-28 00:00:00,16801.46827440418,16822.61912711858,16346.724941044533,16473.630057330945,144825200,0.0
TQQQ.US,3 倍做多纳指 ETF - ProShares,1640754000000,2021-12-29,2021-12-29 00:00:00,16469.784447746508,16631.300050292855,16146.75324265382,16447.672192636,115494800,0.0
TQQQ.US,3 倍做多纳指 ETF - ProShares,1640840400000,2021-12-30,2021-12-30 00:00:00,16417.868718356614,16695.71401083217,16225.588239134777,16293.847809258526,113271600,0.0
TQQQ.US,3 倍做多纳指 ETF - ProShares,1640926800000,2021-12-31,2021-12-31 00:00:00,16212.128605589245,16382.296829700574,15931.399105925364,15991.006054484134,120497200,0.0
TQQQ.US,3 倍做多纳指 ETF - ProShares,1641186000000,2022-01-03,2022-01-03 00:00:00,16135.216413900513,16482.28267889593,15874.676364554922,16452.479204616542,153010400,0.0
TQQQ.US,3 倍做多纳指 ETF - ProShares,1641272400000,2022-01-04,2022-01-04 00:00:00,16519.77737234419,16525.54578672084,15419.933031195274,15813.146611203932,213296400,0.0
TQQQ.US,3 倍做多纳指 ETF - ProShares,1641358800000,2022-01-05,2022-01-05 00:00:00,15611.252108021003,15740.080029099634,14324.89570202691,14358.54478589073,266490400,0.0
TQQQ.US,3 倍做多纳指 ETF - ProShares,1641445200000,2022-01-06,2022-01-06 00:00:00,14135.499429993399,14691.19001494451,13884.5734046089,14319.127287650253,308453200,0.0
TQQQ.US,3 倍做多纳指 ETF - ProShares,1641531600000,2022-01-07,2022-01-07 00:00:00,14315.281678065818,14511.407766872091,13651.914024750477,13850.924320745078,285426800,0.0
TQQQ.US,3 倍做多纳指 ETF - ProShares,1641790800000,2022-01-10,2022-01-10 00:00:00,13301.002150170623,13934.566329206578,12700.12565260238,13901.878647738866,358434800,0.0
TQQQ.US,3 倍做多纳指 ETF - ProShares,1641877200000,2022-01-11,2022-01-11 00:00:00,13789.394567394093,14520.060388437074,13559.619394723995,14513.330571664312,308653600,0.0
TQQQ.US,3 倍做多纳指 ETF - ProShares,1641963600000,2022-01-12,2022-01-12 00:00:00,14802.712692893176,14991.147562530577,14409.499112884518,14678.691783795091,276742400,0.0
TQQQ.US,3 倍做多纳指 ETF - ProShares,1642050000000,2022-01-13,2022-01-13 00:00:00,14830.608087676492,14911.365969134084,13463.492523001529,13613.471445708486,173531800,0.0
TQQQ.US,3 倍做多纳指 ETF - ProShares,1642136400000,2022-01-14,2022-01-14 00:00:00,13284.671499774004,13857.667896782636,13267.366239461662,13819.211762755212,178451600,0.0
TQQQ.US,3 倍做多纳指 ETF - ProShares,1642482000000,2022-01-18,2022-01-18 00:00:00,13169.303097691727,13405.808321960392,12702.061069258512,12823.197891444901,155320000,0.0
TQQQ.US,3 倍做多纳指 ETF - ProShares,1642568400000,2022-01-19,2022-01-19 00:00:00,12952.025940436775,13211.604845121894,12336.727795997973,12377.106736726771,183284400,0.0
TQQQ.US,3 倍做多纳指 ETF - ProShares,1642654800000,2022-01-20,2022-01-20 00:00:00,12694.369842453027,13109.69608994922,11825.26121343322,11898.327868085327,172197000,0.0
TQQQ.US,3 倍做多纳指 ETF - ProShares,1642741200000,2022-01-21,2022-01-21 00:00:00,11656.054223712548,11927.169968605896,10863.857862747593,10896.545576670904,342054600,0.0
TQQQ.US,3 倍做多纳指 ETF - ProShares,1643000400000,2022-01-24,2022-01-24 00:00:00,10354.31408688421,11104.208700419,9262.159880505336,11054.215726183347,510169200,0.0
TQQQ.US,3 倍做多纳指 ETF - ProShares,1643086800000,2022-01-25,2022-01-25 00:00:00,10411.998287925348,10827.32453542154,9950.524679596247,10238.945684801934,347498000,0.0
TQQQ.US,3 倍做多纳指 ETF - ProShares,1643173200000,2022-01-26,2022-01-26 00:00:00,10958.075391114784,11315.717437569838,9877.458024944137,10219.717617788221,415676200,0.0
TQQQ.US,3 倍做多纳指 ETF - ProShares,1643259600000,2022-01-27,2022-01-27 00:00:00,10652.349125596755,10813.86488851194,9814.005403798887,9913.991352270192,323528200,0.0
TQQQ.US,3 倍做多纳指 ETF - ProShares,1643346000000,2022-01-28,2022-01-28 00:00:00,10075.507115185377,10856.166635942107,9633.26157386999,10838.861375629765,334032400,0.0
TQQQ.US,3 倍做多纳指 ETF - ProShares,1643605200000,2022-01-31,2022-01-31 00:00:00,10969.61223132301,11932.93838871001,10810.019275109196,11888.713834578472,227502200,0.0
TQQQ.US,3 倍做多纳指 ETF - ProShares,1643691600000,2022-02-01,2022-02-01 00:00:00,12002.159429959376,12180.980453186903,11484.924427290507,12115.60502534028,203691600,0.0
TQQQ.US,3 倍做多纳指 ETF - ProShares,1643778000000,2022-02-02,2022-02-02 00:00:00,12540.545306343327,12569.387406863896,11988.699783049777,12402.103223844597,201630400,0.0
TQQQ.US,3 倍做多纳指 ETF - ProShares,1643864400000,2022-02-03,2022-02-03 00:00:00,11406.089352534285,11742.580525274256,10790.791208095485,10910.005223580503,211150000,0.0
TQQQ.US,3 倍做多纳指 ETF - ProShares,1643950800000,2022-02-04,2022-02-04 00:00:00,10935.001710698329,11615.675282983751,10746.566653963946,11286.875337049269,193068800,0.0
TQQQ.US,3 倍做多纳指 ETF - ProShares,1644210000000,2022-02-07,2022-02-07 00:00:00,11358.019185000005,11588.755989164556,10906.15961017776,11031.14204576689,153912200,0.0
TQQQ.US,3 倍做多纳指 ETF - ProShares,1644296400000,2022-02-08,2022-02-08 00:00:00,10921.54206378873,11504.15249430422,10811.942081810568,11406.089352534285,158593200,0.0
TQQQ.US,3 倍做多纳指 ETF - ProShares,1644382800000,2022-02-09,2022-02-09 00:00:00,11836.798053641447,12129.064672249879,11682.973517531747,12113.682218638907,151075400,0.0
TQQQ.US,3 倍做多纳指 ETF - ProShares,1644469200000,2022-02-10,2022-02-10 00:00:00,11404.166545832915,12096.376958326566,11113.822733925856,11309.949017465724,254286600,0.0
TQQQ.US,3 倍做多纳指 ETF - ProShares,1644555600000,2022-02-11,2022-02-11 00:00:00,11302.257790660238,11450.313906665824,10106.272022407318,10244.714104906048,268511200,0.0
TQQQ.US,3 倍做多纳指 ETF - ProShares,1644814800000,2022-02-14,2022-02-14 00:00:00,10171.64745025394,10569.66843743779,9940.91064608939,10273.556205426617,190125000,0.0
TQQQ.US,3 倍做多纳指 ETF - ProShares,1644901200000,2022-02-15,2022-02-15 00:00:00,10735.029813755718,11044.60169267649,10642.735092089899,11017.682398857292,163444600,0.0
TQQQ.US,3 倍做多纳指 ETF - ProShares,1644987600000,2022-02-16,2022-02-16 00:00:00,10819.633308616054,11113.822733925856,10517.752656500767,11015.75959215592,186181000,0.0
TQQQ.US,3 倍做多纳指 ETF - ProShares,1645074000000,2022-02-17,2022-02-17 00:00:00,10698.496486429663,10777.331561185885,9992.826427026414,10038.973787859324,157671200,0.0
TQQQ.US,3 倍做多纳指 ETF - ProShares,1645160400000,2022-02-18,2022-02-18 00:00:00,10112.040442511432,10150.496576538857,9481.35984446166,9698.637001716612,226165400,0.0
TQQQ.US,3 倍做多纳指 ETF - ProShares,1645506000000,2022-02-22,2022-02-22 00:00:00,9429.444063524636,9902.454512061964,9077.570437173696,9398.679156302696,262876200,0.0
TQQQ.US,3 倍做多纳指 ETF - ProShares,1645592400000,2022-02-23,2022-02-23 00:00:00,9660.180867689187,9735.170329042667,8646.861736066534,8679.549449989847,260920400,0.0
TQQQ.US,3 倍做多纳指 ETF - ProShares,1645678800000,2022-02-24,2022-02-24 00:00:00,7837.360114789236,9585.191406335707,7808.518014268668,9529.43001199594,389734800,0.0
TQQQ.US,3 倍做多纳指 ETF - ProShares,1645765200000,2022-02-25,2022-02-25 00:00:00,9614.033506856276,10000.517653831897,9277.542334116306,9981.289586818186,238372200,0.0
TQQQ.US,3 倍做多纳指 ETF - ProShares,1646024400000,2022-02-28,2022-02-28 00:00:00,9702.482615119354,10227.408844593707,9598.651053245307,10087.043955393605,243401000,0.0
TQQQ.US,3 倍做多纳指 ETF - ProShares,1646110800000,2022-03-01,2022-03-01 00:00:00,9983.212393519558,10185.107097163538,9392.910736198583,9621.724733661762,248145000,0.0
TQQQ.US,3 倍做多纳指 ETF - ProShares,1646197200000,2022-03-02,2022-03-02 00:00:00,9742.86155584815,10200.489550774508,9502.510718176743,10081.275535289491,219495800,0.0
TQQQ.US,3 倍做多纳指 ETF - ProShares,1646283600000,2022-03-03,2022-03-03 00:00:00,10335.086019870498,10340.854439974612,9492.896684669886,9660.180867689187,223888600,0.0
TQQQ.US,3 倍做多纳指 ETF - ProShares,1646370000000,2022-03-04,2022-03-04 00:00:00,9454.440550642463,9575.577372828851,9037.191496444899,9246.777426894367,231391000,0.0
TQQQ.US,3 倍做多纳指 ETF - ProShares,1646629200000,2022-03-07,2022-03-07 00:00:00,9239.086200088881,9333.303728456072,8196.924967945663,8214.230228258002,249752600,0.0
TQQQ.US,3 倍做多纳指 ETF - ProShares,1646715600000,2022-03-08,2022-03-08 00:00:00,8150.777607112751,8844.910826307774,7839.282921490609,8100.784632877099,355936000,0.0
TQQQ.US,3 倍做多纳指 ETF - ProShares,1646802000000,2022-03-09,2022-03-09 00:00:00,8729.5424242255,9075.647630472326,8527.647720581517,8967.970455195535,219074200,0.0
TQQQ.US,3 倍做多纳指 ETF - ProShares,1646888400000,2022-03-10,2022-03-10 00:00:00,8633.402089156936,8771.844171655666,8304.602143222452,8679.549449989847,225574800,0.0
TQQQ.US,3 倍做多纳指 ETF - ProShares,1646974800000,2022-03-11,2022-03-11 00:00:00,8910.286254154398,8935.282741272224,8093.0934060716145,8141.163573605895,197814800,0.0
TQQQ.US,3 倍做多纳指 ETF - ProShares,1647230400000,2022-03-14,2022-03-14 00:00:00,8039.254818433219,8293.065303014224,7606.623310624686,7664.307511665824,246265200,0.0
TQQQ.US,3 倍做多纳指 ETF - ProShares,1647316800000,2022-03-15,2022-03-15 00:00:00,7858.510988504319,8439.19861231844,7737.374166317932,8373.823184471816,211407200,0.0
TQQQ.US,3 倍做多纳指 ETF - ProShares,1647403200000,2022-03-16,2022-03-16 00:00:00,8683.395063392589,9321.766888247845,8400.742478291013,9314.07566144236,326175000,0.0
TQQQ.US,3 倍做多纳指 ETF - ProShares,1647489600000,2022-03-17,2022-03-17 00:00:00,9150.637091825805,9650.56683418233,9044.882723250385,9625.570347064504,192061600,0.0
TQQQ.US,3 倍做多纳指 ETF - ProShares,1647576000000,2022-03-18,2022-03-18 00:00:00,9510.20194498223,10269.710592023874,9408.293189809552,10223.563231190965,201569600,0.0
TQQQ.US,3 倍做多纳指 ETF - ProShares,1647835200000,2022-03-21,2022-03-21 00:00:00,10163.956223448455,10369.696540495179,9762.089622861864,10150.496576538857,221094600,0.0
TQQQ.US,3 倍做多纳指 ETF - ProShares,1647921600000,2022-03-22,2022-03-22 00:00:00,10204.335164177251,10833.092955525653,10165.879030149827,10750.412267366688,186689200,0.0
TQQQ.US,3 倍做多纳指 ETF - ProShares,1648008000000,2022-03-23,2022-03-23 00:00:00,10490.83336268157,10819.633308616054,10287.015852336215,10296.629885843071,205499400,0.0
TQQQ.US,3 倍做多纳指 ETF - ProShares,1648094400000,2022-03-24,2022-03-24 00:00:00,10465.836875563742,10977.303458128497,10269.710592023874,10963.843811218898,171150600,0.0
TQQQ.US,3 倍做多纳指 ETF - ProShares,1648180800000,2022-03-25,2022-03-25 00:00:00,10967.68942462164,11067.675373092945,10546.594757021336,10946.538550906556,198789400,0.0
TQQQ.US,3 倍做多纳指 ETF - ProShares,1648440000000,2022-03-28,2022-03-28 00:00:00,10944.615744205184,11461.850746874052,10831.17014882428,11444.545486561712,183407400,0.0
TQQQ.US,3 倍做多纳指 ETF - ProShares,1648526400000,2022-03-29,2022-03-29 00:00:00,11829.106826835963,12105.990991833423,11563.759502046729,12031.001530479944,204013400,0.0
TQQQ.US,3 倍做多纳指 ETF - ProShares,1648612800000,2022-03-30,2022-03-30 00:00:00,11859.871734057902,12025.23311037583,11498.384074200107,11669.513870622148,167818800,0.0
TQQQ.US,3 倍做多纳指 ETF - ProShares,1648699200000,2022-03-31,2022-03-31 00:00:00,11659.899837115292,11696.433164441345,11133.050800939567,11186.889388577963,168098800,0.0
TQQQ.US,3 倍做多纳指 ETF - ProShares,1648785600000,2022-04-01,2022-04-01 00:00:00,11234.959556112244,11309.949017465724,10844.62979573388,11138.819221043681,176162600,0.0
TQQQ.US,3 倍做多纳指 ETF - ProShares,1649044800000,2022-04-04,2022-04-04 00:00:00,11225.345522605388,11834.875246940075,11196.50342208482,11834.875246940075,137515000,0.0
TQQQ.US,3 倍做多纳指 ETF - ProShares,1649131200000,2022-04-05,2022-04-05 00:00:00,11694.510357739975,11759.885785586597,10933.078903996957,11052.292919481975,172097600,0.0
TQQQ.US,3 倍做多纳指 ETF - ProShares,1649217600000,2022-04-06,2022-04-06 00:00:00,10540.826336917222,10646.580705492639,10075.507115185377,10325.471986363642,296859800,0.0
TQQQ.US,3 倍做多纳指 ETF - ProShares,1649304000000,2022-04-07,2022-04-07 00:00:00,10235.10007139919,10592.742117854246,9917.836965672934,10392.770220911634,229654000,0.0
TQQQ.US,3 倍做多纳指 ETF - ProShares,1649390400000,2022-04-08,2022-04-08 00:00:00,10233.17726469782,10304.321112648558,9902.454512061964,9967.829939908588,204182400,0.0
TQQQ.US,3 倍做多纳指 ETF - ProShares,1649649600000,2022-04-11,2022-04-11 00:00:00,9581.345792932965,9665.9492877933,9219.85813307517,9260.237073803964,185914600,0.0
TQQQ.US,3 倍做多纳指 ETF - ProShares,1649736000000,2022-04-12,2022-04-12 00:00:00,9644.798414078216,9802.468563590659,9016.040622729815,9141.023058318948,247928200,0.0
TQQQ.US,3 倍做多纳指 ETF - ProShares,1649822400000,2022-04-13,2022-04-13 00:00:00,9164.096738735401,9775.549269771462,9100.644117590151,9689.022968209756,190084600,0.0
TQQQ.US,3 倍做多纳指 ETF - ProShares,1649908800000,2022-04-14,2022-04-14 00:00:00,9694.79138831387,9739.015942445407,9004.503782521588,9037.191496444899,167843600,0.0
TQQQ.US,3 倍做多纳指 ETF - ProShares,1650254400000,2022-04-18,2022-04-18 00:00:00,8935.282741272224,9231.394973283395,8810.300305683091,9062.187983562726,175525400,0.0
TQQQ.US,3 倍做多纳指 ETF - ProShares,1650340800000,2022-04-19,2022-04-19 00:00:00,8985.275715507874,9694.79138831387,8904.517834050284,9644.798414078216,172372600,0.0
TQQQ.US,3 倍做多纳指 ETF - ProShares,1650427200000,2022-04-20,2022-04-20 00:00:00,9723.633488834437,9756.32120275775,9121.794991305234,9210.244099568312,215629400,0.0
TQQQ.US,3 倍做多纳指 ETF - ProShares,1650513600000,2022-04-21,2022-04-21 00:00:00,9544.81246560691,9762.089622861864,8573.795081414428,8669.935416482991,268626400,0.0
TQQQ.US,3 倍做多纳指 ETF - ProShares,1650600000000,2022-04-22,2022-04-22 00:00:00,8662.244189677504,8762.23013814881,7937.346063260542,7981.57061739208,248824800,0.0
TQQQ.US,3 倍做多纳指 ETF - ProShares,1650859200000,2022-04-25,2022-04-25 00:00:00,7846.9741482960935,8298.833723118338,7750.83381322753,8277.682849403252,332878800,0.0
TQQQ.US,3 倍做多纳指 ETF - ProShares,1650945600000,2022-04-26,2022-04-26 00:00:00,8118.08989318944,8131.5495400990385,7325.893532224482,7347.044405939567,332263200,0.0
TQQQ.US,3 倍做多纳指 ETF - ProShares,1651032000000,2022-04-27,2022-04-27 00:00:00,7339.353179134082,7733.528552915189,7185.5286430243805,7314.356692016255,316698600,0.0
TQQQ.US,3 倍做多纳指 ETF - ProShares,1651118400000,2022-04-28,2022-04-28 00:00:00,7658.539091561709,8216.153034959372,7360.504052849165,8087.3249859675,344698400,0.0
TQQQ.US,3 倍做多纳指 ETF - ProShares,1651204800000,2022-04-29,2022-04-29 00:00:00,7766.2162668385,8031.563591627734,6960.560258963945,7024.012880109196,320116800,0.0
TQQQ.US,3 倍做多纳指 ETF - ProShares,1651464000000,2022-05-02,2022-05-02 00:00:00,6970.1742924708005,7360.504052849165,6754.819941917221,7354.735632745052,311905600,0.0
TQQQ.US,3 倍做多纳指 ETF - ProShares,1651550400000,2022-05-03,2022-05-03 00:00:00,7343.198792536823,7531.6338492712075,7172.068996114782,7372.040893057393,285565600,0.0
TQQQ.US,3 倍做多纳指 ETF - ProShares,1651636800000,2022-05-04,2022-05-04 00:00:00,7400.882993577962,8162.3144473209795,7024.012880109196,8102.707439578469,438806800,0.0
TQQQ.US,3 倍做多纳指 ETF - ProShares,1651723200000,2022-05-05,2022-05-05 00:00:00,7787.367140553584,7789.289947254954,6637.528733133574,6895.184831117322,455552600,0.0
TQQQ.US,3 倍做多纳指 ETF - ProShares,1651809600000,2022-05-06,2022-05-06 00:00:00,6747.128715111736,7024.012880109196,6364.490181538855,6654.8339934459145,466794400,0.0
TQQQ.US,3 倍做多纳指 ETF - ProShares,1652068800000,2022-05-09,2022-05-09 00:00:00,6260.658619664808,6426.019995982735,5770.342910815138,5868.406052585071,420419800,0.0
TQQQ.US,3 倍做多纳指 ETF - ProShares,1652155200000,2022-05-10,2022-05-10 00:00:00,6291.423526886747,6360.644568136112,5822.258691752161,6070.300756229053,463579600,0.0
TQQQ.US,3 倍做多纳指 ETF - ProShares,1652241600000,2022-05-11,2022-05-11 00:00:00,5931.858673730323,6268.3498464702925,5474.230678803963,5529.9920731437305,529531800,0.0
TQQQ.US,3 倍做多纳指 ETF - ProShares,1652328000000,2022-05-12,2022-05-12 00:00:00,5274.258781861353,5747.269230398682,5131.971085959881,5485.767519012192,590993000,0.0
TQQQ.US,3 倍做多纳指 ETF - ProShares,1652414400000,2022-05-13,2022-05-13 00:00:00,5739.5780035931975,6152.981444388017,5649.206088628748,6081.83759643728,395948000,0.0
TQQQ.US,3 倍做多纳指 ETF - ProShares,1652673600000,2022-05-16,2022-05-16 00:00:00,5985.697261368718,6110.679696957849,5803.030624738449,5893.402539702897,318388000,0.0
TQQQ.US,3 倍做多纳指 ETF - ProShares,1652760000000,2022-05-17,2022-05-17 00:00:00,6235.6621325469805,6360.644568136112,6006.848135083801,6337.570887719658,307981400,0.0
TQQQ.US,3 倍做多纳指 ETF - ProShares,1652846400000,2022-05-18,2022-05-18 00:00:00,6049.149882513969,6093.3744366455085,5324.251756097006,5412.700864360083,328105200,0.0
TQQQ.US,3 倍做多纳指 ETF - ProShares,1652932800000,2022-05-19,2022-05-19 00:00:00,5295.409655576437,5579.985047379383,5199.269320507874,5303.100882381922,392015600,0.0
TQQQ.US,3 倍做多纳指 ETF - ProShares,1653019200000,2022-05-20,2022-05-20 00:00:00,5508.841199428646,5545.3745267547,4793.5571065185395,5256.953521549012,458111200,0.0
TQQQ.US,3 倍做多纳指 ETF - ProShares,1653278400000,2022-05-23,2022-05-23 00:00:00,5316.560529291521,5543.451720053328,5183.886866896904,5516.532426234132,341040600,0.0
TQQQ.US,3 倍做多纳指 ETF - ProShares,1653364800000,2022-05-24,2022-05-24 00:00:00,5220.420194222957,5260.799134951754,4889.697441587102,5172.350026688677,366488600,0.0
TQQQ.US,3 倍做多纳指 ETF - ProShares,1653451200000,2022-05-25,2022-05-25 00:00:00,5083.900918425599,5499.22716592179,5074.2868849187425,5380.013150436772,361283800,0.0
TQQQ.US,3 倍做多纳指 ETF - ProShares,1653537600000,2022-05-26,2022-05-26 00:00:00,5337.711403006605,5918.3990268207235,5322.3289493956345,5829.949918557646,337131600,0.0
TQQQ.US,3 倍做多纳指 ETF - ProShares,1653624000000,2022-05-27,2022-05-27 00:00:00,6018.384975292029,6410.637542371765,6012.616555187915,6401.023508864909,315035800,0.0
TQQQ.US,3 倍做多纳指 ETF - ProShares,1653969600000,2022-05-31,2022-05-31 00:00:00,6402.94631556628,6537.542784662268,6101.065663450993,6354.876148031998,369158600,0.0
TQQQ.US,3 倍做多纳指 ETF - ProShares,1654056000000,2022-06-01,2022-06-01 00:00:00,6481.7813903225015,6620.223472821232,6066.45514282631,6206.820032026412,398894200,0.0
TQQQ.US,3 倍做多纳指 ETF - ProShares,1654142400000,2022-06-02,2022-06-02 00:00:00,6137.598990777047,6725.977841396651,6047.227075812598,6710.595387785681,336861400,0.0
TQQQ.US,3 倍做多纳指 ETF - ProShares,1654228800000,2022-06-03,2022-06-03 00:00:00,6372.18140834434,6466.398936711532,6106.834083555107,6179.900738207214,324723800,0.0
TQQQ.US,3 倍做多纳指 ETF - ProShares,1654488000000,2022-06-06,2022-06-06 00:00:00,6464.47613001016,6562.539271780095,6152.981444388017,6256.813006262065,300958600,0.0
TQQQ.US,3 倍做多纳指 ETF - ProShares,1654574400000,2022-06-07,2022-06-07 00:00:00,6041.458655708484,6460.630516607418,5970.314807757748,6408.714735670394,274886600,0.0
TQQQ.US,3 倍做多纳指 ETF - ProShares,1654660800000,2022-06-08,2022-06-08 00:00:00,6360.644568136112,6526.00594445404,6216.434065533268,6277.963879977148,225706000,0.0
TQQQ.US,3 倍做多纳指 ETF - ProShares,1654747200000,2022-06-09,2022-06-09 00:00:00,6166.4410912976155,6356.79895473337,5754.960457204167,5766.497297412394,275959400,0.0
TQQQ.US,3 倍做多纳指 ETF - ProShares,1654833600000,2022-06-10,2022-06-10 00:00:00,5433.851738075167,5503.072779324532,5128.125472557138,5151.199152973592,343352200,0.0
TQQQ.US,3 倍做多纳指 ETF - ProShares,1655092800000,2022-06-13,2022-06-13 00:00:00,4666.651864228036,4803.171140025395,4387.844892529204,4437.837866764857,426731400,0.0
TQQQ.US,3 倍做多纳指 ETF - ProShares,1655179200000,2022-06-14,2022-06-14 00:00:00,4545.515042041648,4589.739596173186,4330.160691488067,4466.679967285426,393201000,0.0
TQQQ.US,3 倍做多纳指 ETF - ProShares,1655265600000,2022-06-15,2022-06-15 00:00:00,4626.27292349924,4983.914969954294,4487.83084100051,4787.788686414426,549823000,0.0
TQQQ.US,3 倍做多纳指 ETF - ProShares,1655352000000,2022-06-16,2022-06-16 00:00:00,4420.532606452515,4445.529093570342,4099.423887323516,4203.255449197564,424284400,0.0
TQQQ.US,3 倍做多纳指 ETF - ProShares,1655438400000,2022-06-17,2022-06-17 00:00:00,4243.63438992636,4476.2940007922825,4162.8765084687675,4359.002792008636,441181000,0.0
TQQQ.US,3 倍做多纳指 ETF - ProShares,1655784000000,2022-06-21,2022-06-21 00:00:00,4580.12556266633,4803.171140025395,4572.434335860845,4687.8027379431205,318408200,0.0
TQQQ.US,3 倍做多纳指 ETF - ProShares,1655870400000,2022-06-22,2022-06-22 00:00:00,4558.974688951246,4893.543054989845,4528.209781729306,4670.497477630779,388973600,0.0
TQQQ.US,3 倍做多纳指 ETF - ProShares,1655956800000,2022-06-23,2022-06-23 00:00:00,4795.4799132199105,4916.6167354063,4647.423797214325,4870.469374573389,365372800,0.0
TQQQ.US,3 倍做多纳指 ETF - ProShares,1656043200000,2022-06-24,2022-06-24 00:00:00,5020.448297280347,5391.5499906449995,5008.91145707212,5380.013150436772,303635000,0.0
TQQQ.US,3 倍做多纳指 ETF - ProShares,1656302400000,2022-06-27,2022-06-27 00:00:00,5451.156998387509,5479.999098908078,5191.578093702389,5253.107908146269,338262000,0.0
TQQQ.US,3 倍做多纳指 ETF - ProShares,1656388800000,2022-06-28,2022-06-28 00:00:00,5280.027201965467,5424.2377045683115,4760.869392595228,4774.329039504826,373741600,0.0
TQQQ.US,3 倍做多纳指 ETF - ProShares,1656475200000,2022-06-29,2022-06-29 00:00:00,4764.71500599797,4862.778147767905,4633.964150304725,4783.943073011683,380182200,0.0
TQQQ.US,3 倍做多纳指 ETF - ProShares,1656561600000,2022-06-30,2022-06-30 00:00:00,4626.27292349924,4785.865879713055,4374.3852456196055,4614.736083291013,512407800,0.0
TQQQ.US,3 倍做多纳指 ETF - ProShares,1656648000000,2022-07-01,2022-07-01 00:00:00,4537.823815236163,4710.876418359576,4441.6834801676,4689.7255446444915,417200800,0.0
TQQQ.US,3 倍做多纳指 ETF - ProShares,1656993600000,2022-07-05,2022-07-05 00:00:00,4501.290487910109,4937.767609121383,4422.455413153887,4931.99918901727,441108000,0.0
TQQQ.US,3 倍做多纳指 ETF - ProShares,1657080000000,2022-07-06,2022-07-06 00:00:00,4955.072869433725,5137.739506063994,4860.855341066534,5026.216717384461,412245800,0.0
TQQQ.US,3 倍做多纳指 ETF - ProShares,1657166400000,2022-07-07,2022-07-07 00:00:00,5072.364078217372,5383.858763839515,5070.441271516001,5337.711403006605,275732600,0.0
TQQQ.US,3 倍做多纳指 ETF - ProShares,1657252800000,2022-07-08,2022-07-08 00:00:00,5189.655287001017,5443.465771582023,5135.816699362623,5362.707890124431,319458400,0.0
TQQQ.US,3 倍做多纳指 ETF - ProShares,1657512000000,2022-07-11,2022-07-11 00:00:00,5230.034227729814,5243.493874639413,4972.378129746066,5020.448297280347,258448200,0.0
TQQQ.US,3 倍做多纳指 ETF - ProShares,1657598400000,2022-07-12,2022-07-12 00:00:00,5083.900918425599,5187.732480299646,4789.711493115797,4874.314987976132,319233000,0.0
TQQQ.US,3 倍做多纳指 ETF - ProShares,1657684800000,2022-07-13,2022-07-13 00:00:00,4583.9711760690725,4966.609709641952,4555.129075548504,4843.550080754192,361151000,0.0
TQQQ.US,3 倍做多纳指 ETF - ProShares,1657771200000,2022-07-14,2022-07-14 00:00:00,4705.107998255461,4937.767609121383,4541.669428638905,4893.543054989845,351647000,0.0
TQQQ.US,3 倍做多纳指 ETF - ProShares,1657857600000,2022-07-15,2022-07-15 00:00:00,5051.213204502287,5162.735993181821,4962.76409623921,5151.199152973592,308760400,0.0
TQQQ.US,3 倍做多纳指 ETF - ProShares,1658116800000,2022-07-18,2022-07-18 00:00:00,5308.869302486036,5383.858763839515,4964.686902940581,5031.985137488576,319900400,0.0
TQQQ.US,3 倍做多纳指 ETF - ProShares,1658203200000,2022-07-19,2022-07-19 00:00:00,5220.420194222957,5503.072779324532,5131.971085959881,5472.307872102592,298643400,0.0
TQQQ.US,3 倍做多纳指 ETF - ProShares,1658289600000,2022-07-20,2022-07-20 00:00:00,5510.764006130017,5816.490271648047,5468.46225869985,5747.269230398682,377126200,0.0
TQQQ.US,3 倍做多纳指 ETF - ProShares,1658376000000,2022-07-21,2022-07-21 00:00:00,5770.342910815138,5995.311294875574,5618.441181406808,5991.465681472831,319381800,0.0
TQQQ.US,3 倍做多纳指 ETF - ProShares,1658462400000,2022-07-22,2022-07-22 00:00:00,5937.627093834436,6062.609529423568,5566.525400469784,5678.048189149317,298800800,0.0
TQQQ.US,3 倍做多纳指 ETF - ProShares,1658721600000,2022-07-25,2022-07-25 00:00:00,5678.048189149317,5704.967482968515,5462.693838595736,5593.444694288982,220897600,0.0
TQQQ.US,3 倍做多纳指 ETF - ProShares,1658808000000,2022-07-26,2022-07-26 00:00:00,5478.076292206706,5493.458745817677,5201.192127209246,5255.03071484764,231755600,0.0
TQQQ.US,3 倍做多纳指 ETF - ProShares,1658894400000,2022-07-27,2022-07-27 00:00:00,5499.22716592179,6008.770941785173,5466.539451998478,5910.707800015239,341919000,0.0
TQQQ.US,3 倍做多纳指 ETF - ProShares,1658980800000,2022-07-28,2022-07-28 00:00:00,5899.170959807011,6118.370923763334,5676.125382447945,6079.914789735909,324071800,0.0
TQQQ.US,3 倍做多纳指 ETF - ProShares,1659067200000,2022-07-29,2022-07-29 00:00:00,6177.977931505844,6470.244550114274,6089.528823242766,6414.483155774507,292146400,0.0
TQQQ.US,3 倍做多纳指 ETF - ProShares,1659326400000,2022-08-01,2022-08-01 00:00:00,6302.960367094975,6618.300666119861,6237.5849392483515,6404.869122267652,285283000,0.0
TQQQ.US,3 倍做多纳指 ETF - ProShares,1659412800000,2022-08-02,2022-08-02 00:00:00,6256.813006262065,6604.841019210262,6193.360385116814,6345.262114525142,325375000,0.0
TQQQ.US,3 倍做多纳指 ETF - ProShares,1659499200000,2022-08-03,2022-08-03 00:00:00,6451.01648310056,6912.490091429663,6404.869122267652,6852.883083687154,294213800,0.0
TQQQ.US,3 倍做多纳指 ETF - ProShares,1659585600000,2022-08-04,2022-08-04 00:00:00,6862.49711719401,6974.019905873543,6722.132227993909,6950.946225457087,253567200,0.0
TQQQ.US,3 倍做多纳指 ETF - ProShares,1659672000000,2022-08-05,2022-08-05 00:00:00,6620.223472821232,6918.258511533776,6566.384885182836,6785.58484913916,283898600,0.0
TQQQ.US,3 倍做多纳指 ETF - ProShares,1659931200000,2022-08-08,2022-08-08 00:00:00,6845.191856881669,7081.697081150332,6622.1462795226025,6716.363807889795,267787800,0.0
TQQQ.US,3 倍做多纳指 ETF - ProShares,1660017600000,2022-08-09,2022-08-09 00:00:00,6591.381372300663,6608.686632613004,6381.795441851195,6485.627003725243,218406000,0.0
TQQQ.US,3 倍做多纳指 ETF - ProShares,1660104000000,2022-08-10,2022-08-10 00:00:00,6949.023418755716,7045.163753824279,6789.430462541903,7018.244460005082,271554400,0.0
TQQQ.US,3 倍做多纳指 ETF - ProShares,1660190400000,2022-08-11,2022-08-11 00:00:00,7177.837416218896,7310.511078613513,6858.651503791268,6912.490091429663,273361000,0.0
TQQQ.US,3 倍做多纳指 ETF - ProShares,1660276800000,2022-08-12,2022-08-12 00:00:00,7037.472527018795,7316.279498717626,6968.25148576943,7302.819851808027,211187000,0.0
TQQQ.US,3 倍做多纳指 ETF - ProShares,1660536000000,2022-08-15,2022-08-15 00:00:00,7239.367230662776,7514.328588958865,7237.444423961405,7477.795261632812,196308400,0.0
TQQQ.US,3 倍做多纳指 ETF - ProShares,1660622400000,2022-08-16,2022-08-16 00:00:00,7414.342640487561,7572.012790000003,7216.2935502463215,7429.7250940985305,220755800,0.0
TQQQ.US,3 倍做多纳指 ETF - ProShares,1660708800000,2022-08-17,2022-08-17 00:00:00,7212.447936843578,7370.118086356021,7027.858493511937,7172.068996114782,262838400,0.0
TQQQ.US,3 倍做多纳指 ETF - ProShares,1660795200000,2022-08-18,2022-08-18 00:00:00,7164.377769309297,7298.974238405285,7054.777787331135,7220.1391636490625,192140800,0.0
TQQQ.US,3 倍做多纳指 ETF - ProShares,1660881600000,2022-08-19,2022-08-19 00:00:00,7014.398846602338,7056.700594032507,6743.283101708992,6797.1216893473875,224256600,0.0
TQQQ.US,3 倍做多纳指 ETF - ProShares,1661140800000,2022-08-22,2022-08-22 00:00:00,6516.391910947184,6531.774364558154,6202.974418623669,6262.581426366179,224975400,0.0
TQQQ.US,3 倍做多纳指 ETF - ProShares,1661227200000,2022-08-23,2022-08-23 00:00:00,6235.6621325469805,6412.560349073136,6191.437578415443,6241.430552651094,219509800,0.0
TQQQ.US,3 倍做多纳指 ETF - ProShares,1661313600000,2022-08-24,2022-08-24 00:00:00,6210.665645429154,6402.94631556628,6172.209511401729,6289.500720185376,187005600,0.0
TQQQ.US,3 倍做多纳指 ETF - ProShares,1661400000000,2022-08-25,2022-08-25 00:00:00,6399.100702163538,6622.1462795226025,6333.725274316915,6620.223472821232,222052600,0.0
TQQQ.US,3 倍做多纳指 ETF - ProShares,1661486400000,2022-08-26,2022-08-26 00:00:00,6604.841019210262,6679.830480563741,5806.876238141191,5814.5674649466755,366276600,0.0
TQQQ.US,3 倍做多纳指 ETF - ProShares,1661745600000,2022-08-29,2022-08-29 00:00:00,5643.437668524634,5791.493784530221,5568.448207171155,5635.746441719149,248441000,0.0
TQQQ.US,3 倍做多纳指 ETF - ProShares,1661832000000,2022-08-30,2022-08-30 00:00:00,5728.041163384969,5758.806070606909,5299.255268979179,5447.311384984766,327014800,0.0
TQQQ.US,3 倍做多纳指 ETF - ProShares,1661918400000,2022-08-31,2022-08-31 00:00:00,5606.90434119858,5653.05170203149,5339.634209707976,5347.325436513461,341030600,0.0
TQQQ.US,3 倍做多纳指 ETF - ProShares,1662004800000,2022-09-01,2022-09-01 00:00:00,5206.960547313359,5370.399116929916,5003.1430369680065,5353.093856617575,397320400,0.0
TQQQ.US,3 倍做多纳指 ETF - ProShares,1662091200000,2022-09-02,2022-09-02 00:00:00,5506.918392727275,5583.830660782125,5031.985137488576,5130.048279258509,454463000,0.0
TQQQ.US,3 倍做多纳指 ETF - ProShares,1662436800000,2022-09-06,2022-09-06 00:00:00,5145.4307328694795,5195.423707105132,4895.465861691216,5012.757070474862,361083400,0.0
TQQQ.US,3 倍做多纳指 ETF - ProShares,1662523200000,2022-09-07,2022-09-07 00:00:00,5033.907944189947,5364.630696825802,5020.448297280347,5308.869302486036,331569600,0.0
TQQQ.US,3 倍做多纳指 ETF - ProShares,1662609600000,2022-09-08,2022-09-08 00:00:00,5197.346513806503,5464.616645297107,5122.357052453024,5395.395604047742,410799800,0.0
TQQQ.US,3 倍做多纳指 ETF - ProShares,1662696000000,2022-09-09,2022-09-09 00:00:00,5514.60961953276,5772.265717516509,5510.764006130017,5737.655196891826,298735800,0.0
TQQQ.US,3 倍做多纳指 ETF - ProShares,1662955200000,2022-09-12,2022-09-12 00:00:00,5826.104305154903,5966.469194355005,5804.95343143982,5947.241127341293,273141200,0.0
TQQQ.US,3 倍做多纳指 ETF - ProShares,1663041600000,2022-09-13,2022-09-13 00:00:00,5430.006124672424,5501.149972623161,4914.693928704928,4968.532516343324,391296600,0.0
TQQQ.US,3 倍做多纳指 ETF - ProShares,1663128000000,2022-09-14,2022-09-14 00:00:00,5024.29391068309,5128.125472557138,4930.076382315899,5080.055305022856,309291800,0.0
TQQQ.US,3 倍做多纳指 ETF - ProShares,1663214400000,2022-09-15,2022-09-15 00:00:00,4976.223743148808,5105.051792140683,4739.718518880144,4824.32201374048,393730600,0.0
TQQQ.US,3 倍做多纳指 ETF - ProShares,1663300800000,2022-09-16,2022-09-16 00:00:00,4655.115024019809,4755.100972491115,4551.283462145761,4730.104485373288,392143600,0.0
TQQQ.US,3 倍做多纳指 ETF - ProShares,1663560000000,2022-09-19,2022-09-19 00:00:00,4603.199243082785,4851.241307559677,4599.353629680043,4843.550080754192,302692600,0.0
TQQQ.US,3 倍做多纳指 ETF - ProShares,1663646400000,2022-09-20,2022-09-20 00:00:00,4716.64483846369,4843.550080754192,4610.89046988827,4728.181678671916,322118600,0.0
TQQQ.US,3 倍做多纳指 ETF - ProShares,1663732800000,2022-09-21,2022-09-21 00:00:00,4770.483426102084,4983.914969954294,4466.679967285426,4468.602773986797,591115200,0.0
TQQQ.US,3 倍做多纳指 ETF - ProShares,1663819200000,2022-09-22,2022-09-22 00:00:00,4393.613312633319,4443.6062868689705,4243.63438992636,4303.2413976688695,431084000,0.0
TQQQ.US,3 倍做多纳指 ETF - ProShares,1663905600000,2022-09-23,2022-09-23 00:00:00,4191.718608989337,4203.255449197564,3932.139704304217,4097.501080622144,561304000,0.0
TQQQ.US,3 倍做多纳指 ETF - ProShares,1664164800000,2022-09-26,2022-09-26 00:00:00,4068.658980101576,4270.553683745558,4005.2063589563245,4041.7396862823784,490607800,0.0
TQQQ.US,3 倍做多纳指 ETF - ProShares,1664251200000,2022-09-27,2022-09-27 00:00:00,4195.564222392079,4297.472977564756,3941.7537378110733,4045.585299685121,543921200,0.0
TQQQ.US,3 倍做多纳指 ETF - ProShares,1664337600000,2022-09-28,2022-09-28 00:00:00,4043.66249298375,4343.620338397665,3976.364258435756,4282.090523953785,512039000,0.0
TQQQ.US,3 倍做多纳指 ETF - ProShares,1664424000000,2022-09-29,2022-09-29 00:00:00,4097.501080622144,4112.883534233115,3772.546748090403,3920.6028640959894,540195600,0.0
TQQQ.US,3 倍做多纳指 ETF - ProShares,1664510400000,2022-09-30,2022-09-30 00:00:00,3876.3783099644506,4055.1993331919775,3707.1713202437804,3714.8625470492652,513197600,0.0
TQQQ.US,3 倍做多纳指 ETF - ProShares,1664769600000,2022-10-03,2022-10-03 00:00:00,3787.9292017013727,4039.8168795810075,3722.55377385475,3972.5186450330134,447222600,0.0
TQQQ.US,3 倍做多纳指 ETF - ProShares,1664856000000,2022-10-04,2022-10-04 00:00:00,4210.946676003049,4378.230859022348,4209.023869301678,4341.697531696294,463323600,0.0
TQQQ.US,3 倍做多纳指 ETF - ProShares,1664942400000,2022-10-05,2022-10-05 00:00:00,4166.72212187151,4422.455413153887,4039.8168795810075,4341.697531696294,458399000,0.0
TQQQ.US,3 倍做多纳指 ETF - ProShares,1665028800000,2022-10-06,2022-10-06 00:00:00,4287.858944057899,4433.992253362115,4214.792289405792,4232.097549718133,475087200,0.0
TQQQ.US,3 倍做多纳指 ETF - ProShares,1665115200000,2022-10-07,2022-10-07 00:00:00,4014.8203924631807,4020.5888125672946,3684.097639827325,3749.4730676739478,501945200,0.0
TQQQ.US,3 倍做多纳指 ETF - ProShares,1665374400000,2022-10-10,2022-10-10 00:00:00,3753.31868107669,3770.6239413890316,3518.7362635093973,3632.181858890301,412999600,0.0
TQQQ.US,3 倍做多纳指 ETF - ProShares,1665460800000,2022-10-11,2022-10-11 00:00:00,3561.0380109395646,3680.2520264245827,3411.0590882326064,3487.971356287457,529747000,0.0
TQQQ.US,3 倍做多纳指 ETF - ProShares,1665547200000,2022-10-12,2022-10-12 00:00:00,3505.276616599798,3584.11169135602,3447.592415558661,3480.2801294819724,401483800,0.0
TQQQ.US,3 倍做多纳指 ETF - ProShares,1665633600000,2022-10-13,2022-10-13 00:00:00,3176.4766706653136,3772.546748090403,3138.0205366378887,3712.939740347894,829507200,0.0
TQQQ.US,3 倍做多纳指 ETF - ProShares,1665720000000,2022-10-14,2022-10-14 00:00:00,3816.771302221942,3841.767789339768,3357.220500594212,3378.3713743092953,670132600,0.0
TQQQ.US,3 倍做多纳指 ETF - ProShares,1665979200000,2022-10-17,2022-10-17 00:00:00,3616.799405279331,3749.4730676739478,3614.87659857796,3711.016933646523,460050800,0.0
TQQQ.US,3 倍做多纳指 ETF - ProShares,1666065600000,2022-10-18,2022-10-18 00:00:00,4012.8975857618098,4037.894072879636,3686.0204465286965,3803.311655312343,692553800,0.0
TQQQ.US,3 倍做多纳指 ETF - ProShares,1666152000000,2022-10-19,2022-10-19 00:00:00,3732.1678073616063,3891.7607635754202,3655.2555393067564,3757.1642944794326,519702200,0.0
TQQQ.US,3 倍做多纳指 ETF - ProShares,1666238400000,2022-10-20,2022-10-20 00:00:00,3716.785353750636,3935.9853177069594,3645.6415057999,3693.7116733341813,529703000,0.0
TQQQ.US,3 倍做多纳指 ETF - ProShares,1666324800000,2022-10-21,2022-10-21 00:00:00,3649.4871192026426,3978.2870651371272,3601.416951668361,3955.213384720672,627458000,0.0
TQQQ.US,3 倍做多纳指 ETF - ProShares,1666584000000,2022-10-24,2022-10-24 00:00:00,3966.7502249288996,4128.2659878440845,3807.1572687150856,4089.80985381666,549244000,0.0
TQQQ.US,3 倍做多纳指 ETF - ProShares,1666670400000,2022-10-25,2022-10-25 00:00:00,4130.188794545456,4353.234371904522,4128.2659878440845,4335.929111592181,476799600,0.0
TQQQ.US,3 倍做多纳指 ETF - ProShares,1666756800000,2022-10-26,2022-10-26 00:00:00,4072.5045935043186,4326.315078085325,4024.4344259700374,4049.4309130878632,558931800,0.0
TQQQ.US,3 倍做多纳指 ETF - ProShares,1666843200000,2022-10-27,2022-10-27 00:00:00,3997.5151321508397,4060.9677532960914,3801.3888486109718,3826.3853357287976,513258800,0.0
TQQQ.US,3 倍做多纳指 ETF - ProShares,1666929600000,2022-10-28,2022-10-28 00:00:00,3797.543235208229,4193.641415690708,3789.852008402744,4172.490541975624,510777200,0.0
TQQQ.US,3 倍做多纳指 ETF - ProShares,1667188800000,2022-10-31,2022-10-31 00:00:00,4072.5045935043186,4109.037920830373,3939.830931109702,4028.28003937278,419122200,0.0
TQQQ.US,3 倍做多纳指 ETF - ProShares,1667275200000,2022-11-01,2022-11-01 00:00:00,4180.181768781109,4205.178255898935,3885.992343471307,3903.2976037836484,430464800,0.0
TQQQ.US,3 倍做多纳指 ETF - ProShares,1667361600000,2022-11-02,2022-11-02 00:00:00,3899.451990380906,4034.0484594768936,3495.662583092942,3499.5081964956844,662952600,0.0
TQQQ.US,3 倍做多纳指 ETF - ProShares,1667448000000,2022-11-03,2022-11-03 00:00:00,3393.7538279202654,3451.4380289614032,3276.4626191366187,3297.6134928517026,424463600,0.0
TQQQ.US,3 倍做多纳指 ETF - ProShares,1667534400000,2022-11-04,2022-11-04 00:00:00,3486.0485495860858,3528.3502970162535,3239.9292918105652,3451.4380289614032,764740400,0.0
TQQQ.US,3 倍做多纳指 ETF - ProShares,1667797200000,2022-11-07,2022-11-07 00:00:00,3491.8169696901996,3584.11169135602,3405.290668128493,3561.0380109395646,401886800,0.0
TQQQ.US,3 倍做多纳指 ETF - ProShares,1667883600000,2022-11-08,2022-11-08 00:00:00,3624.4906320848163,3772.546748090403,3478.357322780601,3637.9502789944154,592112600,0.0
TQQQ.US,3 倍做多纳指 ETF - ProShares,1667970000000,2022-11-09,2022-11-09 00:00:00,3562.960817640936,3595.648531564247,3370.6801475038105,3384.1397944134096,431138200,0.0
TQQQ.US,3 倍做多纳指 ETF - ProShares,1668056400000,2022-11-10,2022-11-10 00:00:00,3874.455503263079,4141.725634753684,3787.9292017013727,4124.420374441343,656884800,0.0
TQQQ.US,3 倍做多纳指 ETF - ProShares,1668142800000,2022-11-11,2022-11-11 00:00:00,4120.5747610386,4389.767699230575,4060.9677532960914,4359.002792008636,614268400,0.0
TQQQ.US,3 倍做多纳指 ETF - ProShares,1668402000000,2022-11-14,2022-11-14 00:00:00,4262.862456940074,4414.764186348402,4195.564222392079,4243.63438992636,428451800,0.0
TQQQ.US,3 倍做多纳指 ETF - ProShares,1668488400000,2022-11-15,2022-11-15 00:00:00,4547.437848743019,4605.122049784156,4264.7852636414445,4414.764186348402,636531400,0.0
TQQQ.US,3 倍做多纳指 ETF - ProShares,1668574800000,2022-11-16,2022-11-16 00:00:00,4326.315078085325,4341.697531696294,4195.564222392079,4235.943163120875,383358800,0.0
TQQQ.US,3 倍做多纳指 ETF - ProShares,1668661200000,2022-11-17,2022-11-17 00:00:00,4028.28003937278,4270.553683745558,4020.5888125672946,4203.255449197564,426924400,0.0
TQQQ.US,3 倍做多纳指 ETF - ProShares,1668747600000,2022-11-18,2022-11-18 00:00:00,4337.8519182935515,4341.697531696294,4091.7326605180315,4199.409835794821,389577000,0.0
TQQQ.US,3 倍做多纳指 ETF - ProShares,1669006800000,2022-11-21,2022-11-21 00:00:00,4137.880021350941,4191.718608989337,4032.125652775522,4072.5045935043186,288222600,0.0
TQQQ.US,3 倍做多纳指 ETF - ProShares,1669093200000,2022-11-22,2022-11-22 00:00:00,4101.346694024887,4249.402810030474,4005.2063589563245,4243.63438992636,292477200,0.0
TQQQ.US,3 倍做多纳指 ETF - ProShares,1669179600000,2022-11-23,2022-11-23 00:00:00,4239.788776523618,4397.458926036061,4232.097549718133,4370.5396322168635,357567000,0.0
TQQQ.US,3 倍做多纳指 ETF - ProShares,1669352400000,2022-11-25,2022-11-25 00:00:00,4295.550170863385,4326.315078085325,4259.01684353733,4280.167717252414,134753000,0.0
TQQQ.US,3 倍做多纳指 ETF - ProShares,1669611600000,2022-11-28,2022-11-28 00:00:00,4191.718608989337,4282.090523953785,4049.4309130878632,4091.7326605180315,262765200,0.0
TQQQ.US,3 倍做多纳指 ETF - ProShares,1669698000000,2022-11-29,2022-11-29 00:00:00,4099.423887323516,4118.651954337229,3935.9853177069594,3993.6695187480973,275805400,0.0
TQQQ.US,3 倍做多纳指 ETF - ProShares,1669784400000,2022-11-30,2022-11-30 00:00:00,4009.0519723590673,4547.437848743019,3970.595838331642,4530.132588430677,545469800,0.0
TQQQ.US,3 倍做多纳指 ETF - ProShares,1669870800000,2022-12-01,2022-12-01 00:00:00,4557.051882249875,4647.423797214325,4424.378219855259,4555.129075548504,411007200,0.0
TQQQ.US,3 倍做多纳指 ETF - ProShares,1669957200000,2022-12-02,2022-12-02 00:00:00,4316.701044578468,4543.592235340276,4305.16420437024,4501.290487910109,363310000,0.0
TQQQ.US,3 倍做多纳指 ETF - ProShares,1670216400000,2022-12-05,2022-12-05 00:00:00,4399.381732737432,4460.911547181312,4203.255449197564,4274.3992971483,301980000,0.0
TQQQ.US,3 倍做多纳指 ETF - ProShares,1670302800000,2022-12-06,2022-12-06 00:00:00,4264.7852636414445,4270.553683745558,3941.7537378110733,4003.2835522549535,339801000,0.0
TQQQ.US,3 倍做多纳指 ETF - ProShares,1670389200000,2022-12-07,2022-12-07 00:00:00,3953.2905780193005,4043.66249298375,3880.223923367193,3955.213384720672,347335800,0.0
TQQQ.US,3 倍做多纳指 ETF - ProShares,1670475600000,2022-12-08,2022-12-08 00:00:00,4012.8975857618098,4134.034407948198,3920.6028640959894,4095.578273920774,377840200,0.0
TQQQ.US,3 倍做多纳指 ETF - ProShares,1670562000000,2022-12-09,2022-12-09 00:00:00,4047.5081063864923,4170.567735274253,3993.6695187480973,4016.743199164552,354007800,0.0
TQQQ.US,3 倍做多纳指 ETF - ProShares,1670821200000,2022-12-12,2022-12-12 00:00:00,4020.5888125672946,4164.7993151701385,3974.441451734385,4162.8765084687675,225655000,0.0
TQQQ.US,3 倍做多纳指 ETF - ProShares,1670907600000,2022-12-13,2022-12-13 00:00:00,4649.346603915696,4658.960637422551,4176.336155378366,4293.627364162013,695385600,0.0
TQQQ.US,3 倍做多纳指 ETF - ProShares,1670994000000,2022-12-14,2022-12-14 00:00:00,4270.553683745558,4420.532606452515,4053.2765264906056,4191.718608989337,578911000,0.0
TQQQ.US,3 倍做多纳指 ETF - ProShares,1671080400000,2022-12-15,2022-12-15 00:00:00,4010.9747790604383,4043.66249298375,3720.630967153379,3776.3923614931455,428053200,0.0
TQQQ.US,3 倍做多纳指 ETF - ProShares,1671166800000,2022-12-16,2022-12-16 00:00:00,3745.6274542712054,3809.0800754164566,3597.5713382656186,3664.869572813612,351284200,0.0
TQQQ.US,3 倍做多纳指 ETF - ProShares,1671426000000,2022-12-19,2022-12-19 00:00:00,3672.560799619098,3678.3292197232113,3457.206449065517,3512.9678434052835,310533000,0.0
TQQQ.US,3 倍做多纳指 ETF - ProShares,1671512400000,2022-12-20,2022-12-20 00:00:00,3461.0520624682595,3568.7292377450494,3397.5994413230083,3497.5853897943134,345762400,0.0
TQQQ.US,3 倍做多纳指 ETF - ProShares,1671598800000,2022-12-21,2022-12-21 00:00:00,3539.8871372244807,3701.4029001396666,3505.276616599798,3649.4871192026426,326374600,0.0
TQQQ.US,3 倍做多纳指 ETF - ProShares,1671685200000,2022-12-22,2022-12-22 00:00:00,3523.4684456020245,3527.3340171276436,3204.558794738429,3390.106227968157,460900400,0.0
TQQQ.US,3 倍做多纳指 ETF - ProShares,1671771600000,2022-12-23,2022-12-23 00:00:00,3326.3242977954383,3424.896371698731,3252.8784388086706,3399.7701567822055,330134600,0.0
TQQQ.US,3 倍做多纳指 ETF - ProShares,1672117200000,2022-12-27,2022-12-27 00:00:00,3374.64394186568,3378.509513391299,3231.6177954177642,3254.8112245714806,263200600,0.0
TQQQ.US,3 倍做多纳指 ETF - ProShares,1672203600000,2022-12-28,2022-12-28 00:00:00,3237.4161527061933,3324.3915120326283,3111.785078123565,3123.381792700423,364869200,0.0
TQQQ.US,3 倍做多纳指 ETF - ProShares,1672290000000,2022-12-29,2022-12-29 00:00:00,3221.9538666037165,3382.3750849169187,3194.894865924381,3343.7193696607255,306109800,0.0
TQQQ.US,3 倍做多纳指 ETF - ProShares,1672376400000,2022-12-30,2022-12-30 00:00:00,3239.3489384690033,3343.7193696607255,3189.096508635952,3343.7193696607255,301941200,0.0
TQQQ.US,3 倍做多纳指 ETF - ProShares,1672722000000,2023-01-03,2023-01-03 00:00:00,3428.7619432243505,3486.7455161086405,3183.2981513475224,3268.3407249111483,359851800,0.0
TQQQ.US,3 倍做多纳指 ETF - ProShares,1672808400000,2023-01-04,2023-01-04 00:00:00,3349.5177269491537,3380.4422991541087,3196.82765168719,3318.5931547441996,435272800,0.0
TQQQ.US,3 倍做多纳指 ETF - ProShares,1672894800000,2023-01-05,2023-01-05 00:00:00,3249.012867283051,3256.7440103342906,3146.5752218541393,3162.0375079566165,362504000,0.0
TQQQ.US,3 倍做多纳指 ETF - ProShares,1672981200000,2023-01-06,2023-01-06 00:00:00,3218.0882950780965,3459.686515429305,3111.785078123565,3409.434085596254,466895200,0.0
TQQQ.US,3 倍做多纳指 ETF - ProShares,1673240400000,2023-01-09,2023-01-09 00:00:00,3494.476659159879,3664.5618062871304,3457.753729666496,3480.947158820212,372042800,0.0
TQQQ.US,3 倍做多纳指 ETF - ProShares,1673326800000,2023-01-10,2023-01-10 00:00:00,3444.2242293268278,3573.7208754350754,3421.030800173112,3573.7208754350754,328723000,0.0
TQQQ.US,3 倍做多纳指 ETF - ProShares,1673413200000,2023-01-11,2023-01-11 00:00:00,3610.4438049284595,3755.4027371391844,3579.5192327235045,3751.5371656135653,302550000,0.0
TQQQ.US,3 倍做多纳指 ETF - ProShares,1673499600000,2023-01-12,2023-01-12 00:00:00,3772.797809004471,3850.1092395168585,3593.048733063172,3809.5207384978553,561852600,0.0
TQQQ.US,3 倍做多纳指 ETF - ProShares,1673586000000,2023-01-13,2023-01-13 00:00:00,3705.1503073061335,3898.4288835871002,3691.620806966466,3884.8993832474325,319566000,0.0
TQQQ.US,3 倍做多纳指 ETF - ProShares,1673931600000,2023-01-17,2023-01-17 00:00:00,3877.1682401961934,3964.143599522629,3828.8485961259516,3906.160026638339,279515800,0.0
TQQQ.US,3 倍做多纳指 ETF - ProShares,1674018000000,2023-01-18,2023-01-18 00:00:00,3977.673099862296,4041.455030035015,3747.671594087946,3761.2010944276135,373300200,0.0
TQQQ.US,3 倍做多纳指 ETF - ProShares,1674104400000,2023-01-19,2023-01-19 00:00:00,3685.8224496780363,3732.209307985468,3591.115947300362,3643.301162896224,332741400,0.0
TQQQ.US,3 倍做多纳指 ETF - ProShares,1674190800000,2023-01-20,2023-01-20 00:00:00,3707.0830930689426,3952.54688494577,3664.5618062871304,3940.9501703689125,322650400,0.0
TQQQ.US,3 倍做多纳指 ETF - ProShares,1674450000000,2023-01-23,2023-01-23 00:00:00,3971.8747425738675,4252.128678181269,3939.0173846061025,4199.943462585408,388084200,0.0
TQQQ.US,3 倍做多纳指 ETF - ProShares,1674536400000,2023-01-24,2023-01-24 00:00:00,4128.430389361451,4227.002463264744,4105.236960207734,4174.817247668882,290013000,0.0
TQQQ.US,3 倍做多纳指 ETF - ProShares,1674622800000,2023-01-25,2023-01-25 00:00:00,3973.8075283366766,4172.884461906073,3861.705954093716,4143.892675463928,436167200,0.0
TQQQ.US,3 倍做多纳指 ETF - ProShares,1674709200000,2023-01-26,2023-01-26 00:00:00,4294.649964963081,4391.289253103565,4174.817247668882,4383.558110052327,406837800,0.0
TQQQ.US,3 倍做多纳指 ETF - ProShares,1674795600000,2023-01-27,2023-01-27 00:00:00,4321.708965642417,4603.8956870126285,4315.910608353987,4509.1891846349545,376822200,0.0
TQQQ.US,3 倍做多纳指 ETF - ProShares,1675054800000,2023-01-30,2023-01-30 00:00:00,4358.431895135801,4426.079396834139,4223.136891739125,4238.599177841601,347816000,0.0
TQQQ.US,3 倍做多纳指 ETF - ProShares,1675141200000,2023-01-31,2023-01-31 00:00:00,4240.531963604411,4429.944968359759,4232.800820553172,4428.012182596949,316513800,0.0
TQQQ.US,3 倍做多纳指 ETF - ProShares,1675227600000,2023-02-01,2023-02-01 00:00:00,4418.3482537829,4822.300478210121,4321.708965642417,4714.06447549278,543277600,0.0
TQQQ.US,3 倍做多纳指 ETF - ProShares,1675314000000,2023-02-02,2023-02-02 00:00:00,5017.511840253897,5305.496918912538,4976.923339234894,5201.126487720816,535770200,0.0
TQQQ.US,3 倍做多纳指 ETF - ProShares,1675400400000,2023-02-03,2023-02-03 00:00:00,4872.5529080431725,5245.580560265438,4853.225050415075,4932.469266690272,534808400,0.0
TQQQ.US,3 倍做多纳指 ETF - ProShares,1675659600000,2023-02-06,2023-02-06 00:00:00,4802.972620582024,4918.939766350604,4739.190690409305,4806.838192107644,323632400,0.0
TQQQ.US,3 倍做多纳指 ETF - ProShares,1675746000000,2023-02-07,2023-02-07 00:00:00,4799.107049056404,5158.605200939003,4743.056261934925,5104.487199580332,519789200,0.0
TQQQ.US,3 倍做多纳指 ETF - ProShares,1675832400000,2023-02-08,2023-02-08 00:00:00,5034.906912119184,5083.226556189426,4795.241477530785,4830.03162126136,362514400,0.0
TQQQ.US,3 倍做多纳指 ETF - ProShares,1675918800000,2023-02-09,2023-02-09 00:00:00,5034.906912119184,5042.638055170423,4625.156330403534,4700.534975153112,395196800,0.0
TQQQ.US,3 倍做多纳指 ETF - ProShares,1676005200000,2023-02-10,2023-02-10 00:00:00,4592.298972435771,4688.938260576254,4487.928541244049,4603.8956870126285,367863400,0.0
TQQQ.US,3 倍做多纳指 ETF - ProShares,1676264400000,2023-02-13,2023-02-13 00:00:00,4665.7448314225385,4851.292264652267,4609.694044301058,4822.300478210121,279739800,0.0
TQQQ.US,3 倍做多纳指 ETF - ProShares,1676350800000,2023-02-14,2023-02-14 00:00:00,4743.056261934925,4974.990553472085,4648.349759557251,4926.670909401842,511474400,0.0
TQQQ.US,3 倍做多纳指 ETF - ProShares,1676437200000,2023-02-15,2023-02-15 00:00:00,4835.829978549788,5044.570840933233,4802.972620582024,5036.839697881994,275527400,0.0
TQQQ.US,3 倍做多纳指 ETF - ProShares,1676523600000,2023-02-16,2023-02-16 00:00:00,4799.107049056404,5000.116768388611,4741.123476172115,4748.854619223353,388993000,0.0
TQQQ.US,3 倍做多纳指 ETF - ProShares,1676610000000,2023-02-17,2023-02-17 00:00:00,4644.484188031632,4683.139903287825,4503.390827346526,4646.416973794441,389804800,0.0
TQQQ.US,3 倍做多纳指 ETF - ProShares,1676955600000,2023-02-21,2023-02-21 00:00:00,4464.735112090333,4532.382613788671,4308.179465302749,4319.776179879607,300937600,0.0
TQQQ.US,3 倍做多纳指 ETF - ProShares,1677042000000,2023-02-22,2023-02-22 00:00:00,4339.104037507704,4416.415468020091,4248.26310665565,4323.641751405227,334677400,0.0
TQQQ.US,3 倍做多纳指 ETF - ProShares,1677128400000,2023-02-23,2023-02-23 00:00:00,4482.13018395562,4489.861327006858,4242.464749367221,4431.877754122568,359540000,0.0
TQQQ.US,3 倍做多纳指 ETF - ProShares,1677214800000,2023-02-24,2023-02-24 00:00:00,4203.809034111027,4257.927035469698,4126.497603598641,4207.674605636646,345563600,0.0
TQQQ.US,3 倍做多纳指 ETF - ProShares,1677474000000,2023-02-27,2023-02-27 00:00:00,4344.902394796133,4406.751539206042,4271.456535809366,4298.5155364887005,277508800,0.0
TQQQ.US,3 倍做多纳指 ETF - ProShares,1677560400000,2023-02-28,2023-02-28 00:00:00,4267.590964283746,4391.289253103565,4252.128678181269,4277.254893097795,254631600,0.0
TQQQ.US,3 倍做多纳指 ETF - ProShares,1677646800000,2023-03-01,2023-03-01 00:00:00,4263.725392758127,4292.717179200272,4130.36317512426,4172.884461906073,308773800,0.0
TQQQ.US,3 倍做多纳指 ETF - ProShares,1677733200000,2023-03-02,2023-03-02 00:00:00,4060.7828876631124,4310.11225106556,4049.186173086254,4273.3893215721755,315874600,0.0
TQQQ.US,3 倍做多纳指 ETF - ProShares,1677819600000,2023-03-03,2023-03-03 00:00:00,4348.767966321752,4547.844899891148,4325.574537168036,4534.31539955148,303353200,0.0
TQQQ.US,3 倍做多纳指 ETF - ProShares,1678078800000,2023-03-06,2023-03-06 00:00:00,4592.298972435771,4731.459547358067,4542.0465426027195,4553.643257179577,303699800,0.0
TQQQ.US,3 倍做多纳指 ETF - ProShares,1678165200000,2023-03-07,2023-03-07 00:00:00,4553.643257179577,4596.16454396139,4352.633537847371,4383.558110052327,352663000,0.0
TQQQ.US,3 倍做多纳指 ETF - ProShares,1678251600000,2023-03-08,2023-03-08 00:00:00,4397.0876103919945,4472.466255141571,4315.910608353987,4443.474468699425,290985600,0.0
TQQQ.US,3 倍做多纳指 ETF - ProShares,1678338000000,2023-03-09,2023-03-09 00:00:00,4466.667897853142,4582.635043621723,4172.884461906073,4209.607391399457,393667400,0.0
TQQQ.US,3 倍做多纳指 ETF - ProShares,1678424400000,2023-03-10,2023-03-10 00:00:00,4217.338534450695,4283.053250386224,3985.404242913535,4035.656672746586,629715200,0.0
TQQQ.US,3 倍做多纳指 ETF - ProShares,1678680000000,2023-03-13,2023-03-13 00:00:00,3956.4124564713898,4281.120464623414,3890.697740535861,4122.632032073021,659081400,0.0
TQQQ.US,3 倍做多纳指 ETF - ProShares,1678766400000,2023-03-14,2023-03-14 00:00:00,4275.322107334985,4428.012182596949,4236.666392078792,4402.885967680423,434325800,0.0
TQQQ.US,3 倍做多纳指 ETF - ProShares,1678852800000,2023-03-15,2023-03-15 00:00:00,4284.986036149034,4487.928541244049,4219.271320213505,4466.667897853142,549118800,0.0
TQQQ.US,3 倍做多纳指 ETF - ProShares,1678939200000,2023-03-16,2023-03-16 00:00:00,4422.2138253085195,4837.762764312599,4391.289253103565,4820.367692447312,456714200,0.0
TQQQ.US,3 倍做多纳指 ETF - ProShares,1679025600000,2023-03-17,2023-03-17 00:00:00,4818.434906684502,4930.536480927462,4658.013688371299,4748.854619223353,403540600,0.0
TQQQ.US,3 倍做多纳指 ETF - ProShares,1679284800000,2023-03-20,2023-03-20 00:00:00,4721.795618544018,4816.502120921692,4617.425187352296,4799.107049056404,328356000,0.0
TQQQ.US,3 倍做多纳指 ETF - ProShares,1679371200000,2023-03-21,2023-03-21 00:00:00,4891.880765671269,5025.2429833051365,4818.434906684502,5002.04955415142,270290200,0.0
TQQQ.US,3 倍做多纳指 ETF - ProShares,1679457600000,2023-03-22,2023-03-22 00:00:00,4998.138168573873,5241.143719360234,4792.069461507039,4797.901594725912,475836200,0.0
TQQQ.US,3 倍做多纳指 ETF - ProShares,1679544000000,2023-03-23,2023-03-23 00:00:00,4976.753680104674,5173.102165140053,4836.78248285173,4968.97750247951,392994400,0.0
TQQQ.US,3 倍做多纳指 ETF - ProShares,1679630400000,2023-03-24,2023-03-24 00:00:00,4945.64896960402,5023.410745855655,4829.006305226566,5019.522657043073,338830200,0.0
TQQQ.US,3 倍做多纳指 ETF - ProShares,1679889600000,2023-03-27,2023-03-27 00:00:00,5052.571411950018,5105.0606109198725,4871.775282164966,4916.488303509655,273591200,0.0
TQQQ.US,3 倍做多纳指 ETF - ProShares,1679976000000,2023-03-28,2023-03-28 00:00:00,4887.327637415293,4887.327637415293,4722.083862880567,4834.838438445439,236041400,0.0
TQQQ.US,3 倍做多纳指 ETF - ProShares,1680062400000,2023-03-29,2023-03-29 00:00:00,5007.858390605328,5126.445099389072,4970.921546885801,5099.228477701,238730600,0.0
TQQQ.US,3 倍做多纳指 ETF - ProShares,1680148800000,2023-03-30,2023-03-30 00:00:00,5213.927097672162,5266.416296642016,5149.773632264562,5237.255630547653,260300000,0.0
TQQQ.US,3 倍做多纳指 ETF - ProShares,1680235200000,2023-03-31,2023-03-31 00:00:00,5248.919896985398,5505.533758615795,5231.42349732878,5493.86949217805,254044200,0.0
TQQQ.US,3 倍做多纳指 ETF - ProShares,1680494400000,2023-04-03,2023-04-03 00:00:00,5381.114916613178,5466.652870489977,5313.073362392997,5454.9886040522315,250232600,0.0
TQQQ.US,3 倍做多纳指 ETF - ProShares,1680580800000,2023-04-04,2023-04-04 00:00:00,5474.429048115141,5526.918247084995,5330.569762049616,5400.555360676088,232180800,0.0
TQQQ.US,3 倍做多纳指 ETF - ProShares,1680667200000,2023-04-05,2023-04-05 00:00:00,5340.28998408107,5350.010206112524,5134.221277014236,5227.535408516198,258274000,0.0
TQQQ.US,3 倍做多纳指 ETF - ProShares,1680753600000,2023-04-06,2023-04-06 00:00:00,5143.94149904569,5357.786383737687,5075.899944825509,5332.513806455906,241920600,0.0
TQQQ.US,3 倍做多纳指 ETF - ProShares,1681099200000,2023-04-10,2023-04-10 00:00:00,5178.934298358926,5322.793584424451,5087.564211263255,5320.849540018161,237057600,0.0
TQQQ.US,3 倍做多纳指 ETF - ProShares,1681185600000,2023-04-11,2023-04-11 00:00:00,5318.90549561187,5320.849540018161,5190.598564796671,5217.815186484743,208521600,0.0
TQQQ.US,3 倍做多纳指 ETF - ProShares,1681272000000,2023-04-12,2023-04-12 00:00:00,5315.017406799288,5344.178072893651,5054.515456356309,5079.78803363809,348038600,0.0
TQQQ.US,3 倍做多纳指 ETF - ProShares,1681358400000,2023-04-13,2023-04-13 00:00:00,5157.549809889726,5392.779183050923,5149.773632264562,5371.394694581723,247523000,0.0
TQQQ.US,3 倍做多纳指 ETF - ProShares,1681444800000,2023-04-14,2023-04-14 00:00:00,5289.744829517506,5429.71602677045,5190.598564796671,5340.28998408107,285332200,0.0
TQQQ.US,3 倍做多纳指 ETF - ProShares,1681704000000,2023-04-17,2023-04-17 00:00:00,5316.96145120558,5369.450650175433,5211.983053265871,5346.122117299942,228617800,0.0
TQQQ.US,3 倍做多纳指 ETF - ProShares,1681790400000,2023-04-18,2023-04-18 00:00:00,5456.932648458523,5478.3171369277225,5287.800785111215,5350.010206112524,212829800,0.0
TQQQ.US,3 倍做多纳指 ETF - ProShares,1681876800000,2023-04-19,2023-04-19 00:00:00,5223.647319703617,5392.779183050923,5217.815186484743,5338.3459396747785,191850600,0.0
TQQQ.US,3 倍做多纳指 ETF - ProShares,1681963200000,2023-04-20,2023-04-20 00:00:00,5184.766431577799,5361.6744725502695,5145.885543451981,5213.927097672162,273695200,0.0
TQQQ.US,3 倍做多纳指 ETF - ProShares,1682049600000,2023-04-21,2023-04-21 00:00:00,5190.598564796671,5266.416296642016,5103.116566513581,5223.647319703617,228888000,0.0
TQQQ.US,3 倍做多纳指 ETF - ProShares,1682308800000,2023-04-24,2023-04-24 00:00:00,5211.983053265871,5281.968651892344,5081.7320780443815,5192.542609202962,215290800,0.0
TQQQ.US,3 倍做多纳指 ETF - ProShares,1682395200000,2023-04-25,2023-04-25 00:00:00,5108.948699732454,5141.997454639399,4893.159770634165,4898.991903853038,276576000,0.0
TQQQ.US,3 倍做多纳指 ETF - ProShares,1682481600000,2023-04-26,2023-04-26 00:00:00,5058.403545168891,5130.333188201654,4959.257280448056,4980.641768917256,249724600,0.0
TQQQ.US,3 倍做多纳指 ETF - ProShares,1682568000000,2023-04-27,2023-04-27 00:00:00,5163.3819431085985,5410.275582707542,5130.333188201654,5383.058961019469,255631200,0.0
TQQQ.US,3 倍做多纳指 ETF - ProShares,1682654400000,2023-04-28,2023-04-28 00:00:00,5373.3387389880145,5497.757580990632,5313.073362392997,5491.925447771759,261072200,0.0
TQQQ.US,3 倍做多纳指 ETF - ProShares,1682913600000,2023-05-01,2023-05-01 00:00:00,5470.540959302559,5546.358691147904,5418.051760332705,5476.373092521432,178002600,0.0
TQQQ.US,3 倍做多纳指 ETF - ProShares,1683000000000,2023-05-02,2023-05-02 00:00:00,5470.540959302559,5486.093314552886,5241.143719360234,5330.569762049616,249312000,0.0
TQQQ.US,3 倍做多纳指 ETF - ProShares,1683086400000,2023-05-03,2023-05-03 00:00:00,5346.122117299942,5482.205225740305,5215.871142078452,5225.591364109907,340267600,0.0
TQQQ.US,3 倍做多纳指 ETF - ProShares,1683172800000,2023-05-04,2023-05-04 00:00:00,5206.150920046998,5264.472252235724,5108.948699732454,5167.27003192118,242621600,0.0
TQQQ.US,3 倍做多纳指 ETF - ProShares,1683259200000,2023-05-05,2023-05-05 00:00:00,5272.248429860889,5532.750380303868,5254.75203020427,5484.149270146596,195603200,0.0
TQQQ.US,3 倍做多纳指 ETF - ProShares,1683518400000,2023-05-08,2023-05-08 00:00:00,5462.764781677396,5548.302735554194,5408.3315383012505,5528.862291491286,151477000,0.0
TQQQ.US,3 倍做多纳指 ETF - ProShares,1683604800000,2023-05-09,2023-05-09 00:00:00,5441.380293208195,5486.093314552886,5406.387493894959,5421.939849145287,129681400,0.0
TQQQ.US,3 倍做多纳指 ETF - ProShares,1683691200000,2023-05-10,2023-05-10 00:00:00,5544.414646741613,5641.616867056157,5418.051760332705,5596.903845711467,303102000,0.0
TQQQ.US,3 倍做多纳指 ETF - ProShares,1683777600000,2023-05-11,2023-05-11 00:00:00,5620.232378586958,5674.665621963102,5538.58251352274,5643.5609114624485,194683000,0.0
TQQQ.US,3 倍做多纳指 ETF - ProShares,1683864000000,2023-05-12,2023-05-12 00:00:00,5672.721577556811,5696.050110432302,5476.373092521432,5585.239579273722,210763400,0.0
TQQQ.US,3 倍做多纳指 ETF - ProShares,1684123200000,2023-05-15,2023-05-15 00:00:00,5608.5681121492125,5686.329888400847,5526.918247084995,5670.777533150521,172935200,0.0
TQQQ.US,3 倍做多纳指 ETF - ProShares,1684209600000,2023-05-16,2023-05-16 00:00:00,5633.840689430994,5781.588064309101,5629.952600618412,5692.162021619721,159327000,0.0
TQQQ.US,3 倍做多纳指 ETF - ProShares,1684296000000,2023-05-17,2023-05-17 00:00:00,5744.651220589574,5925.447350374627,5682.441799588266,5896.286684280263,202209200,0.0
TQQQ.US,3 倍做多纳指 ETF - ProShares,1684382400000,2023-05-18,2023-05-18 00:00:00,5909.894995124299,6228.718277756006,5909.894995124299,6213.165922505678,271867600,0.0
TQQQ.US,3 倍做多纳指 ETF - ProShares,1684468800000,2023-05-19,2023-05-19 00:00:00,6226.774233349714,6267.599165881824,6114.019657784843,6170.396945567279,198058400,0.0
TQQQ.US,3 倍做多纳指 ETF - ProShares,1684728000000,2023-05-22,2023-05-22 00:00:00,6158.732679129534,6290.927698757314,6156.788634723243,6234.550410974878,166624800,0.0
TQQQ.US,3 倍做多纳指 ETF - ProShares,1684814400000,2023-05-23,2023-05-23 00:00:00,6135.404146254043,6201.501656067932,5974.048460531899,5993.4889045948075,212630000,0.0
TQQQ.US,3 倍做多纳指 ETF - ProShares,1684900800000,2023-05-24,2023-05-24 00:00:00,5884.622417842518,5968.216327313026,5787.420197527974,5896.286684280263,235945000,0.0
TQQQ.US,3 倍做多纳指 ETF - ProShares,1684987200000,2023-05-25,2023-05-25 00:00:00,6290.927698757314,6390.0739634781485,6158.732679129534,6322.0324092579685,261747000,0.0
TQQQ.US,3 倍做多纳指 ETF - ProShares,1685073600000,2023-05-26,2023-05-26 00:00:00,6378.409697040404,6852.756532175381,6374.521608227822,6800.267333205526,252784400,0.0
TQQQ.US,3 倍做多纳指 ETF - ProShares,1685419200000,2023-05-30,2023-05-30 00:00:00,7058.8252392422155,7128.810837868687,6811.9315996432715,6895.52550911378,270612800,0.0
TQQQ.US,3 倍做多纳指 ETF - ProShares,1685505600000,2023-05-31,2023-05-31 00:00:00,6798.323288799235,6918.8540419892715,6687.512757640655,6755.554311860837,210289000,0.0
TQQQ.US,3 倍做多纳指 ETF - ProShares,1685592000000,2023-06-01,2023-06-01 00:00:00,6753.6102674545455,7082.153772117706,6689.456802046945,7000.503907053488,216759200,0.0
TQQQ.US,3 倍做多纳指 ETF - ProShares,1685678400000,2023-06-02,2023-06-02 00:00:00,7107.426349399488,7229.901146995812,7000.503907053488,7157.97150396305,216505600,0.0
TQQQ.US,3 倍做多纳指 ETF - ProShares,1685937600000,2023-06-05,2023-06-05 00:00:00,7146.307237525304,7329.047411716649,7107.426349399488,7173.523859213376,206261800,0.0
TQQQ.US,3 倍做多纳指 ETF - ProShares,1686024000000,2023-06-06,2023-06-06 00:00:00,7132.698926681268,7224.06901377694,7049.10501721076,7165.747681588214,159509000,0.0
TQQQ.US,3 倍做多纳指 ETF - ProShares,1686110400000,2023-06-07,2023-06-07 00:00:00,7181.30003683854,7301.830790028576,6759.442400673419,6800.267333205526,228485400,0.0
TQQQ.US,3 倍做多纳指 ETF - ProShares,1686196800000,2023-06-08,2023-06-08 00:00:00,6808.043510830691,7072.433550086252,6794.435199986655,7033.552661960433,188153800,0.0
TQQQ.US,3 倍做多纳指 ETF - ProShares,1686283200000,2023-06-09,2023-06-09 00:00:00,7130.754882274978,7313.49505646632,7037.440750773016,7119.090615837232,207944000,0.0
TQQQ.US,3 倍做多纳指 ETF - ProShares,1686542400000,2023-06-12,2023-06-12 00:00:00,7222.124969370649,7486.51500862621,7161.859592775632,7482.626919813629,154857400,0.0
TQQQ.US,3 倍做多纳指 ETF - ProShares,1686628800000,2023-06-13,2023-06-13 00:00:00,7653.7028275672255,7704.24798213079,7449.578164906683,7649.814738754645,266534200,0.0
TQQQ.US,3 倍做多纳指 ETF - ProShares,1686715200000,2023-06-14,2023-06-14 00:00:00,7649.814738754645,7834.498957352279,7469.018608969593,7813.114468883079,305313000,0.0
TQQQ.US,3 倍做多纳指 ETF - ProShares,1686801600000,2023-06-15,2023-06-15 00:00:00,7725.63247059999,8182.482906078349,7680.919449255299,8087.2247301700945,255874000,0.0
TQQQ.US,3 倍做多纳指 ETF - ProShares,1686888000000,2023-06-16,2023-06-16 00:00:00,8244.692327079656,8250.52446029853,7902.54051157246,7931.701177666823,224810400,0.0
TQQQ.US,3 倍做多纳指 ETF - ProShares,1687233600000,2023-06-20,2023-06-20 00:00:00,7832.554912945988,7986.134421042968,7698.415848911917,7892.820289541006,168249800,0.0
TQQQ.US,3 倍做多纳指 ETF - ProShares,1687320000000,2023-06-21,2023-06-21 00:00:00,7816.384765652808,7843.687506850198,7508.253829282263,7576.510682275738,199266600,0.0
TQQQ.US,3 倍做多纳指 ETF - ProShares,1687406400000,2023-06-22,2023-06-22 00:00:00,7482.901283884686,7837.836919450757,7457.54873848711,7828.08594045169,210199200,0.0
TQQQ.US,3 倍做多纳指 ETF - ProShares,1687492800000,2023-06-23,2023-06-23 00:00:00,7572.610290676111,7744.227521059705,7484.8514796845,7596.012640273874,225152400,0.0
TQQQ.US,3 倍做多纳指 ETF - ProShares,1687752000000,2023-06-26,2023-06-26 00:00:00,7558.958920077415,7736.426737860452,7282.031116503889,7295.682487102583,216900000,0.0
TQQQ.US,3 倍做多纳指 ETF - ProShares,1687838400000,2023-06-27,2023-06-27 00:00:00,7381.491102294381,7703.27340926362,7332.736207299042,7656.468710068094,195354000,0.0
TQQQ.US,3 倍做多纳指 ETF - ProShares,1687924800000,2023-06-28,2023-06-28 00:00:00,7541.4071578790945,7828.08594045169,7533.60637467984,7703.27340926362,217352600,0.0
TQQQ.US,3 倍做多纳指 ETF - ProShares,1688011200000,2023-06-29,2023-06-29 00:00:00,7675.97066806623,7714.974584062503,7541.4071578790945,7650.618122668653,198266400,0.0
TQQQ.US,3 倍做多纳指 ETF - ProShares,1688097600000,2023-06-30,2023-06-30 00:00:00,7878.791031246842,8064.059632229132,7857.338877448893,7995.802779235657,184308800,0.0
TQQQ.US,3 倍做多纳指 ETF - ProShares,1688356800000,2023-07-03,2023-07-03 00:00:00,8034.806695231929,8091.362373426522,7964.59964643864,8050.408261630437,79868000,0.0
TQQQ.US,3 倍做多纳指 ETF - ProShares,1688529600000,2023-07-05,2023-07-05 00:00:00,7941.197296840876,8159.619226419998,7939.247101041064,8044.557674230996,139007400,0.0
TQQQ.US,3 倍做多纳指 ETF - ProShares,1688616000000,2023-07-06,2023-07-06 00:00:00,7794.932611854858,7882.691422846469,7662.319297467535,7855.388681649079,170473400,0.0
TQQQ.US,3 倍做多纳指 ETF - ProShares,1688702400000,2023-07-07,2023-07-07 00:00:00,7837.836919450757,8046.5078700308095,7757.878891658401,7775.4306538567225,168624800,0.0
TQQQ.US,3 倍做多纳指 ETF - ProShares,1688961600000,2023-07-10,2023-07-10 00:00:00,7753.978500058773,7822.235353052249,7592.112248674247,7781.281241256163,172013600,0.0
TQQQ.US,3 倍做多纳指 ETF - ProShares,1689048000000,2023-07-11,2023-07-11 00:00:00,7804.683590853927,7921.69533884274,7664.2694932673485,7892.4424018455375,162478600,0.0
TQQQ.US,3 倍做多纳指 ETF - ProShares,1689134400000,2023-07-12,2023-07-12 00:00:00,8157.669030620183,8276.63097440881,8025.0557162328605,8184.971771817573,230335400,0.0
TQQQ.US,3 倍做多纳指 ETF - ProShares,1689220800000,2023-07-13,2023-07-13 00:00:00,8389.742330797999,8651.068567973018,8352.68861060154,8592.56269397861,164773200,0.0
TQQQ.US,3 倍做多纳指 ETF - ProShares,1689307200000,2023-07-14,2023-07-14 00:00:00,8623.765826775627,8846.088147954375,8526.25603678495,8584.761910779356,186056400,0.0
TQQQ.US,3 倍做多纳指 ETF - ProShares,1689566400000,2023-07-17,2023-07-17 00:00:00,8635.467001574509,8887.04225975046,8602.313672977678,8822.685798356613,145525200,0.0
TQQQ.US,3 倍做多纳指 ETF - ProShares,1689652800000,2023-07-18,2023-07-18 00:00:00,8779.781490760713,9134.717126326785,8641.31758897395,9033.306944736478,196113200,0.0
TQQQ.US,3 倍做多纳指 ETF - ProShares,1689739200000,2023-07-19,2023-07-19 00:00:00,9113.264972528834,9193.223000321192,8935.7971547458,9033.306944736478,200573800,0.0
TQQQ.US,3 倍做多纳指 ETF - ProShares,1689825600000,2023-07-20,2023-07-20 00:00:00,8807.084231958102,8912.394805148037,8325.38586940415,8399.493309797066,233862800,0.0
TQQQ.US,3 倍做多纳指 ETF - ProShares,1689912000000,2023-07-21,2023-07-21 00:00:00,8557.459169581967,8615.965043576374,8290.282345007507,8325.38586940415,205108600,0.0
TQQQ.US,3 倍做多纳指 ETF - ProShares,1690171200000,2023-07-24,2023-07-24 00:00:00,8381.941547598744,8446.298008992593,8229.826275213287,8358.53919800098,126429200,0.0
TQQQ.US,3 倍做多纳指 ETF - ProShares,1690257600000,2023-07-25,2023-07-25 00:00:00,8401.44350559688,8635.467001574509,8401.44350559688,8526.25603678495,138199200,0.0
TQQQ.US,3 倍做多纳指 ETF - ProShares,1690344000000,2023-07-26,2023-07-26 00:00:00,8448.248204792406,8551.608582182525,8276.63097440881,8438.497225793339,205764600,0.0
TQQQ.US,3 倍做多纳指 ETF - ProShares,1690430400000,2023-07-27,2023-07-27 00:00:00,8797.333252959035,8910.444609348222,8278.581170208625,8366.339981200235,261103200,0.0
TQQQ.US,3 倍做多纳指 ETF - ProShares,1690516800000,2023-07-28,2023-07-28 00:00:00,8639.367393174136,8890.942651350088,8606.214064577307,8818.785406756984,204487600,0.0
TQQQ.US,3 倍做多纳指 ETF - ProShares,1690776000000,2023-07-31,2023-07-31 00:00:00,8840.237560554935,8914.345000947851,8740.777574764443,8836.337168955308,159009200,0.0
TQQQ.US,3 倍做多纳指 ETF - ProShares,1690862400000,2023-08-01,2023-08-01 00:00:00,8734.926987365001,8820.735602556799,8621.815630975814,8768.080315961832,153056600,0.0
TQQQ.US,3 倍做多纳指 ETF - ProShares,1690948800000,2023-08-02,2023-08-02 00:00:00,8520.405449385507,8522.355645185322,8099.1631566257765,8194.722750816642,258044000,0.0
TQQQ.US,3 倍做多纳指 ETF - ProShares,1691035200000,2023-08-03,2023-08-03 00:00:00,8017.254933033606,8280.53136600844,8005.553758234724,8136.216876822234,201340200,0.0
TQQQ.US,3 倍做多纳指 ETF - ProShares,1691121600000,2023-08-04,2023-08-04 00:00:00,8266.879995409743,8418.995267795202,7989.952191836216,8023.105520433047,247452800,0.0
TQQQ.US,3 倍做多纳指 ETF - ProShares,1691380800000,2023-08-07,2023-08-07 00:00:00,8138.167072622047,8229.826275213287,7984.101604436775,8222.02549201403,149792200,0.0
TQQQ.US,3 倍做多纳指 ETF - ProShares,1691467200000,2023-08-08,2023-08-08 00:00:00,8052.35845743025,8052.35845743025,7800.7831992543,8011.404345634165,188780000,0.0
TQQQ.US,3 倍做多纳指 ETF - ProShares,1691553600000,2023-08-09,2023-08-09 00:00:00,8027.005912032673,8036.756891031742,7693.522430264553,7744.227521059705,199430600,0.0
TQQQ.US,3 倍做多纳指 ETF - ProShares,1691640000000,2023-08-10,2023-08-10 00:00:00,7929.496122041995,8142.0674642216745,7677.920863866044,7779.33104545635,260554200,0.0
TQQQ.US,3 倍做多纳指 ETF - ProShares,1691726400000,2023-08-11,2023-08-11 00:00:00,7611.614206672382,7736.426737860452,7527.755787280399,7623.315381471265,201573800,0.0
TQQQ.US,3 倍做多纳指 ETF - ProShares,1691985600000,2023-08-14,2023-08-14 00:00:00,7572.610290676111,7886.591814446096,7527.755787280399,7876.840835447028,142553600,0.0
TQQQ.US,3 倍做多纳指 ETF - ProShares,1692072000000,2023-08-15,2023-08-15 00:00:00,7814.434569852994,7867.089856447961,7582.36126967518,7635.016556270145,162553600,0.0
TQQQ.US,3 倍做多纳指 ETF - ProShares,1692158400000,2023-08-16,2023-08-16 00:00:00,7590.162052874433,7687.671842865112,7375.64051489494,7381.491102294381,190222000,0.0
TQQQ.US,3 倍做多纳指 ETF - ProShares,1692244800000,2023-08-17,2023-08-17 00:00:00,7459.498934286924,7480.951088084873,7104.563298720853,7131.866039918243,210232800,0.0
TQQQ.US,3 倍做多纳指 ETF - ProShares,1692331200000,2023-08-18,2023-08-18 00:00:00,6929.045676737632,7178.67073911377,6897.842543940614,7098.712711321412,247002000,0.0
TQQQ.US,3 倍做多纳指 ETF - ProShares,1692590400000,2023-08-21,2023-08-21 00:00:00,7190.37191391265,7484.8514796845,7159.1687811156335,7441.9471720886,191487200,0.0
TQQQ.US,3 倍做多纳指 ETF - ProShares,1692676800000,2023-08-22,2023-08-22 00:00:00,7599.913031873501,7601.863227673314,7365.8895358958725,7408.793843491771,180368000,0.0
TQQQ.US,3 倍做多纳指 ETF - ProShares,1692763200000,2023-08-23,2023-08-23 00:00:00,7479.000892285059,7824.185548852061,7465.349521686365,7757.878891658401,175454000,0.0
TQQQ.US,3 倍做多纳指 ETF - ProShares,1692849600000,2023-08-24,2023-08-24 00:00:00,7972.400429637894,7978.251017037333,7235.226417308363,7246.927592107243,232397200,0.0
TQQQ.US,3 倍做多纳指 ETF - ProShares,1692936000000,2023-08-25,2023-08-25 00:00:00,7299.58287870221,7519.955004081145,7088.961732322345,7418.544822490839,278289400,0.0
TQQQ.US,3 倍做多纳指 ETF - ProShares,1693195200000,2023-08-28,2023-08-28 00:00:00,7596.012640273874,7638.916947869773,7426.345605690092,7584.3114654749925,182641000,0.0
TQQQ.US,3 倍做多纳指 ETF - ProShares,1693281600000,2023-08-29,2023-08-29 00:00:00,7566.75970327667,8097.212960825963,7545.307549478721,8067.9600238287585,187495600,0.0
TQQQ.US,3 倍做多纳指 ETF - ProShares,1693368000000,2023-08-30,2023-08-30 00:00:00,8079.66119862764,8245.427841611794,8011.404345634165,8202.523534015896,185958200,0.0
TQQQ.US,3 倍做多纳指 ETF - ProShares,1693454400000,2023-08-31,2023-08-31 00:00:00,8198.623142416269,8381.941547598744,8194.722750816642,8276.63097440881,162242800,0.0
TQQQ.US,3 倍做多纳指 ETF - ProShares,1693540800000,2023-09-01,2023-09-01 00:00:00,8426.796050994457,8456.04898799166,8142.0674642216745,8247.378037411609,165058400,0.0
TQQQ.US,3 倍做多纳指 ETF - ProShares,1693886400000,2023-09-05,2023-09-05 00:00:00,8184.971771817573,8350.738414801728,8124.515702023352,8268.830191209558,123778600,0.0
TQQQ.US,3 倍做多纳指 ETF - ProShares,1693972800000,2023-09-06,2023-09-06 00:00:00,8218.125100414405,8237.62705841254,7913.8945556434865,8050.408261630437,148058200,0.0
TQQQ.US,3 倍做多纳指 ETF - ProShares,1694059200000,2023-09-07,2023-09-07 00:00:00,7750.078108459146,7917.794947243114,7679.871059665858,7874.890639647216,168623000,0.0
TQQQ.US,3 倍做多纳指 ETF - ProShares,1694145600000,2023-09-08,2023-09-08 00:00:00,7861.23926904852,8042.607478431183,7833.93652785113,7898.292989244978,149541600,0.0
TQQQ.US,3 倍做多纳指 ETF - ProShares,1694404800000,2023-09-11,2023-09-11 00:00:00,8091.362373426522,8208.374121415338,7964.59964643864,8167.420009619252,141712800,0.0
TQQQ.US,3 倍做多纳指 ETF - ProShares,1694491200000,2023-09-12,2023-09-12 00:00:00,8062.1094364293185,8153.768639020556,7878.791031246842,7906.093772444232,155524200,0.0
TQQQ.US,3 倍做多纳指 ETF - ProShares,1694577600000,2023-09-13,2023-09-13 00:00:00,7913.8945556434865,8091.362373426522,7837.836919450757,7984.101604436775,170849400,0.0
TQQQ.US,3 倍做多纳指 ETF - ProShares,1694664000000,2023-09-14,2023-09-14 00:00:00,8093.312569226336,8237.62705841254,7956.798863239384,8171.320401218878,152379800,0.0
TQQQ.US,3 倍做多纳指 ETF - ProShares,1694750400000,2023-09-15,2023-09-15 00:00:00,8083.561590227268,8110.864331424658,7689.622038664926,7752.02830425896,179839600,0.0
TQQQ.US,3 倍做多纳指 ETF - ProShares,1695009600000,2023-09-18,2023-09-18 00:00:00,7689.622038664926,7843.687506850198,7670.120080666789,7769.580066457283,124798200,0.0
TQQQ.US,3 倍做多纳指 ETF - ProShares,1695096000000,2023-09-19,2023-09-19 00:00:00,7685.7216470652975,7767.629870657468,7527.755787280399,7722.775367261756,148741400,0.0
TQQQ.US,3 倍做多纳指 ETF - ProShares,1695182400000,2023-09-20,2023-09-20 00:00:00,7783.232490404315,7808.67428632467,7378.120816903261,7387.906123026474,196038400,0.0
TQQQ.US,3 倍做多纳指 ETF - ProShares,1695268800000,2023-09-21,2023-09-21 00:00:00,7153.058776069341,7198.071184236125,6961.266776054349,6967.137959728278,216821200,0.0
TQQQ.US,3 倍做多纳指 ETF - ProShares,1695355200000,2023-09-22,2023-09-22 00:00:00,7070.862204634345,7198.071184236125,6951.4814699311355,6973.009143402206,188181200,0.0
TQQQ.US,3 倍做多纳指 ETF - ProShares,1695614400000,2023-09-25,2023-09-25 00:00:00,6910.383184213638,7072.819265858988,6851.671347474354,7064.991020960417,162538400,0.0
TQQQ.US,3 倍做多纳指 ETF - ProShares,1695700800000,2023-09-26,2023-09-26 00:00:00,6910.383184213638,6943.653225032564,6687.278204604361,6749.9041637929295,210679400,0.0
TQQQ.US,3 倍做多纳指 ETF - ProShares,1695787200000,2023-09-27,2023-09-27 00:00:00,6812.530122981499,6902.554939315067,6581.596898473651,6791.002449510428,256871600,0.0
TQQQ.US,3 倍做多纳指 ETF - ProShares,1695873600000,2023-09-28,2023-09-28 00:00:00,6730.333551546501,7078.690449532916,6679.44995970579,6955.395592380421,268145800,0.0
TQQQ.US,3 倍做多纳指 ETF - ProShares,1695960000000,2023-09-29,2023-09-29 00:00:00,7158.929959743269,7241.126531178266,6894.726694416494,6971.052082177563,286858200,0.0
TQQQ.US,3 倍做多纳指 ETF - ProShares,1696219200000,2023-10-02,2023-10-02 00:00:00,6980.837388300777,7221.555918931838,6943.653225032564,7137.402286272199,236463200,0.0
TQQQ.US,3 倍做多纳指 ETF - ProShares,1696305600000,2023-10-03,2023-10-03 00:00:00,6988.665633199348,7121.7457964750565,6661.836408684005,6759.689469916143,266539000,0.0
TQQQ.US,3 倍做多纳指 ETF - ProShares,1696392000000,2023-10-04,2023-10-04 00:00:00,6806.65893930757,7082.6045719822005,6779.260082162571,7033.678041366132,252759200,0.0
TQQQ.US,3 倍做多纳指 ETF - ProShares,1696478400000,2023-10-05,2023-10-05 00:00:00,7023.892735242918,7045.420408713989,6751.861225017572,6959.3097148297065,218006200,0.0
TQQQ.US,3 倍做多纳指 ETF - ProShares,1696564800000,2023-10-06,2023-10-06 00:00:00,6781.217143387214,7376.163755678617,6734.2476739957865,7309.623674040763,294897400,0.0
TQQQ.US,3 倍做多纳指 ETF - ProShares,1696824000000,2023-10-09,2023-10-09 00:00:00,7164.801143417198,7454.446204664329,7072.819265858988,7417.262041396115,210966000,0.0
TQQQ.US,3 倍做多纳指 ETF - ProShares,1696910400000,2023-10-10,2023-10-10 00:00:00,7438.7897148671855,7704.950041418603,7407.476735272902,7538.599837323968,216109600,0.0
TQQQ.US,3 倍做多纳指 ETF - ProShares,1696996800000,2023-10-11,2023-10-11 00:00:00,7620.7964087589635,7712.778286317174,7515.115102628254,7699.078857744676,191710800,0.0
TQQQ.US,3 倍做多纳指 ETF - ProShares,1697083200000,2023-10-12,2023-10-12 00:00:00,7724.520653665031,7838.030204694312,7460.317388338256,7609.054041411108,236509200,0.0
TQQQ.US,3 倍做多纳指 ETF - ProShares,1697169600000,2023-10-13,2023-10-13 00:00:00,7650.152327128606,7687.336490396819,7235.255347504337,7321.366041388619,259511000,0.0
TQQQ.US,3 倍做多纳指 ETF - ProShares,1697428800000,2023-10-16,2023-10-16 00:00:00,7401.605551598974,7632.5387761068205,7391.82024547576,7567.95575569361,173152200,0.0
TQQQ.US,3 倍做多纳指 ETF - ProShares,1697515200000,2023-10-17,2023-10-17 00:00:00,7342.893714859691,7597.311674063251,7211.770612808625,7495.544490381826,210387000,0.0
TQQQ.US,3 倍做多纳指 ETF - ProShares,1697601600000,2023-10-18,2023-10-18 00:00:00,7333.108408736476,7472.059755686113,7110.0034291271995,7178.500571989697,263165200,0.0
TQQQ.US,3 倍做多纳指 ETF - ProShares,1697688000000,2023-10-19,2023-10-19 00:00:00,7270.482449547907,7340.936653635047,6935.8249801339925,6986.708571974706,370050400,0.0
TQQQ.US,3 倍做多纳指 ETF - ProShares,1697774400000,2023-10-20,2023-10-20 00:00:00,6951.4814699311355,6986.708571974706,6657.92228623472,6671.621714807219,277722800,0.0
TQQQ.US,3 倍做多纳指 ETF - ProShares,1698033600000,2023-10-23,2023-10-23 00:00:00,6589.425143372222,6929.953796460064,6470.044408669013,6730.333551546501,263599000,0.0
TQQQ.US,3 倍做多纳指 ETF - ProShares,1698120000000,2023-10-24,2023-10-24 00:00:00,6830.143674003283,6965.180898503635,6732.290612771144,6920.1684903368505,245074600,0.0
TQQQ.US,3 倍做多纳指 ETF - ProShares,1698206400000,2023-10-25,2023-10-25 00:00:00,6777.3030209379285,6787.088327061142,6376.105469886159,6413.2896331543725,328363200,0.0
TQQQ.US,3 倍做多纳指 ETF - ProShares,1698292800000,2023-10-26,2023-10-26 00:00:00,6336.964245393305,6387.847837234016,5963.165551486534,6039.490939247602,374047400,0.0
TQQQ.US,3 倍做多纳指 ETF - ProShares,1698379200000,2023-10-27,2023-10-27 00:00:00,6180.399347421881,6307.608327023662,6057.1044902693875,6125.601633131884,294702200,0.0
TQQQ.US,3 倍做多纳指 ETF - ProShares,1698638400000,2023-10-30,2023-10-30 00:00:00,6252.810612733665,6397.6331433572295,6180.399347421881,6323.264816820805,264305600,0.0
TQQQ.US,3 倍做多纳指 ETF - ProShares,1698724800000,2023-10-31,2023-10-31 00:00:00,6325.221878045448,6436.774367850086,6184.313469871168,6415.246694379015,222923600,0.0
TQQQ.US,3 倍做多纳指 ETF - ProShares,1698811200000,2023-11-01,2023-11-01 00:00:00,6458.302041321156,6777.3030209379285,6452.430857647228,6745.9900413436435,332635600,0.0
TQQQ.US,3 倍做多纳指 ETF - ProShares,1698897600000,2023-11-02,2023-11-02 00:00:00,6998.450939322562,7119.788735250414,6927.9967352354215,7104.132245453271,234134000,0.0
TQQQ.US,3 倍做多纳指 ETF - ProShares,1698984000000,2023-11-03,2023-11-03 00:00:00,7182.414694438983,7432.918531193257,7168.715265866484,7354.636082207547,228661200,0.0
TQQQ.US,3 倍做多纳指 ETF - ProShares,1699246800000,2023-11-06,2023-11-06 00:00:00,7399.648490374331,7477.9309393600415,7303.7524903668345,7438.7897148671855,183599600,0.0
TQQQ.US,3 倍做多纳指 ETF - ProShares,1699333200000,2023-11-07,2023-11-07 00:00:00,7505.329796505041,7704.950041418603,7430.961469968614,7648.1952659039625,204502200,0.0
TQQQ.US,3 倍做多纳指 ETF - ProShares,1699419600000,2023-11-08,2023-11-08 00:00:00,7671.6800005996765,7716.69240876646,7520.986286302183,7661.894694476462,187960200,0.0
TQQQ.US,3 倍做多纳指 ETF - ProShares,1699506000000,2023-11-09,2023-11-09 00:00:00,7699.078857744676,7771.490123056458,7448.575020990401,7479.888000584684,258365200,0.0
TQQQ.US,3 倍做多纳指 ETF - ProShares,1699592400000,2023-11-10,2023-11-10 00:00:00,7583.612245490752,7990.680980216448,7550.342204671824,7978.938612868593,248927600,0.0
TQQQ.US,3 倍做多纳指 ETF - ProShares,1699851600000,2023-11-13,2023-11-13 00:00:00,7877.171429187168,7971.11036797002,7779.318367955029,7906.527347556809,180430400,0.0
TQQQ.US,3 倍做多纳指 ETF - ProShares,1699938000000,2023-11-14,2023-11-14 00:00:00,8311.639021057863,8470.160980253928,8276.411919014294,8403.620898616073,233552400,0.0
TQQQ.US,3 倍做多纳指 ETF - ProShares,1700024400000,2023-11-15,2023-11-15 00:00:00,8536.701061891783,8568.014041486067,8337.08081697822,8427.105633311789,218432600,0.0
TQQQ.US,3 倍做多纳指 ETF - ProShares,1700110800000,2023-11-16,2023-11-16 00:00:00,8368.393796572504,8456.461551681428,8284.240163912864,8440.805061884288,178045000,0.0
TQQQ.US,3 倍做多纳指 ETF - ProShares,1700197200000,2023-11-17,2023-11-17 00:00:00,8391.878531268218,8513.216327196069,8331.209633304292,8446.676245558214,157517000,0.0
TQQQ.US,3 倍做多纳指 ETF - ProShares,1700456400000,2023-11-20,2023-11-20 00:00:00,8444.719184333571,8796.990204769272,8442.762123108929,8748.063674153203,165655600,0.0
TQQQ.US,3 倍做多纳指 ETF - ProShares,1700542800000,2023-11-21,2023-11-21 00:00:00,8628.682939449995,8642.382368022492,8472.11804147857,8589.541714957139,148275200,0.0
TQQQ.US,3 倍做多纳指 ETF - ProShares,1700629200000,2023-11-22,2023-11-22 00:00:00,8722.621878232847,8888.972082327482,8620.85469455142,8689.351837413918,171446400,0.0
TQQQ.US,3 倍做多纳指 ETF - ProShares,1700802000000,2023-11-24,2023-11-24 00:00:00,8659.995919044277,8699.137143537133,8581.713470058567,8646.296490471777,63975400,0.0
TQQQ.US,3 倍做多纳指 ETF - ProShares,1701061200000,2023-11-27,2023-11-27 00:00:00,8613.02644965285,8755.891919051774,8566.056980261425,8620.85469455142,121856400,0.0
TQQQ.US,3 倍做多纳指 ETF - ProShares,1701147600000,2023-11-28,2023-11-28 00:00:00,8571.928163935352,8728.493061906775,8546.486368014997,8689.351837413918,158349000,0.0
TQQQ.US,3 倍做多纳指 ETF - ProShares,1701234000000,2023-11-29,2023-11-29 00:00:00,8853.744980283913,8949.640980291408,8636.511184348565,8658.038857819634,177523200,0.0
TQQQ.US,3 倍做多纳指 ETF - ProShares,1701320400000,2023-11-30,2023-11-30 00:00:00,8669.781225167491,8701.094204761775,8384.050286369647,8585.627592507852,186394600,0.0
TQQQ.US,3 倍做多纳指 ETF - ProShares,1701406800000,2023-12-01,2023-12-01 00:00:00,8511.259265971426,8697.18008231249,8399.70677616679,8658.038857819634,172937600,0.0
TQQQ.US,3 倍做多纳指 ETF - ProShares,1701666000000,2023-12-04,2023-12-04 00:00:00,8397.749714942145,8429.06269453643,8166.8164904342975,8411.449143514645,181143600,0.0
TQQQ.US,3 倍做多纳指 ETF - ProShares,1701752400000,2023-12-05,2023-12-05 00:00:00,8280.326041463579,8552.357551688925,8270.540735340364,8472.11804147857,167540400,0.0
TQQQ.US,3 倍做多纳指 ETF - ProShares,1701838800000,2023-12-06,2023-12-06 00:00:00,8665.867102718206,8673.695347616776,8299.896653710006,8321.424327181077,163000600,0.0
TQQQ.US,3 倍做多纳指 ETF - ProShares,1701925200000,2023-12-07,2023-12-07 00:00:00,8509.302204746784,8716.750694558918,8436.890939435001,8669.781225167491,162755400,0.0
TQQQ.US,3 倍做多纳指 ETF - ProShares,1702011600000,2023-12-08,2023-12-08 00:00:00,8542.57224556571,8806.775510892485,8530.829878217855,8773.505470073558,181789000,0.0
TQQQ.US,3 倍做多纳指 ETF - ProShares,1702270800000,2023-12-11,2023-12-11 00:00:00,8742.192490479274,9018.138123153905,8728.493061906775,8996.610449682834,151540000,0.0
TQQQ.US,3 倍做多纳指 ETF - ProShares,1702357200000,2023-12-12,2023-12-12 00:00:00,8998.567510907476,9217.758368067469,8918.328000697124,9213.844245618182,142899400,0.0
TQQQ.US,3 倍做多纳指 ETF - ProShares,1702443600000,2023-12-13,2023-12-13 00:00:00,9272.556082357467,9603.299429322095,9217.758368067469,9538.716408908884,230081400,0.0
TQQQ.US,3 倍做多纳指 ETF - ProShares,1702530000000,2023-12-14,2023-12-14 00:00:00,9638.526531365666,9732.465470148518,9305.826123176392,9523.05991911174,202697800,0.0
TQQQ.US,3 倍做多纳指 ETF - ProShares,1702616400000,2023-12-15,2023-12-15 00:00:00,9577.857633401738,9744.207837496375,9530.888164010312,9636.569470141023,156731000,0.0
TQQQ.US,3 倍做多纳指 ETF - ProShares,1702875600000,2023-12-18,2023-12-18 00:00:00,9685.496000757092,9902.72979669244,9662.011266061378,9838.146776279229,116436000,0.0
TQQQ.US,3 倍做多纳指 ETF - ProShares,1702962000000,2023-12-19,2023-12-19 00:00:00,9867.502694648869,9992.754613026007,9855.760327301012,9984.926368127437,120349600,0.0
TQQQ.US,3 倍做多纳指 ETF - ProShares,1703048400000,2023-12-20,2023-12-20 00:00:00,9922.629208509139,10077.91599683565,9525.5667877249,9541.292032112393,176165000,0.0
TQQQ.US,3 倍做多纳指 ETF - ProShares,1703134800000,2023-12-21,2023-12-21 00:00:00,9806.655531151366,9881.350441991966,9619.918254049866,9857.762575410723,149089400,0.0
TQQQ.US,3 倍做多纳指 ETF - ProShares,1703221200000,2023-12-22,2023-12-22 00:00:00,9946.217075090382,10013.049363737233,9757.514142440446,9897.075686379461,132420000,0.0
TQQQ.US,3 倍做多纳指 ETF - ProShares,1703566800000,2023-12-26,2023-12-26 00:00:00,9954.079697284129,10125.091729998134,9950.148386187255,10077.91599683565,87371200,0.0
TQQQ.US,3 倍做多纳指 ETF - ProShares,1703653200000,2023-12-27,2023-12-27 00:00:00,10093.641241223144,10154.576563224686,10028.77460812473,10130.988696643444,111495600,0.0
TQQQ.US,3 倍做多纳指 ETF - ProShares,1703739600000,2023-12-28,2023-12-28 00:00:00,10205.683607484045,10223.374507419974,10077.91599683565,10105.435174513765,85768200,0.0
TQQQ.US,3 倍做多纳指 ETF - ProShares,1703826000000,2023-12-29,2023-12-29 00:00:00,10099.538207868454,10127.05738554657,9828.277742184171,9965.87363057475,134245400,0.0
TQQQ.US,3 倍做多纳指 ETF - ProShares,1704171600000,2024-01-02,2024-01-02 00:00:00,9700.510131535777,9716.235375923272,9291.653777460917,9460.700154626484,176270600,0.0
TQQQ.US,3 倍做多纳指 ETF - ProShares,1704258000000,2024-01-03,2024-01-03 00:00:00,9271.997221976548,9344.72647726871,9126.538711392222,9157.989200167212,167812200,0.0
TQQQ.US,3 倍做多纳指 ETF - ProShares,1704344400000,2024-01-04,2024-01-04 00:00:00,9016.462000679758,9232.684111007811,8988.942823001642,9004.668067389139,143735400,0.0
TQQQ.US,3 倍做多纳指 ETF - ProShares,1704430800000,2024-01-05,2024-01-05 00:00:00,9014.496345131322,9222.855833265627,8937.835778742285,9038.084211712563,170481600,0.0
TQQQ.US,3 倍做多纳指 ETF - ProShares,1704690000000,2024-01-08,2024-01-08 00:00:00,9118.676089198474,9612.05563185612,9106.882155907853,9582.570798629567,135374200,0.0
TQQQ.US,3 倍做多纳指 ETF - ProShares,1704776400000,2024-01-09,2024-01-09 00:00:00,9368.314343849952,9712.304064826398,9358.486066107767,9645.471776179545,148431600,0.0
TQQQ.US,3 倍做多纳指 ETF - ProShares,1704862800000,2024-01-10,2024-01-10 00:00:00,9665.128331663915,9908.86961967008,9600.261698565499,9836.14036437792,147621000,0.0
TQQQ.US,3 倍做多纳指 ETF - ProShares,1704949200000,2024-01-11,2024-01-11 00:00:00,9916.732241863829,10018.946330382545,9513.772854434277,9883.316097540403,190228400,0.0
TQQQ.US,3 倍做多纳指 ETF - ProShares,1705035600000,2024-01-12,2024-01-12 00:00:00,9959.97666392944,10020.911985930981,9796.827253409183,9895.110030831025,128214000,0.0
TQQQ.US,3 倍做多纳指 ETF - ProShares,1705381200000,2024-01-16,2024-01-16 00:00:00,9804.68987560293,10007.152397091922,9696.578820438903,9889.213064185713,145874000,0.0
TQQQ.US,3 倍做多纳指 ETF - ProShares,1705467600000,2024-01-17,2024-01-17 00:00:00,9645.471776179545,9747.685864698262,9409.593110367125,9718.201031471708,166554600,0.0
TQQQ.US,3 倍做多纳指 ETF - ProShares,1705554000000,2024-01-18,2024-01-18 00:00:00,9944.251419541946,10166.370496515307,9849.899953216976,10134.920007740318,182140800,0.0
TQQQ.US,3 倍做多纳指 ETF - ProShares,1705640400000,2024-01-19,2024-01-19 00:00:00,10284.309829421518,10736.410605561989,10241.065407355907,10720.685361174494,186359400,0.0
TQQQ.US,3 倍做多纳指 ETF - ProShares,1705899600000,2024-01-22,2024-01-22 00:00:00,10891.697393888498,10991.945826858777,10714.788394529183,10763.929783240104,149656600,0.0
TQQQ.US,3 倍做多纳指 ETF - ProShares,1705986000000,2024-01-23,2024-01-23 00:00:00,10813.071171951025,10905.456982727555,10669.578316915136,10891.697393888498,112172000,0.0
TQQQ.US,3 倍做多纳指 ETF - ProShares,1706072400000,2024-01-24,2024-01-24 00:00:00,11194.408348347772,11381.14562544927,11031.258937827513,11070.572048796252,179718600,0.0
TQQQ.US,3 倍做多纳指 ETF - ProShares,1706158800000,2024-01-25,2024-01-25 00:00:00,11255.343670349313,11308.416370157109,10913.319604921304,11102.02253757124,151395200,0.0
TQQQ.US,3 倍做多纳指 ETF - ProShares,1706245200000,2024-01-26,2024-01-26 00:00:00,10944.770093696294,11084.331637635309,10846.487316274452,10897.594360533809,128382600,0.0
TQQQ.US,3 倍做多纳指 ETF - ProShares,1706504400000,2024-01-29,2024-01-29 00:00:00,10931.010504857235,11243.549737058693,10877.937805049442,11217.996214929013,115977200,0.0
TQQQ.US,3 倍做多纳指 ETF - ProShares,1706590800000,2024-01-30,2024-01-30 00:00:00,11143.301304088413,11188.511381702461,10929.044849308799,10993.911482407215,119554400,0.0
TQQQ.US,3 倍做多纳指 ETF - ProShares,1706677200000,2024-01-31,2024-01-31 00:00:00,10651.887416979205,10807.174205305715,10335.416873680875,10347.210806971496,203451600,0.0
TQQQ.US,3 倍做多纳指 ETF - ProShares,1706763600000,2024-02-01,2024-02-01 00:00:00,10474.97841761989,10740.341916658863,10400.28350677929,10712.822738980747,162261400,0.0
TQQQ.US,3 倍做多纳指 ETF - ProShares,1706850000000,2024-02-02,2024-02-02 00:00:00,10846.487316274452,11337.90120338366,10769.826749885415,11251.41235925244,198505000,0.0
TQQQ.US,3 倍做多纳指 ETF - ProShares,1707109200000,2024-02-05,2024-02-05 00:00:00,11241.584081510255,11286.794159124303,10923.147882663488,11194.408348347772,139947800,0.0
TQQQ.US,3 倍做多纳指 ETF - ProShares,1707195600000,2024-02-06,2024-02-06 00:00:00,11278.931536930555,11330.038581189912,10936.907471502545,11129.541715249356,140124200,0.0
TQQQ.US,3 倍做多纳指 ETF - ProShares,1707282000000,2024-02-07,2024-02-07 00:00:00,11339.866858932097,11530.535447130469,11237.652770413382,11461.73750293518,131823400,0.0
TQQQ.US,3 倍做多纳指 ETF - ProShares,1707368400000,2024-02-08,2024-02-08 00:00:00,11461.73750293518,11575.745524744518,11404.733492030513,11508.913236097664,98922200,0.0
TQQQ.US,3 倍做多纳指 ETF - ProShares,1707454800000,2024-02-09,2024-02-09 00:00:00,11603.264702422633,11913.838279075653,11540.363724872654,11847.005990428801,110222000,0.0
TQQQ.US,3 倍做多纳指 ETF - ProShares,1707714000000,2024-02-12,2024-02-12 00:00:00,11835.21205713818,12018.018023142806,11652.406091133555,11707.444446489786,116255000,0.0
TQQQ.US,3 倍做多纳指 ETF - ProShares,1707800400000,2024-02-13,2024-02-13 00:00:00,11054.846804408757,11375.24865880396,10897.594360533809,11153.129581830599,188933000,0.0
TQQQ.US,3 倍做多纳指 ETF - ProShares,1707886800000,2024-02-14,2024-02-14 00:00:00,11361.489069964902,11548.226347066402,11176.71744841184,11506.947580549227,156151400,0.0
TQQQ.US,3 倍做多纳指 ETF - ProShares,1707973200000,2024-02-15,2024-02-15 00:00:00,11560.020280357023,11638.646502294496,11347.729481125843,11603.264702422633,130057200,0.0
TQQQ.US,3 倍做多纳指 ETF - ProShares,1708059600000,2024-02-16,2024-02-16 00:00:00,11628.818224552311,11638.646502294496,11225.85883712276,11284.828503575865,151933000,0.0
TQQQ.US,3 倍做多纳指 ETF - ProShares,1708405200000,2024-02-20,2024-02-20 00:00:00,11121.679093055609,11239.618425961819,10722.65101672293,11023.396315633767,163321000,0.0
TQQQ.US,3 倍做多纳指 ETF - ProShares,1708491600000,2024-02-21,2024-02-21 00:00:00,10805.208549757277,10893.663049436936,10579.158161687043,10885.800427243188,152898600,0.0
TQQQ.US,3 倍做多纳指 ETF - ProShares,1708578000000,2024-02-22,2024-02-22 00:00:00,11554.123313711712,11911.872623527217,11497.119302807045,11827.349434944432,179279200,0.0
TQQQ.US,3 倍做多纳指 ETF - ProShares,1708664400000,2024-02-23,2024-02-23 00:00:00,11957.082701141262,12033.743267530299,11640.612157842932,11719.238379780405,140390800,0.0
TQQQ.US,3 倍做多纳指 ETF - ProShares,1708923600000,2024-02-26,2024-02-26 00:00:00,11782.139357330385,11866.662545913168,11681.890924360107,11703.513135392912,109875400,0.0
TQQQ.US,3 倍做多纳指 ETF - ProShares,1709010000000,2024-02-27,2024-02-27 00:00:00,11786.070668427259,11811.624190556939,11571.814213647644,11776.242390685074,109399800,0.0
TQQQ.US,3 倍做多纳指 ETF - ProShares,1709096400000,2024-02-28,2024-02-28 00:00:00,11603.264702422633,11701.547479844476,11508.913236097664,11585.5738024867,123503400,0.0
TQQQ.US,3 倍做多纳指 ETF - ProShares,1709182800000,2024-02-29,2024-02-29 00:00:00,11809.6585350085,11961.014012238136,11554.123313711712,11864.696890364732,136959800,0.0
TQQQ.US,3 倍做多纳指 ETF - ProShares,1709269200000,2024-03-01,2024-03-01 00:00:00,11941.357456753769,12483.878388122333,11937.426145656895,12409.183477281735,140959600,0.0
TQQQ.US,3 倍做多纳指 ETF - ProShares,1709528400000,2024-03-04,2024-03-04 00:00:00,12401.320855087988,12438.668310508288,12247.999722309914,12261.759311148973,120418600,0.0
TQQQ.US,3 倍做多纳指 ETF - ProShares,1709614800000,2024-03-05,2024-03-05 00:00:00,12010.155400949057,12010.155400949057,11404.733492030513,11605.23035797107,193207000,0.0
TQQQ.US,3 倍做多纳指 ETF - ProShares,1709701200000,2024-03-06,2024-03-06 00:00:00,11939.391801205333,12075.022034047473,11666.165679972612,11819.486812750685,181677400,0.0
TQQQ.US,3 倍做多纳指 ETF - ProShares,1709787600000,2024-03-07,2024-03-07 00:00:00,12098.609900628715,12446.530932702035,11972.807945528757,12346.282499731757,142370800,0.0
TQQQ.US,3 倍做多纳指 ETF - ProShares,1709874000000,2024-03-08,2024-03-08 00:00:00,12367.904710764562,12605.749032125417,11748.723213006959,11805.727223911626,296451200,0.0
TQQQ.US,3 倍做多纳指 ETF - ProShares,1710129600000,2024-03-11,2024-03-11 00:00:00,11677.959613263232,11770.345424039764,11510.878891646102,11668.131335521048,146770000,0.0
TQQQ.US,3 倍做多纳指 ETF - ProShares,1710216000000,2024-03-12,2024-03-12 00:00:00,11850.937301525673,12194.92702250212,11589.505113583575,12163.476533727131,170560000,0.0
TQQQ.US,3 倍做多纳指 ETF - ProShares,1710302400000,2024-03-13,2024-03-13 00:00:00,12076.98768959591,12080.919000692784,11788.036323975695,11880.422134752225,143779800,0.0
TQQQ.US,3 倍做多纳指 ETF - ProShares,1710388800000,2024-03-14,2024-03-14 00:00:00,11964.94532333501,12010.155400949057,11556.088969260149,11784.105012878823,162480400,0.0
TQQQ.US,3 倍做多纳指 ETF - ProShares,1710475200000,2024-03-15,2024-03-15 00:00:00,11536.43241377578,11581.642491389828,11261.240636994624,11353.626447771154,140883800,0.0
TQQQ.US,3 倍做多纳指 ETF - ProShares,1710734400000,2024-03-18,2024-03-18 00:00:00,11770.345424039764,11951.185734495952,11654.37174668199,11674.028302166358,129193800,0.0
TQQQ.US,3 倍做多纳指 ETF - ProShares,1710820800000,2024-03-19,2024-03-19 00:00:00,11506.947580549227,11790.001979524131,11337.90120338366,11754.62017965227,118810000,0.0
TQQQ.US,3 倍做多纳指 ETF - ProShares,1710907200000,2024-03-20,2024-03-20 00:00:00,11850.294024630646,12197.49757854025,11710.228954587566,12171.85186149011,156556000,0.0
TQQQ.US,3 倍做多纳指 ETF - ProShares,1710993600000,2024-03-21,2024-03-21 00:00:00,12576.26509189618,12615.720041204091,12313.889678998583,12329.671658721747,126541800,0.0
TQQQ.US,3 倍做多纳指 ETF - ProShares,1711080000000,2024-03-22,2024-03-22 00:00:00,12284.298467017652,12461.845738903245,12211.306810798018,12355.317375771889,91574800,0.0
TQQQ.US,3 倍做多纳指 ETF - ProShares,1711339200000,2024-03-25,2024-03-25 00:00:00,12128.451417251406,12355.317375771889,12045.596023704798,12229.061537986578,86669400,0.0
TQQQ.US,3 倍做多纳指 ETF - ProShares,1711425600000,2024-03-26,2024-03-26 00:00:00,12351.371880841098,12430.281779456916,12088.996467943498,12114.64218499364,93986000,0.0
TQQQ.US,3 倍做多纳指 ETF - ProShares,1711512000000,2024-03-27,2024-03-27 00:00:00,12343.480890979516,12355.317375771889,11976.549862415955,12221.170548124996,111388600,0.0
TQQQ.US,3 倍做多纳指 ETF - ProShares,1711598400000,2024-03-28,2024-03-28 00:00:00,12209.334063332622,12276.407477156068,12112.669437528244,12144.233396974572,87023400,0.0
TQQQ.US,3 倍做多纳指 ETF - ProShares,1711944000000,2024-04-01,2024-04-01 00:00:00,12215.252305728809,12426.336284526125,12057.43250849717,12219.1978006596,112290600,0.0
TQQQ.US,3 倍做多纳指 ETF - ProShares,1712030400000,2024-04-02,2024-04-02 00:00:00,11810.839075322736,11919.340185919487,11639.21004583333,11891.72172140395,109672800,0.0
TQQQ.US,3 倍做多纳指 ETF - ProShares,1712116800000,2024-04-03,2024-04-03 00:00:00,11718.119944449149,12124.505922320617,11714.174449518358,11970.631620019769,111683800,0.0
TQQQ.US,3 倍做多纳指 ETF - ProShares,1712203200000,2024-04-04,2024-04-04 00:00:00,12300.080446740814,12351.371880841098,11390.643865193499,11406.425844916663,167520400,0.0
TQQQ.US,3 倍做多纳指 ETF - ProShares,1712289600000,2024-04-05,2024-04-05 00:00:00,11520.8451979096,12019.950306654657,11453.771784086155,11808.86632785734,154897200,0.0
TQQQ.US,3 倍做多纳指 ETF - ProShares,1712548800000,2024-04-08,2024-04-08 00:00:00,11877.912489146182,11966.686125088978,11700.365217260589,11816.757317718922,89725400,0.0
TQQQ.US,3 倍做多纳指 ETF - ProShares,1712635200000,2024-04-09,2024-04-09 00:00:00,11996.27733706991,12021.923054120052,11556.354652286718,11939.067660573442,119965000,0.0
TQQQ.US,3 倍做多纳指 ETF - ProShares,1712721600000,2024-04-10,2024-04-10 00:00:00,11512.954208048019,11694.446974864402,11453.771784086155,11625.400813575561,202080600,0.0
TQQQ.US,3 倍做多纳指 ETF - ProShares,1712808000000,2024-04-11,2024-04-11 00:00:00,11759.547641222453,12242.870770244346,11576.082126940673,12171.85186149011,146931200,0.0
TQQQ.US,3 倍做多纳指 ETF - ProShares,1712894400000,2024-04-12,2024-04-12 00:00:00,11812.811822788131,11905.530953661719,11465.608268878526,11583.973116802255,172589800,0.0
TQQQ.US,3 倍做多纳指 ETF - ProShares,1713153600000,2024-04-15,2024-04-15 00:00:00,11875.939741680788,11881.857984076973,10936.911948152538,11002.01261451059,203656200,0.0
TQQQ.US,3 倍做多纳指 ETF - ProShares,1713240000000,2024-04-16,2024-04-16 00:00:00,10986.230634787426,11207.17835091172,10897.45699884463,11003.985361975985,163766200,0.0
TQQQ.US,3 倍做多纳指 ETF - ProShares,1713326400000,2024-04-17,2024-04-17 00:00:00,11153.91416934604,11155.886916811436,10524.607727884882,10595.626636639121,171026400,0.0
TQQQ.US,3 倍做多纳指 ETF - ProShares,1713412800000,2024-04-18,2024-04-18 00:00:00,10631.136091016238,10763.310171197736,10358.896940791663,10406.242879961153,172781600,0.0
TQQQ.US,3 倍做多纳指 ETF - ProShares,1713499200000,2024-04-19,2024-04-19 00:00:00,10313.523749087566,10351.00595093008,9636.871368456917,9761.154458776831,250807600,0.0
TQQQ.US,3 倍做多纳指 ETF - ProShares,1713758400000,2024-04-22,2024-04-22 00:00:00,9938.701730662426,10212.913628352399,9699.999287349572,10045.230093793782,142604800,0.0
TQQQ.US,3 倍做多纳指 ETF - ProShares,1713844800000,2024-04-23,2024-04-23 00:00:00,10183.322416371464,10577.871909450561,10157.676699321324,10493.043768438554,151835000,0.0
TQQQ.US,3 倍做多纳指 ETF - ProShares,1713931200000,2024-04-24,2024-04-24 00:00:00,10715.964232028244,10832.356332486577,10422.024859684318,10595.626636639121,144316800,0.0
TQQQ.US,3 倍做多纳指 ETF - ProShares,1714017600000,2024-04-25,2024-04-25 00:00:00,10041.28459886299,10493.043768438554,9958.429205316379,10425.970354615109,172827200,0.0
TQQQ.US,3 倍做多纳指 ETF - ProShares,1714104000000,2024-04-26,2024-04-26 00:00:00,10658.754555531776,11021.740089164543,10607.463121431494,10905.347988706211,135994600,0.0
TQQQ.US,3 倍做多纳指 ETF - ProShares,1714363200000,2024-04-29,2024-04-29 00:00:00,11063.167785937849,11112.486472572735,10826.438090090393,11035.549321422312,102355000,0.0
TQQQ.US,3 倍做多纳指 ETF - ProShares,1714449600000,2024-04-30,2024-04-30 00:00:00,10909.293483637,11017.794594233754,10402.297385030362,10404.27013249576,125248600,0.0
TQQQ.US,3 倍做多纳指 ETF - ProShares,1714536000000,2024-05-01,2024-05-01 00:00:00,10287.878032037424,10810.656110367227,10114.276255082625,10179.376921440675,208076800,0.0
TQQQ.US,3 倍做多纳指 ETF - ProShares,1714622400000,2024-05-02,2024-05-02 00:00:00,10439.779586872877,10623.245101154658,10100.467022824856,10556.17168733121,124829800,0.0
TQQQ.US,3 倍做多纳指 ETF - ProShares,1714708800000,2024-05-03,2024-05-03 00:00:00,11112.486472572735,11266.360774873583,10994.121624649006,11185.478128792369,150878000,0.0
TQQQ.US,3 倍做多纳指 ETF - ProShares,1714968000000,2024-05-06,2024-05-06 00:00:00,11327.515946300844,11560.30014721751,11268.333522338979,11552.409157355929,82530800,0.0
TQQQ.US,3 倍做多纳指 ETF - ProShares,1715054400000,2024-05-07,2024-05-07 00:00:00,11583.973116802255,11684.583237537425,11497.172228324855,11552.409157355929,93320400,0.0
TQQQ.US,3 倍做多纳指 ETF - ProShares,1715140800000,2024-05-08,2024-05-08 00:00:00,11343.297926024006,11643.15554076412,11333.43418869703,11530.708935236578,78027200,0.0
TQQQ.US,3 倍做多纳指 ETF - ProShares,1715227200000,2024-05-09,2024-05-09 00:00:00,11540.572672563554,11639.21004583333,11392.616612658894,11593.836854129233,81439200,0.0
TQQQ.US,3 倍做多纳指 ETF - ProShares,1715313600000,2024-05-10,2024-05-10 00:00:00,11710.228954587566,11850.294024630646,11548.463662425136,11672.746752745052,92669600,0.0
TQQQ.US,3 倍做多纳指 ETF - ProShares,1715572800000,2024-05-13,2024-05-13 00:00:00,11820.702812649713,11830.566549976691,11635.264550902537,11749.683903895477,67722000,0.0
TQQQ.US,3 倍做多纳指 ETF - ProShares,1715659200000,2024-05-14,2024-05-14 00:00:00,11710.228954587566,12014.03206425847,11694.446974864402,11968.658872554375,92952800,0.0
TQQQ.US,3 倍做多纳指 ETF - ProShares,1715745600000,2024-05-15,2024-05-15 00:00:00,12169.879114024712,12550.61937484604,12045.596023704798,12521.028162865108,130481400,0.0
TQQQ.US,3 倍做多纳指 ETF - ProShares,1715832000000,2024-05-16,2024-05-16 00:00:00,12499.327940745758,12665.038727838979,12426.336284526125,12444.091011714685,87715200,0.0
TQQQ.US,3 倍做多纳指 ETF - ProShares,1715918400000,2024-05-17,2024-05-17 00:00:00,12446.06375918008,12499.327940745758,12234.979780382764,12416.472547199148,70099600,0.0
TQQQ.US,3 倍做多纳指 ETF - ProShares,1716177600000,2024-05-20,2024-05-20 00:00:00,12432.254526922312,12730.13939419703,12418.445294664543,12672.92971770056,74539000,0.0
TQQQ.US,3 倍做多纳指 ETF - ProShares,1716264000000,2024-05-21,2024-05-21 00:00:00,12515.109920468922,12757.757858712566,12497.355193280362,12738.03038405861,62314000,0.0
TQQQ.US,3 倍做多纳指 ETF - ProShares,1716350400000,2024-05-22,2024-05-22 00:00:00,12761.703353643356,12822.858525070616,12511.16442553813,12730.13939419703,80039400,0.0
TQQQ.US,3 倍做多纳指 ETF - ProShares,1716436800000,2024-05-23,2024-05-23 00:00:00,13118.770644879938,13120.743392345335,12388.85408268361,12540.755637519063,130877800,0.0
TQQQ.US,3 倍做多纳指 ETF - ProShares,1716523200000,2024-05-24,2024-05-24 00:00:00,12674.902465165957,12998.433049490814,12613.747293738696,12891.904686359458,82558000,0.0
TQQQ.US,3 倍做多纳指 ETF - ProShares,1716868800000,2024-05-28,2024-05-28 00:00:00,12992.514807094627,13039.860746264118,12783.403575762706,13031.969756402537,83186400,0.0
TQQQ.US,3 倍做多纳指 ETF - ProShares,1716955200000,2024-05-29,2024-05-29 00:00:00,12672.92971770056,12909.659413548017,12665.038727838979,12759.730606177962,79282200,0.0
TQQQ.US,3 倍做多纳指 ETF - ProShares,1717041600000,2024-05-30,2024-05-30 00:00:00,12674.902465165957,12684.766202492932,12229.061537986578,12349.399133375702,84703600,0.0
TQQQ.US,3 倍做多纳指 ETF - ProShares,1717128000000,2024-05-31,2024-05-31 00:00:00,12349.399133375702,12406.60880987217,11631.319055971748,12335.589901117934,143746400,0.0
TQQQ.US,3 倍做多纳指 ETF - ProShares,1717387200000,2024-06-03,2024-06-03 00:00:00,12572.31959696539,12655.174990512001,12025.868549050843,12455.927496507058,111435000,0.0
TQQQ.US,3 倍做多纳指 ETF - ProShares,1717473600000,2024-06-04,2024-06-04 00:00:00,12428.30903199152,12651.229495581209,12284.298467017652,12548.646627380645,88491800,0.0
TQQQ.US,3 倍做多纳指 ETF - ProShares,1717560000000,2024-06-05,2024-06-05 00:00:00,12846.531494655363,13312.099896488697,12753.812363781775,13306.18165409251,104871400,0.0
TQQQ.US,3 倍做多纳指 ETF - ProShares,1717646400000,2024-06-06,2024-06-06 00:00:00,13363.391330588976,13391.009795104514,13187.81680616878,13290.399674369346,73031200,0.0
TQQQ.US,3 倍做多纳指 ETF - ProShares,1717732800000,2024-06-07,2024-06-07 00:00:00,13241.08098773446,13479.783431047312,13142.443614464684,13241.08098773446,89943400,0.0
TQQQ.US,3 倍做多纳指 ETF - ProShares,1717992000000,2024-06-10,2024-06-10 00:00:00,13136.525372068498,13426.519249481635,13114.825149949149,13381.146057777538,72041800,0.0
TQQQ.US,3 倍做多纳指 ETF - ProShares,1718078400000,2024-06-11,2024-06-11 00:00:00,13280.535937042367,13675.085430121462,13150.334604326266,13657.330702932904,71386800,0.0
TQQQ.US,3 倍做多纳指 ETF - ProShares,1718164800000,2024-06-12,2024-06-12 00:00:00,14008.4797517733,14405.00199231779,13951.27007527683,14195.890760985869,124402600,0.0
TQQQ.US,3 倍做多纳指 ETF - ProShares,1718251200000,2024-06-13,2024-06-13 00:00:00,14513.503102914541,14576.631021807198,14217.59098310522,14422.756719506351,87285000,0.0
TQQQ.US,3 倍做多纳指 ETF - ProShares,1718337600000,2024-06-14,2024-06-14 00:00:00,14391.192760060023,14639.758940699852,14347.792315821323,14631.867950838272,71555000,0.0
TQQQ.US,3 倍做多纳指 ETF - ProShares,1718596800000,2024-06-17,2024-06-17 00:00:00,14653.568172957623,15332.193301053667,14533.230577568498,15162.537019029654,93354600,0.0
TQQQ.US,3 倍做多纳指 ETF - ProShares,1718683200000,2024-06-18,2024-06-18 00:00:00,15156.618776633468,15235.528675249288,15004.717221798017,15170.428008891238,66433200,0.0
TQQQ.US,3 倍做多纳指 ETF - ProShares,1718856000000,2024-06-20,2024-06-20 00:00:00,15280.901866953383,15320.356816261294,14641.731688165248,14813.360717654656,105455000,0.0
TQQQ.US,3 倍做多纳指 ETF - ProShares,1718942400000,2024-06-21,2024-06-21 00:00:00,14775.878515812143,14900.161606132056,14543.094314895474,14677.241142542369,77341800,0.0
TQQQ.US,3 倍做多纳指 ETF - ProShares,1719201600000,2024-06-24,2024-06-24 00:00:00,14562.821789549429,14722.614334246462,14164.326801539542,14180.108781262705,93754600,0.0
TQQQ.US,3 倍做多纳指 ETF - ProShares,1719288000000,2024-06-25,2024-06-25 00:00:00,14359.628800613697,14683.159384938555,14276.773407067087,14653.568172957623,77675000,0.0
TQQQ.US,3 倍做多纳指 ETF - ProShares,1719374400000,2024-06-26,2024-06-26 00:00:00,14574.965683507582,14792.798051060006,14537.340092748527,14745.270989048568,72549600,0.0
TQQQ.US,3 倍做多纳指 ETF - ProShares,1719460800000,2024-06-27,2024-06-27 00:00:00,14717.546869541895,14990.827476107665,14638.335099522834,14852.206878574303,74115400,0.0
TQQQ.US,3 倍做多纳指 ETF - ProShares,1719547200000,2024-06-28,2024-06-28 00:00:00,14909.635411838126,15353.221323944877,14545.261269750436,14618.532157018066,107803000,0.0
TQQQ.US,3 倍做多纳指 ETF - ProShares,1719806400000,2024-07-01,2024-07-01 00:00:00,14685.86216153427,14909.635411838126,14341.290961951348,14858.147761325734,86557400,0.0
TQQQ.US,3 倍做多纳指 ETF - ProShares,1719892800000,2024-07-02,2024-07-02 00:00:00,14711.605986790468,15323.516910187727,14701.704515538084,15313.615438935345,74950200,0.0
TQQQ.US,3 倍做多纳指 ETF - ProShares,1719979200000,2024-07-03,2024-07-03 00:00:00,15238.364257417235,15705.713700529708,15238.364257417235,15689.871346525895,56150400,0.0
TQQQ.US,3 倍做多纳指 ETF - ProShares,1720152000000,2024-07-05,2024-07-05 00:00:00,15757.201351042097,16208.708440150756,15729.477231535428,16165.14196664027,79624600,0.0
TQQQ.US,3 倍做多纳指 ETF - ProShares,1720411200000,2024-07-08,2024-07-08 00:00:00,16200.787263148852,16331.486683680305,16095.831667873592,16272.077856166008,73365600,0.0
TQQQ.US,3 倍做多纳指 ETF - ProShares,1720497600000,2024-07-09,2024-07-09 00:00:00,16420.59992495175,16533.476697228914,16163.161672389797,16307.723152674584,72033600,0.0
TQQQ.US,3 倍做多纳指 ETF - ProShares,1720584000000,2024-07-10,2024-07-10 00:00:00,16499.811694970813,16872.10701406041,16371.092568689835,16818.639069297544,77554800,0.0
TQQQ.US,3 倍做多纳指 ETF - ProShares,1720670400000,2024-07-11,2024-07-11 00:00:00,16826.560246299447,16844.38289455374,15584.915751250637,15713.634877531613,149329000,0.0
TQQQ.US,3 倍做多纳指 ETF - ProShares,1720756800000,2024-07-12,2024-07-12 00:00:00,15745.319585539239,16424.560513452703,15703.73340627923,15969.092835843092,101019800,0.0
TQQQ.US,3 倍做多纳指 ETF - ProShares,1721016000000,2024-07-15,2024-07-15 00:00:00,16133.457258632647,16559.22052248511,15887.900771573553,16087.910490871685,109900400,0.0
TQQQ.US,3 倍做多纳指 ETF - ProShares,1721102400000,2024-07-16,2024-07-16 00:00:00,16226.531088405045,16307.723152674584,15790.866353300198,16099.792256374545,83637600,0.0
TQQQ.US,3 倍做多纳指 ETF - ProShares,1721188800000,2024-07-17,2024-07-17 00:00:00,15313.615438935345,15361.142500946782,14672.000101780935,14683.881867283797,142840000,0.0
TQQQ.US,3 倍做多纳指 ETF - ProShares,1721275200000,2024-07-18,2024-07-18 00:00:00,15012.610712862906,15034.393949618148,14169.005362159885,14464.069205480897,131678400,0.0
TQQQ.US,3 倍做多纳指 ETF - ProShares,1721361600000,2024-07-19,2024-07-19 00:00:00,14416.542143469456,14648.236570775216,13949.192700356985,14071.970943886534,118249600,0.0
TQQQ.US,3 倍做多纳指 ETF - ProShares,1721620800000,2024-07-22,2024-07-22 00:00:00,14584.867154759968,14778.93599130667,14281.882134437052,14685.86216153427,112808600,0.0
TQQQ.US,3 倍做多纳指 ETF - ProShares,1721707200000,2024-07-23,2024-07-23 00:00:00,14600.709508763779,14877.950703830498,14483.872147985661,14527.438621496145,87127000,0.0
TQQQ.US,3 倍做多纳指 ETF - ProShares,1721793600000,2024-07-24,2024-07-24 00:00:00,13907.60652109698,13937.310934854126,12881.814099350113,12961.025869369176,159575200,0.0
TQQQ.US,3 倍做多纳指 ETF - ProShares,1721880000000,2024-07-25,2024-07-25 00:00:00,12982.809106124418,13335.301482709248,12303.568178210953,12529.321722765284,188128000,0.0
TQQQ.US,3 倍做多纳指 ETF - ProShares,1721966400000,2024-07-26,2024-07-26 00:00:00,12871.91262809773,13137.272057661592,12630.316729539589,12887.754982101542,137407000,0.0
TQQQ.US,3 倍做多纳指 ETF - ProShares,1722225600000,2024-07-29,2024-07-29 00:00:00,13123.409997908255,13305.5970689521,12776.858504074853,12963.006163619651,115640800,0.0
TQQQ.US,3 倍做多纳指 ETF - ProShares,1722312000000,2024-07-30,2024-07-30 00:00:00,13125.390292158732,13186.779413923507,12147.124932423305,12434.267598742406,143063600,0.0
TQQQ.US,3 倍做多纳指 ETF - ProShares,1722398400000,2024-07-31,2024-07-31 00:00:00,13264.010889692092,13664.03032828836,13145.193234663497,13521.449142254047,173408400,0.0
TQQQ.US,3 倍做多纳指 ETF - ProShares,1722484800000,2024-08-01,2024-08-01 00:00:00,13580.857969768344,13905.626226846502,12218.415525440461,12547.14437101957,210693200,0.0
TQQQ.US,3 倍做多纳指 ETF - ProShares,1722571200000,2024-08-02,2024-08-02 00:00:00,11812.455204092763,12024.346688893756,11287.677227716471,11632.248427299395,209844000,0.0
TQQQ.US,3 倍做多纳指 ETF - ProShares,1722830400000,2024-08-05,2024-08-05 00:00:00,9768.791537600939,11127.273393427868,9663.83594232568,10618.337771055389,287924400,0.0
TQQQ.US,3 倍做多纳指 ETF - ProShares,1722916800000,2024-08-06,2024-08-06 00:00:00,10719.332777829695,11436.199296502215,10523.283647032513,10883.69720061925,192909400,0.0
TQQQ.US,3 倍做多纳指 ETF - ProShares,1723003200000,2024-08-07,2024-08-07 00:00:00,11400.553999993635,11586.701659538434,10495.559527525842,10533.185118284895,182751600,0.0
TQQQ.US,3 倍做多纳指 ETF - ProShares,1723089600000,2024-08-08,2024-08-08 00:00:00,10980.731618892603,11555.016951530808,10695.569246823974,11497.588418266989,152879200,0.0
TQQQ.US,3 倍做多纳指 ETF - ProShares,1723176000000,2024-08-09,2024-08-09 00:00:00,11374.81017473744,11788.691673087043,11287.677227716471,11654.031664054637,125592400,0.0
TQQQ.US,3 倍做多纳指 ETF - ProShares,1723435200000,2024-08-12,2024-08-12 00:00:00,11729.282845572747,11960.977272878506,11507.489889519371,11733.2434340737,108972600,0.0
TQQQ.US,3 倍做多纳指 ETF - ProShares,1723521600000,2024-08-13,2024-08-13 00:00:00,12071.873750905193,12616.454669786252,12059.991985402334,12586.750256029103,108962800,0.0
TQQQ.US,3 倍做多纳指 ETF - ProShares,1723608000000,2024-08-14,2024-08-14 00:00:00,12671.902908799597,12800.622035080574,12252.080527698561,12608.533492784345,124710600,0.0
TQQQ.US,3 倍做多纳指 ETF - ProShares,1723694400000,2024-08-15,2024-08-15 00:00:00,13095.685878401582,13590.759441020726,13067.96175889491,13557.094438762624,106424800,0.0
TQQQ.US,3 倍做多纳指 ETF - ProShares,1723780800000,2024-08-16,2024-08-16 00:00:00,13390.749721722594,13715.517978800752,13305.5970689521,13592.739735271203,89675200,0.0
TQQQ.US,3 倍做多纳指 ETF - ProShares,1724040000000,2024-08-19,2024-08-19 00:00:00,13600.66091227311,14129.399477150353,13444.21766648546,14119.49800589797,91599800,0.0
TQQQ.US,3 倍做多纳指 ETF - ProShares,1724126400000,2024-08-20,2024-08-20 00:00:00,14040.28623587891,14270.000368934192,13879.882401590306,14032.365058877002,97859000,0.0
TQQQ.US,3 倍做多纳指 ETF - ProShares,1724212800000,2024-08-21,2024-08-21 00:00:00,14095.734474892253,14388.818023962785,13945.232111856034,14224.453601173229,103000800,0.0
TQQQ.US,3 倍做多纳指 ETF - ProShares,1724299200000,2024-08-22,2024-08-22 00:00:00,14428.423908972316,14487.832736486613,13450.15854923689,13541.252084758811,127496400,0.0
TQQQ.US,3 倍做多纳指 ETF - ProShares,1724385600000,2024-08-23,2024-08-23 00:00:00,13901.665638345548,14202.670364417987,13565.01561576453,13967.015348611276,128753200,0.0
TQQQ.US,3 倍做多纳指 ETF - ProShares,1724644800000,2024-08-26,2024-08-26 00:00:00,13915.527698098884,13994.739468117948,13372.927073468303,13557.094438762624,84981400,0.0
TQQQ.US,3 倍做多纳指 ETF - ProShares,1724731200000,2024-08-27,2024-08-27 00:00:00,13412.532958477836,13763.045040812189,13238.267064435895,13671.951505290266,71532600,0.0
TQQQ.US,3 倍做多纳指 ETF - ProShares,1724817600000,2024-08-28,2024-08-28 00:00:00,13624.424443278827,13687.793859294079,12903.597336105355,13208.562650678748,118625800,0.0
TQQQ.US,3 倍做多纳指 ETF - ProShares,1724904000000,2024-08-29,2024-08-29 00:00:00,13357.08471946449,13749.182981058853,13028.35587388538,13139.252351912066,120033600,0.0
TQQQ.US,3 倍做多纳指 ETF - ProShares,1724990400000,2024-08-30,2024-08-30 00:00:00,13489.764434246423,13638.286503032165,13105.587349653966,13586.798852519772,92946800,0.0
TQQQ.US,3 倍做多纳指 ETF - ProShares,1725336000000,2024-09-03,2024-09-03 00:00:00,13319.459128705437,13331.340894208293,12137.223461170921,12347.134651721439,147572600,0.0
TQQQ.US,3 倍做多纳指 ETF - ProShares,1725422400000,2024-09-04,2024-09-04 00:00:00,12087.716104909006,12549.124665270048,12010.48462914042,12242.179056446179,96798400,0.0
TQQQ.US,3 倍做多纳指 ETF - ProShares,1725508800000,2024-09-05,2024-09-05 00:00:00,12107.519047413773,12618.434964036729,12024.346688893756,12281.784941455711,110171600,0.0
TQQQ.US,3 倍做多纳指 ETF - ProShares,1725595200000,2024-09-06,2024-09-06 00:00:00,12200.59287718617,12271.883470203327,11232.228988703127,11285.696933465995,169904600,0.0
TQQQ.US,3 倍做多纳指 ETF - ProShares,1725854400000,2024-09-09,2024-09-09 00:00:00,11598.583425041294,11780.770496085139,11355.007232232676,11705.519314567027,110835000,0.0
TQQQ.US,3 倍做多纳指 ETF - ProShares,1725940800000,2024-09-10,2024-09-10 00:00:00,11838.199029348958,12063.952573903289,11525.31253777366,12020.386100392803,91582400,0.0
TQQQ.US,3 倍做多纳指 ETF - ProShares,1726027200000,2024-09-11,2024-09-11 00:00:00,12115.440224415679,12862.011156845349,11440.159885003168,12786.759975327235,163475200,0.0
TQQQ.US,3 倍做多纳指 ETF - ProShares,1726113600000,2024-09-12,2024-09-12 00:00:00,12798.641740830095,13246.188241437803,12652.09996629483,13164.996177168263,109802600,0.0
TQQQ.US,3 倍做多纳指 ETF - ProShares,1726200000000,2024-09-13,2024-09-13 00:00:00,13099.646466902537,13440.257077984508,13079.84352439777,13337.281776959724,87966600,0.0
TQQQ.US,3 倍做多纳指 ETF - ProShares,1726459200000,2024-09-16,2024-09-16 00:00:00,13153.114411665403,13210.542944929222,12877.85351084916,13159.055294416834,82331000,0.0
TQQQ.US,3 倍做多纳指 ETF - ProShares,1726545600000,2024-09-17,2024-09-17 00:00:00,13406.592075726405,13517.488553753094,12964.986457870129,13166.976471418739,103114400,0.0
TQQQ.US,3 倍做多纳指 ETF - ProShares,1726632000000,2024-09-18,2024-09-18 00:00:00,13271.932066693997,13616.503266276923,12949.144103866316,12994.69087162728,166396200,0.0
TQQQ.US,3 倍做多纳指 ETF - ProShares,1726718400000,2024-09-19,2024-09-19 00:00:00,13921.468580850313,14218.5127184218,13745.222392557898,13976.916819863658,114801400,0.0
TQQQ.US,3 倍做多纳指 ETF - ProShares,1726804800000,2024-09-20,2024-09-20 00:00:00,13891.764167093166,13996.719762368426,13527.390025005476,13887.803578592211,96759600,0.0
TQQQ.US,3 倍做多纳指 ETF - ProShares,1727064000000,2024-09-23,2024-09-23 00:00:00,13984.837996865564,14089.793592140824,13869.980930337924,13990.778879616995,69837000,0.0
TQQQ.US,3 倍做多纳指 ETF - ProShares,1727150400000,2024-09-24,2024-09-24 00:00:00,14115.537417397018,14275.941251685621,13739.281509806468,14188.808304664653,81259600,0.0
TQQQ.US,3 倍做多纳指 ETF - ProShares,1727236800000,2024-09-25,2024-09-25 00:00:00,14133.207171054002,14401.408319225535,14117.313769680875,14238.500955150976,64724800,0.0
TQQQ.US,3 倍做多纳指 ETF - ProShares,1727323200000,2024-09-26,2024-09-26 00:00:00,14884.170385934298,14913.97051350891,14220.620878606205,14540.475581240406,107003200,0.0
TQQQ.US,3 倍做多纳指 ETF - ProShares,1727409600000,2024-09-27,2024-09-27 00:00:00,14625.902613620969,14633.849314307532,14182.874050345028,14290.154509613641,82930600,0.0
TQQQ.US,3 倍做多纳指 ETF - ProShares,1727668800000,2024-09-30,2024-09-30 00:00:00,14196.780776546513,14427.23509645687,13942.48635457647,14401.408319225535,85862800,0.0
TQQQ.US,3 倍做多纳指 ETF - ProShares,1727755200000,2024-10-01,2024-10-01 00:00:00,14359.688140621076,14389.488268195691,13449.790912009503,13791.499041531753,134760200,0.0
TQQQ.US,3 倍做多纳指 ETF - ProShares,1727841600000,2024-10-02,2024-10-02 00:00:00,13710.045359494472,14014.006660755544,13483.5643899274,13843.15259599442,79119400,0.0
TQQQ.US,3 倍做多纳指 ETF - ProShares,1727928000000,2024-10-03,2024-10-03 00:00:00,13654.418454688524,14067.646890389851,13586.87149885273,13811.365793248162,97749400,0.0
TQQQ.US,3 倍做多纳指 ETF - ProShares,1728014400000,2024-10-04,2024-10-04 00:00:00,14304.061235815128,14335.848038561382,13863.019347710828,14298.101210300205,110700400,0.0
TQQQ.US,3 倍做多纳指 ETF - ProShares,1728273600000,2024-10-07,2024-10-07 00:00:00,14115.327094509234,14220.620878606205,13719.978735352677,13827.259194621289,82403400,0.0
TQQQ.US,3 倍做多纳指 ETF - ProShares,1728360000000,2024-10-08,2024-10-08 00:00:00,14037.846762815234,14498.755402635945,13968.313131807801,14427.23509645687,77914000,0.0
TQQQ.US,3 倍做多纳指 ETF - ProShares,1728446400000,2024-10-09,2024-10-09 00:00:00,14407.368344740458,14826.556805956707,14315.981286844974,14774.903251494043,78696200,0.0
TQQQ.US,3 倍做多纳指 ETF - ProShares,1728532800000,2024-10-10,2024-10-10 00:00:00,14566.302358471738,14890.13041144922,14447.101848173279,14723.249697031377,86060600,0.0
TQQQ.US,3 倍做多纳指 ETF - ProShares,1728619200000,2024-10-11,2024-10-11 00:00:00,14536.502230897124,14860.330283874604,14482.862001262818,14760.996525292554,70735200,0.0
TQQQ.US,3 倍做多纳指 ETF - ProShares,1728878400000,2024-10-14,2024-10-14 00:00:00,14987.477494859628,15261.638668546084,14941.783965911884,15138.464807904344,67691200,0.0
TQQQ.US,3 倍做多纳指 ETF - ProShares,1728964800000,2024-10-15,2024-10-15 00:00:00,15168.264935478957,15227.865190628188,14331.874688218102,14534.515555725482,106307600,0.0
TQQQ.US,3 倍做多纳指 ETF - ProShares,1729051200000,2024-10-16,2024-10-16 00:00:00,14550.408957098609,14600.075836389635,14238.500955150976,14526.568855038919,70784200,0.0
TQQQ.US,3 倍做多纳指 ETF - ProShares,1729137600000,2024-10-17,2024-10-17 00:00:00,15015.290947262602,15019.264297605883,14552.39563227025,14570.275708815021,97697800,0.0
TQQQ.US,3 倍做多纳指 ETF - ProShares,1729224000000,2024-10-18,2024-10-18 00:00:00,14792.78332803881,14929.86391488204,14727.223047374659,14828.543481128349,64151600,0.0
TQQQ.US,3 倍做多纳指 ETF - ProShares,1729483200000,2024-10-21,2024-10-21 00:00:00,14713.316321173172,14983.504144516346,14538.488906068766,14909.99716316563,74995800,0.0
TQQQ.US,3 倍做多纳指 ETF - ProShares,1729569600000,2024-10-22,2024-10-22 00:00:00,14663.649441882148,15088.79792861332,14594.115810874711,14953.70401694173,76308000,0.0
TQQQ.US,3 倍做多纳指 ETF - ProShares,1729656000000,2024-10-23,2024-10-23 00:00:00,14735.169748061222,14794.770003210451,13962.353106292878,14262.341057210668,118172200,0.0
TQQQ.US,3 倍做多纳指 ETF - ProShares,1729742400000,2024-10-24,2024-10-24 00:00:00,14586.169110188148,14661.662766710506,14351.74143993451,14602.062511561277,78612800,0.0
TQQQ.US,3 倍做多纳指 ETF - ProShares,1729828800000,2024-10-25,2024-10-25 00:00:00,14840.463532158195,15297.398821635623,14778.876601837324,14848.410232844757,114826000,0.0
TQQQ.US,3 倍做多纳指 ETF - ProShares,1730088000000,2024-10-28,2024-10-28 00:00:00,15136.478132732702,15136.478132732702,14832.51683147163,14862.316959046246,69162200,0.0
TQQQ.US,3 倍做多纳指 ETF - ProShares,1730174400000,2024-10-29,2024-10-29 00:00:00,14886.15706110594,15388.785879531108,14715.302996344812,15273.558719575929,78545200,0.0
TQQQ.US,3 倍做多纳指 ETF - ProShares,1730260800000,2024-10-30,2024-10-30 00:00:00,15207.998438911778,15293.425471292341,14888.143736277578,14933.837265225322,80473200,0.0
TQQQ.US,3 倍做多纳指 ETF - ProShares,1730347200000,2024-10-31,2024-10-31 00:00:00,14564.315683300098,14568.28903364338,13793.485716703395,13797.459067046675,138905200,0.0
TQQQ.US,3 倍做多纳指 ETF - ProShares,1730433600000,2024-11-01,2024-11-01 00:00:00,13922.619602860057,14375.581541994203,13900.766175972007,14091.486992449543,96678800,0.0
TQQQ.US,3 倍做多纳指 ETF - ProShares,1730696400000,2024-11-04,2024-11-04 00:00:00,14033.873412471954,14256.381031695744,13809.379118076522,13960.366431121236,82214400,0.0
TQQQ.US,3 倍做多纳指 ETF - ProShares,1730782800000,2024-11-05,2024-11-05 00:00:00,14095.460342792825,14550.408957098609,14089.500317277902,14490.80870194938,79352600,0.0
TQQQ.US,3 倍做多纳指 ETF - ProShares,1730869200000,2024-11-06,2024-11-06 00:00:00,15229.851865799828,15738.440709739922,15136.478132732702,15666.920403560847,118794200,0.0
TQQQ.US,3 倍做多纳指 ETF - ProShares,1730955600000,2024-11-07,2024-11-07 00:00:00,15925.188175874175,16475.497198418732,15913.268124844328,16400.00354189637,99545200,0.0
TQQQ.US,3 倍做多纳指 ETF - ProShares,1731042000000,2024-11-08,2024-11-08 00:00:00,16334.44326123222,16511.257351508266,16272.856330911349,16439.73704532919,70060000,0.0
TQQQ.US,3 倍做多纳指 ETF - ProShares,1731301200000,2024-11-11,2024-11-11 00:00:00,16554.96420528437,16574.83095700078,16127.829043381558,16409.936917754578,70806000,0.0
TQQQ.US,3 倍做多纳指 ETF - ProShares,1731387600000,2024-11-12,2024-11-12 00:00:00,16398.01686672473,16483.443899105292,16022.535259284585,16320.536535030733,68286000,0.0
TQQQ.US,3 倍做多纳指 ETF - ProShares,1731474000000,2024-11-13,2024-11-13 00:00:00,16262.922955053144,16507.284001164986,16028.495284799508,16249.016228851659,74989000,0.0
TQQQ.US,3 倍做多纳指 ETF - ProShares,1731560400000,2024-11-14,2024-11-14 00:00:00,16209.282725418838,16296.69643297104,15817.907716605563,15905.321424157766,77651400,0.0
TQQQ.US,3 倍做多纳指 ETF - ProShares,1731646800000,2024-11-15,2024-11-15 00:00:00,15351.039051269929,15386.799204359468,14560.342332956816,14755.036499777632,120601600,0.0
TQQQ.US,3 倍做多纳指 ETF - ProShares,1731906000000,2024-11-18,2024-11-18 00:00:00,14886.15706110594,15245.745267172955,14762.983200464198,15053.03777552378,77551200,0.0
TQQQ.US,3 倍做多纳指 ETF - ProShares,1731992400000,2024-11-19,2024-11-19 00:00:00,14810.66340458358,15406.665956075876,14784.836627352248,15355.012401613212,80088200,0.0
TQQQ.US,3 倍做多纳指 ETF - ProShares,1732078800000,2024-11-20,2024-11-20 00:00:00,15327.198949210238,15355.012401613212,14723.249697031377,15337.132325068444,101260600,0.0
TQQQ.US,3 倍做多纳指 ETF - ProShares,1732165200000,2024-11-21,2024-11-21 00:00:00,15605.333473239976,15670.893753904127,14812.650079755222,15488.119638113156,109865600,0.0
TQQQ.US,3 倍做多纳指 ETF - ProShares,1732251600000,2024-11-22,2024-11-22 00:00:00,15424.546032620647,15617.253524269821,15273.558719575929,15545.733218090747,79934800,0.0
TQQQ.US,3 倍做多纳指 ETF - ProShares,1732510800000,2024-11-25,2024-11-25 00:00:00,15925.188175874175,16066.242113060687,15404.679280904238,15617.253524269821,91515800,0.0
TQQQ.US,3 倍做多纳指 ETF - ProShares,1732597200000,2024-11-26,2024-11-26 00:00:00,15752.34743594141,15943.068252418945,15672.88042907577,15859.627895210022,69747200,0.0
TQQQ.US,3 倍做多纳指 ETF - ProShares,1732683600000,2024-11-27,2024-11-27 00:00:00,15752.34743594141,15756.320786284692,15164.291585135676,15476.199587083313,78463600,0.0
TQQQ.US,3 倍做多纳指 ETF - ProShares,1732856400000,2024-11-29,2024-11-29 00:00:00,15521.893116031053,15927.174851045816,15466.266211225106,15871.547946239869,40865800,0.0
TQQQ.US,3 倍做多纳指 ETF - ProShares,1733115600000,2024-12-02,2024-12-02 00:00:00,15988.761781366688,16479.470548762012,15951.01495310551,16386.096815694887,73638200,0.0
TQQQ.US,3 倍做多纳指 ETF - ProShares,1733202000000,2024-12-03,2024-12-03 00:00:00,16251.002904023297,16554.96420528437,16197.36267438899,16531.124103224676,84810800,0.0
TQQQ.US,3 倍做多纳指 ETF - ProShares,1733288400000,2024-12-04,2024-12-04 00:00:00,16860.91218171708,17158.91345746323,16789.391875538007,17135.07335540354,69992600,0.0
TQQQ.US,3 倍做多纳指 ETF - ProShares,1733374800000,2024-12-05,2024-12-05 00:00:00,17135.07335540354,17212.553687097537,16954.28591478421,16994.01941821703,54020400,0.0
TQQQ.US,3 倍做多纳指 ETF - ProShares,1733461200000,2024-12-06,2024-12-06 00:00:00,17041.69962233641,17456.914733209378,17029.779571306564,17431.087955978044,62740600,0.0
TQQQ.US,3 倍做多纳指 ETF - ProShares,1733720400000,2024-12-09,2024-12-09 00:00:00,17333.740872567636,17415.194554604917,16902.632360321542,17023.81954579164,69577600,0.0
TQQQ.US,3 倍做多纳指 ETF - ProShares,1733806800000,2024-12-10,2024-12-10 00:00:00,17135.07335540354,17307.914095336306,16698.00481764252,16839.05875482903,71541600,0.0
TQQQ.US,3 倍做多纳指 ETF - ProShares,1733893200000,2024-12-11,2024-12-11 00:00:00,17260.23389121692,17804.582888246554,17220.5003877841,17739.0226075824,74897800,0.0
TQQQ.US,3 倍做多纳指 ETF - ProShares,1733979600000,2024-12-12,2024-12-12 00:00:00,17508.568287672042,17635.715498657068,17339.70089808256,17387.381102201944,66348400,0.0
TQQQ.US,3 倍做多纳指 ETF - ProShares,1734066000000,2024-12-13,2024-12-13 00:00:00,17764.849384813733,18033.050532985264,17452.941382866095,17760.87603447045,79663600,0.0
TQQQ.US,3 倍做多纳指 ETF - ProShares,1734325200000,2024-12-16,2024-12-16 00:00:00,18023.11715712706,18633.026434820847,18013.183781268857,18533.692676238796,69967600,0.0
TQQQ.US,3 倍做多纳指 ETF - ProShares,1734411600000,2024-12-17,2024-12-17 00:00:00,18342.97185976126,18458.199019716438,18112.517539850905,18285.35827978367,69168200,0.0
TQQQ.US,3 倍做多纳指 ETF - ProShares,1734498000000,2024-12-18,2024-12-18 00:00:00,18207.877948089674,18390.652063880643,16149.682470269609,16308.616484000888,134849200,0.0
TQQQ.US,3 倍做多纳指 ETF - ProShares,1734584400000,2024-12-19,2024-12-19 00:00:00,16741.711671418623,16793.365225881287,16042.402011000993,16078.162164090532,113317600,0.0
TQQQ.US,3 倍做多纳指 ETF - ProShares,1734670800000,2024-12-20,2024-12-20 00:00:00,15706.653906993666,17057.593023709538,15595.400097381771,16495.36395013514,145241000,0.0
TQQQ.US,3 倍做多纳指 ETF - ProShares,1734930000000,2024-12-23,2024-12-23 00:00:00,16633.931744561894,16990.72908216244,16311.020187627319,16954.850020280825,83645800,0.0
TQQQ.US,3 倍做多纳指 ETF - ProShares,1735016400000,2024-12-24,2024-12-24 00:00:00,17132.252048473278,17636.552196031593,17070.460330788264,17628.57907116901,48139600,0.0
TQQQ.US,3 倍做多纳指 ETF - ProShares,1735189200000,2024-12-26,2024-12-26 00:00:00,17465.13001148608,17756.149068970324,17259.82204627459,17590.706728071746,59062000,0.0
TQQQ.US,3 倍做多纳指 ETF - ProShares,1735275600000,2024-12-27,2024-12-27 00:00:00,17215.96985953039,17259.82204627459,16400.717842331367,16875.118771655,102139000,0.0
TQQQ.US,3 倍做多纳指 ETF - ProShares,1735534800000,2024-12-30,2024-12-30 00:00:00,16185.443471041652,16556.19377715172,15828.646133441101,16197.403158335526,102844000,0.0
TQQQ.US,3 倍做多纳指 ETF - ProShares,1735621200000,2024-12-31,2024-12-31 00:00:00,16305.040343980383,16376.798467743622,15683.13660469898,15772.834259403027,105177600,0.0
TQQQ.US,3 倍做多纳指 ETF - ProShares,1735794000000,2025-01-02,2025-01-02 00:00:00,16053.886910809048,16267.168000883119,15254.581143335192,15673.170198620752,141370600,0.0
TQQQ.US,3 倍做多纳指 ETF - ProShares,1735880400000,2025-01-03,2025-01-03 00:00:00,15944.256443948543,16526.294558917034,15870.50503896966,16424.637216919116,92431600,0.0
TQQQ.US,3 倍做多纳指 ETF - ProShares,1736139600000,2025-01-06,2025-01-06 00:00:00,16936.910489340014,17311.64735788137,16749.542055069334,16984.749238515506,92050000,0.0
TQQQ.US,3 倍做多纳指 ETF - ProShares,1736226000000,2025-01-07,2025-01-07 00:00:00,17086.406580513427,17120.292361179403,15888.444569910467,16069.833160534212,111021000,0.0
TQQQ.US,3 倍做多纳指 ETF - ProShares,1736312400000,2025-01-08,2025-01-08 00:00:00,16057.873473240339,16227.302376570207,15635.297855523488,16081.792847828086,96021200,0.0
TQQQ.US,3 倍做多纳指 ETF - ProShares,1736485200000,2025-01-10,2025-01-10 00:00:00,15707.055979286726,15711.042541718016,14995.454585301275,15314.379579804558,145651600,0.0
TQQQ.US,3 倍做多纳指 ETF - ProShares,1736744400000,2025-01-13,2025-01-13 00:00:00,14760.247401855102,15188.80286321889,14618.72443554427,15154.917082552916,113382000,0.0
TQQQ.US,3 倍做多纳指 ETF - ProShares,1736830800000,2025-01-14,2025-01-14 00:00:00,15443.942858821518,15559.553169328958,14788.153338874139,15101.098489730488,125271000,0.0
TQQQ.US,3 倍做多纳指 ETF - ProShares,1736917200000,2025-01-15,2025-01-15 00:00:00,15808.713321284647,16239.26206386408,15667.190354973814,16121.658472140994,106919200,0.0
TQQQ.US,3 倍做多纳指 ETF - ProShares,1737003600000,2025-01-16,2025-01-16 00:00:00,16346.89924950894,16354.87237437152,15786.787227912548,15792.767071559485,93055400,0.0
TQQQ.US,3 倍做多纳指 ETF - ProShares,1737090000000,2025-01-17,2025-01-17 00:00:00,16681.770493737386,16731.602524128524,16313.013468842966,16572.140026876885,87352200,0.0
TQQQ.US,3 倍做多纳指 ETF - ProShares,1737435600000,2025-01-21,2025-01-21 00:00:00,16833.25986612645,16972.789551221635,16410.684248409594,16847.212834635964,83451800,0.0
TQQQ.US,3 倍做多纳指 ETF - ProShares,1737522000000,2025-01-22,2025-01-22 00:00:00,17309.654076665727,17722.26328830435,17283.741420862334,17501.009073367695,86265400,0.0
TQQQ.US,3 倍做多纳指 ETF - ProShares,1737608400000,2025-01-23,2025-01-23 00:00:00,17249.85564019636,17616.619383875135,17196.03704737393,17608.646259012556,60481000,0.0
TQQQ.US,3 倍做多纳指 ETF - ProShares,1737694800000,2025-01-24,2025-01-24 00:00:00,17626.585789953366,17706.317038579185,17144.21173576715,17291.714545724917,72479200,0.0
TQQQ.US,3 倍做多纳指 ETF - ProShares,1737954000000,2025-01-27,2025-01-27 00:00:00,15463.875670977972,16151.557690375677,15384.144422352152,15774.827540618675,161821600,0.0
TQQQ.US,3 倍做多纳指 ETF - ProShares,1738040400000,2025-01-28,2025-01-28 00:00:00,15862.531914107076,16578.11987052382,15547.593482035085,16474.469247310255,101033400,0.0
TQQQ.US,3 倍做多纳指 ETF - ProShares,1738126800000,2025-01-29,2025-01-29 00:00:00,16526.294558917034,16540.247527426556,15998.075036770973,16372.811905312332,118481200,0.0
TQQQ.US,3 倍做多纳指 ETF - ProShares,1738213200000,2025-01-30,2025-01-30 00:00:00,16637.918306993186,16861.165803145486,16117.671909709703,16578.11987052382,115171000,0.0
TQQQ.US,3 倍做多纳指 ETF - ProShares,1738299600000,2025-01-31,2025-01-31 00:00:00,16926.944083261787,17359.486107056866,16380.785030174915,16488.42221581977,118146600,0.0
TQQQ.US,3 倍做多纳指 ETF - ProShares,1738558800000,2025-02-03,2025-02-03 00:00:00,15653.237386464298,16342.912687077647,15416.03692180248,16089.765972690666,153257000,0.0
TQQQ.US,3 倍做多纳指 ETF - ProShares,1738645200000,2025-02-04,2025-02-04 00:00:00,16127.638315787932,16731.602524128524,16091.759253906313,16673.797368874806,84634600,0.0
TQQQ.US,3 倍做多纳指 ETF - ProShares,1738731600000,2025-02-05,2025-02-05 00:00:00,16414.670810840886,16907.01127110533,16297.067219117802,16891.065021380167,79694800,0.0
TQQQ.US,3 倍做多纳指 ETF - ProShares,1738818000000,2025-02-06,2025-02-06 00:00:00,16934.917208124367,17168.131110354894,16781.434554519663,17144.21173576715,76431000,0.0
TQQQ.US,3 倍做多纳指 ETF - ProShares,1738904400000,2025-02-07,2025-02-07 00:00:00,17194.043766158287,17379.41891921332,16414.670810840886,16490.415497035418,110870400,0.0
TQQQ.US,3 倍做多纳指 ETF - ProShares,1739163600000,2025-02-10,2025-02-10 00:00:00,16889.071740164523,17182.084078864413,16843.226272204676,17070.460330788264,65594200,0.0
TQQQ.US,3 倍做多纳指 ETF - ProShares,1739250000000,2025-02-11,2025-02-11 00:00:00,16757.515179931917,17140.225173335857,16745.555492638046,16948.87017663389,62602800,0.0
TQQQ.US,3 倍做多纳指 ETF - ProShares,1739336400000,2025-02-12,2025-02-12 00:00:00,16400.717842331367,17064.48048714133,16364.838780449747,16982.75595729986,96986600,0.0
TQQQ.US,3 倍做多纳指 ETF - ProShares,1739422800000,2025-02-13,2025-02-13 00:00:00,17138.231892120213,17732.22969438258,17058.50064349439,17698.343913716606,92920200,0.0
TQQQ.US,3 倍做多纳指 ETF - ProShares,1739509200000,2025-02-14,2025-02-14 00:00:00,17702.330476147894,17975.410002691333,17660.47157061934,17905.645160143737,76057400,0.0
TQQQ.US,3 倍做多纳指 ETF - ProShares,1739854800000,2025-02-18,2025-02-18 00:00:00,18065.10765739538,18089.027031983125,17690.370788854023,18017.26890821989,68825200,0.0
TQQQ.US,3 倍做多纳指 ETF - ProShares,1739941200000,2025-02-19,2025-02-19 00:00:00,17939.530940809713,18162.778436962013,17724.256569519996,18019.262189435536,68515800,0.0
TQQQ.US,3 倍做多纳指 ETF - ProShares,1740027600000,2025-02-20,2025-02-20 00:00:00,17949.49734688794,17985.37640876956,17319.620482743954,17800.001255714524,80266000,0.0
TQQQ.US,3 倍做多纳指 ETF - ProShares,1740114000000,2025-02-21,2025-02-21 00:00:00,17893.685472849866,17897.672035281157,16637.918306993186,16685.757056168677,118627200,0.0
TQQQ.US,3 倍做多纳指 ETF - ProShares,1740373200000,2025-02-24,2025-02-24 00:00:00,16843.226272204676,16952.856739065177,16045.913785946464,16085.779410259376,106467400,0.0
TQQQ.US,3 倍做多纳指 ETF - ProShares,1740459600000,2025-02-25,2025-02-25 00:00:00,16012.02800528049,16021.994411358717,15105.085052161778,15471.848795840555,151194400,0.0
TQQQ.US,3 倍做多纳指 ETF - ProShares,1740546000000,2025-02-26,2025-02-26 00:00:00,15663.203792542525,16035.947379868237,15286.47364278552,15571.512856622832,126351400,0.0
TQQQ.US,3 倍做多纳指 ETF - ProShares,1740632400000,2025-02-27,2025-02-27 00:00:00,15890.437851126115,15980.135505830163,14247.974129434204,14279.86662888453,206751000,0.0
TQQQ.US,3 倍做多纳指 ETF - ProShares,1740718800000,2025-02-28,2025-02-28 00:00:00,14243.98756700291,14983.4948980074,13968.91475924383,14933.662867616264,186358000,0.0
TQQQ.US,3 倍做多纳指 ETF - ProShares,1740978000000,2025-03-03,2025-03-03 00:00:00,15222.688643884865,15358.231766548759,13642.016639877964,13968.91475924383,183891600,0.0
TQQQ.US,3 倍做多纳指 ETF - ProShares,1741064400000,2025-03-04,2025-03-04 00:00:00,13705.801638778621,14505.107406252475,13157.649304476103,13815.432105639125,261673800,0.0
TQQQ.US,3 倍做多纳指 ETF - ProShares,1741150800000,2025-03-05,2025-03-05 00:00:00,13863.270854814617,14489.16115652731,13452.654924391638,14353.618033863417,201266600,0.0
TQQQ.US,3 倍做多纳指 ETF - ProShares,1741237200000,2025-03-06,2025-03-06 00:00:00,13632.050233799737,14052.63257030094,12990.213682361878,13163.62914812304,245645400,0.0
TQQQ.US,3 倍做多纳指 ETF - ProShares,1741323600000,2025-03-07,2025-03-07 00:00:00,13067.951649772052,13556.305547605207,12535.745565194698,13436.708674666474,270354600,0.0
TQQQ.US,3 倍做多纳指 ETF - ProShares,1741579200000,2025-03-10,2025-03-10 00:00:00,12756.999780131351,12794.872123228615,11537.111676156292,11921.814950775877,312271600,0.0
TQQQ.US,3 倍做多纳指 ETF - ProShares,1741665600000,2025-03-11,2025-03-11 00:00:00,11840.09042093441,12328.444318767564,11435.454334158369,11782.28526568069,278978600,0.0
TQQQ.US,3 倍做多纳指 ETF - ProShares,1741752000000,2025-03-12,2025-03-12 00:00:00,12346.383849708373,12489.90009723485,11792.251671758917,12184.928071241085,283837200,0.0
TQQQ.US,3 倍做多纳指 ETF - ProShares,1741838400000,2025-03-13,2025-03-13 00:00:00,12119.149791124782,12129.116197203011,11369.676054042067,11519.172145215482,242454600,0.0
TQQQ.US,3 倍做多纳指 ETF - ProShares,1741924800000,2025-03-14,2025-03-14 00:00:00,11901.882138619421,12404.189004962092,11860.023233090866,12336.417443630145,198217000,0.0
TQQQ.US,3 倍做多纳指 ETF - ProShares,1742184000000,2025-03-17,2025-03-17 00:00:00,12334.424162414502,12812.811654169425,12188.914633672377,12575.611189507608,180300800,0.0
TQQQ.US,3 倍做多纳指 ETF - ProShares,1742270400000,2025-03-18,2025-03-18 00:00:00,12312.4980690424,12314.491350258046,11762.352453524234,11941.747762932331,175652400,0.0
TQQQ.US,3 倍做多纳指 ETF - ProShares,1742356800000,2025-03-19,2025-03-19 00:00:00,12095.230416537037,12739.060249190541,11947.727606579268,12406.18228617774,185186400,0.0
TQQQ.US,3 倍做多纳指 ETF - ProShares,1742443200000,2025-03-20,2025-03-20 00:00:00,12091.243854105745,12683.248375152467,12033.438698852025,12278.612288376426,176818200,0.0
TQQQ.US,3 倍做多纳指 ETF - ProShares,1742529600000,2025-03-21,2025-03-21 00:00:00,11866.003076737803,12442.061348059358,11774.312140818109,12394.222598883865,160982000,0.0
TQQQ.US,3 倍做多纳指 ETF - ProShares,1742788800000,2025-03-24,2025-03-24 00:00:00,12968.287588989777,13261.299927689668,12920.448839814282,13181.568679063847,126823000,0.0
TQQQ.US,3 倍做多纳指 ETF - ProShares,1742875200000,2025-03-25,2025-03-25 00:00:00,13251.333521611441,13428.735549803894,13173.595554201267,13416.77586251002,111139400,0.0
TQQQ.US,3 倍做多纳指 ETF - ProShares,1742961600000,2025-03-26,2025-03-26 00:00:00,13322.423532576999,13392.394244407758,12546.748212853126,12670.696330953333,157006400,0.0
TQQQ.US,3 倍做多纳指 ETF - ProShares,1743048000000,2025-03-27,2025-03-27 00:00:00,12514.761601730494,12840.625202542327,12344.832730141501,12454.786705875555,144736000,0.0
TQQQ.US,3 倍做多纳指 ETF - ProShares,1743134400000,2025-03-28,2025-03-28 00:00:00,12302.850303043044,12356.827709312489,11389.232722852814,11463.201761073906,207264200,0.0
TQQQ.US,3 倍做多纳指 ETF - ProShares,1743393600000,2025-03-31,2025-03-31 00:00:00,10939.421003940775,11521.17749373368,10603.56158715312,11455.205108293247,213709000,0.0
TQQQ.US,3 倍做多纳指 ETF - ProShares,1743480000000,2025-04-01,2025-04-01 00:00:00,11331.25699019304,11793.063688276068,11119.34569150559,11719.094650054976,194196400,0.0
TQQQ.US,3 倍做多纳指 ETF - ProShares,1743566400000,2025-04-02,2025-04-02 00:00:00,11233.297993629974,12234.878754407448,11213.30636167833,11980.98502862154,246174800,0.0
TQQQ.US,3 倍做多纳指 ETF - ProShares,1743652800000,2025-04-03,2025-04-03 00:00:00,10481.61263224808,10761.495479571126,10017.806770969888,10055.790871678015,280231400,0.0
TQQQ.US,3 倍做多纳指 ETF - ProShares,1743739200000,2025-04-04,2025-04-04 00:00:00,9194.151534562066,9352.085426980071,8202.566589760418,8214.561568931405,516053400,0.0
TQQQ.US,3 倍做多纳指 ETF - ProShares,1743998400000,2025-04-07,2025-04-07 00:00:00,7346.924742229962,9362.081242955894,6997.071183076155,8246.548180054038,791455200,0.0
TQQQ.US,3 倍做多纳指 ETF - ProShares,1744084800000,2025-04-08,2025-04-08 00:00:00,9074.20174285219,9358.082916565565,7416.895454060724,7776.744829190354,502295400,0.0
TQQQ.US,3 倍做多纳指 ETF - ProShares,1744171200000,2025-04-09,2025-04-09 00:00:00,7748.75654445805,10677.530625374211,7742.759054872556,10517.597569761043,713864000,0.0
TQQQ.US,3 倍做多纳指 ETF - ProShares,1744257600000,2025-04-10,2025-04-10 00:00:00,9731.926434061348,9863.871204942214,8310.521402299308,9224.138982489536,563385400,0.0
TQQQ.US,3 倍做多纳指 ETF - ProShares,1744344000000,2025-04-11,2025-04-11 00:00:00,9130.178312316799,9809.893798672769,8920.266176824514,9711.934802109701,358585800,0.0
TQQQ.US,3 倍做多纳指 ETF - ProShares,1744603200000,2025-04-14,2025-04-14 00:00:00,10375.656982904355,10405.644430831824,9609.977479156307,9915.849448016494,294861400,0.0
TQQQ.US,3 倍做多纳指 ETF - ProShares,1744689600000,2025-04-15,2025-04-15 00:00:00,9987.81932304242,10237.714722437997,9833.883757014744,9953.83354872462,209340200,0.0
TQQQ.US,3 倍做多纳指 ETF - ProShares,1744776000000,2025-04-16,2025-04-16 00:00:00,9362.081242955894,9597.982499985319,8628.38835033048,9054.210110900543,269148800,0.0
TQQQ.US,3 倍做多纳指 ETF - ProShares,1744862400000,2025-04-17,2025-04-17 00:00:00,9214.143166513713,9254.126430417005,8866.288770555071,9028.220989363403,202191600,0.0
TQQQ.US,3 倍做多纳指 ETF - ProShares,1745208000000,2025-04-21,2025-04-21 00:00:00,8670.370777428938,8724.348183698383,8044.632697342414,8368.497134959081,229539400,0.0
TQQQ.US,3 倍做多纳指 ETF - ProShares,1745294400000,2025-04-22,2025-04-22 00:00:00,8688.36324618542,9192.152371366901,8616.393371159493,9008.229357411758,260222800,0.0
TQQQ.US,3 倍做多纳指 ETF - ProShares,1745380800000,2025-04-23,2025-04-23 00:00:00,9843.879572990567,10161.74652102174,9522.014298569064,9605.979152765976,303995400,0.0
TQQQ.US,3 倍做多纳指 ETF - ProShares,1745467200000,2025-04-24,2025-04-24 00:00:00,9743.921413232336,10451.62518432061,9703.938149329044,10423.636899588306,240615400,0.0
TQQQ.US,3 倍做多纳指 ETF - ProShares,1745553600000,2025-04-25,2025-04-25 00:00:00,10403.645267636659,10809.475396255077,10291.69212870744,10767.49296915662,226103200,0.0
TQQQ.US,3 倍做多纳指 ETF - ProShares,1745812800000,2025-04-28,2025-04-28 00:00:00,10799.479580279254,10923.427698379459,10323.678739830075,10759.49631637596,191356800,0.0
TQQQ.US,3 倍做多纳指 ETF - ProShares,1745899200000,2025-04-29,2025-04-29 00:00:00,10603.56158715312,11029.383347723184,10561.579160054664,10969.408451868245,169808000,0.0
TQQQ.US,3 倍做多纳指 ETF - ProShares,1745985600000,2025-04-30,2025-04-30 00:00:00,10387.651962075342,11079.3624276023,10059.789198068345,10971.40761506341,268446600,0.0
TQQQ.US,3 倍做多纳指 ETF - ProShares,1746072000000,2025-05-01,2025-05-01 00:00:00,11507.183351367528,11773.072056324421,11321.261174217218,11349.249458949524,205481600,0.0
TQQQ.US,3 倍做多纳指 ETF - ProShares,1746158400000,2025-05-02,2025-05-02 00:00:00,11723.092976445305,12032.96327169582,11601.144021540264,11881.02686886331,195097800,0.0
TQQQ.US,3 倍做多纳指 ETF - ProShares,1746417600000,2025-05-05,2025-05-05 00:00:00,11575.154900003125,11895.021011229463,11535.171636099833,11675.113059761354,138579000,0.0
TQQQ.US,3 倍做多纳指 ETF - ProShares,1746504000000,2025-05-06,2025-05-06 00:00:00,11207.308872092835,11603.143184735429,11109.349875529768,11343.25196936403,165885800,0.0
TQQQ.US,3 倍做多纳指 ETF - ProShares,1746590400000,2025-05-07,2025-05-07 00:00:00,11387.23355965765,11647.12477502905,11013.390042161867,11475.196740244894,207867200,0.0
TQQQ.US,3 倍做多纳指 ETF - ProShares,1746676800000,2025-05-08,2025-05-08 00:00:00,11835.046115374525,12136.919757844382,11527.174983319173,11817.053646618042,197621600,0.0
TQQQ.US,3 倍做多纳指 ETF - ProShares,1746763200000,2025-05-09,2025-05-09 00:00:00,11954.9959070844,12048.956577257139,11661.118917395203,11789.065361885738,146818800,0.0
TQQQ.US,3 倍做多纳指 ETF - ProShares,1747022400000,2025-05-12,2025-05-12 00:00:00,13164.489640158992,13226.463699209096,12764.65700112607,13216.467883233274,202490000,0.0
TQQQ.US,3 倍做多纳指 ETF - ProShares,1747108800000,2025-05-13,2025-05-13 00:00:00,13328.421022162493,13966.154081420003,13266.446963112388,13822.214331368152,170595400,0.0
TQQQ.US,3 倍做多纳指 ETF - ProShares,1747195200000,2025-05-14,2025-05-14 00:00:00,13916.175001540889,14116.09132105735,13836.208473734303,14066.112241178234,161184800,0.0
TQQQ.US,3 倍做多纳指 ETF - ProShares,1747281600000,2025-05-15,2025-05-15 00:00:00,13890.18588000375,14332.00094613513,13780.231904269696,14110.093831471857,161694800,0.0
TQQQ.US,3 倍做多纳指 ETF - ProShares,1747368000000,2025-05-16,2025-05-16 00:00:00,14216.049480815582,14298.01517181733,13924.171654321548,14284.021029451178,127627200,0.0
TQQQ.US,3 倍做多纳指 ETF - ProShares,1747627200000,2025-05-19,2025-05-19 00:00:00,13688.270397292123,14365.986720452927,13680.273744511465,14322.005130159307,143794200,0.0
TQQQ.US,3 倍做多纳指 ETF - ProShares,1747713600000,2025-05-20,2025-05-20 00:00:00,14110.093831471857,14228.04445998657,13874.192574442433,14172.06789052196,134069400,0.0
TQQQ.US,3 倍做多纳指 ETF - ProShares,1747800000000,2025-05-21,2025-05-21 00:00:00,13842.205963319797,14391.975841990066,13430.378345115889,13582.314747948398,219255200,0.0
TQQQ.US,3 倍做多纳指 ETF - ProShares,1747886400000,2025-05-22,2025-05-22 00:00:00,13626.296338242018,13944.163286273193,13518.341525703132,13652.285459779161,173542000,0.0
TQQQ.US,3 倍做多纳指 ETF - ProShares,1747972800000,2025-05-23,2025-05-23 00:00:00,13012.553237326483,13462.364956238522,12966.572483837697,13258.45031033173,214220800,0.0
TQQQ.US,3 倍做多纳指 ETF - ProShares,1748318400000,2025-05-27,2025-05-27 00:00:00,13792.226883440682,14224.04613359624,13672.277091730806,14182.063706497782,130539600,0.0
TQQQ.US,3 倍做多纳指 ETF - ProShares,1748404800000,2025-05-28,2025-05-28 00:00:00,14262.030234304368,14381.980026014244,13950.160775858687,14000.139855737803,132542600,0.0
TQQQ.US,3 倍做多纳指 ETF - ProShares,1748491200000,2025-05-29,2025-05-29 00:00:00,14593.891324701694,14605.886303872681,13860.198432076279,14068.111404373401,193248800,0.0
TQQQ.US,3 倍做多纳指 ETF - ProShares,1748577600000,2025-05-30,2025-05-30 00:00:00,14020.131487689448,14114.092157862186,13402.390060383585,13994.14236615231,187118200,0.0
TQQQ.US,3 倍做多纳指 ETF - ProShares,1748836800000,2025-06-02,2025-06-02 00:00:00,13834.20931053914,14337.998435720623,13732.251987585743,14316.007640573813,137925400,0.0
TQQQ.US,3 倍做多纳指 ETF - ProShares,1748923200000,2025-06-03,2025-06-03 00:00:00,14345.995088501282,14769.817685876178,14274.025213475355,14649.867894166304,128728400,0.0
TQQQ.US,3 倍做多纳指 ETF - ProShares,1749009600000,2025-06-04,2025-06-04 00:00:00,14709.842790021241,14857.780866463421,14535.915592041918,14767.818522681016,128889000,0.0
TQQQ.US,3 倍做多纳指 ETF - ProShares,1749096000000,2025-06-05,2025-06-05 00:00:00,14883.769988000564,15123.669571420318,14254.033581523709,14423.962453112703,198008800,0.0
TQQQ.US,3 倍做多纳指 ETF - ProShares,1749182400000,2025-06-06,2025-06-06 00:00:00,14847.785050487599,14995.723126929783,14701.846137240584,14835.790071316611,131215400,0.0
TQQQ.US,3 倍做多纳指 ETF - ProShares,1749441600000,2025-06-09,2025-06-09 00:00:00,14855.781703268258,15041.703880418567,14761.821033095523,14901.762456757046,100363800,0.0
TQQQ.US,3 倍做多纳指 ETF - ProShares,1749528000000,2025-06-10,2025-06-10 00:00:00,14935.748231074842,15251.616015910853,14745.827727534206,15189.641956860749,122693000,0.0
TQQQ.US,3 倍做多纳指 ETF - ProShares,1749614400000,2025-06-11,2025-06-11 00:00:00,15311.590911765792,15409.549908328856,14837.789234511776,15033.70722763791,181652000,0.0
TQQQ.US,3 倍做多纳指 ETF - ProShares,1749700800000,2025-06-12,2025-06-12 00:00:00,14913.757435928032,15219.629404788217,14897.764130366715,15131.666224200975,126110000,0.0
TQQQ.US,3 倍做多纳指 ETF - ProShares,1749787200000,2025-06-13,2025-06-13 00:00:00,14613.882956653339,14971.733168587805,14447.952411454677,14559.905550383895,210666200,0.0
TQQQ.US,3 倍做多纳指 ETF - ProShares,1750046400000,2025-06-16,2025-06-16 00:00:00,14837.789234511776,15243.619363130194,14837.789234511776,15153.657019347786,116668600,0.0
TQQQ.US,3 倍做多纳指 ETF - ProShares,1750132800000,2025-06-17,2025-06-17 00:00:00,14929.75074148935,15069.692165150871,14609.88463026301,14705.844463630912,135418200,0.0
TQQQ.US,3 倍做多纳指 ETF - ProShares,1750219200000,2025-06-18,2025-06-18 00:00:00,14777.814338656839,14985.727310953956,14561.90471357906,14685.852831679265,142661400,0.0
TQQQ.US,3 倍做多纳指 ETF - ProShares,1750392000000,2025-06-20,2025-06-20 00:00:00,14945.744047050666,15059.696349175048,14337.998435720623,14483.93734896764,163355000,0.0
TQQQ.US,3 倍做多纳指 ETF - ProShares,1750651200000,2025-06-23,2025-06-23 00:00:00,14539.91391843225,14979.729821368466,14278.023539865684,14933.749067879678,167572800,0.0
TQQQ.US,3 倍做多纳指 ETF - ProShares,1750737600000,2025-06-24,2025-06-24 00:00:00,15375.564134011058,15695.430245237398,15325.585054131941,15613.464554235647,113191600,0.0
TQQQ.US,3 倍做多纳指 ETF - ProShares,1750824000000,2025-06-25,2025-06-25 00:00:00,15813.540465542568,15921.797461630207,15580.988399872824,15733.350098070243,101438200,0.0
TQQQ.US,3 倍做多纳指 ETF - ProShares,1750910400000,2025-06-26,2025-06-26 00:00:00,15921.797461630207,16208.47802534377,15761.416726685558,16164.373323233991,100144200,0.0
TQQQ.US,3 倍做多纳指 ETF - ProShares,1750996800000,2025-06-27,2025-06-27 00:00:00,16244.563690706318,16489.14431149691,16008.002106662956,16322.749298991836,146023600,0.0
TQQQ.US,3 倍做多纳指 ETF - ProShares,1751256000000,2025-06-30,2025-06-30 00:00:00,16599.406066771357,16737.73445066112,16404.944425650967,16639.50125050752,113721400,0.0
TQQQ.US,3 倍做多纳指 ETF - ProShares,1751342400000,2025-07-01,2025-07-01 00:00:00,16463.082442068404,16547.28232791435,15999.983069915725,16216.497062091004,140390000,0.0
TQQQ.US,3 倍做多纳指 ETF - ProShares,1751428800000,2025-07-02,2025-07-02 00:00:00,16130.292417058252,16557.306123848386,16124.27813949783,16539.263291167113,100285000,0.0
TQQQ.US,3 倍做多纳指 ETF - ProShares,1751515200000,2025-07-03,2025-07-03 00:00:00,16737.73445066112,17098.591104286585,16737.73445066112,17002.362663319793,83484600,0.0
TQQQ.US,3 倍做多纳指 ETF - ProShares,1751860800000,2025-07-07,2025-07-07 00:00:00,16759.786801716007,16833.962891627907,16398.93014809054,16623.463177013055,139674800,0.0
TQQQ.US,3 倍做多纳指 ETF - ProShares,1751947200000,2025-07-08,2025-07-08 00:00:00,16735.729691474313,16795.872467078556,16533.249013606688,16645.515528067943,115515400,0.0
TQQQ.US,3 倍做多纳指 ETF - ProShares,1752033600000,2025-07-09,2025-07-09 00:00:00,16833.962891627907,17118.638696154663,16709.667822045805,16990.334108198942,117976200,0.0
TQQQ.US,3 倍做多纳指 ETF - ProShares,1752120000000,2025-07-10,2025-07-10 00:00:00,17046.467365429573,17084.557789978924,16667.567879122835,16912.148499913426,110317800,0.0
TQQQ.US,3 倍做多纳指 ETF - ProShares,1752206400000,2025-07-11,2025-07-11 00:00:00,16703.65354448538,16930.1913325947,16589.382270837315,16783.843911957705,106937600,0.0
TQQQ.US,3 倍做多纳指 ETF - ProShares,1752465600000,2025-07-14,2025-07-14 00:00:00,16765.801079276433,17028.424532748297,16549.287087101155,16962.26747958363,97311400,0.0
TQQQ.US,3 倍做多纳指 ETF - ProShares,1752552000000,2025-07-15,2025-07-15 00:00:00,17327.133651582713,17375.247872066106,17000.357904132983,17006.37218169341,123257600,0.0
TQQQ.US,3 倍做多纳指 ETF - ProShares,1752638400000,2025-07-16,2025-07-16 00:00:00,17052.481642989995,17110.61965940743,16527.234736046263,17054.4864021768,166357600,0.0
TQQQ.US,3 倍做多纳指 ETF - ProShares,1752724800000,2025-07-17,2025-07-17 00:00:00,17114.629177781047,17505.557219208633,17040.453087869148,17451.428721164815,97330800,0.0
TQQQ.US,3 倍做多纳指 ETF - ProShares,1752811200000,2025-07-18,2025-07-18 00:00:00,17569.709513186495,17589.757105054574,17279.019431099314,17391.285945560572,98496200,0.0
TQQQ.US,3 倍做多纳指 ETF - ProShares,1753070400000,2025-07-21,2025-07-21 00:00:00,17471.476313032897,17838.347244218785,17465.462035472472,17655.914158219242,87720400,0.0
TQQQ.US,3 倍做多纳指 ETF - ProShares,1753156800000,2025-07-22,2025-07-22 00:00:00,17667.942713340093,17673.95699090052,17134.67676964913,17381.26214962653,108345200,0.0
TQQQ.US,3 倍做多纳指 ETF - ProShares,1753243200000,2025-07-23,2025-07-23 00:00:00,17477.490590593323,17617.823733669888,17220.88141468188,17609.804696922656,118025200,0.0
TQQQ.US,3 倍做多纳指 ETF - ProShares,1753329600000,2025-07-24,2025-07-24 00:00:00,17732.095007317956,17834.337725845166,17561.69047643926,17726.08072975753,90378200,0.0
TQQQ.US,3 倍做多纳指 ETF - ProShares,1753416000000,2025-07-25,2025-07-25 00:00:00,17704.02837870264,17958.63279542727,17637.871325537973,17826.318689097938,79003200,0.0
TQQQ.US,3 倍做多纳指 ETF - ProShares,1753675200000,2025-07-28,2025-07-28 00:00:00,17960.63755461408,18080.923105822567,17878.44242795495,18000.732738350245,95592000,0.0
TQQQ.US,3 倍做多纳指 ETF - ProShares,1753761600000,2025-07-29,2025-07-29 00:00:00,18241.303840767217,18369.60842872294,17838.347244218785,17918.53761169111,116251200,0.0
TQQQ.US,3 倍做多纳指 ETF - ProShares,1753848000000,2025-07-30,2025-07-30 00:00:00,17990.7089424162,18219.25148971233,17694.0045827686,17980.685146482163,145527600,0.0
TQQQ.US,3 倍做多纳指 ETF - ProShares,1753934400000,2025-07-31,2025-07-31 00:00:00,18586.122420898217,18594.14145764545,17573.71903156011,17683.980786834556,178874600,0.0
TQQQ.US,3 倍做多纳指 ETF - ProShares,1754020800000,2025-08-01,2025-08-01 00:00:00,17090.57206753935,17104.605381847006,16410.958703211392,16623.463177013055,219781200,0.0
TQQQ.US,3 倍做多纳指 ETF - ProShares,1754280000000,2025-08-04,2025-08-04 00:00:00,17084.557789978924,17555.676198878835,17072.529234858077,17533.623847823947,108586000,0.0
TQQQ.US,3 倍做多纳指 ETF - ProShares,1754366400000,2025-08-05,2025-08-05 00:00:00,17651.904639845627,17764.171154306885,17124.65297371509,17168.75767582487,152088400,0.0
TQQQ.US,3 倍做多纳指 ETF - ProShares,1754452800000,2025-08-06,2025-08-06 00:00:00,17246.943284110384,17856.390076900057,17202.838582000608,17810.28061560347,128995200,0.0
TQQQ.US,3 倍做多纳指 ETF - ProShares,1754539200000,2025-08-07,2025-08-07 00:00:00,18221.25624889914,18377.627465470174,17605.79517854904,17990.7089424162,169239200,0.0
TQQQ.US,3 倍做多纳指 ETF - ProShares,1754625600000,2025-08-08,2025-08-08 00:00:00,18090.946901756608,18499.91777586547,18062.880273141294,18475.86066562377,104522600,0.0
TQQQ.US,3 倍做多纳指 ETF - ProShares,1754884800000,2025-08-11,2025-08-11 00:00:00,18489.89397993143,18692.37465779905,18187.1753427234,18313.47517149231,94617000,0.0
TQQQ.US,3 倍做多纳指 ETF - ProShares,1754971200000,2025-08-12,2025-08-12 00:00:00,18527.984404480783,19023.159923622392,18269.37046938253,18989.079017446653,119469600,0.0
TQQQ.US,3 倍做多纳指 ETF - ProShares,1755057600000,2025-08-13,2025-08-13 00:00:00,19255.711989292136,19309.840487335954,18880.822021359018,19017.145646061967,96058600,0.0
TQQQ.US,3 倍做多纳指 ETF - ProShares,1755144000000,2025-08-14,2025-08-14 00:00:00,18812.66020900754,19163.493066698964,18772.565025271375,18965.021907204955,106385800,0.0
TQQQ.US,3 倍做多纳指 ETF - ProShares,1755230400000,2025-08-15,2025-08-15 00:00:00,18938.96003777645,18946.979074523686,18527.984404480783,18696.38417617267,96167400,0.0
TQQQ.US,3 倍做多纳指 ETF - ProShares,1755489600000,2025-08-18,2025-08-18 00:00:00,18604.165253579493,18736.479359908826,18489.89397993143,18672.327065930967,73371400,0.0
TQQQ.US,3 倍做多纳指 ETF - ProShares,1755576000000,2025-08-19,2025-08-19 00:00:00,18598.150976019067,18616.19380870034,17806.271097229852,17910.51857494388,111118600,0.0
TQQQ.US,3 倍做多纳指 ETF - ProShares,1755662400000,2025-08-20,2025-08-20 00:00:00,17808.27585641666,17820.304411537512,16916.158018287042,17583.74282749415,164404200,0.0
TQQQ.US,3 倍做多纳指 ETF - ProShares,1755748800000,2025-08-21,2025-08-21 00:00:00,17431.381129296733,17631.857047977548,17118.638696154663,17339.162206703557,119920000,0.0
TQQQ.US,3 倍做多纳指 ETF - ProShares,1755835200000,2025-08-22,2025-08-22 00:00:00,17445.41444360439,18307.460893931886,17315.105096461863,18119.01353037192,132726400,0.0
TQQQ.US,3 倍做多纳指 ETF - ProShares,1756094400000,2025-08-25,2025-08-25 00:00:00,17966.651832174506,18239.29908158041,17848.371040152826,17960.63755461408,80452600,0.0
TQQQ.US,3 倍做多纳指 ETF - ProShares,1756180800000,2025-08-26,2025-08-26 00:00:00,17904.504297383453,18197.19913865744,17810.28061560347,18169.132510042127,84374600,0.0
TQQQ.US,3 倍做多纳指 ETF - ProShares,1756267200000,2025-08-27,2025-08-27 00:00:00,18070.89930988853,18331.518004173584,17950.61375868004,18251.327636701262,90055200,0.0
TQQQ.US,3 倍做多纳指 ETF - ProShares,1756353600000,2025-08-28,2025-08-28 00:00:00,18299.441857184655,18666.312788370546,18145.07539980043,18584.11766171141,90658000,0.0
TQQQ.US,3 倍做多纳指 ETF - ProShares,1756440000000,2025-08-29,2025-08-29 00:00:00,18327.50848579997,18361.589391975707,17740.114044065183,17914.528093317494,121887000,0.0
TQQQ.US,3 倍做多纳指 ETF - ProShares,1756785600000,2025-09-02,2025-09-02 00:00:00,17062.505438924036,17489.519145714166,16890.096148858538,17457.442998725237,166668000,0.0
TQQQ.US,3 倍做多纳指 ETF - ProShares,1756872000000,2025-09-03,2025-09-03 00:00:00,17788.228264548583,18018.775571031514,17559.685717252454,17864.40911364729,119929800,0.0
TQQQ.US,3 倍做多纳指 ETF - ProShares,1756958400000,2025-09-04,2025-09-04 00:00:00,17922.547130064726,18375.622706283364,17766.17591349369,18347.55607766805,101759600,0.0
TQQQ.US,3 倍做多纳指 ETF - ProShares,1757044800000,2025-09-05,2025-09-05 00:00:00,18832.707800875618,18892.85057647986,17980.685146482163,18407.698853272293,172625800,0.0
TQQQ.US,3 倍做多纳指 ETF - ProShares,1757304000000,2025-09-08,2025-09-08 00:00:00,18626.21760463438,18864.783947864547,18572.089106590563,18670.32230674416,101696800,0.0
TQQQ.US,3 倍做多纳指 ETF - ProShares,1757390400000,2025-09-09,2025-09-09 00:00:00,18744.49839665606,18866.788707051357,18491.898739118235,18822.68400494158,94620800,0.0
TQQQ.US,3 倍做多纳指 ETF - ProShares,1757476800000,2025-09-10,2025-09-10 00:00:00,19135.426438083647,19137.431197270456,18632.231882194807,18842.73159680966,120818800,0.0
TQQQ.US,3 倍做多纳指 ETF - ProShares,1757563200000,2025-09-11,2025-09-11 00:00:00,19083.302699226635,19241.67867498448,18926.9314826556,19159.483548325345,91247200,0.0
TQQQ.US,3 倍做多纳指 ETF - ProShares,1757649600000,2025-09-12,2025-09-12 00:00:00,19237.66915661086,19520.34020195081,19151.464511578113,19398.049891555514,92235200,0.0
TQQQ.US,3 倍做多纳指 ETF - ProShares,1757908800000,2025-09-15,2025-09-15 00:00:00,19574.468699994628,19901.244447444355,19560.43538568697,19893.225410697123,78114400,0.0
TQQQ.US,3 倍做多纳指 ETF - ProShares,1757995200000,2025-09-16,2025-09-16 00:00:00,19981.43481491668,20009.501443531994,19768.930341115018,19839.096912653302,77137200,0.0
TQQQ.US,3 倍做多纳指 ETF - ProShares,1758081600000,2025-09-17,2025-09-17 00:00:00,19825.063598345645,19887.211133136698,19147.454993204497,19712.79708388439,147697200,0.0
TQQQ.US,3 倍做多纳指 ETF - ProShares,1758168000000,2025-09-18,2025-09-18 00:00:00,20199.953566278768,20522.71979535488,20005.49192515838,20244.058268388548,123401600,0.0
TQQQ.US,3 倍做多纳指 ETF - ProShares,1758254400000,2025-09-19,2025-09-19 00:00:00,20424.486595201277,20707.157640541227,20278.139174564287,20645.010105750174,84365400,0.0
TQQQ.US,3 倍做多纳指 ETF - ProShares,1758513600000,2025-09-22,2025-09-22 00:00:00,20532.74359128892,21066.009534979883,20532.74359128892,20993.83820425479,81054600,0.0
TQQQ.US,3 倍做多纳指 ETF - ProShares,1758600000000,2025-09-23,2025-09-23 00:00:00,21007.871518562446,21029.923869617338,20444.53418706936,20570.83401583827,99930600,0.0
TQQQ.US,3 倍做多纳指 ETF - ProShares,1758686400000,2025-09-24,2025-09-24 00:00:00,20691.11956704676,20721.190954848884,20045.58710889454,20330.262913421295,101055600,0.0
TQQQ.US,3 倍做多纳指 ETF - ProShares,1758772800000,2025-09-25,2025-09-25 00:00:00,19927.306316872862,20222.00591733366,19546.402071379314,20057.61566401539,122820600,0.0
TQQQ.US,3 倍做多纳指 ETF - ProShares,1758859200000,2025-09-26,2025-09-26 00:00:00,20127.782235553677,20324.24863586087,19794.99221054352,20298.186766432365,124097400,0.0
TQQQ.US,3 倍做多纳指 ETF - ProShares,1759118400000,2025-09-29,2025-09-29 00:00:00,20606.91968120082,20905.628800035232,20436.515150322128,20568.829256651465,92393200,0.0
TQQQ.US,3 倍做多纳指 ETF - ProShares,1759204800000,2025-09-30,2025-09-30 00:00:00,20530.73883210211,20763.29089777185,20292.17248887194,20729.209991596115,92323800,0.0
TQQQ.US,3 倍做多纳指 ETF - ProShares,1759291200000,2025-10-01,2025-10-01 00:00:00,20394.415207399157,21078.03809010073,20308.210562366407,21021.904832870103,93996400,0.0
TQQQ.US,3 倍做多纳指 ETF - ProShares,1759377600000,2025-10-02,2025-10-02 00:00:00,21412.83287429769,21418.847151858114,20981.80964913394,21278.514008781545,89158600,0.0
TQQQ.US,3 倍做多纳指 ETF - ProShares,1759464000000,2025-10-03,2025-10-03 00:00:00,21338.65678438579,21424.86142941854,20801.38132232121,20989.828685881173,103096400,0.0
TQQQ.US,3 倍做多纳指 ETF - ProShares,1759723200000,2025-10-06,2025-10-06 00:00:00,21531.113666319372,21627.34210728616,21276.509249594736,21458.942335594278,82476800,0.0
TQQQ.US,3 倍做多纳指 ETF - ProShares,1759809600000,2025-10-07,2025-10-07 00:00:00,21591.256441923615,21663.427772648705,20953.743020518625,21112.11899627647,100185800,0.0
TQQQ.US,3 倍做多纳指 ETF - ProShares,1759896000000,2025-10-08,2025-10-08 00:00:00,21194.3141229356,21861.89893214271,21182.285567814753,21827.81802596697,86931000,0.0
TQQQ.US,3 倍做多纳指 ETF - ProShares,1759982400000,2025-10-09,2025-10-09 00:00:00,21827.81802596697,21843.856099461438,21402.80907836365,21741.613380934225,87956200,0.0
TQQQ.US,3 倍做多纳指 ETF - ProShares,1760068800000,2025-10-10,2025-10-10 00:00:00,21797.746638164852,21984.189242538007,19412.08320586317,19460.197426346564,238009400,0.0
TQQQ.US,3 倍做多纳指 ETF - ProShares,1760328000000,2025-10-13,2025-10-13 00:00:00,20460.572260563826,20785.343248826743,20217.99639896004,20695.129085420376,114511200,0.0
TQQQ.US,3 倍做多纳指 ETF - ProShares,1760414400000,2025-10-14,2025-10-14 00:00:00,19993.46337003753,20755.271861024623,19460.197426346564,20274.129656190667,147230000,0.0
TQQQ.US,3 倍做多纳指 ETF - ProShares,1760500800000,2025-10-15,2025-10-15 00:00:00,20877.56217141992,21152.214180012634,20055.610904828583,20689.114807859954,127069400,0.0
TQQQ.US,3 倍做多纳指 ETF - ProShares,1760587200000,2025-10-16,2025-10-16 00:00:00,20985.819167507558,21316.6044333309,19997.472888411146,20458.567501377016,159344000,0.0
TQQQ.US,3 倍做多纳指 ETF - ProShares,1760673600000,2025-10-17,2025-10-17 00:00:00,20232.029713267697,21003.86200018883,20071.648978323046,20847.490783617795,142274000,0.0
TQQQ.US,3 倍做多纳指 ETF - ProShares,1760932800000,2025-10-20,2025-10-20 00:00:00,21172.261771880712,21755.646695241878,21160.233216759865,21629.346866472966,79928800,0.0
TQQQ.US,3 倍做多纳指 ETF - ProShares,1761019200000,2025-10-21,2025-10-21 00:00:00,21631.351625659776,21747.62765849465,21384.766245682375,21605.28975623127,79811400,0.0
TQQQ.US,3 倍做多纳指 ETF - ProShares,1761105600000,2025-10-22,2025-10-22 00:00:00,21541.13746225341,21599.275478670846,20364.343819597034,20969.78109401309,134380800,0.0
TQQQ.US,3 倍做多纳指 ETF - ProShares,1761192000000,2025-10-23,2025-10-23 00:00:00,20903.624040848423,21577.223127615955,20865.533616299068,21495.028000956823,91245000,0.0
TQQQ.US,3 倍做多纳指 ETF - ProShares,1761278400000,2025-10-24,2025-10-24 00:00:00,22050.346295702675,22304.95071242731,21958.127373109503,22164.61756935074,84387600,0.0
TQQQ.US,3 倍做多纳指 ETF - ProShares,1761537600000,2025-10-27,2025-10-27 00:00:00,22958.50220732676,23393.534950864127,22908.383227656555,23341.411212007115,77489400,0.0
TQQQ.US,3 倍做多纳指 ETF - ProShares,1761624000000,2025-10-28,2025-10-28 00:00:00,23585.99183279771,24073.148315192084,23467.711040776026,23874.67715569808,92239400,0.0
TQQQ.US,3 倍做多纳指 ETF - ProShares,1761710400000,2025-10-29,2025-10-29 00:00:00,24171.38151534568,24331.762250290336,23563.93948174282,24179.400552092917,133060800,0.0
TQQQ.US,3 倍做多纳指 ETF - ProShares,1761796800000,2025-10-30,2025-10-30 00:00:00,23774.439196357675,23924.796135368284,23060.744925853975,23072.773480974825,127234200,0.0
TQQQ.US,3 倍做多纳指 ETF - ProShares,1761883200000,2025-10-31,2025-10-31 00:00:00,23954.867523170404,23954.867523170404,23130.91149739226,23399.549228424552,122666800,0.0
TQQQ.US,3 倍做多纳指 ETF - ProShares,1762146000000,2025-11-03,2025-11-03 00:00:00,24057.11024169762,24141.310127543562,23471.720559149642,23720.31069831385,83598000,0.0
TQQQ.US,3 倍做多纳指 ETF - ProShares,1762232400000,2025-11-04,2025-11-04 00:00:00,22725.950141657017,23136.925774952684,22180.655642845206,22268.865047064763,124762800,0.0
TQQQ.US,3 倍做多纳指 ETF - ProShares,1762318800000,2025-11-05,2025-11-05 00:00:00,22188.674679592437,23054.730648293553,22040.322499768634,22701.89303141532,109730000,0.0
TQQQ.US,3 倍做多纳指 ETF - ProShares,1762405200000,2025-11-06,2025-11-06 00:00:00,22527.478982163015,22553.54085159152,21274.50449040793,21428.870947792155,156461400,0.0
TQQQ.US,3 倍做多纳指 ETF - ProShares,1762491600000,2025-11-07,2025-11-07 00:00:00,21053.980979859032,21218.371233177302,20039.572831334117,21206.34267805645,183589400,0.0
TQQQ.US,3 倍做多纳指 ETF - ProShares,1762750800000,2025-11-10,2025-11-10 00:00:00,22138.555699922235,22703.89779060213,21934.070262867805,22595.64079451449,119878800,0.0
TQQQ.US,3 倍做多纳指 ETF - ProShares,1762837200000,2025-11-11,2025-11-11 00:00:00,22306.955471614117,22537.502778097052,21972.16068741716,22409.19819014133,102665600,0.0
TQQQ.US,3 倍做多纳指 ETF - ProShares,1762923600000,2025-11-12,2025-11-12 00:00:00,22760.031047832756,22762.035807019565,21998.222556845667,22363.088728844745,125708400,0.0
TQQQ.US,3 倍做多纳指 ETF - ProShares,1763010000000,2025-11-13,2025-11-13 00:00:00,21966.146409856734,22028.293944647787,20729.209991596115,20981.80964913394,201264400,0.0
TQQQ.US,3 倍做多纳指 ETF - ProShares,1763096400000,2025-11-14,2025-11-14 00:00:00,20043.582349707733,21468.96613152832,19801.006488103947,20997.847722628405,222397600,0.0
TQQQ.US,3 倍做多纳指 ETF - ProShares,1763355600000,2025-11-17,2025-11-17 00:00:00,20731.21475078292,21376.747208935143,20069.64421913624,20458.567501377016,186327000,0.0
TQQQ.US,3 倍做多纳指 ETF - ProShares,1763442000000,2025-11-18,2025-11-18 00:00:00,20041.577590520923,20316.22959911364,19205.59300962193,19718.811361444816,267348000,0.0
TQQQ.US,3 倍做多纳指 ETF - ProShares,1763528400000,2025-11-19,2025-11-19 00:00:00,19776.949377862253,20679.091011925913,19532.36875707166,20057.61566401539,184263600,0.0
TQQQ.US,3 倍做多纳指 ETF - ProShares,1763614800000,2025-11-20,2025-11-20 00:00:00,21230.387108441875,21466.948551198828,18535.992370599957,18624.20172213645,178246300,0.0
TQQQ.US,3 倍做多纳指 ETF - ProShares,1763701200000,2025-11-21,2025-11-21 00:00:00,18784.58236129371,19686.723456553278,18139.05028868575,19037.181867966385,179618600,0.0
TQQQ.US,3 倍做多纳指 ETF - ProShares,1763960400000,2025-11-24,2025-11-24 00:00:00,19526.34281739602,20628.95971160216,19514.314269459228,20480.6076203817,93894200,0.0
TQQQ.US,3 倍做多纳指 ETF - ProShares,1764046800000,2025-11-25,2025-11-25 00:00:00,20304.188917308715,20993.82566568492,19678.704424595413,20853.49260642232,101851900,0.0
TQQQ.US,3 倍做多纳指 ETF - ProShares,1764133200000,2025-11-26,2025-11-26 00:00:00,21214.349044526145,21595.253062524633,20997.83518166385,21398.78677955699,75598100,0.0
TQQQ.US,3 倍做多纳指 ETF - ProShares,1764306000000,2025-11-28,2025-11-28 00:00:00,21579.214998608906,21895.966760944488,21503.03419500921,21867.90014909197,34381600,0.0
TQQQ.US,3 倍做多纳指 ETF - ProShares,1764565200000,2025-12-01,2025-12-01 00:00:00,21294.539364104778,21912.004824860214,21178.263400715765,21671.433866124327,66359600,0.0
TQQQ.US,3 倍做多纳指 ETF - ProShares,1764651600000,2025-12-02,2025-12-02 00:00:00,21903.985792902353,22357.0610985216,21707.519509934715,22172.623363490755,79504400,0.0
TQQQ.US,3 倍做多纳指 ETF - ProShares,1764738000000,2025-12-03,2025-12-03 00:00:00,21916.014340839145,22405.17529026878,21743.605153745095,22328.994486669082,69844900,0.0
TQQQ.US,3 倍做多纳指 ETF - ProShares,1764824400000,2025-12-04,2025-12-04 00:00:00,22469.327545931683,22473.337061910614,21895.966760944488,22256.82319904832,63958000,0.0
TQQQ.US,3 倍做多纳指 ETF - ProShares,1764910800000,2025-12-05,2025-12-05 00:00:00,22397.156258310915,22886.31720774055,22324.98497069015,22513.432221699928,73206000,0.0
TQQQ.US,3 倍做多纳指 ETF - ProShares,1765170000000,2025-12-08,2025-12-08 00:00:00,22681.831892815047,22870.279143824824,22100.45207586999,22373.099162437327,69700000,0.0
TQQQ.US,3 倍做多纳指 ETF - ProShares,1765256400000,2025-12-09,2025-12-09 00:00:00,22232.76610317473,22541.498833552447,22088.4235279332,22457.298997994887,48736000,0.0
TQQQ.US,3 倍做多纳指 ETF - ProShares,1765342800000,2025-12-10,2025-12-10 00:00:00,22312.956422753356,22890.326723719485,22008.23320835457,22713.9080206465,100261100,0.0
TQQQ.US,3 倍做多纳指 ETF - ProShares,1765429200000,2025-12-11,2025-12-11 00:00:00,22304.937390795494,22517.44173767886,21643.36725427181,22497.3941577842,99683900,0.0
TQQQ.US,3 倍做多纳指 ETF - ProShares,1765515600000,2025-12-12,2025-12-12 00:00:00,22096.44255989106,22260.83271502725,20941.70195795881,21178.263400715765,138448500,0.0
TQQQ.US,3 倍做多纳指 ETF - ProShares,1765774800000,2025-12-15,2025-12-15 00:00:00,21675.44338210326,21675.44338210326,20737.21664303331,20857.502122401253,98696300,0.0
TQQQ.US,3 倍做多纳指 ETF - ProShares,1765861200000,2025-12-16,2025-12-16 00:00:00,20620.940679644296,21158.21582082111,20488.62665233956,20981.797117748127,105953700,0.0
TQQQ.US,3 倍做多纳指 ETF - ProShares,1765947600000,2025-12-17,2025-12-17 00:00:00,21110.10162907393,21170.2443687579,19794.980387984426,19807.008935921218,125606200,0.0
TQQQ.US,3 倍做多纳指 ETF - ProShares,1766034000000,2025-12-18,2025-12-18 00:00:00,20717.169063138652,21033.920825474233,20440.51246059238,20653.01680747575,109222100,0.0
TQQQ.US,3 倍做多纳指 ETF - ProShares,1766120400000,2025-12-19,2025-12-19 00:00:00,20929.67341002202,21507.043710988142,20925.663894043086,21458.929519240966,72957800,0.0
TQQQ.US,3 倍做多纳指 ETF - ProShares,1766379600000,2025-12-22,2025-12-22 00:00:00,21976.15708052312,22008.23320835457,21603.272094482498,21751.62418570296,64783100,0.0
TQQQ.US,3 倍做多纳指 ETF - ProShares,1766466000000,2025-12-23,2025-12-23 00:00:00,21639.357738292878,22080.404495975334,21595.253062524633,22056.347400101746,48197100,0.0
TQQQ.US,3 倍做多纳指 ETF - ProShares,1766552400000,2025-12-24,2025-12-24 00:00:00,22034.645175989237,22267.561053555735,21998.503057056507,22231.418934623,25855000,0.0
TQQQ.US,3 倍做多纳指 ETF - ProShares,1766725200000,2025-12-26,2025-12-26 00:00:00,22295.671590503418,22388.03478333151,22131.02415980986,22211.339979660374,37244200,0.0
TQQQ.US,3 倍做多纳指 ETF - ProShares,1766984400000,2025-12-29,2025-12-29 00:00:00,21801.72929842274,22082.834667899548,21653.145031699285,21882.045118273258,50635300,0.0
TQQQ.US,3 倍做多纳指 ETF - ProShares,1767070800000,2025-12-30,2025-12-30 00:00:00,21765.58717949001,22014.56622102661,21701.334523609592,21725.42926956475,38976800,0.0
TQQQ.US,3 倍做多纳指 ETF - ProShares,1767157200000,2025-12-31,2025-12-31 00:00:00,21737.476642542326,21765.58717949001,21139.123784655978,21171.250112596183,57199400,0.0
TQQQ.US,3 倍做多纳指 ETF - ProShares,1767330000000,2026-01-02,2026-01-02 00:00:00,21753.53980651243,22038.660966981763,20725.497312425818,21022.66584587273,107226600,0.0
TQQQ.US,3 倍做多纳指 ETF - ProShares,1767589200000,2026-01-05,2026-01-05 00:00:00,21665.19240467686,21817.79246239284,21400.150199170155,21524.639719938456,77968000,0.0
TQQQ.US,3 倍做多纳指 ETF - ProShares,1767675600000,2026-01-06,2026-01-06 00:00:00,21653.145031699285,22155.11890576501,21580.86079383382,22090.8662498846,68915800,0.0
TQQQ.US,3 倍做多纳指 ETF - ProShares,1767762000000,2026-01-07,2026-01-07 00:00:00,22042.67675797429,22564.729587002646,21994.48726606398,22155.11890576501,65588300,0.0
TQQQ.US,3 倍做多纳指 ETF - ProShares,1767848400000,2026-01-08,2026-01-08 00:00:00,22034.645175989237,22078.818876907022,21484.4818100132,21761.57138849748,83760300,0.0
TQQQ.US,3 倍做多纳指 ETF - ProShares,1767934800000,2026-01-09,2026-01-09 00:00:00,21841.887208348,22528.587468069916,21600.93974879645,22392.050574324036,78706300,0.0
TQQQ.US,3 倍做多纳指 ETF - ProShares,1768194000000,2026-01-12,2026-01-12 00:00:00,21926.21881919104,22624.966451890537,21918.187237205988,22444.25585722687,59673900,0.0
TQQQ.US,3 倍做多纳指 ETF - ProShares,1768280400000,2026-01-13,2026-01-13 00:00:00,22452.287439211923,22689.219107770947,22070.78729492197,22327.797918443623,88611000,0.0
TQQQ.US,3 倍做多纳指 ETF - ProShares,1768366800000,2026-01-14,2026-01-14 00:00:00,21906.13986422841,22038.660966981763,21082.902710760616,21617.00291276655,117421500,0.0
TQQQ.US,3 倍做多纳指 ETF - ProShares,1768453200000,2026-01-15,2026-01-15 00:00:00,22347.87687340625,22420.16111127172,21737.476642542326,21837.871417355473,90483000,0.0
TQQQ.US,3 倍做多纳指 ETF - ProShares,1768539600000,2026-01-16,2026-01-16 00:00:00,22215.3557706529,22271.57684454826,21516.608137953404,21741.49243353485,75855900,0.0
TQQQ.US,3 倍做多纳指 ETF - ProShares,1768885200000,2026-01-20,2026-01-20 00:00:00,20637.149910590248,21106.99745671577,20271.712930270394,20372.10770508354,129209100,0.0
TQQQ.US,3 倍做多纳指 ETF - ProShares,1768971600000,2026-01-21,2026-01-21 00:00:00,20508.64459882942,21604.95553978897,20348.012959128388,21175.265903588708,150230100,0.0
TQQQ.US,3 倍做多纳指 ETF - ProShares,1769058000000,2026-01-22,2026-01-22 00:00:00,21813.776671400316,21817.79246239284,21343.929125274793,21645.11344971423,90992300,0.0
TQQQ.US,3 倍做多纳指 ETF - ProShares,1769144400000,2026-01-23,2026-01-23 00:00:00,21520.623928945934,22114.960995839752,21412.197572147732,21837.871417355473,78066100,0.0
TQQQ.US,3 倍做多纳指 ETF - ProShares,1769403600000,2026-01-26,2026-01-26 00:00:00,21874.013536288203,22339.845291421203,21769.602970482534,22118.976786832278,58084300,0.0
TQQQ.US,3 倍做多纳指 ETF - ProShares,1769490000000,2026-01-27,2026-01-27 00:00:00,22480.397976159602,22809.69283754672,22311.73475447352,22705.282271741053,51981200,0.0
TQQQ.US,3 倍做多纳指 ETF - ProShares,1769576400000,2026-01-28,2026-01-28 00:00:00,23171.11402687405,23295.60354764235,22781.582300599042,22914.103403352394,76172100,0.0
TQQQ.US,3 倍做多纳指 ETF - ProShares,1769662800000,2026-01-29,2026-01-29 00:00:00,22869.929702434612,22974.34026824028,21307.787006342063,22504.49272211476,122642300,0.0
TQQQ.US,3 倍做多纳指 ETF - ProShares,1769749200000,2026-01-30,2026-01-30 00:00:00,22094.882040877124,22371.971619361408,21412.197572147732,21685.27135963949,110170700,0.0
TQQQ.US,3 倍做多纳指 ETF - ProShares,1770008400000,2026-02-02,2026-02-02 00:00:00,21347.94491626732,22371.971619361408,21343.929125274793,22127.008368817333,74665800,0.0
TQQQ.US,3 倍做多纳指 ETF - ProShares,1770094800000,2026-02-03,2026-02-03 00:00:00,22343.861082413725,22392.050574324036,20512.660389821947,21090.934292745667,129992200,0.0
TQQQ.US,3 倍做多纳指 ETF - ProShares,1770181200000,2026-02-04,2026-02-04 00:00:00,20938.334235029684,20942.35002602221,19448.475776802603,19982.575978808538,142536200,0.0
TQQQ.US,3 倍做多纳指 ETF - ProShares,1770267600000,2026-02-05,2026-02-05 00:00:00,19432.4126128325,19890.212785980442,18898.312410826566,19131.22828839306,158712900,0.0
TQQQ.US,3 倍做多纳指 ETF - ProShares,1770354000000,2026-02-06,2026-02-06 00:00:00,19412.33365786987,20484.549852874265,19275.796764123992,20315.886631188183,117934600,0.0
TQQQ.US,3 倍做多纳指 ETF - ProShares,1770613200000,2026-02-09,2026-02-09 00:00:00,20103.049708584313,20990.539517932524,19854.07066704771,20777.702595328654,71272700,0.0
TQQQ.US,3 倍做多纳指 ETF - ProShares,1770699600000,2026-02-10,2026-02-10 00:00:00,20870.065788156746,21042.744800835357,20436.360360963958,20488.565643866794,70660900,0.0
TQQQ.US,3 倍做多纳指 ETF - ProShares,1770786000000,2026-02-11,2026-02-11 00:00:00,20966.444771977367,21082.902710760616,20095.01812659926,20641.165701582773,92393800,0.0
TQQQ.US,3 倍做多纳指 ETF - ProShares,1770872400000,2026-02-12,2026-02-12 00:00:00,20801.797341283807,20910.223698082005,19271.780973131466,19380.20732992966,131150000,0.0
TQQQ.US,3 倍做多纳指 ETF - ProShares,1770958800000,2026-02-13,2026-02-13 00:00:00,19336.03362901188,19914.3075319356,18946.501902736873,19464.538940772705,123216600,0.0
TQQQ.US,3 倍做多纳指 ETF - ProShares,1771304400000,2026-02-17,2026-02-17 00:00:00,19131.22828839306,19669.34428139152,18641.30178730491,19416.349448862395,117089700,0.0
TQQQ.US,3 倍做多纳指 ETF - ProShares,1771390800000,2026-02-18,2026-02-18 00:00:00,19488.633686727862,20223.523438360087,19356.112583974507,19833.99171208508,81370800,0.0
TQQQ.US,3 倍做多纳指 ETF - ProShares,1771477200000,2026-02-19,2026-02-19 00:00:00,19544.854760623224,19838.007503077606,19340.0494200044,19609.107416503633,83447500,0.0
TQQQ.US,3 倍做多纳指 ETF - ProShares,1771563600000,2026-02-20,2026-02-20 00:00:00,19259.73360015389,20259.66555729282,19179.41778030337,20103.049708584313,118813800,0.0
TQQQ.US,3 倍做多纳指 ETF - ProShares,1771822800000,2026-02-23,2026-02-23 00:00:00,19890.212785980442,20030.76547071885,19139.25987037811,19372.175747944613,91951800,0.0
TQQQ.US,3 倍做多纳指 ETF - ProShares,1771909200000,2026-02-24,2026-02-24 00:00:00,19456.507358787654,20095.01812659926,19203.512526258528,19990.60756079359,71023300,0.0
TQQQ.US,3 倍做多纳指 ETF - ProShares,1771995600000,2026-02-25,2026-02-25 00:00:00,20299.823467218077,20866.04999716422,20291.791885233026,20829.907878231486,54217200,0.0
TQQQ.US,3 倍做多纳指 ETF - ProShares,1772082000000,2026-02-26,2026-02-26 00:00:00,20733.52889441087,20737.544685403394,19560.917924593326,20099.033917591787,105583800,0.0
TQQQ.US,3 倍做多纳指 ETF - ProShares,1772168400000,2026-02-27,2026-02-27 00:00:00,19456.507358787654,19986.591769801063,19380.20732992966,19886.19699498792,93802200,0.0
TQQQ.US,3 倍做多纳指 ETF - ProShares,1772427600000,2026-03-02,2026-03-02 00:00:00,19058.944050527596,20139.191827517043,18966.5808576995,19958.481232853384,108545900,0.0
TQQQ.US,3 倍做多纳指 ETF - ProShares,1772514000000,2026-03-03,2026-03-03 00:00:00,18797.91763601342,19544.854760623224,18360.1964178281,19315.95467404925,163365500,0.0
TQQQ.US,3 倍做多纳指 ETF - ProShares,1772600400000,2026-03-04,2026-03-04 00:00:00,19552.88634260827,20396.2024510387,19484.617895735337,20183.365528434828,99738400,0.0
TQQQ.US,3 倍做多纳指 ETF - ProShares,1772686800000,2026-03-05,2026-03-05 00:00:00,19854.07066704771,20384.15507806112,19344.06521099693,19998.63914277864,129713200,0.0
TQQQ.US,3 倍做多纳指 ETF - ProShares,1772773200000,2026-03-06,2026-03-06 00:00:00,19139.25987037811,19697.454818339203,18946.501902736873,19091.0703784678,141012200,0.0
TQQQ.US,3 倍做多纳指 ETF - ProShares,1773028800000,2026-03-09,2026-03-09 00:00:00,18548.938594476815,19986.591769801063,18271.849015992535,19833.99171208508,159005500,0.0
TQQQ.US,3 倍做多纳指 ETF - ProShares,1773115200000,2026-03-10,2026-03-10 00:00:00,19842.02329407013,20376.12349607607,19609.107416503633,19838.007503077606,115057200,0.0
TQQQ.US,3 倍做多纳指 ETF - ProShares,1773201600000,2026-03-11,2026-03-11 00:00:00,19950.44965086833,20287.7760942405,19568.949506578374,19817.92854811498,91104300,0.0
TQQQ.US,3 倍做多纳指 ETF - ProShares,1773288000000,2026-03-12,2026-03-12 00:00:00,19336.03362901188,19472.570522757756,18773.82289005826,18805.949217998466,130823900,0.0
TQQQ.US,3 倍做多纳指 ETF - ProShares,1773374400000,2026-03-13,2026-03-13 00:00:00,19014.77034960981,19376.191538937135,18340.117462865473,18444.528028671142,141952500,0.0
TQQQ.US,3 倍做多纳指 ETF - ProShares,1773633600000,2026-03-16,2026-03-16 00:00:00,19022.801931594862,19384.22312092219,18946.501902736873,19058.944050527596,81421500,0.0
TQQQ.US,3 倍做多纳指 ETF - ProShares,1773720000000,2026-03-17,2026-03-17 00:00:00,19323.9862560343,19580.996879555954,19199.496735266002,19340.0494200044,74570100,0.0
TQQQ.US,3 倍做多纳指 ETF - ProShares,1773806400000,2026-03-18,2026-03-18 00:00:00,19163.35461633327,19319.970465041773,18492.717520581453,18512.796475544084,105059300,0.0
TQQQ.US,3 倍做多纳指 ETF - ProShares,1773892800000,2026-03-19,2026-03-19 00:00:00,18018.854183463405,18601.14387737965,17789.954096889433,18348.149044850525,138384900,0.0
TQQQ.US,3 倍做多纳指 ETF - ProShares,1773979200000,2026-03-20,2026-03-20 00:00:00,18143.343704231705,18155.391077209286,16986.795898384265,17300.027595801283,137952500,0.0
TQQQ.US,3 倍做多纳指 ETF - ProShares,1774238400000,2026-03-23,2026-03-23 00:00:00,18115.233167284026,18532.875430506712,17721.685650016494,17898.38045368763,139354300,0.0
TQQQ.US,3 倍做多纳指 ETF - ProShares,1774324800000,2026-03-24,2026-03-24 00:00:00,17605.227711233245,17890.34887170258,17344.201296719064,17516.880309397675,105505200,0.0
TQQQ.US,3 倍做多纳指 ETF - ProShares,1774411200000,2026-03-25,2026-03-25 00:00:00,17980.28696064126,18189.453609847824,17678.604293516408,17855.591458229654,79294400,0.0
TQQQ.US,3 倍做多纳指 ETF - ProShares,1774497600000,2026-03-26,2026-03-26 00:00:00,17388.988933076547,17569.99853335146,16552.322336250287,16584.501820743604,117558900,0.0
TQQQ.US,3 倍做多纳指 ETF - ProShares,1774584000000,2026-03-27,2026-03-27 00:00:00,16314.99863811207,16327.065944797065,15510.511525779128,15599.00510813575,124795700,0.0
TQQQ.US,3 倍做多纳指 ETF - ProShares,1774843200000,2026-03-30,2026-03-30 00:00:00,15989.181357617228,16053.540326603861,15011.729516132704,15241.008343147592,111446500,0.0
TQQQ.US,3 倍做多纳指 ETF - ProShares,1774929600000,2026-03-31,2026-03-31 00:00:00,15723.700610547357,16894.229358991786,15715.655739424028,16765.511421018517,149516200,0.0
TQQQ.US,3 倍做多纳指 ETF - ProShares,1775016000000,2026-04-01,2026-04-01 00:00:00,17147.642799376667,17690.6716002014,17059.14921702004,17388.988933076547,116135500,0.0
TQQQ.US,3 倍做多纳指 ETF - ProShares,1775102400000,2026-04-02,2026-04-02 00:00:00,16443.716576085342,17517.706871049817,16266.729411372093,17429.213288693194,111377300,0.0
TQQQ.US,3 倍做多纳指 ETF - ProShares,1775448000000,2026-04-06,2026-04-06 00:00:00,17537.819048858142,17936.04016946295,17405.078675323206,17738.940826941376,69245100,0.0
TQQQ.US,3 倍做多纳指 ETF - ProShares,1775534400000,2026-04-07,2026-04-07 00:00:00,17477.482515433174,17783.18761811969,16829.870390005155,17759.0530047497,131796200,0.0
TQQQ.US,3 倍做多纳指 ETF - ProShares,1775620800000,2026-04-08,2026-04-08 00:00:00,19565.126571937155,19677.75476766377,18965.783673249112,19307.690695990615,102015100,0.0
TQQQ.US,3 倍做多纳指 ETF - ProShares,1775707200000,2026-04-09,2026-04-09 00:00:00,19315.735567113945,19746.13617221207,19030.14264223575,19693.84450991043,78953600,0.0
TQQQ.US,3 倍做多纳指 ETF - ProShares,1775793600000,2026-04-10,2026-04-10 00:00:00,19854.741932377015,20035.751532651928,19637.530412047123,19778.315656705385,65481600,0.0
TQQQ.US,3 倍做多纳指 ETF - ProShares,1776052800000,2026-04-13,2026-04-13 00:00:00,19621.440669800464,20409.838039886745,19492.72273182719,20377.658555393427,67169100,0.0
TQQQ.US,3 倍做多纳指 ETF - ProShares,1776139200000,2026-04-14,2026-04-14 00:00:00,20671.29635139495,21491.873205974553,20667.273915833288,21483.828334851223,72362300,0.0
TQQQ.US,3 倍做多纳指 ETF - ProShares,1776225600000,2026-04-15,2026-04-15 00:00:00,21548.187303837858,22421.055820719102,21451.648850357906,22384.85390066412,83244000,0.0
TQQQ.US,3 倍做多纳指 ETF - ProShares,1776312000000,2026-04-16,2026-04-16 00:00:00,22577.930807624027,22895.70321699554,22163.61994477256,22698.603874473967,86398100,0.0
TQQQ.US,3 倍做多纳指 ETF - ProShares,1776398400000,2026-04-17,2026-04-17 00:00:00,23241.632675298704,23708.235200451807,23076.712817270447,23567.449955793545,103604000,0.0
TQQQ.US,3 倍做多纳指 ETF - ProShares,1776657600000,2026-04-20,2026-04-20 00:00:00,23491.023680121914,23563.42752023188,22891.68078143387,23362.305742148645,67652800,0.0
TQQQ.US,3 倍做多纳指 ETF - ProShares,1776744000000,2026-04-21,2026-04-21 00:00:00,23523.20316461523,23720.302507136803,22855.47886137889,23088.780123955443,91775200,0.0
TQQQ.US,3 倍做多纳指 ETF - ProShares,1776830400000,2026-04-22,2026-04-22 00:00:00,23704.212764890144,24255.286436838207,23527.2256001769,24219.084516783227,73399800,0.0
TQQQ.US,3 倍做多纳指 ETF - ProShares,1776916800000,2026-04-23,2026-04-23 00:00:00,24054.164658754973,24428.25116598979,23165.206399627074,23820.86339617842,92856900,0.0
TQQQ.US,3 倍做多纳指 ETF - ProShares,1777003200000,2026-04-24,2026-04-24 00:00:00,24569.036410648056,25236.7607138844,24359.869761441492,25164.356873774435,80250700,0.0
TQQQ.US,3 倍做多纳指 ETF - ProShares,1777262400000,2026-04-27,2026-04-27 00:00:00,25104.020340349463,25220.67097163774,24794.29280210128,25196.536358267753,56615000,0.0
TQQQ.US,3 倍做多纳指 ETF - ProShares,1777348800000,2026-04-28,2026-04-28 00:00:00,24424.228730428127,24669.597299689674,24005.895432014997,24432.273601551457,80631600,0.0
TQQQ.US,3 倍做多纳指 ETF - ProShares,1777435200000,2026-04-29,2026-04-29 00:00:00,24536.856926154738,24886.808820019567,24315.622970263183,24882.786384457904,77081400,0.0
TQQQ.US,3 倍做多纳指 ETF - ProShares,1777521600000,2026-04-30,2026-04-30 00:00:00,25297.09724730937,25663.13888342086,24416.183859304798,25558.555558817574,81042700,0.0
TQQQ.US,3 倍做多纳指 ETF - ProShares,1777608000000,2026-05-01,2026-05-01 00:00:00,25699.34080347584,26483.71573800046,25667.161318982526,26266.504217670565,67762900,0.0
TQQQ.US,3 倍做多纳指 ETF - ProShares,1777867200000,2026-05-04,2026-05-04 00:00:00,26322.81831553387,26568.186884795417,25655.09401229753,26109.62923076564,60813800,0.0
TQQQ.US,3 倍做多纳指 ETF - ProShares,1777953600000,2026-05-05,2026-05-05 00:00:00,26696.90482276869,27260.045801401746,26648.635596028715,27107.19325005849,54098800,0.0
TQQQ.US,3 倍做多纳指 ETF - ProShares,1778040000000,2026-05-06,2026-05-06 00:00:00,27859.388700089792,28824.77323488932,27706.53614874653,28788.571314834335,70169000,0.0
TQQQ.US,3 倍做多纳指 ETF - ProShares,1778126400000,2026-05-07,2026-05-07 00:00:00,28909.244381684282,29484.452667002333,28309.901482996236,28696.055296916053,93509100,0.0
TQQQ.US,3 倍做多纳指 ETF - ProShares,1778212800000,2026-05-08,2026-05-08 00:00:00,29291.375760042425,30695.205771063414,29243.106533302453,30683.13846437842,68713700,0.0
TQQQ.US,3 倍做多纳指 ETF - ProShares,1778472000000,2026-05-11,2026-05-11 00:00:00,30570.510268651808,31117.561505038208,30389.50066837689,30956.664082571617,60475000,0.0
TQQQ.US,3 倍做多纳指 ETF - ProShares,1778558400000,2026-05-12,2026-05-12 00:00:00,30288.939779335276,30542.353219720157,28780.52644371101,30152.176970238674,90651600,0.0
TQQQ.US,3 倍做多纳指 ETF - ProShares,1778644800000,2026-05-13,2026-05-13 00:00:00,30494.083992980177,31350.86276761476,29842.44943199049,31069.292278298228,64416400,0.0
TQQQ.US,3 倍做多纳指 ETF - ProShares,1778731200000,2026-05-14,2026-05-14 00:00:00,31089.404456106557,32050.766555344424,31037.11279380491,31757.128759342897,58472800,0.0
TQQQ.US,3 倍做多纳指 ETF - ProShares,1778817600000,2026-05-15,2026-05-15 00:00:00,30461.90450848686,31121.583940599874,29858.539174237154,30305.029521581935,81260600,0.0
TQQQ.US,3 倍做多纳指 ETF - ProShares,1779076800000,2026-05-18,2026-05-18 00:00:00,30622.801930953447,30679.116028816752,29001.76039960257,29894.74109429213,87710100,0.0
TQQQ.US,3 倍做多纳指 ETF - ProShares,1779163200000,2026-05-19,2026-05-19 00:00:00,29126.455902014175,29967.1449344021,28543.20274557279,29335.622551220742,85973700,0.0
TQQQ.US,3 倍做多纳指 ETF - ProShares,1779249600000,2026-05-20,2026-05-20 00:00:00,29802.22507637385,30783.699353420037,29613.170604975607,30775.654482296708,70647500,0.0
TQQQ.US,3 倍做多纳指 ETF - ProShares,1779336000000,2026-05-21,2026-05-21 00:00:00,30240.670552595304,31290.52623418979,29955.077627717106,30952.641647009954,74958100,0.0
TQQQ.US,3 倍做多纳指 ETF - ProShares,1779422400000,2026-05-22,2026-05-22 00:00:00,31391.08712323141,31909.981310686155,31105.49419835321,31310.638411998116,58330500,0.0
TQQQ.US,3 倍做多纳指 ETF - ProShares,1779768000000,2026-05-26,2026-05-26 00:00:00,32416.80819145591,33092.57736581558,32171.439622194364,32963.85942784231,62579600,0.0
TQQQ.US,3 倍做多纳指 ETF - ProShares,1779854400000,2026-05-27,2026-05-27 00:00:00,33333.92349951546,33350.01324176212,32312.224866852626,32851.2312321157,66221000,0.0
TQQQ.US,3 倍做多纳指 ETF - ProShares,1779940800000,2026-05-28,2026-05-28 00:00:00,32879.38828104735,33808.5708957919,32444.96524038756,33659.74078001031,55265900,0.0
TQQQ.US,3 倍做多纳指 ETF - ProShares,1780027200000,2026-05-29,2026-05-29 00:00:00,33953.378576011826,34472.27276346658,33599.404246585334,34013.7151094368,67644100,0.0
TQQQ.US,3 倍做多纳指 ETF - ProShares,1780286400000,2026-06-01,2026-06-01 00:00:00,33848.79525140855,35019.323999852975,33687.89782894196,34609.03557256318,57216000,0.0
TQQQ.US,3 倍做多纳指 ETF - ProShares,1780372800000,2026-06-02,2026-06-02 00:00:00,34568.81121694653,35123.90732445626,34122.32086960175,35083.68296883961,48355000,0.0
TQQQ.US,3 倍做多纳指 ETF - ProShares,1780459200000,2026-06-03,2026-06-03 00:00:00,35268.71500467619,35433.63486270444,34355.6221321783,34818.202221769745,62154500,0.0
TQQQ.US,3 倍做多纳指 ETF - ProShares,1780545600000,2026-06-04,2026-06-04 00:00:00,33575.26963321534,34693.506719358134,33177.04851261054,34279.19585650667,59614600,0.0
TQQQ.US,3 倍做多纳指 ETF - ProShares,1780632000000,2026-06-05,2026-06-05 00:00:00,32811.00687649905,33016.15109014395,29235.061662179123,29383.891777960715,118961300,0.0
TQQQ.US,3 倍做多纳指 ETF - ProShares,1780891200000,2026-06-08,2026-06-08 00:00:00,30916.43972695497,31564.05185238299,30321.119263828594,30679.116028816752,77319000,0.0
TQQQ.US,3 倍做多纳指 ETF - ProShares,1780977600000,2026-06-09,2026-06-09 00:00:00,31568.074287944655,31914.00374624782,26865.84711635861,29653.394960592253,132485700,0.0
TQQQ.US,3 倍做多纳指 ETF - ProShares,1781064000000,2026-06-10,2026-06-10 00:00:00,28832.818106012655,30047.593645635396,27754.805375486507,27863.411135651455,91465200,0.0
TQQQ.US,3 倍做多纳指 ETF - ProShares,1781150400000,2026-06-11,2026-06-11 00:00:00,28515.04569664114,30811.85640235169,27992.12907362473,30574.532704213474,116288800,0.0
TQQQ.US,3 倍做多纳指 ETF - ProShares,1781236800000,2026-06-12,2026-06-12 00:00:00,30707.273077748407,31519.80506120468,29882.673787607142,31181.920474024842,94070700,0.0
TQQQ.US,3 倍做多纳指 ETF - ProShares,1781496000000,2026-06-15,2026-06-15 00:00:00,33337.94593507713,34202.76958083504,33241.407481597176,34025.782416121794,59758000,0.0
TQQQ.US,3 倍做多纳指 ETF - ProShares,1781582400000,2026-06-16,2026-06-16 00:00:00,33864.88499365521,34122.32086960175,32123.170395454385,32151.32744438604,67086700,0.0
TQQQ.US,3 倍做多纳指 ETF - ProShares,1781668800000,2026-06-17,2026-06-17 00:00:00,32851.2312321157,32907.545329979,30948.619211448287,31189.965345148175,78089600,0.0
TQQQ.US,3 倍做多纳指 ETF - ProShares,1781755200000,2026-06-18,2026-06-18 00:00:00,33024.19596126728,33627.561295516985,32432.897933702567,33333.92349951546,61063000,0.0
TQQQ.US,3 倍做多纳指 ETF - ProShares,1782100800000,2026-06-22,2026-06-22 00:00:00,33768.346540175255,34234.94906532836,32738.603036389086,33217.272868227185,61888900,0.0
TQQQ.US,3 倍做多纳指 ETF - ProShares,1782187200000,2026-06-23,2026-06-23 00:00:00,30216.535939225312,31270.414056381465,29729.82123626388,29943.01032103211,82341800,0.0
TQQQ.US,3 倍做多纳指 ETF - ProShares,1782273600000,2026-06-24,2026-06-24 00:00:00,30153.03302407871,30713.43837109662,28766.130582537982,29552.31074562066,72009700,0.0
TQQQ.US,3 倍做多纳指 ETF - ProShares,1782360000000,2026-06-25,2026-06-25 00:00:00,31431.07975073106,31543.967158763444,28866.922911138325,30217.54011438293,105261200,0.0
TQQQ.US,3 倍做多纳指 ETF - ProShares,1782446400000,2026-06-26,2026-06-26 00:00:00,29064.475875195003,30112.71609263857,28512.13391446512,28959.651853450643,70427700,0.0
TQQQ.US,3 倍做多纳指 ETF - ProShares,1782705600000,2026-06-29,2026-06-29 00:00:00,29882.90958342979,31197.241548378264,28806.447513978124,31120.639378642005,79128400,0.0
TQQQ.US,3 倍做多纳指 ETF - ProShares,1782792000000,2026-06-30,2026-06-30 00:00:00,31140.79784436207,32874.42589628798,31104.512606065953,32656.714466511236,58466200,0.0
TQQQ.US,3 倍做多纳指 ETF - ProShares,1782878400000,2026-07-01,2026-07-01 00:00:00,31737.488429676105,32108.40419892537,31136.76615121806,31229.495093530375,63348200,0.0
TQQQ.US,3 倍做多纳指 ETF - ProShares,1782964800000,2026-07-02,2026-07-02 00:00:00,31225.463400386365,31906.819541724682,28915.30322886649,29572.46921134073,87308500,0.0
TQQQ.US,3 倍做多纳指 ETF - ProShares,1783310400000,2026-07-06,2026-07-06 00:00:00,30455.410009879743,31225.463400386365,30282.047204687147,30810.19900655295,54545100,0.0
TQQQ.US,3 倍做多纳指 ETF - ProShares,1783396800000,2026-07-07,2026-07-07 00:00:00,29713.578471381214,29991.76529831816,28528.260687041176,29120.919579211193,70992900,0.0
TQQQ.US,3 倍做多纳指 ETF - ProShares,1783483200000,2026-07-08,2026-07-08 00:00:00,28544.387459617228,29439.423337588276,28048.489202903536,29318.472543267864,70748500,0.0
TQQQ.US,3 倍做多纳指 ETF - ProShares,1783569600000,2026-07-09,2026-07-09 00:00:00,30177.223182942787,30919.054721441316,29790.180641117473,30777.94546140084,51726600,0.0
TQQQ.US,3 倍做多纳指 ETF - ProShares,1783656000000,2026-07-10,2026-07-10 00:00:00,30451.378316735725,31173.05138951418,29967.575139454075,31056.132288337787,46034400,0.0
TQQQ.US,3 倍做多纳指 ETF - ProShares,1783915200000,2026-07-13,2026-07-13 00:00:00,30052.24069547837,30177.223182942787,29064.475875195003,29286.218998115757,63317500,0.0
TQQQ.US,3 倍做多纳指 ETF - ProShares,1784001600000,2026-07-14,2026-07-14 00:00:00,30318.332442983272,30580.39249734416,29596.659370204812,30245.761966391023,58097300,0.0
TQQQ.US,3 倍做多纳指 ETF - ProShares,1784088000000,2026-07-15,2026-07-15 00:00:00,30757.78699568077,30830.357472273015,29052.38079576296,30011.923764038227,68547800,0.0
TQQQ.US,3 倍做多纳指 ETF - ProShares,1784174400000,2026-07-16,2026-07-16 00:00:00,29274.123918683716,29479.740269028418,28096.869520631706,28520.197300753145,66953300,0.0
TQQQ.US,3 倍做多纳指 ETF - ProShares,1784260800000,2026-07-17,2026-07-17 00:00:00,26762.379089963157,28044.457509759526,26169.72019779314,27226.023801524738,75465200,0.0
TQQQ.US,3 倍做多纳指 ETF - ProShares,1784520000000,2026-07-20,2026-07-20 00:00:00,28008.1722714634,28427.468358440834,27213.928722092696,27274.404119252908,50076700,0.0
TQQQ.US,3 倍做多纳指 ETF - ProShares,1784606400000,2026-07-21,2026-07-21 00:00:00,28508.102221321104,28915.30322886649,28064.615975479595,28774.193968826014,37772500,0.0
TQQQ.US,3 倍做多纳指 ETF - ProShares,1784692800000,2026-07-22,2026-07-22 00:00:00,28129.123065783813,28862.891217994315,28129.123065783813,28334.739416128516,36062100,0.0
TQQQ.US,3 倍做多纳指 ETF - ProShares,1784779200000,2026-07-23,2026-07-23 00:00:00,27056.692689476164,27524.369094181755,26214.06882237729,26730.12554481105,80277500,0.0
TQQQ.US,3 倍做多纳指 ETF - ProShares,1784865600000,2026-07-24,2026-07-24 00:00:00,26520.477501322337,26770.442476251188,25597.219771343192,25802.83612168789,69267700,0.0
TQQQ.US,3 倍做多纳指 ETF - ProShares,1785124800000,2026-07-27,2026-07-27 00:00:00,26633.36490935472,26701.903692802956,24851.35653970065,25560.934533047068,70531600,0.0
TQQQ.US,3 倍做多纳指 ETF - ProShares,1785211200000,2026-07-28,2026-07-28 00:00:00,24903.76855057283,25242.43077466998,23948.257275441574,24819.102994548542,73235900,0.0
TQQQ.US,3 倍做多纳指 ETF - ProShares,1785297600000,2026-07-29,2026-07-29 00:00:00,24798.94452882847,25294.84278554216,23218.52081637509,23283.02790667931,103582900,0.0
TQQQ.US,3 倍做多纳指 ETF - ProShares,1785384000000,2026-07-30,2026-07-30 00:00:00,24645.74018935595,25738.329031383673,24488.504156739415,25520.61760160693,75877800,0.0
TQQQ.US,3 倍做多纳指 ETF - ProShares,1785470400000,2026-07-31,2026-07-31 00:00:00,26504.350728746278,26919.615122579693,25153.73352550168,26052.801096616746,86709900,0.0
TQQQ.US,3 倍做多纳指 ETF - ProShares,1785729600000,2026-08-03,2026-08-03 00:00:00,26089.086334912863,27580.812798197945,25798.804428543877,27399.386606717326,62223600,0.0
TQQQ.US,3 倍做多纳指 ETF - ProShares,1785816000000,2026-08-04,2026-08-04 00:00:00,28346.834495560557,30402.99799900756,28278.29571211232,30165.128103510746,73728500,0.0
TQQQ.US,3 倍做多纳指 ETF - ProShares,1785902400000,2026-08-05,2026-08-05 00:00:00,30483.631861887836,30773.91376825682,29326.535929555892,29366.852860996034,70885800,0.0
TQQQ.US,3 倍做多纳指 ETF - ProShares,1785988800000,2026-08-06,2026-08-06 00:00:00,28564.545925337297,29612.78614278087,28286.35909840035,29040.28571633092,60887200,0.0
TQQQ.US,3 倍做多纳指 ETF - ProShares,1786075200000,2026-08-07,2026-08-07 00:00:00,29697.451698805155,30104.652706350545,29237.83868038759,30024.01884347027,59409800,0.0
TQQQ.US,3 倍做多纳指 ETF - ProShares,1786334400000,2026-08-10,2026-08-10 00:00:00,29943.38498058999,30229.63519381497,29689.38831251713,29753.89540282135,44224500,0.0
TQQQ.US,3 倍做多纳指 ETF - ProShares,1786420800000,2026-08-11,2026-08-11 00:00:00,30052.24069547837,30052.24069547837,29124.951272355203,29455.550110164335,43674100,0.0
TQQQ.US,3 倍做多纳指 ETF - ProShares,1786507200000,2026-08-12,2026-08-12 00:00:00,30487.66355503185,30515.885407039943,29987.733605174144,30076.430854342445,46867300,0.0
TQQQ.US,3 倍做多纳指 ETF - ProShares,1786593600000,2026-08-13,2026-08-13 00:00:00,30253.825352679054,31354.4775809948,30120.779478926597,31104.512606065953,49822600,0.0
TQQQ.US,3 倍做多纳指 ETF - ProShares,1786680000000,2026-08-14,2026-08-14 00:00:00,31273.843718114524,31386.731126146908,30616.67773564029,30959.37165288146,36616800,0.0
TQQQ.US,3 倍做多纳指 ETF - ProShares,1786939200000,2026-08-17,2026-08-17 00:00:00,31197.241548378264,31406.88959186698,30725.533450528656,30802.135620264922,39828100,0.0
TQQQ.US,3 倍做多纳指 ETF - ProShares,1787025600000,2026-08-18,2026-08-18 00:00:00,29576.500904484747,29818.402493125566,29032.222330042892,29241.870373531605,51330500,0.0
TQQQ.US,3 倍做多纳指 ETF - ProShares,1787112000000,2026-08-19,2026-08-19 00:00:00,29580.53259762876,29713.578471381214,28625.021322497505,29052.38079576296,49118200,0.0
TQQQ.US,3 倍做多纳指 ETF - ProShares,1787198400000,2026-08-20,2026-08-20 00:00:00,28556.48253904927,28903.20814943445,28125.091372639803,28415.373279008792,56681700,0.0
TQQQ.US,3 倍做多纳指 ETF - ProShares,1787284800000,2026-08-21,2026-08-21 00:00:00,28907.239842578467,28959.651853450643,28185.566769800007,28693.560105945737,47654300,0.0
TQQQ.US,3 倍做多纳指 ETF - ProShares,1787544000000,2026-08-24,2026-08-24 00:00:00,28221.85200809613,28242.010473816197,27387.29152728529,27822.714386838772,46660700,0.0
TQQQ.US,3 倍做多纳指 ETF - ProShares,1787630400000,2026-08-25,2026-08-25 00:00:00,28391.18312014471,28733.877037385875,27959.791953735235,28330.7077229845,44163200,0.0
TQQQ.US,3 倍做多纳指 ETF - ProShares,1787716800000,2026-08-26,2026-08-26 00:00:00,28044.457509759526,28600.831163633422,27996.07719203136,28411.341585864775,40461400,0.0
TQQQ.US,3 倍做多纳指 ETF - ProShares,1787803200000,2026-08-27,2026-08-27 00:00:00,29064.475875195003,29584.56429077277,28778.225661970024,29552.31074562066,48782800,0.0
TQQQ.US,3 倍做多纳指 ETF - ProShares,1787889600000,2026-08-28,2026-08-28 00:00:00,29370.884554140044,29907.099742293874,28798.384127690097,28967.71523973867,58068000,0.0
TQQQ.US,3 倍做多纳指 ETF - ProShares,1788148800000,2026-08-31,2026-08-31 00:00:00,28802.415820834107,29088.666034059086,28552.450845905256,28995.937091746768,42308100,0.0
TQQQ.US,3 倍做多纳指 ETF - ProShares,1788235200000,2026-09-01,2026-09-01 00:00:00,27846.90454570285,28443.595131016886,27516.305707893727,27879.158090854966,57328900,0.0
TQQQ.US,3 倍做多纳指 ETF - ProShares,1788321600000,2026-09-02,2026-09-02 00:00:00,27806.587614262717,28125.091372639803,27572.74941190992,28060.584282335578,38887400,0.0
TQQQ.US,3 倍做多纳指 ETF - ProShares,1788408000000,2026-09-03,2026-09-03 00:00:00,28246.042166960215,29197.521748947456,28104.93290691973,29040.28571633092,46695100,0.0
TQQQ.US,3 倍做多纳指 ETF - ProShares,1788494400000,2026-09-04,2026-09-04 00:00:00,29225.74360095555,29528.120586756577,28887.081376858398,29177.363283227387,47352200,0.0
TQQQ.US,3 倍做多纳指 ETF - ProShares,1788840000000,2026-09-08,2026-09-08 00:00:00,29411.201485580183,29516.025507324535,28754.03550310594,29092.697727203096,48309000,0.0
TQQQ.US,3 倍做多纳指 ETF - ProShares,1788926400000,2026-09-09,2026-09-09 00:00:00,28846.76444541826,29249.933759819633,28560.514232193287,28846.76444541826,38220500,0.0
TQQQ.US,3 倍做多纳指 ETF - ProShares,1789012800000,2026-09-10,2026-09-10 00:00:00,27778.365762254623,28314.58095040845,27689.668513086322,27903.348249719045,55675900,0.0
TQQQ.US,3 倍做多纳指 ETF - ProShares,1789099200000,2026-09-11,2026-09-11 00:00:00,28701.623492233764,28931.43000144255,28467.78528988097,28616.957936209477,49070100,0.0
TQQQ.US,3 倍做多纳指 ETF - ProShares,1789358400000,2026-09-14,2026-09-14 00:00:00,27226.023801524738,28379.088040712668,27149.42163178848,27927.53840858313,49910300,0.0
TQQQ.US,3 倍做多纳指 ETF - ProShares,1789444800000,2026-09-15,2026-09-15 00:00:00,27871.094704566935,27951.72856744721,27258.27734667685,27375.19644785325,38753600,0.0
TQQQ.US,3 倍做多纳指 ETF - ProShares,1789531200000,2026-09-16,2026-09-16 00:00:00,27758.20729653455,28209.75692866409,26830.917873411392,27387.29152728529,61725800,0.0
TQQQ.US,3 倍做多纳指 ETF - ProShares,1789617600000,2026-09-17,2026-09-17 00:00:00,28677.43333336968,28915.30322886649,28371.02465442464,28778.225661970024,41937900,0.0
TQQQ.US,3 倍做多纳指 ETF - ProShares,1789704000000,2026-09-18,2026-09-18 00:00:00,28995.937091746768,29342.66270213195,28548.419152761246,29286.218998115757,41007900,0.0
TQQQ.US,3 倍做多纳指 ETF - ProShares,1789963200000,2026-09-21,2026-09-21 00:00:00,30169.159796654763,32047.92880176516,30169.159796654763,31814.090599412364,54999600,0.0
TQQQ.US,3 倍做多纳指 ETF - ProShares,1790049600000,2026-09-22,2026-09-22 00:00:00,31757.646895396174,32705.094784239405,31757.646895396174,32588.175683063004,45285000,0.0
TQQQ.US,3 倍做多纳指 ETF - ProShares,1790136000000,2026-09-23,2026-09-23 00:00:00,32530.007037481366,32546.164994534625,31382.792086699705,31774.622545241327,51723700,0.0
TQQQ.US,3 倍做多纳指 ETF - ProShares,1790222400000,2026-09-24,2026-09-24 00:00:00,31003.08009594803,31952.360072827218,30922.290310681714,31742.3066311348,57593314,0.0
